ISO-10303-21;
HEADER;
FILE_DESCRIPTION (( 'STEP AP214' ),
    '1' );
FILE_NAME ('ECS-221-18-18-TR.STEP',
    '2024-10-31T15:07:49',
    ( '' ),
    ( '' ),
    'SwSTEP 2.0',
    'SolidWorks 2021',
    '' );
FILE_SCHEMA (( 'AUTOMOTIVE_DESIGN' ));
ENDSEC;

DATA;
#1 = DIRECTION ( 'NONE',  ( 1.000000000000000000, 0.000000000000000000, 0.000000000000000000 ) ) ;
#2 = VERTEX_POINT ( 'NONE', #3667 ) ;
#3 = LINE ( 'NONE', #1166, #2984 ) ;
#4 = LINE ( 'NONE', #2329, #3213 ) ;
#5 = DIRECTION ( 'NONE',  ( 0.000000000000000000, -1.000000000000000000, 0.000000000000000000 ) ) ;
#6 = ORIENTED_EDGE ( 'NONE', *, *, #2854, .F. ) ;
#7 = CARTESIAN_POINT ( 'NONE',  ( -3.540000000000000036, 0.02000000000000000042, -2.750000000000000000 ) ) ;
#8 = EDGE_LOOP ( 'NONE', ( #2309, #669, #139, #2799 ) ) ;
#9 = CARTESIAN_POINT ( 'NONE',  ( -3.290000000000000480, 0.6099999999999999867, -2.750000000000000444 ) ) ;
#10 = LINE ( 'NONE', #1158, #2947 ) ;
#11 = PLANE ( 'NONE',  #2687 ) ;
#12 = VECTOR ( 'NONE', #834, 1000.000000000000000 ) ;
#13 = ORIENTED_EDGE ( 'NONE', *, *, #2464, .F. ) ;
#14 = CARTESIAN_POINT ( 'NONE',  ( 3.540000000000000036, 0.02000000000000000042, 1.249999999999999778 ) ) ;
#15 = ORIENTED_EDGE ( 'NONE', *, *, #2488, .F. ) ;
#16 = ADVANCED_FACE ( 'NONE', ( #1948 ), #1677, .F. ) ;
#17 = VERTEX_POINT ( 'NONE', #1337 ) ;
#18 = DIRECTION ( 'NONE',  ( 0.000000000000000000, -1.000000000000000000, 0.000000000000000000 ) ) ;
#19 = VECTOR ( 'NONE', #3561, 1000.000000000000000 ) ;
#20 = VERTEX_POINT ( 'NONE', #2227 ) ;
#21 = DIRECTION ( 'NONE',  ( -0.000000000000000000, 0.000000000000000000, 1.000000000000000000 ) ) ;
#22 =( LENGTH_UNIT ( ) NAMED_UNIT ( * ) SI_UNIT ( .MILLI., .METRE. ) );
#23 = DIRECTION ( 'NONE',  ( -0.000000000000000000, -1.000000000000000000, -0.000000000000000000 ) ) ;
#24 = ORIENTED_EDGE ( 'NONE', *, *, #372, .T. ) ;
#25 = EDGE_CURVE ( 'NONE', #1512, #1926, #2857, .T. ) ;
#26 = EDGE_CURVE ( 'NONE', #3395, #62, #2515, .T. ) ;
#27 = ORIENTED_EDGE ( 'NONE', *, *, #53, .F. ) ;
#28 = DIRECTION ( 'NONE',  ( 0.000000000000000000, 0.000000000000000000, -1.000000000000000000 ) ) ;
#29 = LINE ( 'NONE', #264, #2813 ) ;
#30 = EDGE_LOOP ( 'NONE', ( #2544, #1151, #1694, #3707 ) ) ;
#31 = EDGE_CURVE ( 'NONE', #2245, #2809, #1396, .T. ) ;
#32 = DIRECTION ( 'NONE',  ( 0.000000000000000000, 1.000000000000000000, 0.000000000000000000 ) ) ;
#33 = ORIENTED_EDGE ( 'NONE', *, *, #3315, .T. ) ;
#34 = UNCERTAINTY_MEASURE_WITH_UNIT (LENGTH_MEASURE( 1.000000000000000082E-05 ), #3499, 'distance_accuracy_value', 'NONE');
#35 = FACE_OUTER_BOUND ( 'NONE', #2815, .T. ) ;
#36 = EDGE_LOOP ( 'NONE', ( #1128, #3506, #3557, #3103 ) ) ;
#37 = AXIS2_PLACEMENT_3D ( 'NONE', #3322, #1852, #3339 ) ;
#38 = CARTESIAN_POINT ( 'NONE',  ( 3.290000000000000480, 0.6300000000000000044, 1.249999999999999778 ) ) ;
#39 = ORIENTED_EDGE ( 'NONE', *, *, #2134, .F. ) ;
#40 = CYLINDRICAL_SURFACE ( 'NONE', #1614, 0.2499999999999997780 ) ;
#41 = LINE ( 'NONE', #689, #2720 ) ;
#42 = VECTOR ( 'NONE', #1818, 1000.000000000000000 ) ;
#43 = DIRECTION ( 'NONE',  ( 1.000000000000000000, 0.000000000000000000, 0.000000000000000000 ) ) ;
#44 = LINE ( 'NONE', #1207, #1256 ) ;
#45 = VERTEX_POINT ( 'NONE', #3686 ) ;
#46 = CARTESIAN_POINT ( 'NONE',  ( 5.900000000000000355, 0.6300000000000000044, 2.749999999999998668 ) ) ;
#47 = CARTESIAN_POINT ( 'NONE',  ( 5.750000000000000000, 0.6300000000000000044, -2.400000000000000355 ) ) ;
#48 = CARTESIAN_POINT ( 'NONE',  ( 1.540000000000000036, 0.02000000000000000042, 1.250000000000000000 ) ) ;
#49 = EDGE_LOOP ( 'NONE', ( #3737, #1528, #1556, #3532 ) ) ;
#50 = CARTESIAN_POINT ( 'NONE',  ( -3.540000000000000036, 0.02000000000000000042, 1.249999999999999778 ) ) ;
#51 = EDGE_CURVE ( 'NONE', #233, #2972, #747, .T. ) ;
#52 = VECTOR ( 'NONE', #2288, 1000.000000000000000 ) ;
#53 = EDGE_CURVE ( 'NONE', #1944, #3553, #3243, .T. ) ;
#54 = CARTESIAN_POINT ( 'NONE',  ( 5.900000000000000355, 0.000000000000000000, 2.749999999999998668 ) ) ;
#55 = VECTOR ( 'NONE', #1131, 1000.000000000000000 ) ;
#56 = ORIENTED_EDGE ( 'NONE', *, *, #3054, .T. ) ;
#57 = VECTOR ( 'NONE', #1940, 1000.000000000000000 ) ;
#58 = PLANE ( 'NONE',  #1141 ) ;
#59 = DIRECTION ( 'NONE',  ( 0.000000000000000000, 1.000000000000000000, 0.000000000000000000 ) ) ;
#60 = EDGE_CURVE ( 'NONE', #395, #1183, #2556, .T. ) ;
#61 = DIRECTION ( 'NONE',  ( 0.000000000000000000, -1.000000000000000000, 0.000000000000000000 ) ) ;
#62 = VERTEX_POINT ( 'NONE', #1356 ) ;
#63 = FACE_OUTER_BOUND ( 'NONE', #8, .T. ) ;
#64 = LINE ( 'NONE', #1229, #2401 ) ;
#65 = DIRECTION ( 'NONE',  ( -0.000000000000000000, -1.000000000000000000, -0.000000000000000000 ) ) ;
#66 = CARTESIAN_POINT ( 'NONE',  ( 3.290000000000000480, 0.6300000000000000044, 1.249999999999999778 ) ) ;
#67 = LINE ( 'NONE', #3331, #1399 ) ;
#68 = EDGE_CURVE ( 'NONE', #3470, #1639, #1416, .T. ) ;
#69 = VECTOR ( 'NONE', #418, 1000.000000000000000 ) ;
#70 = ORIENTED_EDGE ( 'NONE', *, *, #3584, .F. ) ;
#71 = VECTOR ( 'NONE', #221, 1000.000000000000000 ) ;
#72 = CARTESIAN_POINT ( 'NONE',  ( -3.290000000000000480, 0.6099999999999999867, 1.249999999999999778 ) ) ;
#73 = EDGE_CURVE ( 'NONE', #786, #2836, #806, .T. ) ;
#74 = EDGE_CURVE ( 'NONE', #2894, #1243, #2001, .T. ) ;
#75 = ORIENTED_EDGE ( 'NONE', *, *, #3292, .F. ) ;
#76 = AXIS2_PLACEMENT_3D ( 'NONE', #113, #3628, #3279 ) ;
#77 = EDGE_CURVE ( 'NONE', #784, #1413, #2876, .T. ) ;
#78 = ORIENTED_EDGE ( 'NONE', *, *, #3040, .T. ) ;
#79 = DIRECTION ( 'NONE',  ( 0.000000000000000000, -0.000000000000000000, 1.000000000000000000 ) ) ;
#80 = DIRECTION ( 'NONE',  ( -1.508455196501571676E-16, 0.000000000000000000, -1.000000000000000000 ) ) ;
#81 = ORIENTED_EDGE ( 'NONE', *, *, #1203, .T. ) ;
#82 = CARTESIAN_POINT ( 'NONE',  ( 3.290000000000000480, 0.6300000000000000044, 2.749999999999999556 ) ) ;
#83 = LINE ( 'NONE', #3291, #1146 ) ;
#84 = EDGE_CURVE ( 'NONE', #3070, #2894, #1453, .T. ) ;
#85 = CARTESIAN_POINT ( 'NONE',  ( 1.540000000000000036, -2.500000000000000000, 1.250000000000000000 ) ) ;
#86 = CARTESIAN_POINT ( 'NONE',  ( 1.790000000000000036, 0.6099999999999999867, 2.749999999999999556 ) ) ;
#87 = PLANE ( 'NONE',  #480 ) ;
#88 = VECTOR ( 'NONE', #293, 1000.000000000000000 ) ;
#89 = ORIENTED_EDGE ( 'NONE', *, *, #143, .T. ) ;
#90 = CARTESIAN_POINT ( 'NONE',  ( 2.290000000000000480, 1.300820393249936702, -2.750000000000000000 ) ) ;
#91 = EDGE_CURVE ( 'NONE', #562, #487, #2341, .T. ) ;
#92 = ADVANCED_FACE ( 'NONE', ( #306 ), #1776, .F. ) ;
#93 = ORIENTED_EDGE ( 'NONE', *, *, #3054, .F. ) ;
#94 = AXIS2_PLACEMENT_3D ( 'NONE', #2393, #1308, #2471 ) ;
#95 = EDGE_CURVE ( 'NONE', #3762, #520, #1176, .T. ) ;
#96 = ADVANCED_FACE ( 'NONE', ( #35 ), #1827, .F. ) ;
#97 = EDGE_LOOP ( 'NONE', ( #585, #2041, #855, #1375 ) ) ;
#98 = LINE ( 'NONE', #1569, #3256 ) ;
#99 = CYLINDRICAL_SURFACE ( 'NONE', #3073, 0.2999999999999999334 ) ;
#100 = EDGE_LOOP ( 'NONE', ( #3244, #2654, #2997, #2673 ) ) ;
#101 = LINE ( 'NONE', #2180, #2575 ) ;
#102 = DIRECTION ( 'NONE',  ( -0.000000000000000000, -0.000000000000000000, 1.000000000000000000 ) ) ;
#103 = DIRECTION ( 'NONE',  ( 0.000000000000000000, 0.000000000000000000, -1.000000000000000000 ) ) ;
#104 = VECTOR ( 'NONE', #533, 1000.000000000000000 ) ;
#105 = VECTOR ( 'NONE', #1257, 1000.000000000000000 ) ;
#106 = DIRECTION ( 'NONE',  ( 0.000000000000000000, -0.000000000000000000, 1.000000000000000000 ) ) ;
#107 = VECTOR ( 'NONE', #1667, 1000.000000000000000 ) ;
#108 = LINE ( 'NONE', #2453, #856 ) ;
#109 = VERTEX_POINT ( 'NONE', #2152 ) ;
#110 = DIRECTION ( 'NONE',  ( 0.000000000000000000, 1.000000000000000000, 0.000000000000000000 ) ) ;
#111 = EDGE_CURVE ( 'NONE', #1527, #2734, #1519, .T. ) ;
#112 = EDGE_LOOP ( 'NONE', ( #2435, #3598, #884, #3710 ) ) ;
#113 = CARTESIAN_POINT ( 'NONE',  ( 2.540000000000000036, 0.6300000000000000044, -2.750000000000000000 ) ) ;
#114 = CARTESIAN_POINT ( 'NONE',  ( 2.240000000000000213, 0.6099999999999998757, 2.749999999999999112 ) ) ;
#115 = VECTOR ( 'NONE', #127, 1000.000000000000000 ) ;
#116 = ORIENTED_EDGE ( 'NONE', *, *, #3207, .T. ) ;
#117 = AXIS2_PLACEMENT_3D ( 'NONE', #1952, #1625, #2194 ) ;
#118 = DIRECTION ( 'NONE',  ( -1.000000000000000000, 0.000000000000000000, 1.102578480493733066E-16 ) ) ;
#119 = ADVANCED_FACE ( 'NONE', ( #1884 ), #2420, .F. ) ;
#120 = CARTESIAN_POINT ( 'NONE',  ( 3.290000000000000480, 0.6300000000000000044, 1.249999999999999778 ) ) ;
#121 = EDGE_LOOP ( 'NONE', ( #2778, #919, #1336, #1253 ) ) ;
#122 = VECTOR ( 'NONE', #969, 1000.000000000000000 ) ;
#123 = CARTESIAN_POINT ( 'NONE',  ( -2.540000000000000036, 0.6300000000000000044, -2.500000000000000000 ) ) ;
#124 = DIRECTION ( 'NONE',  ( 0.000000000000000000, 0.000000000000000000, 1.000000000000000000 ) ) ;
#125 = CARTESIAN_POINT ( 'NONE',  ( -2.540000000000000036, 0.000000000000000000, -2.750000000000000000 ) ) ;
#126 = CARTESIAN_POINT ( 'NONE',  ( 1.790000000000000036, 0.6300000000000000044, 2.750000000000000000 ) ) ;
#127 = DIRECTION ( 'NONE',  ( -0.000000000000000000, -1.000000000000000000, 0.000000000000000000 ) ) ;
#128 = ORIENTED_EDGE ( 'NONE', *, *, #1790, .F. ) ;
#129 = CARTESIAN_POINT ( 'NONE',  ( -1.540000000000000036, 0.000000000000000000, -1.250000000000000000 ) ) ;
#130 = ORIENTED_EDGE ( 'NONE', *, *, #1563, .T. ) ;
#131 = ORIENTED_EDGE ( 'NONE', *, *, #1213, .T. ) ;
#132 = CARTESIAN_POINT ( 'NONE',  ( 1.540000000000000036, -2.500000000000000000, 2.750000000000000000 ) ) ;
#133 = EDGE_CURVE ( 'NONE', #1739, #3389, #1255, .T. ) ;
#134 = EDGE_LOOP ( 'NONE', ( #2516, #1181, #462, #506, #1294, #649, #2844 ) ) ;
#135 = AXIS2_PLACEMENT_3D ( 'NONE', #1195, #583, #351 ) ;
#136 = DIRECTION ( 'NONE',  ( 0.000000000000000000, 0.000000000000000000, -1.000000000000000000 ) ) ;
#137 = VECTOR ( 'NONE', #2814, 1000.000000000000000 ) ;
#138 = DIRECTION ( 'NONE',  ( -1.000000000000000000, 0.000000000000000000, 1.508455196501571676E-16 ) ) ;
#139 = ORIENTED_EDGE ( 'NONE', *, *, #1365, .F. ) ;
#140 = DIRECTION ( 'NONE',  ( 0.000000000000000000, -1.000000000000000000, -0.000000000000000000 ) ) ;
#141 = CARTESIAN_POINT ( 'NONE',  ( 1.540000000000000036, 0.000000000000000000, -2.750000000000000000 ) ) ;
#142 = EDGE_CURVE ( 'NONE', #2852, #2724, #3035, .T. ) ;
#143 = EDGE_CURVE ( 'NONE', #3762, #208, #3546, .T. ) ;
#144 = FACE_OUTER_BOUND ( 'NONE', #3078, .T. ) ;
#145 = ORIENTED_EDGE ( 'NONE', *, *, #3004, .F. ) ;
#146 = VECTOR ( 'NONE', #1899, 1000.000000000000000 ) ;
#147 = PLANE ( 'NONE',  #1466 ) ;
#148 = LINE ( 'NONE', #72, #744 ) ;
#149 = VECTOR ( 'NONE', #2384, 1000.000000000000000 ) ;
#150 = EDGE_LOOP ( 'NONE', ( #1493, #712, #3316, #343, #3487, #1388, #78 ) ) ;
#151 = VECTOR ( 'NONE', #926, 1000.000000000000000 ) ;
#152 = LINE ( 'NONE', #1023, #2661 ) ;
#153 = ORIENTED_EDGE ( 'NONE', *, *, #2725, .F. ) ;
#154 = ORIENTED_EDGE ( 'NONE', *, *, #1656, .T. ) ;
#155 = EDGE_CURVE ( 'NONE', #2856, #1777, #1297, .T. ) ;
#156 = LINE ( 'NONE', #2801, #2114 ) ;
#157 = ORIENTED_EDGE ( 'NONE', *, *, #2574, .F. ) ;
#158 = DIRECTION ( 'NONE',  ( 0.000000000000000000, 0.000000000000000000, -1.000000000000000000 ) ) ;
#159 = CARTESIAN_POINT ( 'NONE',  ( 1.540000000000000036, 0.000000000000000000, 1.250000000000000000 ) ) ;
#160 = LINE ( 'NONE', #1035, #2631 ) ;
#161 =( NAMED_UNIT ( * ) PLANE_ANGLE_UNIT ( ) SI_UNIT ( $, .RADIAN. ) );
#162 = CARTESIAN_POINT ( 'NONE',  ( 1.540000000000000036, 0.02000000000000000042, 2.750000000000000000 ) ) ;
#163 = ORIENTED_EDGE ( 'NONE', *, *, #781, .F. ) ;
#164 = DIRECTION ( 'NONE',  ( 0.000000000000000000, 1.000000000000000000, 0.000000000000000000 ) ) ;
#165 = VECTOR ( 'NONE', #1076, 1000.000000000000000 ) ;
#166 = AXIS2_PLACEMENT_3D ( 'NONE', #1130, #2878, #234 ) ;
#167 = VERTEX_POINT ( 'NONE', #426 ) ;
#168 = FACE_OUTER_BOUND ( 'NONE', #3015, .T. ) ;
#169 = ORIENTED_EDGE ( 'NONE', *, *, #1868, .F. ) ;
#170 = CARTESIAN_POINT ( 'NONE',  ( 5.900000000000000355, 0.6300000000000000044, -2.750000000000001332 ) ) ;
#171 = VERTEX_POINT ( 'NONE', #3591 ) ;
#172 = CARTESIAN_POINT ( 'NONE',  ( 3.540000000000000036, -2.500000000000000000, 1.249999999999999778 ) ) ;
#173 = ORIENTED_EDGE ( 'NONE', *, *, #746, .F. ) ;
#174 = DIRECTION ( 'NONE',  ( 0.000000000000000000, 0.000000000000000000, -1.000000000000000000 ) ) ;
#175 = CIRCLE ( 'NONE', #2668, 0.2499999999999997780 ) ;
#176 = CARTESIAN_POINT ( 'NONE',  ( 1.790000000000000036, 0.6300000000000000044, 3.649999999999999911 ) ) ;
#177 = DIRECTION ( 'NONE',  ( 0.000000000000000000, 0.000000000000000000, 1.000000000000000000 ) ) ;
#178 = CARTESIAN_POINT ( 'NONE',  ( 5.900000000000000355, 0.000000000000000000, 2.749999999999998668 ) ) ;
#179 = EDGE_CURVE ( 'NONE', #2834, #1834, #148, .T. ) ;
#180 = CIRCLE ( 'NONE', #1581, 0.2999999999999999334 ) ;
#181 = PRESENTATION_STYLE_ASSIGNMENT (( #461 ) ) ;
#182 = DIRECTION ( 'NONE',  ( 0.000000000000000000, -1.000000000000000000, 0.000000000000000000 ) ) ;
#183 = EDGE_LOOP ( 'NONE', ( #1072, #2359, #1804, #2643 ) ) ;
#184 = CARTESIAN_POINT ( 'NONE',  ( 1.790000000000000036, 0.6300000000000000044, -2.750000000000000888 ) ) ;
#185 = CARTESIAN_POINT ( 'NONE',  ( 3.290000000000000480, 0.6300000000000000044, 1.249999999999999778 ) ) ;
#186 = VERTEX_POINT ( 'NONE', #934 ) ;
#187 = DIRECTION ( 'NONE',  ( 0.000000000000000000, 0.000000000000000000, 1.000000000000000000 ) ) ;
#188 = ORIENTED_EDGE ( 'NONE', *, *, #3004, .T. ) ;
#189 = EDGE_CURVE ( 'NONE', #880, #1395, #3261, .T. ) ;
#190 = CARTESIAN_POINT ( 'NONE',  ( -2.839999999999999858, 1.300820393249936702, -2.750000000000000000 ) ) ;
#191 = ORIENTED_EDGE ( 'NONE', *, *, #825, .T. ) ;
#192 = AXIS2_PLACEMENT_3D ( 'NONE', #2224, #2816, #1675 ) ;
#193 = CARTESIAN_POINT ( 'NONE',  ( -2.540000000000000036, 0.02000000000000000042, -2.449999999999999734 ) ) ;
#194 = CARTESIAN_POINT ( 'NONE',  ( -2.540000000000000036, 0.02000000000000000042, 2.750000000000000000 ) ) ;
#195 = ORIENTED_EDGE ( 'NONE', *, *, #634, .F. ) ;
#196 = DIRECTION ( 'NONE',  ( 0.000000000000000000, 0.000000000000000000, 1.000000000000000000 ) ) ;
#197 = DIRECTION ( 'NONE',  ( -0.000000000000000000, -0.000000000000000000, 1.000000000000000000 ) ) ;
#198 = VECTOR ( 'NONE', #601, 1000.000000000000000 ) ;
#199 = LINE ( 'NONE', #3654, #843 ) ;
#200 = CARTESIAN_POINT ( 'NONE',  ( -2.839999999999999858, 0.6099999999999999867, 2.750000000000000000 ) ) ;
#201 = LINE ( 'NONE', #3030, #440 ) ;
#202 = ORIENTED_EDGE ( 'NONE', *, *, #2277, .F. ) ;
#203 = DIRECTION ( 'NONE',  ( -1.000000000000000000, 0.000000000000000000, 0.000000000000000000 ) ) ;
#204 = DIRECTION ( 'NONE',  ( -0.000000000000000000, 1.000000000000000000, 0.000000000000000000 ) ) ;
#205 = AXIS2_PLACEMENT_3D ( 'NONE', #2678, #718, #2659 ) ;
#206 = EDGE_LOOP ( 'NONE', ( #3424, #2188, #3140, #2342 ) ) ;
#207 = DIRECTION ( 'NONE',  ( -0.000000000000000000, -1.000000000000000000, -0.000000000000000000 ) ) ;
#208 = VERTEX_POINT ( 'NONE', #2396 ) ;
#209 = ORIENTED_EDGE ( 'NONE', *, *, #3022, .F. ) ;
#210 = ORIENTED_EDGE ( 'NONE', *, *, #2821, .T. ) ;
#211 = CARTESIAN_POINT ( 'NONE',  ( 1.540000000000000036, 0.02000000000000000042, 2.750000000000000000 ) ) ;
#212 = EDGE_CURVE ( 'NONE', #379, #2629, #1847, .T. ) ;
#213 = VECTOR ( 'NONE', #557, 1000.000000000000000 ) ;
#214 = FACE_OUTER_BOUND ( 'NONE', #2121, .T. ) ;
#215 = ORIENTED_EDGE ( 'NONE', *, *, #2157, .F. ) ;
#216 = FACE_OUTER_BOUND ( 'NONE', #1894, .T. ) ;
#217 = DIRECTION ( 'NONE',  ( -1.084202172485504434E-16, 0.000000000000000000, -1.000000000000000000 ) ) ;
#218 = PRODUCT_DEFINITION_SHAPE ( 'NONE', 'NONE',  #3658 ) ;
#219 = DIRECTION ( 'NONE',  ( 0.000000000000000000, 0.000000000000000000, 1.000000000000000000 ) ) ;
#220 = ADVANCED_FACE ( 'NONE', ( #371 ), #1538, .F. ) ;
#221 = DIRECTION ( 'NONE',  ( 0.000000000000000000, 0.000000000000000000, -1.000000000000000000 ) ) ;
#222 = ORIENTED_EDGE ( 'NONE', *, *, #2158, .F. ) ;
#223 = CARTESIAN_POINT ( 'NONE',  ( 3.540000000000000036, 0.02000000000000000042, 1.249999999999999778 ) ) ;
#224 = ORIENTED_EDGE ( 'NONE', *, *, #3760, .F. ) ;
#225 = PLANE ( 'NONE',  #1951 ) ;
#226 = CARTESIAN_POINT ( 'NONE',  ( -1.540000000000000036, 0.02000000000000000042, -1.250000000000000000 ) ) ;
#227 = EDGE_LOOP ( 'NONE', ( #295, #1596, #1179, #2279 ) ) ;
#228 = DIRECTION ( 'NONE',  ( 0.000000000000000000, -1.000000000000000000, 0.000000000000000000 ) ) ;
#229 = VECTOR ( 'NONE', #731, 1000.000000000000000 ) ;
#230 = VERTEX_POINT ( 'NONE', #783 ) ;
#231 = VECTOR ( 'NONE', #3223, 1000.000000000000000 ) ;
#232 = ORIENTED_EDGE ( 'NONE', *, *, #2667, .T. ) ;
#233 = VERTEX_POINT ( 'NONE', #1961 ) ;
#234 = DIRECTION ( 'NONE',  ( 0.000000000000000000, -0.000000000000000000, 1.000000000000000000 ) ) ;
#235 = DIRECTION ( 'NONE',  ( 1.000000000000000000, 0.000000000000000000, 0.000000000000000000 ) ) ;
#236 = ORIENTED_EDGE ( 'NONE', *, *, #2338, .T. ) ;
#237 = DIRECTION ( 'NONE',  ( -0.000000000000000000, -1.000000000000000000, -0.000000000000000000 ) ) ;
#238 = DIRECTION ( 'NONE',  ( 0.000000000000000000, 0.000000000000000000, -1.000000000000000000 ) ) ;
#239 = LINE ( 'NONE', #2567, #2722 ) ;
#240 = CARTESIAN_POINT ( 'NONE',  ( 1.540000000000000036, 0.02000000000000000042, -1.250000000000000000 ) ) ;
#241 = EDGE_CURVE ( 'NONE', #3398, #745, #3371, .T. ) ;
#242 = CARTESIAN_POINT ( 'NONE',  ( -1.790000000000000036, 0.6099999999999999867, 1.249999999999999778 ) ) ;
#243 = ORIENTED_EDGE ( 'NONE', *, *, #372, .F. ) ;
#244 = DIRECTION ( 'NONE',  ( -0.000000000000000000, -1.000000000000000000, -0.000000000000000000 ) ) ;
#245 = DIRECTION ( 'NONE',  ( 0.000000000000000000, 0.000000000000000000, -1.000000000000000000 ) ) ;
#246 = VECTOR ( 'NONE', #1990, 1000.000000000000000 ) ;
#247 = DIRECTION ( 'NONE',  ( 0.000000000000000000, 0.000000000000000000, -1.000000000000000000 ) ) ;
#248 = VECTOR ( 'NONE', #2717, 1000.000000000000000 ) ;
#249 = ORIENTED_EDGE ( 'NONE', *, *, #1051, .T. ) ;
#250 = CARTESIAN_POINT ( 'NONE',  ( -2.540000000000000036, 0.6300000000000000044, -2.750000000000000000 ) ) ;
#251 = ORIENTED_EDGE ( 'NONE', *, *, #1568, .T. ) ;
#252 = EDGE_CURVE ( 'NONE', #1716, #1979, #2511, .T. ) ;
#253 = FACE_OUTER_BOUND ( 'NONE', #206, .T. ) ;
#254 = DIRECTION ( 'NONE',  ( -1.000000000000000000, 0.000000000000000000, 1.102578480493733066E-16 ) ) ;
#255 = ORIENTED_EDGE ( 'NONE', *, *, #915, .T. ) ;
#256 = FACE_OUTER_BOUND ( 'NONE', #1743, .T. ) ;
#257 = LINE ( 'NONE', #1118, #2557 ) ;
#258 = CIRCLE ( 'NONE', #2143, 0.2999999999999999334 ) ;
#259 = CARTESIAN_POINT ( 'NONE',  ( 2.540000000000000036, 1.300820393249936702, -2.449999999999999734 ) ) ;
#260 = EDGE_LOOP ( 'NONE', ( #3647, #1258, #1291, #1064 ) ) ;
#261 = ORIENTED_EDGE ( 'NONE', *, *, #1849, .T. ) ;
#262 = DIRECTION ( 'NONE',  ( -1.000000000000000000, 0.000000000000000000, 0.000000000000000000 ) ) ;
#263 = ADVANCED_FACE ( 'NONE', ( #1371 ), #3663, .T. ) ;
#264 = CARTESIAN_POINT ( 'NONE',  ( -2.240000000000000213, 2.501000000000000778, 2.749999999999999556 ) ) ;
#265 = ADVANCED_FACE ( 'NONE', ( #736 ), #2474, .T. ) ;
#266 = ORIENTED_EDGE ( 'NONE', *, *, #2519, .F. ) ;
#267 = VERTEX_POINT ( 'NONE', #1351 ) ;
#268 = CARTESIAN_POINT ( 'NONE',  ( 3.290000000000000480, 0.6099999999999999867, 1.249999999999999778 ) ) ;
#269 =( GEOMETRIC_REPRESENTATION_CONTEXT ( 3 ) GLOBAL_UNCERTAINTY_ASSIGNED_CONTEXT ( ( #34 ) ) GLOBAL_UNIT_ASSIGNED_CONTEXT ( ( #3499, #1978, #2297 ) ) REPRESENTATION_CONTEXT ( 'NONE', 'WORKASPACE' ) );
#270 = LINE ( 'NONE', #3472, #3719 ) ;
#271 = ORIENTED_EDGE ( 'NONE', *, *, #2998, .T. ) ;
#272 = LINE ( 'NONE', #3513, #701 ) ;
#273 = DIRECTION ( 'NONE',  ( 1.000000000000000000, 0.000000000000000000, -0.000000000000000000 ) ) ;
#274 = EDGE_CURVE ( 'NONE', #627, #706, #3139, .T. ) ;
#275 = CARTESIAN_POINT ( 'NONE',  ( -2.240000000000000213, 0.6099999999999999867, -2.750000000000000000 ) ) ;
#276 = AXIS2_PLACEMENT_3D ( 'NONE', #3193, #28, #2909 ) ;
#277 = DIRECTION ( 'NONE',  ( 1.000000000000000000, 0.000000000000000000, 0.000000000000000000 ) ) ;
#278 = DIRECTION ( 'NONE',  ( 0.000000000000000000, 1.000000000000000000, 0.000000000000000000 ) ) ;
#279 = ORIENTED_EDGE ( 'NONE', *, *, #3467, .F. ) ;
#280 = CARTESIAN_POINT ( 'NONE',  ( -3.290000000000000480, 0.6099999999999999867, 2.749999999999999556 ) ) ;
#281 = CARTESIAN_POINT ( 'NONE',  ( 1.540000000000000036, 0.000000000000000000, 2.750000000000000000 ) ) ;
#282 = CARTESIAN_POINT ( 'NONE',  ( -1.790000000000000036, 0.6099999999999999867, -2.750000000000000444 ) ) ;
#283 = VECTOR ( 'NONE', #814, 1000.000000000000000 ) ;
#284 = VECTOR ( 'NONE', #3094, 1000.000000000000000 ) ;
#285 = DIRECTION ( 'NONE',  ( -0.000000000000000000, -1.000000000000000000, -0.000000000000000000 ) ) ;
#286 = VERTEX_POINT ( 'NONE', #185 ) ;
#287 = EDGE_CURVE ( 'NONE', #2220, #3762, #1047, .T. ) ;
#288 = ORIENTED_EDGE ( 'NONE', *, *, #1719, .T. ) ;
#289 = AXIS2_PLACEMENT_3D ( 'NONE', #294, #1427, #854 ) ;
#290 = CARTESIAN_POINT ( 'NONE',  ( 5.900000000000000355, 0.000000000000000000, -2.750000000000001332 ) ) ;
#291 = CARTESIAN_POINT ( 'NONE',  ( 1.790000000000000036, 0.6300000000000000044, 1.249999999999999778 ) ) ;
#292 = ORIENTED_EDGE ( 'NONE', *, *, #2096, .T. ) ;
#293 = DIRECTION ( 'NONE',  ( 0.000000000000000000, 0.000000000000000000, -1.000000000000000000 ) ) ;
#294 = CARTESIAN_POINT ( 'NONE',  ( 2.540000000000000036, 0.6099999999999998757, -2.750000000000000000 ) ) ;
#295 = ORIENTED_EDGE ( 'NONE', *, *, #2752, .T. ) ;
#296 = CARTESIAN_POINT ( 'NONE',  ( 5.900000000000000355, 0.6300000000000000044, -2.750000000000001332 ) ) ;
#297 = ORIENTED_EDGE ( 'NONE', *, *, #3523, .T. ) ;
#298 =( NAMED_UNIT ( * ) PLANE_ANGLE_UNIT ( ) SI_UNIT ( $, .RADIAN. ) );
#299 = LINE ( 'NONE', #1465, #3059 ) ;
#300 = EDGE_CURVE ( 'NONE', #410, #2000, #3196, .T. ) ;
#301 = LINE ( 'NONE', #3176, #686 ) ;
#302 = ORIENTED_EDGE ( 'NONE', *, *, #3207, .F. ) ;
#303 = EDGE_LOOP ( 'NONE', ( #116, #1309, #938, #2880 ) ) ;
#304 = DIRECTION ( 'NONE',  ( 0.000000000000000000, 1.000000000000000000, -0.000000000000000000 ) ) ;
#305 = ORIENTED_EDGE ( 'NONE', *, *, #1292, .T. ) ;
#306 = FACE_OUTER_BOUND ( 'NONE', #2108, .T. ) ;
#307 = VECTOR ( 'NONE', #403, 1000.000000000000000 ) ;
#308 = ORIENTED_EDGE ( 'NONE', *, *, #2988, .T. ) ;
#309 = ADVANCED_FACE ( 'NONE', ( #3158 ), #622, .F. ) ;
#310 = EDGE_CURVE ( 'NONE', #230, #1806, #2317, .T. ) ;
#311 = ORIENTED_EDGE ( 'NONE', *, *, #2016, .F. ) ;
#312 = PLANE ( 'NONE',  #3197 ) ;
#313 = CYLINDRICAL_SURFACE ( 'NONE', #1317, 0.2999999999999999334 ) ;
#314 = VERTEX_POINT ( 'NONE', #3485 ) ;
#315 = ORIENTED_EDGE ( 'NONE', *, *, #568, .F. ) ;
#316 = DIRECTION ( 'NONE',  ( 1.084202172485504557E-16, 0.000000000000000000, -1.000000000000000000 ) ) ;
#317 = CARTESIAN_POINT ( 'NONE',  ( 5.900000000000000355, 0.000000000000000000, 2.749999999999998668 ) ) ;
#318 = VERTEX_POINT ( 'NONE', #282 ) ;
#319 = MECHANICAL_DESIGN_GEOMETRIC_PRESENTATION_REPRESENTATION (  '', ( #3178 ), #3239 ) ;
#320 = ORIENTED_EDGE ( 'NONE', *, *, #2752, .F. ) ;
#321 = CARTESIAN_POINT ( 'NONE',  ( 2.540000000000000036, 0.6099999999999999867, 2.750000000000000000 ) ) ;
#322 = ORIENTED_EDGE ( 'NONE', *, *, #2773, .T. ) ;
#323 = LINE ( 'NONE', #2701, #1567 ) ;
#324 = AXIS2_PLACEMENT_3D ( 'NONE', #2433, #3253, #2125 ) ;
#325 = ORIENTED_EDGE ( 'NONE', *, *, #2798, .T. ) ;
#326 = CARTESIAN_POINT ( 'NONE',  ( 5.900000000000000355, 0.6300000000000000044, 2.749999999999998668 ) ) ;
#327 = ORIENTED_EDGE ( 'NONE', *, *, #3194, .T. ) ;
#328 = CARTESIAN_POINT ( 'NONE',  ( 1.540000000000000036, 0.02000000000000000042, 1.250000000000000000 ) ) ;
#329 = ORIENTED_EDGE ( 'NONE', *, *, #3483, .F. ) ;
#330 = EDGE_CURVE ( 'NONE', #1579, #45, #2076, .T. ) ;
#331 = LINE ( 'NONE', #1514, #213 ) ;
#332 = LINE ( 'NONE', #679, #3126 ) ;
#333 = CARTESIAN_POINT ( 'NONE',  ( -5.750000000000000000, 17.46154083570727167, 2.400000000000001243 ) ) ;
#334 = UNCERTAINTY_MEASURE_WITH_UNIT (LENGTH_MEASURE( 1.000000000000000082E-05 ), #2074, 'distance_accuracy_value', 'NONE');
#335 = CARTESIAN_POINT ( 'NONE',  ( 3.290000000000000480, 0.6099999999999999867, -1.249999999999999778 ) ) ;
#336 = ADVANCED_FACE ( 'NONE', ( #1140 ), #11, .F. ) ;
#337 = VERTEX_POINT ( 'NONE', #1482 ) ;
#338 = FACE_OUTER_BOUND ( 'NONE', #2141, .T. ) ;
#339 = VERTEX_POINT ( 'NONE', #2035 ) ;
#340 = VECTOR ( 'NONE', #1456, 1000.000000000000000 ) ;
#341 = LINE ( 'NONE', #2670, #759 ) ;
#342 = DIRECTION ( 'NONE',  ( -0.000000000000000000, -1.000000000000000000, -0.000000000000000000 ) ) ;
#343 = ORIENTED_EDGE ( 'NONE', *, *, #2129, .T. ) ;
#344 = PLANE ( 'NONE',  #2324 ) ;
#345 = LINE ( 'NONE', #620, #2532 ) ;
#346 = LINE ( 'NONE', #2390, #901 ) ;
#347 = EDGE_CURVE ( 'NONE', #880, #2472, #3216, .T. ) ;
#348 = LINE ( 'NONE', #2962, #3624 ) ;
#349 = DIRECTION ( 'NONE',  ( -0.000000000000000000, -1.000000000000000000, -0.000000000000000000 ) ) ;
#350 = EDGE_LOOP ( 'NONE', ( #3056, #1547, #2751, #2838 ) ) ;
#351 = DIRECTION ( 'NONE',  ( 1.000000000000000000, 0.000000000000000000, 0.000000000000000000 ) ) ;
#352 = ORIENTED_EDGE ( 'NONE', *, *, #2077, .F. ) ;
#353 = ORIENTED_EDGE ( 'NONE', *, *, #2833, .F. ) ;
#354 = AXIS2_PLACEMENT_3D ( 'NONE', #2193, #3060, #3726 ) ;
#355 = CARTESIAN_POINT ( 'NONE',  ( -2.839999999999999858, 0.02000000000000000042, -2.750000000000000000 ) ) ;
#356 = VECTOR ( 'NONE', #3691, 1000.000000000000000 ) ;
#357 = ORIENTED_EDGE ( 'NONE', *, *, #1467, .T. ) ;
#358 = EDGE_CURVE ( 'NONE', #2864, #1262, #1430, .T. ) ;
#359 = ADVANCED_FACE ( 'NONE', ( #1998 ), #1714, .F. ) ;
#360 = CARTESIAN_POINT ( 'NONE',  ( 2.790000000000000036, 0.6300000000000000044, -2.750000000000000000 ) ) ;
#361 = CARTESIAN_POINT ( 'NONE',  ( 5.750000000000000000, 17.46154083570727167, 2.399999999999999467 ) ) ;
#362 = ORIENTED_EDGE ( 'NONE', *, *, #300, .T. ) ;
#363 = CARTESIAN_POINT ( 'NONE',  ( 5.900000000000000355, 0.6099999999999999867, 2.749999999999998668 ) ) ;
#364 = DIRECTION ( 'NONE',  ( -1.000000000000000000, 0.000000000000000000, 1.084202172485504434E-16 ) ) ;
#365 = DIRECTION ( 'NONE',  ( 0.000000000000000000, 1.000000000000000000, 0.000000000000000000 ) ) ;
#366 = LINE ( 'NONE', #2166, #409 ) ;
#367 = LINE ( 'NONE', #3565, #248 ) ;
#368 = EDGE_CURVE ( 'NONE', #1806, #3003, #301, .T. ) ;
#369 = ORIENTED_EDGE ( 'NONE', *, *, #405, .T. ) ;
#370 = VECTOR ( 'NONE', #228, 1000.000000000000000 ) ;
#371 = FACE_OUTER_BOUND ( 'NONE', #2320, .T. ) ;
#372 = EDGE_CURVE ( 'NONE', #2764, #1846, #29, .T. ) ;
#373 = EDGE_CURVE ( 'NONE', #1522, #2305, #2353, .T. ) ;
#374 = CLOSED_SHELL ( 'NONE', ( #1065, #3761, #2088, #2112, #1091, #2248, #16, #3682, #2391, #2239, #2455, #530, #1562, #2635, #3599, #3356, #1587, #737, #2731, #442, #1423, #2841, #2019, #1708, #2572, #2616, #2211, #2365, #1486, #3409, #309, #2458, #898, #2706, #1177, #660, #1946, #1930, #2928, #2241, #1494, #2859, #2204, #611, #263, #2496, #1148, #973 ) ) ;
#375 = EDGE_LOOP ( 'NONE', ( #2190, #1928, #1633, #2482 ) ) ;
#376 = VECTOR ( 'NONE', #2807, 1000.000000000000000 ) ;
#377 = CARTESIAN_POINT ( 'NONE',  ( 0.000000000000000000, 0.6300000000000000044, 0.000000000000000000 ) ) ;
#378 = FACE_OUTER_BOUND ( 'NONE', #3648, .T. ) ;
#379 = VERTEX_POINT ( 'NONE', #2946 ) ;
#380 = FACE_OUTER_BOUND ( 'NONE', #980, .T. ) ;
#381 = ADVANCED_FACE ( 'NONE', ( #1412 ), #1552, .F. ) ;
#382 = CARTESIAN_POINT ( 'NONE',  ( 2.240000000000000213, 1.300820393249936702, 2.750000000000000000 ) ) ;
#383 = DIRECTION ( 'NONE',  ( 0.000000000000000000, 0.000000000000000000, -1.000000000000000000 ) ) ;
#384 = CARTESIAN_POINT ( 'NONE',  ( -1.540000000000000036, 0.000000000000000000, 1.250000000000000000 ) ) ;
#385 = ORIENTED_EDGE ( 'NONE', *, *, #1467, .F. ) ;
#386 = LINE ( 'NONE', #3314, #2013 ) ;
#387 = AXIS2_PLACEMENT_3D ( 'NONE', #2293, #613, #3206 ) ;
#388 = VERTEX_POINT ( 'NONE', #1268 ) ;
#389 = CARTESIAN_POINT ( 'NONE',  ( 1.790000000000000036, 0.6300000000000000044, -2.749999999999999556 ) ) ;
#390 = FACE_OUTER_BOUND ( 'NONE', #3121, .T. ) ;
#391 = ADVANCED_FACE ( 'NONE', ( #3541 ), #3293, .F. ) ;
#392 = ORIENTED_EDGE ( 'NONE', *, *, #2077, .T. ) ;
#393 = DIRECTION ( 'NONE',  ( 0.000000000000000000, -1.000000000000000000, 0.000000000000000000 ) ) ;
#394 = FACE_OUTER_BOUND ( 'NONE', #2920, .T. ) ;
#395 = VERTEX_POINT ( 'NONE', #400 ) ;
#396 = CARTESIAN_POINT ( 'NONE',  ( 3.290000000000000480, 0.6099999999999999867, 2.749999999999999112 ) ) ;
#397 = CARTESIAN_POINT ( 'NONE',  ( -2.540000000000000036, 0.000000000000000000, -2.500000000000000000 ) ) ;
#398 = VECTOR ( 'NONE', #2275, 1000.000000000000000 ) ;
#399 = CIRCLE ( 'NONE', #655, 0.2999999999999999334 ) ;
#400 = CARTESIAN_POINT ( 'NONE',  ( 1.540000000000000036, 0.000000000000000000, -2.750000000000000000 ) ) ;
#401 = DIRECTION ( 'NONE',  ( 0.000000000000000000, 0.000000000000000000, 1.000000000000000000 ) ) ;
#402 = ORIENTED_EDGE ( 'NONE', *, *, #142, .T. ) ;
#403 = DIRECTION ( 'NONE',  ( -0.000000000000000000, 1.000000000000000000, -0.000000000000000000 ) ) ;
#404 = EDGE_CURVE ( 'NONE', #2457, #2472, #1532, .T. ) ;
#405 = EDGE_CURVE ( 'NONE', #1395, #3095, #1212, .T. ) ;
#406 = EDGE_LOOP ( 'NONE', ( #3579, #2719, #968, #2586, #1027, #472, #305, #1696 ) ) ;
#407 = ORIENTED_EDGE ( 'NONE', *, *, #3590, .F. ) ;
#408 = PLANE ( 'NONE',  #625 ) ;
#409 = VECTOR ( 'NONE', #3274, 1000.000000000000000 ) ;
#410 = VERTEX_POINT ( 'NONE', #929 ) ;
#411 = DIRECTION ( 'NONE',  ( 1.000000000000000000, 0.000000000000000000, 0.000000000000000000 ) ) ;
#412 = EDGE_CURVE ( 'NONE', #286, #3717, #3621, .T. ) ;
#413 = VECTOR ( 'NONE', #1682, 1000.000000000000000 ) ;
#414 = LINE ( 'NONE', #1030, #2916 ) ;
#415 = DIRECTION ( 'NONE',  ( -0.000000000000000000, -1.000000000000000000, -0.000000000000000000 ) ) ;
#416 = ORIENTED_EDGE ( 'NONE', *, *, #1051, .F. ) ;
#417 = COLOUR_RGB ( '',0.2509803921568627416, 0.2509803921568627416, 0.2509803921568627416 ) ;
#418 = DIRECTION ( 'NONE',  ( 0.000000000000000000, 0.000000000000000000, 1.000000000000000000 ) ) ;
#419 = DIRECTION ( 'NONE',  ( 0.000000000000000000, 0.000000000000000000, 1.000000000000000000 ) ) ;
#420 = EDGE_CURVE ( 'NONE', #1422, #1794, #1540, .T. ) ;
#421 = SURFACE_SIDE_STYLE ('',( #2828 ) ) ;
#422 = LINE ( 'NONE', #1078, #1976 ) ;
#423 = LINE ( 'NONE', #3640, #115 ) ;
#424 = ORIENTED_EDGE ( 'NONE', *, *, #2072, .F. ) ;
#425 = CARTESIAN_POINT ( 'NONE',  ( 1.540000000000000036, 0.02000000000000000042, 1.250000000000000000 ) ) ;
#426 = CARTESIAN_POINT ( 'NONE',  ( 3.540000000000000036, 0.000000000000000000, -1.249999999999999778 ) ) ;
#427 = ADVANCED_FACE ( 'NONE', ( #663 ), #949, .F. ) ;
#428 = VECTOR ( 'NONE', #1209, 1000.000000000000000 ) ;
#429 = DIRECTION ( 'NONE',  ( 0.000000000000000000, 0.000000000000000000, 1.000000000000000000 ) ) ;
#430 = EDGE_LOOP ( 'NONE', ( #2368, #2110, #1296, #2090 ) ) ;
#431 = PLANE ( 'NONE',  #3029 ) ;
#432 = ORIENTED_EDGE ( 'NONE', *, *, #1431, .F. ) ;
#433 = CARTESIAN_POINT ( 'NONE',  ( -2.839999999999998970, 0.6099999999999999867, 2.749999999999999556 ) ) ;
#434 = LINE ( 'NONE', #1549, #3335 ) ;
#435 = DIRECTION ( 'NONE',  ( -0.000000000000000000, -0.000000000000000000, 1.000000000000000000 ) ) ;
#436 = LINE ( 'NONE', #1306, #71 ) ;
#437 = CARTESIAN_POINT ( 'NONE',  ( -3.290000000000000480, 0.6099999999999999867, -1.249999999999999778 ) ) ;
#438 = CYLINDRICAL_SURFACE ( 'NONE', #455, 0.2999999999999999334 ) ;
#439 = ORIENTED_EDGE ( 'NONE', *, *, #3199, .T. ) ;
#440 = VECTOR ( 'NONE', #479, 1000.000000000000000 ) ;
#441 = DIRECTION ( 'NONE',  ( 0.000000000000000000, 1.000000000000000000, 0.000000000000000000 ) ) ;
#442 = ADVANCED_FACE ( 'NONE', ( #2993 ), #1248, .F. ) ;
#443 = VECTOR ( 'NONE', #872, 1000.000000000000000 ) ;
#444 = ORIENTED_EDGE ( 'NONE', *, *, #983, .F. ) ;
#445 = VECTOR ( 'NONE', #1752, 1000.000000000000000 ) ;
#446 = LINE ( 'NONE', #1009, #3488 ) ;
#447 = ORIENTED_EDGE ( 'NONE', *, *, #2129, .F. ) ;
#448 = VERTEX_POINT ( 'NONE', #126 ) ;
#449 = ORIENTED_EDGE ( 'NONE', *, *, #3317, .F. ) ;
#450 = EDGE_CURVE ( 'NONE', #2864, #1846, #3746, .T. ) ;
#451 = DIRECTION ( 'NONE',  ( -1.000000000000000000, 0.000000000000000000, 0.000000000000000000 ) ) ;
#452 = VECTOR ( 'NONE', #2504, 1000.000000000000000 ) ;
#453 = FACE_OUTER_BOUND ( 'NONE', #36, .T. ) ;
#454 = ORIENTED_EDGE ( 'NONE', *, *, #3552, .F. ) ;
#455 = AXIS2_PLACEMENT_3D ( 'NONE', #2530, #182, #2256 ) ;
#456 = DIRECTION ( 'NONE',  ( -0.000000000000000000, -1.000000000000000000, -0.000000000000000000 ) ) ;
#457 = CYLINDRICAL_SURFACE ( 'NONE', #670, 0.2499999999999997780 ) ;
#458 = DIRECTION ( 'NONE',  ( 0.000000000000000000, 0.000000000000000000, 1.000000000000000000 ) ) ;
#459 = EDGE_CURVE ( 'NONE', #1219, #448, #332, .T. ) ;
#460 = LINE ( 'NONE', #1630, #2776 ) ;
#461 = SURFACE_STYLE_USAGE ( .BOTH. , #817 ) ;
#462 = ORIENTED_EDGE ( 'NONE', *, *, #68, .T. ) ;
#463 = CARTESIAN_POINT ( 'NONE',  ( 5.900000000000000355, 0.6099999999999999867, -2.750000000000001332 ) ) ;
#464 = VECTOR ( 'NONE', #1917, 1000.000000000000000 ) ;
#465 = EDGE_CURVE ( 'NONE', #2305, #2734, #348, .T. ) ;
#466 = CIRCLE ( 'NONE', #1754, 0.2999999999999999334 ) ;
#467 = ORIENTED_EDGE ( 'NONE', *, *, #1647, .T. ) ;
#468 = LINE ( 'NONE', #3592, #1295 ) ;
#469 = EDGE_CURVE ( 'NONE', #337, #2242, #1515, .T. ) ;
#470 = VERTEX_POINT ( 'NONE', #2146 ) ;
#471 = ORIENTED_EDGE ( 'NONE', *, *, #871, .T. ) ;
#472 = ORIENTED_EDGE ( 'NONE', *, *, #77, .T. ) ;
#473 = ADVANCED_FACE ( 'NONE', ( #697 ), #2414, .F. ) ;
#474 = LINE ( 'NONE', #2743, #1028 ) ;
#475 = ORIENTED_EDGE ( 'NONE', *, *, #3396, .T. ) ;
#476 = CARTESIAN_POINT ( 'NONE',  ( -2.540000000000000036, 0.6099999999999998757, -2.750000000000000000 ) ) ;
#477 = DIRECTION ( 'NONE',  ( 0.000000000000000000, 1.000000000000000000, 0.000000000000000000 ) ) ;
#478 = PLANE ( 'NONE',  #2170 ) ;
#479 = DIRECTION ( 'NONE',  ( -1.000000000000000000, 0.000000000000000000, 0.000000000000000000 ) ) ;
#480 = AXIS2_PLACEMENT_3D ( 'NONE', #3296, #164, #1251 ) ;
#481 = ORIENTED_EDGE ( 'NONE', *, *, #2573, .T. ) ;
#482 = LINE ( 'NONE', #1124, #916 ) ;
#483 = ORIENTED_EDGE ( 'NONE', *, *, #2055, .T. ) ;
#484 = EDGE_CURVE ( 'NONE', #745, #1358, #3011, .T. ) ;
#485 = EDGE_CURVE ( 'NONE', #3641, #942, #1289, .T. ) ;
#486 = ORIENTED_EDGE ( 'NONE', *, *, #1496, .T. ) ;
#487 = VERTEX_POINT ( 'NONE', #2978 ) ;
#488 = ADVANCED_FACE ( 'NONE', ( #2372 ), #3585, .T. ) ;
#489 = VERTEX_POINT ( 'NONE', #2748 ) ;
#490 = EDGE_CURVE ( 'NONE', #811, #617, #2470, .T. ) ;
#491 = DIRECTION ( 'NONE',  ( 0.000000000000000000, 0.000000000000000000, 1.000000000000000000 ) ) ;
#492 = VECTOR ( 'NONE', #1590, 1000.000000000000000 ) ;
#493 = COLOUR_RGB ( '',0.9686274509803921573, 0.8784313725490195957, 0.5999999999999999778 ) ;
#494 = CARTESIAN_POINT ( 'NONE',  ( 3.540000000000000036, 0.000000000000000000, -2.750000000000000000 ) ) ;
#495 = DIRECTION ( 'NONE',  ( 0.000000000000000000, 0.000000000000000000, -1.000000000000000000 ) ) ;
#496 = ORIENTED_EDGE ( 'NONE', *, *, #1160, .F. ) ;
#497 = DIRECTION ( 'NONE',  ( -0.000000000000000000, -1.000000000000000000, -0.000000000000000000 ) ) ;
#498 = DIRECTION ( 'NONE',  ( -0.000000000000000000, -0.000000000000000000, 1.000000000000000000 ) ) ;
#499 = LINE ( 'NONE', #2163, #2354 ) ;
#500 = DIRECTION ( 'NONE',  ( 0.000000000000000000, 0.000000000000000000, -1.000000000000000000 ) ) ;
#501 = CARTESIAN_POINT ( 'NONE',  ( 1.540000000000000036, 0.02000000000000000042, 2.750000000000000000 ) ) ;
#502 = EDGE_CURVE ( 'NONE', #233, #3623, #201, .T. ) ;
#503 = VERTEX_POINT ( 'NONE', #2489 ) ;
#504 = PLANE ( 'NONE',  #799 ) ;
#505 = ORIENTED_EDGE ( 'NONE', *, *, #656, .F. ) ;
#506 = ORIENTED_EDGE ( 'NONE', *, *, #608, .T. ) ;
#507 = VERTEX_POINT ( 'NONE', #1648 ) ;
#508 = ADVANCED_FACE ( 'NONE', ( #2199 ), #733, .T. ) ;
#509 = CARTESIAN_POINT ( 'NONE',  ( 1.540000000000000036, 0.000000000000000000, 1.250000000000000000 ) ) ;
#510 = DIRECTION ( 'NONE',  ( 0.000000000000000000, 1.000000000000000000, 0.000000000000000000 ) ) ;
#511 = ORIENTED_EDGE ( 'NONE', *, *, #1745, .F. ) ;
#512 = DIRECTION ( 'NONE',  ( 1.000000000000000000, -0.000000000000000000, 0.000000000000000000 ) ) ;
#513 = CARTESIAN_POINT ( 'NONE',  ( -3.540000000000000036, 0.000000000000000000, -2.750000000000000000 ) ) ;
#514 = LINE ( 'NONE', #1688, #2605 ) ;
#515 =( NAMED_UNIT ( * ) PLANE_ANGLE_UNIT ( ) SI_UNIT ( $, .RADIAN. ) );
#516 = ORIENTED_EDGE ( 'NONE', *, *, #1008, .T. ) ;
#517 = CARTESIAN_POINT ( 'NONE',  ( 3.540000000000000036, 0.02000000000000000042, 2.750000000000000000 ) ) ;
#518 = CARTESIAN_POINT ( 'NONE',  ( -1.790000000000000036, 0.6099999999999999867, 1.249999999999999778 ) ) ;
#519 = EDGE_CURVE ( 'NONE', #1725, #2292, #1019, .T. ) ;
#520 = VERTEX_POINT ( 'NONE', #3657 ) ;
#521 = CARTESIAN_POINT ( 'NONE',  ( -3.290000000000000480, 0.6099999999999999867, -2.749999999999999556 ) ) ;
#522 = VERTEX_POINT ( 'NONE', #223 ) ;
#523 = VECTOR ( 'NONE', #1521, 1000.000000000000000 ) ;
#524 = ORIENTED_EDGE ( 'NONE', *, *, #1414, .T. ) ;
#525 = ORIENTED_EDGE ( 'NONE', *, *, #212, .F. ) ;
#526 = FACE_OUTER_BOUND ( 'NONE', #350, .T. ) ;
#527 = EDGE_CURVE ( 'NONE', #3149, #1512, #422, .T. ) ;
#528 = DIRECTION ( 'NONE',  ( 1.000000000000000000, 0.000000000000000000, 0.000000000000000000 ) ) ;
#529 = VERTEX_POINT ( 'NONE', #2529 ) ;
#530 = ADVANCED_FACE ( 'NONE', ( #144 ), #3093, .F. ) ;
#531 = LINE ( 'NONE', #3769, #88 ) ;
#532 = FACE_OUTER_BOUND ( 'NONE', #3288, .T. ) ;
#533 = DIRECTION ( 'NONE',  ( -0.000000000000000000, 1.000000000000000000, -0.000000000000000000 ) ) ;
#534 = FILL_AREA_STYLE ('',( #2638 ) ) ;
#535 = ORIENTED_EDGE ( 'NONE', *, *, #2897, .F. ) ;
#536 = VECTOR ( 'NONE', #698, 1000.000000000000000 ) ;
#537 = CARTESIAN_POINT ( 'NONE',  ( -1.540000000000000036, 0.02000000000000000042, 2.750000000000000000 ) ) ;
#538 = EDGE_CURVE ( 'NONE', #3595, #1112, #2506, .T. ) ;
#539 = CIRCLE ( 'NONE', #3346, 0.2999999999999999334 ) ;
#540 = CARTESIAN_POINT ( 'NONE',  ( -2.540000000000000036, 2.501000000000000778, 2.449999999999999734 ) ) ;
#541 = PRESENTATION_LAYER_ASSIGNMENT (  '', '', ( #3034 ) ) ;
#542 = ORIENTED_EDGE ( 'NONE', *, *, #879, .F. ) ;
#543 = EDGE_CURVE ( 'NONE', #3198, #652, #755, .T. ) ;
#544 = ORIENTED_EDGE ( 'NONE', *, *, #841, .F. ) ;
#545 = LINE ( 'NONE', #3104, #1872 ) ;
#546 = FACE_OUTER_BOUND ( 'NONE', #2983, .T. ) ;
#547 = ORIENTED_EDGE ( 'NONE', *, *, #3019, .T. ) ;
#548 = CARTESIAN_POINT ( 'NONE',  ( 1.540000000000000036, 0.02000000000000000042, -2.750000000000000000 ) ) ;
#549 = CARTESIAN_POINT ( 'NONE',  ( -1.790000000000000036, 0.6300000000000000044, -1.249999999999999778 ) ) ;
#550 = LINE ( 'NONE', #836, #283 ) ;
#551 = VECTOR ( 'NONE', #196, 1000.000000000000000 ) ;
#552 = CARTESIAN_POINT ( 'NONE',  ( 3.290000000000000480, 0.6099999999999999867, 2.749999999999999556 ) ) ;
#553 = CIRCLE ( 'NONE', #192, 0.2499999999999997780 ) ;
#554 = LINE ( 'NONE', #1122, #1239 ) ;
#555 = ORIENTED_EDGE ( 'NONE', *, *, #133, .F. ) ;
#556 = VECTOR ( 'NONE', #2982, 1000.000000000000000 ) ;
#557 = DIRECTION ( 'NONE',  ( 0.000000000000000000, 0.000000000000000000, 1.000000000000000000 ) ) ;
#558 = CLOSED_SHELL ( 'NONE', ( #1892, #2321, #2760, #1058, #1215, #3412, #3124, #1025, #1963, #1320, #3373, #2832, #3503, #692, #705, #2418 ) ) ;
#559 = DIRECTION ( 'NONE',  ( 1.000000000000000000, -0.000000000000000000, -1.102578480493733066E-16 ) ) ;
#560 = VERTEX_POINT ( 'NONE', #2236 ) ;
#561 = CARTESIAN_POINT ( 'NONE',  ( 1.540000000000000036, 0.02000000000000000042, 1.250000000000000000 ) ) ;
#562 = VERTEX_POINT ( 'NONE', #3677 ) ;
#563 = CARTESIAN_POINT ( 'NONE',  ( -1.540000000000000036, 0.02000000000000000042, 1.250000000000000000 ) ) ;
#564 = ORIENTED_EDGE ( 'NONE', *, *, #3068, .F. ) ;
#565 = PLANE ( 'NONE',  #166 ) ;
#566 = PLANE ( 'NONE',  #2062 ) ;
#567 = VERTEX_POINT ( 'NONE', #2787 ) ;
#568 = EDGE_CURVE ( 'NONE', #766, #1504, #3069, .T. ) ;
#569 = DIRECTION ( 'NONE',  ( 1.000000000000000000, 0.000000000000000000, 0.000000000000000000 ) ) ;
#570 = FACE_OUTER_BOUND ( 'NONE', #1349, .T. ) ;
#571 = VECTOR ( 'NONE', #1829, 1000.000000000000000 ) ;
#572 = LINE ( 'NONE', #3209, #104 ) ;
#573 = DIRECTION ( 'NONE',  ( 0.000000000000000000, 1.000000000000000000, 0.000000000000000000 ) ) ;
#574 = ORIENTED_EDGE ( 'NONE', *, *, #1778, .F. ) ;
#575 = DIRECTION ( 'NONE',  ( -0.000000000000000000, -0.000000000000000000, 1.000000000000000000 ) ) ;
#576 = DIRECTION ( 'NONE',  ( 0.000000000000000000, -1.000000000000000000, 0.000000000000000000 ) ) ;
#577 = DIRECTION ( 'NONE',  ( 0.000000000000000000, -1.000000000000000000, 0.000000000000000000 ) ) ;
#578 = VERTEX_POINT ( 'NONE', #2255 ) ;
#579 = MECHANICAL_DESIGN_GEOMETRIC_PRESENTATION_REPRESENTATION (  '', ( #2105 ), #3072 ) ;
#580 = EDGE_CURVE ( 'NONE', #1979, #681, #1037, .T. ) ;
#581 = CIRCLE ( 'NONE', #2713, 0.2499999999999997780 ) ;
#582 = EDGE_CURVE ( 'NONE', #2242, #1869, #776, .T. ) ;
#583 = DIRECTION ( 'NONE',  ( 0.000000000000000000, 0.000000000000000000, 1.000000000000000000 ) ) ;
#584 = VERTEX_POINT ( 'NONE', #2769 ) ;
#585 = ORIENTED_EDGE ( 'NONE', *, *, #1811, .F. ) ;
#586 = AXIS2_PLACEMENT_3D ( 'NONE', #3153, #2923, #1764 ) ;
#587 = EDGE_CURVE ( 'NONE', #2, #2305, #2549, .T. ) ;
#588 = AXIS2_PLACEMENT_3D ( 'NONE', #2447, #1000, #2712 ) ;
#589 = FACE_OUTER_BOUND ( 'NONE', #2512, .T. ) ;
#590 = MANIFOLD_SOLID_BREP ( 'Boss-Extrude5', #558 ) ;
#591 = VECTOR ( 'NONE', #2253, 1000.000000000000000 ) ;
#592 = ORIENTED_EDGE ( 'NONE', *, *, #608, .F. ) ;
#593 = ORIENTED_EDGE ( 'NONE', *, *, #1458, .F. ) ;
#594 = CARTESIAN_POINT ( 'NONE',  ( -2.540000000000000036, 0.6099999999999998757, 2.750000000000000000 ) ) ;
#595 = CARTESIAN_POINT ( 'NONE',  ( 1.790000000000000036, 0.6099999999999999867, 1.249999999999999778 ) ) ;
#596 = DIRECTION ( 'NONE',  ( -0.000000000000000000, -1.000000000000000000, -0.000000000000000000 ) ) ;
#597 = DIRECTION ( 'NONE',  ( 0.000000000000000000, 0.000000000000000000, -1.000000000000000000 ) ) ;
#598 = VERTEX_POINT ( 'NONE', #2012 ) ;
#599 = DIRECTION ( 'NONE',  ( 0.000000000000000000, 0.000000000000000000, 1.000000000000000000 ) ) ;
#600 = VECTOR ( 'NONE', #1803, 1000.000000000000000 ) ;
#601 = DIRECTION ( 'NONE',  ( -0.000000000000000000, -1.000000000000000000, -0.000000000000000000 ) ) ;
#602 = ORIENTED_EDGE ( 'NONE', *, *, #2126, .T. ) ;
#603 = AXIS2_PLACEMENT_3D ( 'NONE', #2826, #217, #795 ) ;
#604 = MANIFOLD_SOLID_BREP ( 'Mirror2[2]', #1050 ) ;
#605 = FILL_AREA_STYLE_COLOUR ( '', #2449 ) ;
#606 = ORIENTED_EDGE ( 'NONE', *, *, #2287, .F. ) ;
#607 = CARTESIAN_POINT ( 'NONE',  ( -3.540000000000000036, 0.02000000000000000042, -2.750000000000000000 ) ) ;
#608 = EDGE_CURVE ( 'NONE', #1639, #3149, #798, .T. ) ;
#609 = VECTOR ( 'NONE', #203, 1000.000000000000000 ) ;
#610 = EDGE_LOOP ( 'NONE', ( #914, #891, #555, #3571 ) ) ;
#611 = ADVANCED_FACE ( 'NONE', ( #1765 ), #1689, .F. ) ;
#612 = VERTEX_POINT ( 'NONE', #1463 ) ;
#613 = DIRECTION ( 'NONE',  ( 0.000000000000000000, -1.000000000000000000, 0.000000000000000000 ) ) ;
#614 = CARTESIAN_POINT ( 'NONE',  ( -3.540000000000000036, 0.02000000000000000042, 1.249999999999999778 ) ) ;
#615 = ORIENTED_EDGE ( 'NONE', *, *, #1745, .T. ) ;
#616 = DIRECTION ( 'NONE',  ( 1.000000000000000000, 0.000000000000000000, -0.000000000000000000 ) ) ;
#617 = VERTEX_POINT ( 'NONE', #1993 ) ;
#618 = SURFACE_STYLE_USAGE ( .BOTH. , #3192 ) ;
#619 = CIRCLE ( 'NONE', #2741, 0.2499999999999997780 ) ;
#620 = CARTESIAN_POINT ( 'NONE',  ( 1.540000000000000036, 0.000000000000000000, -1.250000000000000000 ) ) ;
#621 = LINE ( 'NONE', #2657, #1807 ) ;
#622 = PLANE ( 'NONE',  #3739 ) ;
#623 = VECTOR ( 'NONE', #2791, 1000.000000000000000 ) ;
#624 = ORIENTED_EDGE ( 'NONE', *, *, #310, .F. ) ;
#625 = AXIS2_PLACEMENT_3D ( 'NONE', #2795, #972, #3001 ) ;
#626 = FACE_OUTER_BOUND ( 'NONE', #3576, .T. ) ;
#627 = VERTEX_POINT ( 'NONE', #242 ) ;
#628 = DIRECTION ( 'NONE',  ( -1.000000000000000000, 0.000000000000000000, -1.084202172485504434E-16 ) ) ;
#629 = ORIENTED_EDGE ( 'NONE', *, *, #1844, .F. ) ;
#630 = DIRECTION ( 'NONE',  ( 0.000000000000000000, -1.000000000000000000, 0.000000000000000000 ) ) ;
#631 = MECHANICAL_DESIGN_GEOMETRIC_PRESENTATION_REPRESENTATION (  '', ( #1301 ), #269 ) ;
#632 = ORIENTED_EDGE ( 'NONE', *, *, #3454, .F. ) ;
#633 = DIRECTION ( 'NONE',  ( 1.000000000000000000, 0.000000000000000000, 0.000000000000000000 ) ) ;
#634 = EDGE_CURVE ( 'NONE', #2475, #1926, #2592, .T. ) ;
#635 = FILL_AREA_STYLE ('',( #1523 ) ) ;
#636 = DIRECTION ( 'NONE',  ( -1.000000000000000000, 0.000000000000000000, 0.000000000000000000 ) ) ;
#638 = ORIENTED_EDGE ( 'NONE', *, *, #1203, .F. ) ;
#637 = VECTOR ( 'NONE', #960, 1000.000000000000000 ) ;
#639 = CARTESIAN_POINT ( 'NONE',  ( 2.839999999999999858, 0.6099999999999998757, 2.749999999999999112 ) ) ;
#640 = CARTESIAN_POINT ( 'NONE',  ( 5.900000000000000355, 0.6300000000000000044, 2.749999999999998668 ) ) ;
#641 = ORIENTED_EDGE ( 'NONE', *, *, #2038, .T. ) ;
#642 =( LENGTH_UNIT ( ) NAMED_UNIT ( * ) SI_UNIT ( .MILLI., .METRE. ) );
#643 = FACE_OUTER_BOUND ( 'NONE', #2596, .T. ) ;
#644 = VECTOR ( 'NONE', #2156, 1000.000000000000000 ) ;
#645 = CARTESIAN_POINT ( 'NONE',  ( 5.900000000000000355, 0.6300000000000000044, 2.749999999999998668 ) ) ;
#646 = DIRECTION ( 'NONE',  ( -1.000000000000000000, 0.000000000000000000, 0.000000000000000000 ) ) ;
#647 = DIRECTION ( 'NONE',  ( 0.000000000000000000, 1.000000000000000000, 0.000000000000000000 ) ) ;
#648 = FACE_OUTER_BOUND ( 'NONE', #3282, .T. ) ;
#649 = ORIENTED_EDGE ( 'NONE', *, *, #25, .T. ) ;
#650 = EDGE_CURVE ( 'NONE', #1674, #2836, #3464, .T. ) ;
#651 = CARTESIAN_POINT ( 'NONE',  ( 1.790000000000000036, 0.6300000000000000044, -1.249999999999999778 ) ) ;
#652 = VERTEX_POINT ( 'NONE', #3736 ) ;
#653 = VECTOR ( 'NONE', #927, 1000.000000000000000 ) ;
#654 = SURFACE_STYLE_USAGE ( .BOTH. , #1220 ) ;
#655 = AXIS2_PLACEMENT_3D ( 'NONE', #863, #1722, #2306 ) ;
#656 = EDGE_CURVE ( 'NONE', #562, #2405, #554, .T. ) ;
#657 = CARTESIAN_POINT ( 'NONE',  ( 2.839999999999999858, 1.300820393249936702, -2.750000000000000000 ) ) ;
#658 = EDGE_LOOP ( 'NONE', ( #3537, #2819, #2080, #632 ) ) ;
#659 = DIRECTION ( 'NONE',  ( 0.000000000000000000, 0.000000000000000000, -1.000000000000000000 ) ) ;
#660 = ADVANCED_FACE ( 'NONE', ( #2624 ), #3444, .F. ) ;
#661 = FACE_OUTER_BOUND ( 'NONE', #2564, .T. ) ;
#662 = DIRECTION ( 'NONE',  ( -1.000000000000000000, 0.000000000000000000, 0.000000000000000000 ) ) ;
#663 = FACE_OUTER_BOUND ( 'NONE', #2264, .T. ) ;
#664 = DIRECTION ( 'NONE',  ( -1.000000000000000000, 0.000000000000000000, 0.000000000000000000 ) ) ;
#665 = ORIENTED_EDGE ( 'NONE', *, *, #3366, .T. ) ;
#666 = EDGE_CURVE ( 'NONE', #3218, #1939, #1730, .T. ) ;
#667 = DIRECTION ( 'NONE',  ( 0.000000000000000000, 0.000000000000000000, -1.000000000000000000 ) ) ;
#668 = ORIENTED_EDGE ( 'NONE', *, *, #1443, .F. ) ;
#669 = ORIENTED_EDGE ( 'NONE', *, *, #940, .T. ) ;
#670 = AXIS2_PLACEMENT_3D ( 'NONE', #1074, #2546, #3420 ) ;
#671 = EDGE_CURVE ( 'NONE', #598, #1664, #2607, .T. ) ;
#672 = VERTEX_POINT ( 'NONE', #7 ) ;
#673 = VERTEX_POINT ( 'NONE', #2029 ) ;
#674 = DIRECTION ( 'NONE',  ( 0.000000000000000000, 0.000000000000000000, -1.000000000000000000 ) ) ;
#675 = DIRECTION ( 'NONE',  ( -0.000000000000000000, -1.000000000000000000, -0.000000000000000000 ) ) ;
#676 = ORIENTED_EDGE ( 'NONE', *, *, #3448, .T. ) ;
#677 = CYLINDRICAL_SURFACE ( 'NONE', #2021, 0.2499999999999997780 ) ;
#678 = DIRECTION ( 'NONE',  ( 0.000000000000000000, 0.000000000000000000, -1.000000000000000000 ) ) ;
#679 = CARTESIAN_POINT ( 'NONE',  ( 1.790000000000000036, 0.6300000000000000044, 2.749999999999999112 ) ) ;
#680 = DIRECTION ( 'NONE',  ( -0.000000000000000000, 0.000000000000000000, -1.000000000000000000 ) ) ;
#681 = VERTEX_POINT ( 'NONE', #1749 ) ;
#682 = DIRECTION ( 'NONE',  ( -1.000000000000000000, -0.000000000000000000, -0.000000000000000000 ) ) ;
#683 = EDGE_CURVE ( 'NONE', #560, #1147, #2907, .T. ) ;
#684 = CIRCLE ( 'NONE', #1836, 0.2999999999999999334 ) ;
#685 = ORIENTED_EDGE ( 'NONE', *, *, #469, .F. ) ;
#686 = VECTOR ( 'NONE', #1468, 1000.000000000000000 ) ;
#687 = CARTESIAN_POINT ( 'NONE',  ( 1.790000000000000036, 0.6300000000000000044, -2.750000000000001332 ) ) ;
#688 = VERTEX_POINT ( 'NONE', #639 ) ;
#689 = CARTESIAN_POINT ( 'NONE',  ( 5.750000000000000000, 2.500000000000000444, -2.400000000000000355 ) ) ;
#690 = AXIS2_PLACEMENT_3D ( 'NONE', #2219, #3388, #1060 ) ;
#691 = DIRECTION ( 'NONE',  ( 0.000000000000000000, 0.000000000000000000, 1.000000000000000000 ) ) ;
#692 = ADVANCED_FACE ( 'NONE', ( #3248 ), #907, .F. ) ;
#693 = CARTESIAN_POINT ( 'NONE',  ( 1.540000000000000036, -2.500000000000000000, 1.250000000000000000 ) ) ;
#694 = EDGE_LOOP ( 'NONE', ( #1637, #951, #3275, #2788 ) ) ;
#695 = DIRECTION ( 'NONE',  ( 1.000000000000000000, 0.000000000000000000, -1.102578480493733312E-16 ) ) ;
#696 = LINE ( 'NONE', #3308, #1326 ) ;
#697 = FACE_OUTER_BOUND ( 'NONE', #150, .T. ) ;
#698 = DIRECTION ( 'NONE',  ( 0.000000000000000000, 0.000000000000000000, -1.000000000000000000 ) ) ;
#699 = VERTEX_POINT ( 'NONE', #1832 ) ;
#700 = DIRECTION ( 'NONE',  ( -0.000000000000000000, 1.000000000000000000, -0.000000000000000000 ) ) ;
#701 = VECTOR ( 'NONE', #1491, 1000.000000000000000 ) ;
#702 = ORIENTED_EDGE ( 'NONE', *, *, #1905, .T. ) ;
#703 = DIRECTION ( 'NONE',  ( 0.000000000000000000, 1.000000000000000000, 0.000000000000000000 ) ) ;
#704 = ADVANCED_FACE ( 'NONE', ( #2652 ), #3554, .F. ) ;
#705 = ADVANCED_FACE ( 'NONE', ( #2406 ), #2078, .F. ) ;
#706 = VERTEX_POINT ( 'NONE', #1241 ) ;
#707 = DIRECTION ( 'NONE',  ( 1.000000000000000000, 0.000000000000000000, -1.084202172485504434E-16 ) ) ;
#708 = ORIENTED_EDGE ( 'NONE', *, *, #2808, .F. ) ;
#709 = EDGE_CURVE ( 'NONE', #1907, #688, #1510, .T. ) ;
#710 = LINE ( 'NONE', #1871, #1920 ) ;
#711 = CARTESIAN_POINT ( 'NONE',  ( -1.790000000000000036, 0.6099999999999999867, 3.649999999999999911 ) ) ;
#712 = ORIENTED_EDGE ( 'NONE', *, *, #1844, .T. ) ;
#713 = DIRECTION ( 'NONE',  ( -1.000000000000000000, 0.000000000000000000, 0.000000000000000000 ) ) ;
#714 = DIRECTION ( 'NONE',  ( 1.000000000000000000, 0.000000000000000000, 0.000000000000000000 ) ) ;
#715 = CIRCLE ( 'NONE', #780, 0.2999999999999990452 ) ;
#716 = FACE_OUTER_BOUND ( 'NONE', #3088, .T. ) ;
#717 = AXIS2_PLACEMENT_3D ( 'NONE', #2723, #2494, #187 ) ;
#718 = DIRECTION ( 'NONE',  ( 0.000000000000000000, 1.000000000000000000, 0.000000000000000000 ) ) ;
#719 = DIRECTION ( 'NONE',  ( 0.000000000000000000, 1.000000000000000000, 0.000000000000000000 ) ) ;
#720 = ORIENTED_EDGE ( 'NONE', *, *, #1334, .T. ) ;
#721 = DIRECTION ( 'NONE',  ( 1.000000000000000000, 0.000000000000000000, 0.000000000000000000 ) ) ;
#722 = CARTESIAN_POINT ( 'NONE',  ( 1.540000000000000036, 0.02000000000000000042, 1.250000000000000000 ) ) ;
#723 = CARTESIAN_POINT ( 'NONE',  ( -2.540000000000000036, 0.6099999999999998757, 2.449999999999999734 ) ) ;
#724 = ORIENTED_EDGE ( 'NONE', *, *, #3491, .T. ) ;
#725 = AXIS2_PLACEMENT_3D ( 'NONE', #2588, #813, #2216 ) ;
#726 = ADVANCED_FACE ( 'NONE', ( #3304 ), #1206, .T. ) ;
#727 = FACE_OUTER_BOUND ( 'NONE', #2380, .T. ) ;
#728 = ORIENTED_EDGE ( 'NONE', *, *, #3512, .T. ) ;
#729 = VECTOR ( 'NONE', #1536, 1000.000000000000000 ) ;
#730 = CARTESIAN_POINT ( 'NONE',  ( -3.290000000000000480, 0.6099999999999999867, -1.249999999999999778 ) ) ;
#731 = DIRECTION ( 'NONE',  ( -1.000000000000000000, 0.000000000000000000, -1.084202172485504434E-16 ) ) ;
#732 = PRESENTATION_STYLE_ASSIGNMENT (( #3638 ) ) ;
#733 = PLANE ( 'NONE',  #3434 ) ;
#734 = ORIENTED_EDGE ( 'NONE', *, *, #3524, .T. ) ;
#735 = CARTESIAN_POINT ( 'NONE',  ( 2.540000000000000036, 0.6099999999999999867, -2.750000000000000000 ) ) ;
#736 = FACE_OUTER_BOUND ( 'NONE', #1652, .T. ) ;
#737 = ADVANCED_FACE ( 'NONE', ( #2953 ), #2364, .F. ) ;
#738 = ORIENTED_EDGE ( 'NONE', *, *, #2352, .T. ) ;
#739 = AXIS2_PLACEMENT_3D ( 'NONE', #3063, #456, #1627 ) ;
#740 = CARTESIAN_POINT ( 'NONE',  ( 1.540000000000000036, 0.02000000000000000042, -1.250000000000000000 ) ) ;
#741 = CIRCLE ( 'NONE', #1782, 0.2499999999999997780 ) ;
#742 = VERTEX_POINT ( 'NONE', #2708 ) ;
#743 = ORIENTED_EDGE ( 'NONE', *, *, #3523, .F. ) ;
#744 = VECTOR ( 'NONE', #971, 1000.000000000000000 ) ;
#745 = VERTEX_POINT ( 'NONE', #1263 ) ;
#746 = EDGE_CURVE ( 'NONE', #1676, #2704, #1783, .T. ) ;
#747 = CIRCLE ( 'NONE', #3548, 0.2499999999999997780 ) ;
#748 = EDGE_CURVE ( 'NONE', #1283, #3182, #2098, .T. ) ;
#749 = LINE ( 'NONE', #3397, #2671 ) ;
#750 = VERTEX_POINT ( 'NONE', #360 ) ;
#751 = CARTESIAN_POINT ( 'NONE',  ( -2.540000000000000036, 2.501000000000000778, 2.750000000000000000 ) ) ;
#752 = LINE ( 'NONE', #1955, #2366 ) ;
#753 = CARTESIAN_POINT ( 'NONE',  ( -3.540000000000000036, 0.000000000000000000, 1.249999999999999778 ) ) ;
#754 = LINE ( 'NONE', #3422, #464 ) ;
#755 = LINE ( 'NONE', #3047, #3052 ) ;
#756 = ORIENTED_EDGE ( 'NONE', *, *, #1457, .F. ) ;
#757 = CARTESIAN_POINT ( 'NONE',  ( -1.790000000000000036, 0.6300000000000000044, 1.249999999999999778 ) ) ;
#758 = DIRECTION ( 'NONE',  ( -1.000000000000000000, 0.000000000000000000, 0.000000000000000000 ) ) ;
#759 = VECTOR ( 'NONE', #943, 1000.000000000000000 ) ;
#760 = ORIENTED_EDGE ( 'NONE', *, *, #502, .T. ) ;
#761 = VECTOR ( 'NONE', #2133, 1000.000000000000000 ) ;
#762 = DIRECTION ( 'NONE',  ( 1.000000000000000000, 0.000000000000000000, 0.000000000000000000 ) ) ;
#763 = EDGE_CURVE ( 'NONE', #3750, #3459, #98, .T. ) ;
#764 = ORIENTED_EDGE ( 'NONE', *, *, #2610, .T. ) ;
#765 = CARTESIAN_POINT ( 'NONE',  ( 2.540000000000000036, 0.000000000000000000, -2.750000000000000000 ) ) ;
#766 = VERTEX_POINT ( 'NONE', #1524 ) ;
#767 = VECTOR ( 'NONE', #1426, 1000.000000000000000 ) ;
#768 = CARTESIAN_POINT ( 'NONE',  ( -2.540000000000000036, 0.6099999999999999867, 2.750000000000000000 ) ) ;
#769 = VERTEX_POINT ( 'NONE', #2139 ) ;
#770 = VECTOR ( 'NONE', #2709, 1000.000000000000000 ) ;
#771 = CARTESIAN_POINT ( 'NONE',  ( -2.839999999999999858, 0.02000000000000000042, 2.750000000000000000 ) ) ;
#772 = CARTESIAN_POINT ( 'NONE',  ( -3.290000000000000480, 0.6300000000000000044, -1.249999999999999778 ) ) ;
#773 = DIRECTION ( 'NONE',  ( -0.000000000000000000, -1.000000000000000000, -0.000000000000000000 ) ) ;
#774 = DIRECTION ( 'NONE',  ( 0.000000000000000000, 0.000000000000000000, 1.000000000000000000 ) ) ;
#775 = EDGE_CURVE ( 'NONE', #1339, #1090, #3266, .T. ) ;
#776 = LINE ( 'NONE', #1594, #376 ) ;
#777 = CARTESIAN_POINT ( 'NONE',  ( 5.750000000000000000, 0.6300000000000000044, 2.399999999999999467 ) ) ;
#778 = VERTEX_POINT ( 'NONE', #2425 ) ;
#779 = DIRECTION ( 'NONE',  ( 1.000000000000000000, 0.000000000000000000, -1.508455196501571676E-16 ) ) ;
#780 = AXIS2_PLACEMENT_3D ( 'NONE', #3170, #2330, #3770 ) ;
#781 = EDGE_CURVE ( 'NONE', #2242, #395, #978, .T. ) ;
#782 = EDGE_CURVE ( 'NONE', #1527, #522, #3006, .T. ) ;
#783 = CARTESIAN_POINT ( 'NONE',  ( -5.900000000000000355, 0.000000000000000000, 2.750000000000000000 ) ) ;
#784 = VERTEX_POINT ( 'NONE', #2726 ) ;
#785 = ORIENTED_EDGE ( 'NONE', *, *, #2525, .T. ) ;
#786 = VERTEX_POINT ( 'NONE', #1495 ) ;
#787 = EDGE_LOOP ( 'NONE', ( #249, #2101, #1715, #1601, #3324, #2941, #1137 ) ) ;
#788 = LINE ( 'NONE', #3747, #3517 ) ;
#789 = EDGE_CURVE ( 'NONE', #1881, #3036, #341, .T. ) ;
#790 = AXIS2_PLACEMENT_3D ( 'NONE', #1880, #2127, #1861 ) ;
#791 = PLANE ( 'NONE',  #117 ) ;
#792 = ORIENTED_EDGE ( 'NONE', *, *, #1539, .T. ) ;
#793 = VECTOR ( 'NONE', #810, 1000.000000000000000 ) ;
#794 = CARTESIAN_POINT ( 'NONE',  ( -3.290000000000000480, 0.6300000000000000044, -1.249999999999999778 ) ) ;
#795 = DIRECTION ( 'NONE',  ( 1.000000000000000000, 0.000000000000000000, -1.084202172485504434E-16 ) ) ;
#796 = FACE_OUTER_BOUND ( 'NONE', #49, .T. ) ;
#797 = DIRECTION ( 'NONE',  ( 0.000000000000000000, -1.000000000000000000, 0.000000000000000000 ) ) ;
#798 = LINE ( 'NONE', #3211, #3748 ) ;
#799 = AXIS2_PLACEMENT_3D ( 'NONE', #1350, #1389, #2789 ) ;
#800 = ORIENTED_EDGE ( 'NONE', *, *, #73, .F. ) ;
#801 = DIRECTION ( 'NONE',  ( 0.000000000000000000, 0.000000000000000000, -1.000000000000000000 ) ) ;
#802 = EDGE_CURVE ( 'NONE', #673, #842, #2499, .T. ) ;
#803 = VERTEX_POINT ( 'NONE', #193 ) ;
#804 = CARTESIAN_POINT ( 'NONE',  ( 2.540000000000000036, 0.000000000000000000, -2.500000000000000000 ) ) ;
#805 = VERTEX_POINT ( 'NONE', #2520 ) ;
#806 = LINE ( 'NONE', #3507, #1845 ) ;
#807 = ORIENTED_EDGE ( 'NONE', *, *, #2519, .T. ) ;
#808 = PLANE ( 'NONE',  #845 ) ;
#809 = VECTOR ( 'NONE', #2068, 1000.000000000000000 ) ;
#810 = DIRECTION ( 'NONE',  ( 0.000000000000000000, -1.000000000000000000, 0.000000000000000000 ) ) ;
#811 = VERTEX_POINT ( 'NONE', #2742 ) ;
#812 = CARTESIAN_POINT ( 'NONE',  ( -2.540000000000000036, 0.02000000000000000042, -2.750000000000000000 ) ) ;
#813 = DIRECTION ( 'NONE',  ( -0.000000000000000000, 1.000000000000000000, 0.000000000000000000 ) ) ;
#814 = DIRECTION ( 'NONE',  ( 0.000000000000000000, 0.000000000000000000, 1.000000000000000000 ) ) ;
#815 = PLANE ( 'NONE',  #1931 ) ;
#816 = EDGE_CURVE ( 'NONE', #2533, #627, #1910, .T. ) ;
#817 = SURFACE_SIDE_STYLE ('',( #1918 ) ) ;
#818 = VERTEX_POINT ( 'NONE', #1319 ) ;
#819 = CARTESIAN_POINT ( 'NONE',  ( 2.540000000000000036, 0.6300000000000000044, 2.750000000000000000 ) ) ;
#820 = CARTESIAN_POINT ( 'NONE',  ( -2.540000000000000036, 1.300820393249936702, -2.750000000000000000 ) ) ;
#821 = COLOUR_RGB ( '',0.9686274509803921573, 0.8784313725490195957, 0.5999999999999999778 ) ;
#822 = ORIENTED_EDGE ( 'NONE', *, *, #2518, .T. ) ;
#823 = LINE ( 'NONE', #1394, #3116 ) ;
#824 = VERTEX_POINT ( 'NONE', #494 ) ;
#825 = EDGE_CURVE ( 'NONE', #2836, #339, #414, .T. ) ;
#826 = DIRECTION ( 'NONE',  ( 0.000000000000000000, -1.000000000000000000, 0.000000000000000000 ) ) ;
#827 = EDGE_CURVE ( 'NONE', #2148, #507, #2480, .T. ) ;
#828 = ORIENTED_EDGE ( 'NONE', *, *, #1175, .T. ) ;
#829 = VECTOR ( 'NONE', #633, 1000.000000000000000 ) ;
#830 = LINE ( 'NONE', #3764, #1693 ) ;
#831 = EDGE_CURVE ( 'NONE', #3166, #1944, #2971, .T. ) ;
#832 = FACE_OUTER_BOUND ( 'NONE', #2097, .T. ) ;
#833 = ORIENTED_EDGE ( 'NONE', *, *, #1175, .F. ) ;
#834 = DIRECTION ( 'NONE',  ( 0.000000000000000000, -1.000000000000000000, 0.000000000000000000 ) ) ;
#835 = DIRECTION ( 'NONE',  ( -0.000000000000000000, 1.000000000000000000, -0.000000000000000000 ) ) ;
#836 = CARTESIAN_POINT ( 'NONE',  ( 1.790000000000000036, 0.6300000000000000044, -2.749999999999999556 ) ) ;
#837 = LINE ( 'NONE', #3478, #2541 ) ;
#838 = EDGE_LOOP ( 'NONE', ( #2260, #1322, #2200, #2802 ) ) ;
#839 = FACE_OUTER_BOUND ( 'NONE', #134, .T. ) ;
#840 = FACE_OUTER_BOUND ( 'NONE', #2793, .T. ) ;
#841 = EDGE_CURVE ( 'NONE', #567, #2000, #2266, .T. ) ;
#842 = VERTEX_POINT ( 'NONE', #2538 ) ;
#843 = VECTOR ( 'NONE', #2485, 1000.000000000000000 ) ;
#844 = ORIENTED_EDGE ( 'NONE', *, *, #1771, .T. ) ;
#845 = AXIS2_PLACEMENT_3D ( 'NONE', #2023, #1, #1700 ) ;
#846 = CARTESIAN_POINT ( 'NONE',  ( 2.540000000000000036, 2.501000000000000778, 2.449999999999999734 ) ) ;
#847 = ORIENTED_EDGE ( 'NONE', *, *, #1969, .F. ) ;
#848 = DIRECTION ( 'NONE',  ( 0.000000000000000000, 0.000000000000000000, -1.000000000000000000 ) ) ;
#849 = FACE_OUTER_BOUND ( 'NONE', #1655, .T. ) ;
#850 = ORIENTED_EDGE ( 'NONE', *, *, #412, .F. ) ;
#851 = DIRECTION ( 'NONE',  ( -1.000000000000000000, 0.000000000000000000, 1.102578480493733312E-16 ) ) ;
#852 = CARTESIAN_POINT ( 'NONE',  ( -1.790000000000000036, 0.6099999999999999867, -3.649999999999999911 ) ) ;
#853 = LINE ( 'NONE', #1153, #591 ) ;
#854 = DIRECTION ( 'NONE',  ( 0.000000000000000000, 0.000000000000000000, 1.000000000000000000 ) ) ;
#855 = ORIENTED_EDGE ( 'NONE', *, *, #1411, .T. ) ;
#856 = VECTOR ( 'NONE', #664, 1000.000000000000000 ) ;
#857 = DIRECTION ( 'NONE',  ( 0.000000000000000000, 0.000000000000000000, 1.000000000000000000 ) ) ;
#858 = VECTOR ( 'NONE', #477, 1000.000000000000000 ) ;
#859 = DIRECTION ( 'NONE',  ( -1.000000000000000000, 0.000000000000000000, 0.000000000000000000 ) ) ;
#860 = ORIENTED_EDGE ( 'NONE', *, *, #2235, .T. ) ;
#861 = EDGE_CURVE ( 'NONE', #2875, #3664, #3451, .T. ) ;
#862 = ORIENTED_EDGE ( 'NONE', *, *, #1318, .T. ) ;
#863 = CARTESIAN_POINT ( 'NONE',  ( -2.540000000000000036, 0.02000000000000005246, 2.750000000000000000 ) ) ;
#864 = CARTESIAN_POINT ( 'NONE',  ( 2.839999999999999858, 0.02000000000000000042, -2.750000000000000000 ) ) ;
#865 = ORIENTED_EDGE ( 'NONE', *, *, #2440, .T. ) ;
#866 = DIRECTION ( 'NONE',  ( -0.000000000000000000, -1.000000000000000000, -0.000000000000000000 ) ) ;
#867 = DIRECTION ( 'NONE',  ( -1.000000000000000000, 0.000000000000000000, 0.000000000000000000 ) ) ;
#868 = AXIS2_PLACEMENT_3D ( 'NONE', #946, #2102, #2142 ) ;
#869 = CARTESIAN_POINT ( 'NONE',  ( -2.540000000000000036, 1.300820393249936702, -2.500000000000000000 ) ) ;
#870 = VECTOR ( 'NONE', #707, 1000.000000000000000 ) ;
#871 = EDGE_CURVE ( 'NONE', #1103, #2457, #108, .T. ) ;
#872 = DIRECTION ( 'NONE',  ( -0.000000000000000000, -1.000000000000000000, -0.000000000000000000 ) ) ;
#873 = ORIENTED_EDGE ( 'NONE', *, *, #84, .T. ) ;
#874 = CARTESIAN_POINT ( 'NONE',  ( -2.540000000000000036, 0.02000000000000005246, 2.750000000000000000 ) ) ;
#875 = AXIS2_PLACEMENT_3D ( 'NONE', #2755, #703, #2113 ) ;
#876 = CARTESIAN_POINT ( 'NONE',  ( 5.750000000000000000, 17.46154083570727167, -2.400000000000000355 ) ) ;
#877 = CARTESIAN_POINT ( 'NONE',  ( 2.540000000000000036, 0.02000000000000000042, -2.750000000000000000 ) ) ;
#878 = EDGE_LOOP ( 'NONE', ( #266, #1758, #416, #243, #2490, #3744, #1842, #1343, #3049, #2020, #1735, #2495 ) ) ;
#879 = EDGE_CURVE ( 'NONE', #109, #1283, #175, .T. ) ;
#880 = VERTEX_POINT ( 'NONE', #1004 ) ;
#881 = DIRECTION ( 'NONE',  ( -0.000000000000000000, -1.000000000000000000, -0.000000000000000000 ) ) ;
#882 = ORIENTED_EDGE ( 'NONE', *, *, #543, .F. ) ;
#883 = VECTOR ( 'NONE', #2452, 1000.000000000000000 ) ;
#884 = ORIENTED_EDGE ( 'NONE', *, *, #1849, .F. ) ;
#885 = DIRECTION ( 'NONE',  ( 0.000000000000000000, 0.000000000000000000, -1.000000000000000000 ) ) ;
#886 = EDGE_LOOP ( 'NONE', ( #2777, #1638, #3306, #3404, #2243, #439, #486 ) ) ;
#887 = PLANE ( 'NONE',  #387 ) ;
#888 = LINE ( 'NONE', #1728, #767 ) ;
#889 = AXIS2_PLACEMENT_3D ( 'NONE', #594, #2008, #2620 ) ;
#890 = CARTESIAN_POINT ( 'NONE',  ( 5.900000000000000355, 0.000000000000000000, -2.750000000000001332 ) ) ;
#891 = ORIENTED_EDGE ( 'NONE', *, *, #2821, .F. ) ;
#892 = DIRECTION ( 'NONE',  ( 0.000000000000000000, 1.000000000000000000, -0.000000000000000000 ) ) ;
#893 = CYLINDRICAL_SURFACE ( 'NONE', #2479, 0.2499999999999997780 ) ;
#894 = EDGE_CURVE ( 'NONE', #3750, #1907, #2107, .T. ) ;
#895 = DIRECTION ( 'NONE',  ( 0.000000000000000000, 0.000000000000000000, 1.000000000000000000 ) ) ;
#896 = AXIS2_PLACEMENT_3D ( 'NONE', #2044, #1763, #219 ) ;
#897 = LINE ( 'NONE', #1002, #3614 ) ;
#898 = ADVANCED_FACE ( 'NONE', ( #1575 ), #1269, .F. ) ;
#899 = ORIENTED_EDGE ( 'NONE', *, *, #2007, .T. ) ;
#900 = ORIENTED_EDGE ( 'NONE', *, *, #2338, .F. ) ;
#901 = VECTOR ( 'NONE', #2945, 1000.000000000000000 ) ;
#902 = AXIS2_PLACEMENT_3D ( 'NONE', #3435, #1950, #3728 ) ;
#903 = LINE ( 'NONE', #918, #105 ) ;
#904 = ORIENTED_EDGE ( 'NONE', *, *, #2794, .T. ) ;
#905 = DIRECTION ( 'NONE',  ( 0.000000000000000000, -1.000000000000000000, 0.000000000000000000 ) ) ;
#906 = EDGE_LOOP ( 'NONE', ( #447, #224, #1352, #3490 ) ) ;
#907 = PLANE ( 'NONE',  #2281 ) ;
#908 = EDGE_LOOP ( 'NONE', ( #2265, #2445, #2167, #1328 ) ) ;
#909 = DIRECTION ( 'NONE',  ( 0.000000000000000000, 0.000000000000000000, -1.000000000000000000 ) ) ;
#910 = CARTESIAN_POINT ( 'NONE',  ( 1.790000000000000036, 0.6099999999999999867, -1.249999999999999778 ) ) ;
#911 = ORIENTED_EDGE ( 'NONE', *, *, #2055, .F. ) ;
#912 = AXIS2_PLACEMENT_3D ( 'NONE', #2465, #3381, #1932 ) ;
#913 = DIRECTION ( 'NONE',  ( -0.000000000000000000, 1.000000000000000000, -0.000000000000000000 ) ) ;
#914 = ORIENTED_EDGE ( 'NONE', *, *, #3590, .T. ) ;
#915 = EDGE_CURVE ( 'NONE', #3250, #1185, #67, .T. ) ;
#916 = VECTOR ( 'NONE', #1063, 1000.000000000000000 ) ;
#917 = ORIENTED_EDGE ( 'NONE', *, *, #484, .T. ) ;
#918 = CARTESIAN_POINT ( 'NONE',  ( -3.290000000000000480, 0.6099999999999999867, -1.249999999999999778 ) ) ;
#919 = ORIENTED_EDGE ( 'NONE', *, *, #1661, .T. ) ;
#920 = CARTESIAN_POINT ( 'NONE',  ( -3.540000000000000036, -2.500000000000000000, 2.750000000000000000 ) ) ;
#921 = CARTESIAN_POINT ( 'NONE',  ( -2.540000000000000036, 0.02000000000000000042, -2.750000000000000000 ) ) ;
#922 = DIRECTION ( 'NONE',  ( -0.000000000000000000, -1.000000000000000000, -0.000000000000000000 ) ) ;
#923 = ORIENTED_EDGE ( 'NONE', *, *, #802, .F. ) ;
#924 = CARTESIAN_POINT ( 'NONE',  ( 2.540000000000000036, 1.300820393249936702, -2.750000000000000000 ) ) ;
#925 = VECTOR ( 'NONE', #1895, 1000.000000000000000 ) ;
#926 = DIRECTION ( 'NONE',  ( 1.000000000000000000, 0.000000000000000000, 0.000000000000000000 ) ) ;
#927 = DIRECTION ( 'NONE',  ( 0.000000000000000000, -1.000000000000000000, 0.000000000000000000 ) ) ;
#928 = EDGE_CURVE ( 'NONE', #699, #2475, #366, .T. ) ;
#929 = CARTESIAN_POINT ( 'NONE',  ( -3.290000000000000480, 0.6300000000000000044, 1.249999999999999778 ) ) ;
#930 = AXIS2_PLACEMENT_3D ( 'NONE', #1273, #2737, #2171 ) ;
#931 = EDGE_LOOP ( 'NONE', ( #1792, #3607, #2350, #2478, #2361, #2739, #2327, #3527 ) ) ;
#932 = VECTOR ( 'NONE', #1111, 1000.000000000000000 ) ;
#933 = LINE ( 'NONE', #3525, #1044 ) ;
#934 = CARTESIAN_POINT ( 'NONE',  ( -1.790000000000000036, 0.6099999999999999867, -1.249999999999999778 ) ) ;
#935 = LINE ( 'NONE', #1315, #1084 ) ;
#936 = EDGE_CURVE ( 'NONE', #2405, #1438, #3012, .T. ) ;
#937 = AXIS2_PLACEMENT_3D ( 'NONE', #2085, #365, #1840 ) ;
#938 = ORIENTED_EDGE ( 'NONE', *, *, #1890, .F. ) ;
#939 = FACE_OUTER_BOUND ( 'NONE', #2208, .T. ) ;
#940 = EDGE_CURVE ( 'NONE', #1794, #314, #1534, .T. ) ;
#942 = VERTEX_POINT ( 'NONE', #2147 ) ;
#941 = AXIS2_PLACEMENT_3D ( 'NONE', #2278, #2313, #1155 ) ;
#943 = DIRECTION ( 'NONE',  ( 0.000000000000000000, 0.000000000000000000, -1.000000000000000000 ) ) ;
#944 = PLANE ( 'NONE',  #1142 ) ;
#945 = ORIENTED_EDGE ( 'NONE', *, *, #2644, .F. ) ;
#946 = CARTESIAN_POINT ( 'NONE',  ( -2.839999999999999858, -2.500000000000000000, 2.750000000000000000 ) ) ;
#947 = DIRECTION ( 'NONE',  ( -1.000000000000000000, 0.000000000000000000, -1.084202172485504557E-16 ) ) ;
#948 = AXIS2_PLACEMENT_3D ( 'NONE', #3559, #3175, #3502 ) ;
#949 = PLANE ( 'NONE',  #3185 ) ;
#950 = DIRECTION ( 'NONE',  ( -0.000000000000000000, 0.000000000000000000, 1.000000000000000000 ) ) ;
#951 = ORIENTED_EDGE ( 'NONE', *, *, #3112, .T. ) ;
#952 = DIRECTION ( 'NONE',  ( 0.000000000000000000, 0.000000000000000000, 1.000000000000000000 ) ) ;
#953 = EDGE_CURVE ( 'NONE', #3255, #3522, #2695, .T. ) ;
#954 = EDGE_LOOP ( 'NONE', ( #3332, #3634, #1480, #1929 ) ) ;
#955 = AXIS2_PLACEMENT_3D ( 'NONE', #2653, #2140, #2407 ) ;
#956 = ORIENTED_EDGE ( 'NONE', *, *, #373, .F. ) ;
#957 = VECTOR ( 'NONE', #714, 1000.000000000000000 ) ;
#958 = CARTESIAN_POINT ( 'NONE',  ( -2.290000000000000480, 1.300820393249936702, 2.750000000000000000 ) ) ;
#959 = DIRECTION ( 'NONE',  ( 0.000000000000000000, 0.000000000000000000, 1.000000000000000000 ) ) ;
#960 = DIRECTION ( 'NONE',  ( 0.000000000000000000, -1.000000000000000000, 0.000000000000000000 ) ) ;
#961 = DIRECTION ( 'NONE',  ( -1.000000000000000000, 0.000000000000000000, 1.102578480493733312E-16 ) ) ;
#962 = VERTEX_POINT ( 'NONE', #86 ) ;
#963 = PLANE ( 'NONE',  #1228 ) ;
#964 = CARTESIAN_POINT ( 'NONE',  ( -5.750000000000000000, 17.46154083570727167, -2.399999999999998579 ) ) ;
#965 = CARTESIAN_POINT ( 'NONE',  ( -3.540000000000000036, 0.02000000000000000042, -1.249999999999999778 ) ) ;
#966 = CARTESIAN_POINT ( 'NONE',  ( -2.540000000000000036, 1.300820393249936702, -2.750000000000000000 ) ) ;
#967 = PLANE ( 'NONE',  #790 ) ;
#968 = ORIENTED_EDGE ( 'NONE', *, *, #2897, .T. ) ;
#969 = DIRECTION ( 'NONE',  ( -0.000000000000000000, -0.000000000000000000, 1.000000000000000000 ) ) ;
#970 = ORIENTED_EDGE ( 'NONE', *, *, #2441, .T. ) ;
#971 = DIRECTION ( 'NONE',  ( 0.000000000000000000, 0.000000000000000000, 1.000000000000000000 ) ) ;
#972 = DIRECTION ( 'NONE',  ( 0.000000000000000000, 1.000000000000000000, 0.000000000000000000 ) ) ;
#973 = ADVANCED_FACE ( 'NONE', ( #3311 ), #2733, .F. ) ;
#974 = VECTOR ( 'NONE', #1732, 1000.000000000000000 ) ;
#975 = ORIENTED_EDGE ( 'NONE', *, *, #775, .F. ) ;
#976 = CARTESIAN_POINT ( 'NONE',  ( 1.540000000000000036, 0.000000000000000000, 2.750000000000000000 ) ) ;
#977 = EDGE_LOOP ( 'NONE', ( #3301, #1086, #3495, #1702, #1874, #1699, #862, #1619 ) ) ;
#978 = LINE ( 'NONE', #2443, #2398 ) ;
#979 = DIRECTION ( 'NONE',  ( 1.000000000000000000, 0.000000000000000000, 0.000000000000000000 ) ) ;
#980 = EDGE_LOOP ( 'NONE', ( #1434, #2514, #3627, #3114, #547, #2660, #3692, #2648 ) ) ;
#981 = FACE_OUTER_BOUND ( 'NONE', #610, .T. ) ;
#982 = ADVANCED_FACE ( 'NONE', ( #3586 ), #967, .F. ) ;
#983 = EDGE_CURVE ( 'NONE', #2956, #786, #3294, .T. ) ;
#984 = DIRECTION ( 'NONE',  ( -0.000000000000000000, -0.000000000000000000, -1.000000000000000000 ) ) ;
#985 = DIRECTION ( 'NONE',  ( 0.000000000000000000, -1.000000000000000000, 0.000000000000000000 ) ) ;
#986 = ORIENTED_EDGE ( 'NONE', *, *, #2854, .T. ) ;
#987 = DIRECTION ( 'NONE',  ( 0.000000000000000000, 0.000000000000000000, 1.000000000000000000 ) ) ;
#988 = VECTOR ( 'NONE', #158, 1000.000000000000000 ) ;
#989 = ORIENTED_EDGE ( 'NONE', *, *, #3152, .F. ) ;
#990 = EDGE_CURVE ( 'NONE', #1731, #681, #423, .T. ) ;
#991 = VECTOR ( 'NONE', #2835, 1000.000000000000000 ) ;
#992 = VECTOR ( 'NONE', #2913, 1000.000000000000000 ) ;
#993 = CARTESIAN_POINT ( 'NONE',  ( 2.839999999999999858, 1.300820393249936702, 2.750000000000000000 ) ) ;
#994 = ORIENTED_EDGE ( 'NONE', *, *, #538, .T. ) ;
#995 = CARTESIAN_POINT ( 'NONE',  ( 3.290000000000000480, 0.6300000000000000044, -2.749999999999999556 ) ) ;
#996 = VECTOR ( 'NONE', #1101, 1000.000000000000000 ) ;
#997 = DIRECTION ( 'NONE',  ( 0.000000000000000000, 1.000000000000000000, 0.000000000000000000 ) ) ;
#998 = ORIENTED_EDGE ( 'NONE', *, *, #915, .F. ) ;
#999 = LINE ( 'NONE', #2467, #925 ) ;
#1000 = DIRECTION ( 'NONE',  ( 0.000000000000000000, 1.000000000000000000, 0.000000000000000000 ) ) ;
#1001 = DIRECTION ( 'NONE',  ( -1.000000000000000000, 0.000000000000000000, 0.000000000000000000 ) ) ;
#1002 = CARTESIAN_POINT ( 'NONE',  ( 5.900000000000000355, 0.6300000000000000044, 2.749999999999998668 ) ) ;
#1003 = CARTESIAN_POINT ( 'NONE',  ( 0.000000000000000000, 0.6300000000000000044, 0.000000000000000000 ) ) ;
#1004 = CARTESIAN_POINT ( 'NONE',  ( 1.790000000000000036, 0.6300000000000000044, -1.249999999999999778 ) ) ;
#1005 = ORIENTED_EDGE ( 'NONE', *, *, #1292, .F. ) ;
#1006 = LINE ( 'NONE', #3050, #3163 ) ;
#1007 = ORIENTED_EDGE ( 'NONE', *, *, #3456, .T. ) ;
#1008 = EDGE_CURVE ( 'NONE', #3003, #3493, #1841, .T. ) ;
#1009 = CARTESIAN_POINT ( 'NONE',  ( 3.290000000000000480, 0.6099999999999999867, 1.249999999999999778 ) ) ;
#1010 = ORIENTED_EDGE ( 'NONE', *, *, #1525, .F. ) ;
#1011 = DIRECTION ( 'NONE',  ( -0.000000000000000000, 1.000000000000000000, -0.000000000000000000 ) ) ;
#1012 = ORIENTED_EDGE ( 'NONE', *, *, #519, .T. ) ;
#1013 = DIRECTION ( 'NONE',  ( -0.000000000000000000, 0.000000000000000000, -1.000000000000000000 ) ) ;
#1014 = DIRECTION ( 'NONE',  ( 0.000000000000000000, 0.000000000000000000, 1.000000000000000000 ) ) ;
#1015 = CARTESIAN_POINT ( 'NONE',  ( -2.290000000000000480, 0.000000000000000000, 2.750000000000000000 ) ) ;
#1016 = VECTOR ( 'NONE', #2124, 1000.000000000000000 ) ;
#1017 = EDGE_CURVE ( 'NONE', #45, #3141, #3758, .T. ) ;
#1018 = EDGE_CURVE ( 'NONE', #208, #3470, #3575, .T. ) ;
#1019 = LINE ( 'NONE', #501, #2153 ) ;
#1020 = ORIENTED_EDGE ( 'NONE', *, *, #68, .F. ) ;
#1021 = CARTESIAN_POINT ( 'NONE',  ( 2.240000000000000213, 0.02000000000000000042, -2.750000000000000000 ) ) ;
#1022 = ORIENTED_EDGE ( 'NONE', *, *, #3741, .F. ) ;
#1023 = CARTESIAN_POINT ( 'NONE',  ( 1.790000000000000036, 0.6300000000000000044, 1.249999999999999778 ) ) ;
#1024 = ORIENTED_EDGE ( 'NONE', *, *, #2702, .T. ) ;
#1025 = ADVANCED_FACE ( 'NONE', ( #2086 ), #3254, .F. ) ;
#1026 = VECTOR ( 'NONE', #3086, 1000.000000000000000 ) ;
#1027 = ORIENTED_EDGE ( 'NONE', *, *, #3240, .F. ) ;
#1028 = VECTOR ( 'NONE', #3417, 1000.000000000000000 ) ;
#1029 = SHAPE_DEFINITION_REPRESENTATION ( #218, #1330 ) ;
#1030 = CARTESIAN_POINT ( 'NONE',  ( 1.540000000000000036, 0.02000000000000000042, -1.250000000000000000 ) ) ;
#1031 = FACE_OUTER_BOUND ( 'NONE', #2696, .T. ) ;
#1032 = ORIENTED_EDGE ( 'NONE', *, *, #3454, .T. ) ;
#1033 = CARTESIAN_POINT ( 'NONE',  ( 2.839999999999999858, 0.000000000000000000, -2.750000000000000000 ) ) ;
#1034 = LINE ( 'NONE', #2233, #1274 ) ;
#1035 = CARTESIAN_POINT ( 'NONE',  ( 3.540000000000000036, 0.02000000000000000042, -1.249999999999999778 ) ) ;
#1036 = LINE ( 'NONE', #2528, #165 ) ;
#1037 = LINE ( 'NONE', #437, #2944 ) ;
#1038 = ORIENTED_EDGE ( 'NONE', *, *, #2610, .F. ) ;
#1039 = CARTESIAN_POINT ( 'NONE',  ( -5.750000000000000000, 2.500000000000000444, 2.400000000000001243 ) ) ;
#1040 = ADVANCED_FACE ( 'NONE', ( #2851 ), #438, .T. ) ;
#1041 = ORIENTED_EDGE ( 'NONE', *, *, #3242, .T. ) ;
#1042 = VECTOR ( 'NONE', #2565, 1000.000000000000000 ) ;
#1043 = CARTESIAN_POINT ( 'NONE',  ( -3.290000000000000480, 0.6099999999999999867, 1.249999999999999778 ) ) ;
#1044 = VECTOR ( 'NONE', #2374, 1000.000000000000000 ) ;
#1045 = ORIENTED_EDGE ( 'NONE', *, *, #3247, .F. ) ;
#1046 = ORIENTED_EDGE ( 'NONE', *, *, #465, .T. ) ;
#1047 = CIRCLE ( 'NONE', #3238, 0.2999999999999990452 ) ;
#1048 = VERTEX_POINT ( 'NONE', #2770 ) ;
#1049 = EDGE_CURVE ( 'NONE', #3038, #171, #1061, .T. ) ;
#1050 = CLOSED_SHELL ( 'NONE', ( #1391, #1857, #3566, #3605, #1313, #1106, #1261, #2683, #3076, #3201, #3337, #3164, #220, #1999, #3433, #3085 ) ) ;
#1051 = EDGE_CURVE ( 'NONE', #1846, #2533, #1079, .T. ) ;
#1052 = DIRECTION ( 'NONE',  ( -1.000000000000000000, 0.000000000000000000, 1.084202172485504434E-16 ) ) ;
#1053 = ORIENTED_EDGE ( 'NONE', *, *, #1568, .F. ) ;
#1054 = LINE ( 'NONE', #1097, #551 ) ;
#1055 = CARTESIAN_POINT ( 'NONE',  ( -5.900000000000000355, 0.6300000000000000044, -2.750000000000000000 ) ) ;
#1056 = EDGE_CURVE ( 'NONE', #3295, #3493, #1670, .T. ) ;
#1057 = FACE_OUTER_BOUND ( 'NONE', #3055, .T. ) ;
#1058 = ADVANCED_FACE ( 'NONE', ( #3578 ), #3323, .F. ) ;
#1059 = CARTESIAN_POINT ( 'NONE',  ( -5.750000000000000000, 2.500000000000000444, 2.400000000000001243 ) ) ;
#1060 = DIRECTION ( 'NONE',  ( 1.000000000000000000, 0.000000000000000000, -1.102578480493733312E-16 ) ) ;
#1061 = LINE ( 'NONE', #777, #284 ) ;
#1062 = ORIENTED_EDGE ( 'NONE', *, *, #1941, .F. ) ;
#1063 = DIRECTION ( 'NONE',  ( 0.000000000000000000, -1.000000000000000000, -0.000000000000000000 ) ) ;
#1064 = ORIENTED_EDGE ( 'NONE', *, *, #1018, .F. ) ;
#1065 = ADVANCED_FACE ( 'NONE', ( #394 ), #99, .F. ) ;
#1066 = LINE ( 'NONE', #561, #991 ) ;
#1067 = ORIENTED_EDGE ( 'NONE', *, *, #2906, .F. ) ;
#1068 = DIRECTION ( 'NONE',  ( -0.000000000000000000, -1.000000000000000000, -0.000000000000000000 ) ) ;
#1069 = ORIENTED_EDGE ( 'NONE', *, *, #1868, .T. ) ;
#1070 = VECTOR ( 'NONE', #177, 1000.000000000000000 ) ;
#1071 = CARTESIAN_POINT ( 'NONE',  ( -2.790000000000000036, 0.000000000000000000, -2.750000000000000000 ) ) ;
#1072 = ORIENTED_EDGE ( 'NONE', *, *, #936, .T. ) ;
#1073 = DIRECTION ( 'NONE',  ( -0.000000000000000000, -1.000000000000000000, -0.000000000000000000 ) ) ;
#1074 = CARTESIAN_POINT ( 'NONE',  ( 2.540000000000000036, 1.300820393249936702, -2.750000000000000000 ) ) ;
#1075 = CARTESIAN_POINT ( 'NONE',  ( 5.900000000000000355, 0.000000000000000000, 2.749999999999998668 ) ) ;
#1076 = DIRECTION ( 'NONE',  ( -1.000000000000000000, 0.000000000000000000, 0.000000000000000000 ) ) ;
#1077 = EDGE_CURVE ( 'NONE', #3659, #803, #2955, .T. ) ;
#1078 = CARTESIAN_POINT ( 'NONE',  ( 3.540000000000000036, 0.02000000000000000042, 1.249999999999999778 ) ) ;
#1079 = LINE ( 'NONE', #2237, #1927 ) ;
#1080 = VERTEX_POINT ( 'NONE', #120 ) ;
#1081 = LINE ( 'NONE', #3699, #1710 ) ;
#1082 = AXIS2_PLACEMENT_3D ( 'NONE', #614, #2939, #959 ) ;
#1083 = DIRECTION ( 'NONE',  ( 1.000000000000000000, -0.000000000000000000, 0.000000000000000000 ) ) ;
#1084 = VECTOR ( 'NONE', #3374, 1000.000000000000000 ) ;
#1085 = AXIS2_PLACEMENT_3D ( 'NONE', #3091, #773, #1645 ) ;
#1086 = ORIENTED_EDGE ( 'NONE', *, *, #3171, .F. ) ;
#1087 = DIRECTION ( 'NONE',  ( 1.000000000000000000, 0.000000000000000000, 0.000000000000000000 ) ) ;
#1088 = VERTEX_POINT ( 'NONE', #1546 ) ;
#1089 = ORIENTED_EDGE ( 'NONE', *, *, #2680, .F. ) ;
#1090 = VERTEX_POINT ( 'NONE', #2367 ) ;
#1091 = ADVANCED_FACE ( 'NONE', ( #378 ), #2444, .F. ) ;
#1092 = ADVANCED_FACE ( 'NONE', ( #1242 ), #3023, .F. ) ;
#1093 = DIRECTION ( 'NONE',  ( 0.000000000000000000, 0.000000000000000000, -1.000000000000000000 ) ) ;
#1094 = DIRECTION ( 'NONE',  ( 0.000000000000000000, 0.000000000000000000, 1.000000000000000000 ) ) ;
#1095 = ORIENTED_EDGE ( 'NONE', *, *, #2235, .F. ) ;
#1096 = VECTOR ( 'NONE', #1150, 1000.000000000000000 ) ;
#1097 = CARTESIAN_POINT ( 'NONE',  ( -1.790000000000000036, 0.6099999999999999867, -2.749999999999999556 ) ) ;
#1098 = CARTESIAN_POINT ( 'NONE',  ( 3.290000000000000480, 0.6300000000000000044, -1.249999999999999778 ) ) ;
#1099 = DIRECTION ( 'NONE',  ( 1.102578480493733312E-16, -0.000000000000000000, 1.000000000000000000 ) ) ;
#1100 = CARTESIAN_POINT ( 'NONE',  ( 2.540000000000000036, 1.300820393249936702, -2.750000000000000000 ) ) ;
#1101 = DIRECTION ( 'NONE',  ( 0.000000000000000000, 0.000000000000000000, 1.000000000000000000 ) ) ;
#1102 = VECTOR ( 'NONE', #262, 1000.000000000000000 ) ;
#1103 = VERTEX_POINT ( 'NONE', #2079 ) ;
#1104 = FACE_OUTER_BOUND ( 'NONE', #2774, .T. ) ;
#1105 = CARTESIAN_POINT ( 'NONE',  ( -1.540000000000000036, 0.000000000000000000, -1.250000000000000000 ) ) ;
#1106 = ADVANCED_FACE ( 'NONE', ( #1798 ), #3536, .F. ) ;
#1107 = EDGE_CURVE ( 'NONE', #2989, #562, #44, .T. ) ;
#1108 = ORIENTED_EDGE ( 'NONE', *, *, #2441, .F. ) ;
#1109 = EDGE_CURVE ( 'NONE', #3468, #230, #3287, .T. ) ;
#1110 = ORIENTED_EDGE ( 'NONE', *, *, #2487, .F. ) ;
#1111 = DIRECTION ( 'NONE',  ( -1.000000000000000000, 0.000000000000000000, 1.102578480493733066E-16 ) ) ;
#1112 = VERTEX_POINT ( 'NONE', #1264 ) ;
#1113 = LINE ( 'NONE', #2246, #340 ) ;
#1114 = AXIS2_PLACEMENT_3D ( 'NONE', #389, #3351, #247 ) ;
#1115 = PLANE ( 'NONE',  #1159 ) ;
#1116 = ORIENTED_EDGE ( 'NONE', *, *, #404, .T. ) ;
#1117 = CARTESIAN_POINT ( 'NONE',  ( -3.290000000000000480, 0.6300000000000000044, 2.750000000000000000 ) ) ;
#1118 = CARTESIAN_POINT ( 'NONE',  ( 1.540000000000000036, 0.02000000000000000042, -2.750000000000000000 ) ) ;
#1119 = EDGE_CURVE ( 'NONE', #1183, #1676, #2427, .T. ) ;
#1120 = CARTESIAN_POINT ( 'NONE',  ( 5.900000000000000355, 0.6300000000000000044, -2.750000000000001332 ) ) ;
#1121 = DIRECTION ( 'NONE',  ( 0.000000000000000000, 0.000000000000000000, -1.000000000000000000 ) ) ;
#1122 = CARTESIAN_POINT ( 'NONE',  ( -1.540000000000000036, 0.000000000000000000, -1.250000000000000000 ) ) ;
#1123 = ORIENTED_EDGE ( 'NONE', *, *, #1476, .T. ) ;
#1124 = CARTESIAN_POINT ( 'NONE',  ( 1.790000000000000036, 0.6300000000000000044, 2.749999999999999556 ) ) ;
#1125 = VECTOR ( 'NONE', #3403, 1000.000000000000000 ) ;
#1126 = VECTOR ( 'NONE', #573, 1000.000000000000000 ) ;
#1127 = ORIENTED_EDGE ( 'NONE', *, *, #2794, .F. ) ;
#1128 = ORIENTED_EDGE ( 'NONE', *, *, #1144, .T. ) ;
#1129 = ORIENTED_EDGE ( 'NONE', *, *, #2534, .F. ) ;
#1130 = CARTESIAN_POINT ( 'NONE',  ( 0.000000000000000000, 0.000000000000000000, 0.000000000000000000 ) ) ;
#1131 = DIRECTION ( 'NONE',  ( 1.000000000000000000, 0.000000000000000000, 0.000000000000000000 ) ) ;
#1132 = ORIENTED_EDGE ( 'NONE', *, *, #179, .F. ) ;
#1133 = CARTESIAN_POINT ( 'NONE',  ( 2.240000000000000213, 0.6099999999999999867, 2.749999999999999556 ) ) ;
#1134 = PLANE ( 'NONE',  #3408 ) ;
#1135 = FACE_OUTER_BOUND ( 'NONE', #1240, .T. ) ;
#1136 = DIRECTION ( 'NONE',  ( -1.000000000000000000, 0.000000000000000000, 1.102578480493733312E-16 ) ) ;
#1137 = ORIENTED_EDGE ( 'NONE', *, *, #450, .T. ) ;
#1138 = SURFACE_STYLE_FILL_AREA ( #2369 ) ;
#1139 = EDGE_CURVE ( 'NONE', #699, #3182, #581, .T. ) ;
#1140 = FACE_OUTER_BOUND ( 'NONE', #2250, .T. ) ;
#1141 = AXIS2_PLACEMENT_3D ( 'NONE', #3551, #1830, #3582 ) ;
#1142 = AXIS2_PLACEMENT_3D ( 'NONE', #711, #1873, #2099 ) ;
#1143 = VERTEX_POINT ( 'NONE', #3616 ) ;
#1144 = EDGE_CURVE ( 'NONE', #2576, #1512, #3305, .T. ) ;
#1145 = ORIENTED_EDGE ( 'NONE', *, *, #1049, .F. ) ;
#1146 = VECTOR ( 'NONE', #1896, 1000.000000000000000 ) ;
#1147 = VERTEX_POINT ( 'NONE', #2159 ) ;
#1148 = ADVANCED_FACE ( 'NONE', ( #2385 ), #944, .F. ) ;
#1149 = PLANE ( 'NONE',  #2051 ) ;
#1150 = DIRECTION ( 'NONE',  ( -0.000000000000000000, 1.000000000000000000, -0.000000000000000000 ) ) ;
#1151 = ORIENTED_EDGE ( 'NONE', *, *, #3257, .F. ) ;
#1152 = CARTESIAN_POINT ( 'NONE',  ( 3.290000000000000480, 0.6099999999999999867, 1.249999999999999778 ) ) ;
#1153 = CARTESIAN_POINT ( 'NONE',  ( -2.839999999999999858, 2.501000000000000778, 2.749999999999999556 ) ) ;
#1154 = CARTESIAN_POINT ( 'NONE',  ( 1.790000000000000036, 0.6099999999999999867, -1.249999999999999778 ) ) ;
#1155 = DIRECTION ( 'NONE',  ( -1.000000000000000000, 0.000000000000000000, -0.000000000000000000 ) ) ;
#1156 = ORIENTED_EDGE ( 'NONE', *, *, #3019, .F. ) ;
#1157 = DIRECTION ( 'NONE',  ( 0.000000000000000000, 0.000000000000000000, 1.000000000000000000 ) ) ;
#1158 = CARTESIAN_POINT ( 'NONE',  ( -3.540000000000000036, 0.02000000000000000042, -1.249999999999999778 ) ) ;
#1159 = AXIS2_PLACEMENT_3D ( 'NONE', #2291, #2024, #528 ) ;
#1160 = EDGE_CURVE ( 'NONE', #2699, #3141, #3267, .T. ) ;
#1161 = CARTESIAN_POINT ( 'NONE',  ( 2.839999999999999858, 0.6099999999999998757, -2.750000000000000888 ) ) ;
#1162 = ORIENTED_EDGE ( 'NONE', *, *, #538, .F. ) ;
#1163 = ORIENTED_EDGE ( 'NONE', *, *, #1443, .T. ) ;
#1164 = LINE ( 'NONE', #3455, #2965 ) ;
#1165 = ORIENTED_EDGE ( 'NONE', *, *, #241, .F. ) ;
#1166 = CARTESIAN_POINT ( 'NONE',  ( -2.790000000000000036, 1.300820393249936702, -2.750000000000000000 ) ) ;
#1167 = ADVANCED_FACE ( 'NONE', ( #2689 ), #2975, .F. ) ;
#1168 = EDGE_CURVE ( 'NONE', #1459, #2070, #1624, .T. ) ;
#1169 = DIRECTION ( 'NONE',  ( -0.000000000000000000, -1.000000000000000000, -0.000000000000000000 ) ) ;
#1170 = PRESENTATION_LAYER_ASSIGNMENT (  '', '', ( #2131 ) ) ;
#1171 = DIRECTION ( 'NONE',  ( 1.000000000000000000, -0.000000000000000000, -0.000000000000000000 ) ) ;
#1172 =( GEOMETRIC_REPRESENTATION_CONTEXT ( 3 ) GLOBAL_UNCERTAINTY_ASSIGNED_CONTEXT ( ( #3662 ) ) GLOBAL_UNIT_ASSIGNED_CONTEXT ( ( #2768, #161, #3402 ) ) REPRESENTATION_CONTEXT ( 'NONE', 'WORKASPACE' ) );
#1173 = SURFACE_STYLE_FILL_AREA ( #534 ) ;
#1174 = ORIENTED_EDGE ( 'NONE', *, *, #3199, .F. ) ;
#1175 = EDGE_CURVE ( 'NONE', #171, #1755, #156, .T. ) ;
#1176 = CIRCLE ( 'NONE', #2261, 0.2999999999999990452 ) ;
#1177 = ADVANCED_FACE ( 'NONE', ( #214 ), #3340, .F. ) ;
#1178 = FACE_OUTER_BOUND ( 'NONE', #3449, .T. ) ;
#1179 = ORIENTED_EDGE ( 'NONE', *, *, #2400, .F. ) ;
#1180 = SURFACE_SIDE_STYLE ('',( #3505 ) ) ;
#1181 = ORIENTED_EDGE ( 'NONE', *, *, #1018, .T. ) ;
#1182 = EDGE_CURVE ( 'NONE', #598, #318, #1893, .T. ) ;
#1183 = VERTEX_POINT ( 'NONE', #3087 ) ;
#1184 = DIRECTION ( 'NONE',  ( 0.000000000000000000, -1.000000000000000000, 0.000000000000000000 ) ) ;
#1185 = VERTEX_POINT ( 'NONE', #2763 ) ;
#1186 = CARTESIAN_POINT ( 'NONE',  ( 1.790000000000000036, 0.6099999999999999867, -1.249999999999999778 ) ) ;
#1187 = VECTOR ( 'NONE', #2587, 1000.000000000000000 ) ;
#1188 = PLANE ( 'NONE',  #3583 ) ;
#1189 = VERTEX_POINT ( 'NONE', #1071 ) ;
#1190 = PRESENTATION_STYLE_ASSIGNMENT (( #1709 ) ) ;
#1191 = ORIENTED_EDGE ( 'NONE', *, *, #1454, .F. ) ;
#1192 = CARTESIAN_POINT ( 'NONE',  ( 3.290000000000000480, 0.6300000000000000044, -2.750000000000000888 ) ) ;
#1193 = PLANE ( 'NONE',  #1374 ) ;
#1194 = ADVANCED_FACE ( 'NONE', ( #727 ), #2249, .F. ) ;
#1195 = CARTESIAN_POINT ( 'NONE',  ( 2.839999999999999858, -2.500000000000000000, -2.750000000000000000 ) ) ;
#1196 = ORIENTED_EDGE ( 'NONE', *, *, #3156, .T. ) ;
#1197 = EDGE_LOOP ( 'NONE', ( #2422, #593, #3369, #2057 ) ) ;
#1198 = AXIS2_PLACEMENT_3D ( 'NONE', #3246, #636, #2952 ) ;
#1199 = VECTOR ( 'NONE', #2561, 1000.000000000000000 ) ;
#1200 = CARTESIAN_POINT ( 'NONE',  ( 1.790000000000000036, 0.6099999999999999867, -1.249999999999999778 ) ) ;
#1201 = ORIENTED_EDGE ( 'NONE', *, *, #2222, .T. ) ;
#1202 = EDGE_CURVE ( 'NONE', #1674, #2956, #474, .T. ) ;
#1203 = EDGE_CURVE ( 'NONE', #2333, #2179, #539, .T. ) ;
#1204 = LINE ( 'NONE', #1424, #1187 ) ;
#1205 = LINE ( 'NONE', #2404, #2840 ) ;
#1206 = PLANE ( 'NONE',  #1737 ) ;
#1207 = CARTESIAN_POINT ( 'NONE',  ( -1.540000000000000036, 0.000000000000000000, -2.750000000000000000 ) ) ;
#1208 = VERTEX_POINT ( 'NONE', #1911 ) ;
#1209 = DIRECTION ( 'NONE',  ( 0.000000000000000000, 1.000000000000000000, 0.000000000000000000 ) ) ;
#1210 = DIRECTION ( 'NONE',  ( -1.000000000000000000, 0.000000000000000000, 0.000000000000000000 ) ) ;
#1211 = LINE ( 'NONE', #2084, #2111 ) ;
#1212 = LINE ( 'NONE', #1802, #2697 ) ;
#1213 = EDGE_CURVE ( 'NONE', #3468, #2046, #1641, .T. ) ;
#1214 = VECTOR ( 'NONE', #2847, 1000.000000000000000 ) ;
#1215 = ADVANCED_FACE ( 'NONE', ( #3650 ), #431, .F. ) ;
#1216 = DIRECTION ( 'NONE',  ( -0.000000000000000000, -1.000000000000000000, -0.000000000000000000 ) ) ;
#1217 = CIRCLE ( 'NONE', #1888, 0.2999999999999999334 ) ;
#1218 = EDGE_CURVE ( 'NONE', #3553, #1731, #1342, .T. ) ;
#1219 = VERTEX_POINT ( 'NONE', #1321 ) ;
#1220 = SURFACE_SIDE_STYLE ('',( #2363 ) ) ;
#1221 = CARTESIAN_POINT ( 'NONE',  ( 3.540000000000000036, 0.000000000000000000, 1.249999999999999778 ) ) ;
#1222 = ORIENTED_EDGE ( 'NONE', *, *, #2589, .F. ) ;
#1223 = CARTESIAN_POINT ( 'NONE',  ( -1.540000000000000036, 0.000000000000000000, -1.250000000000000000 ) ) ;
#1224 = DIRECTION ( 'NONE',  ( -0.000000000000000000, -0.000000000000000000, 1.000000000000000000 ) ) ;
#1225 = ORIENTED_EDGE ( 'NONE', *, *, #671, .F. ) ;
#1226 = DIRECTION ( 'NONE',  ( 0.000000000000000000, 0.000000000000000000, 1.000000000000000000 ) ) ;
#1227 = EDGE_CURVE ( 'NONE', #672, #1939, #749, .T. ) ;
#1228 = AXIS2_PLACEMENT_3D ( 'NONE', #3325, #2711, #1013 ) ;
#1229 = CARTESIAN_POINT ( 'NONE',  ( 2.240000000000000213, 2.501000000000000778, 2.749999999999999112 ) ) ;
#1230 = VECTOR ( 'NONE', #2037, 1000.000000000000000 ) ;
#1231 = CARTESIAN_POINT ( 'NONE',  ( 2.839999999999999858, 0.000000000000000000, 2.750000000000000000 ) ) ;
#1232 = VECTOR ( 'NONE', #2700, 1000.000000000000000 ) ;
#1233 = CARTESIAN_POINT ( 'NONE',  ( -1.790000000000000036, 0.6300000000000000044, 0.000000000000000000 ) ) ;
#1234 = ORIENTED_EDGE ( 'NONE', *, *, #2702, .F. ) ;
#1235 = ORIENTED_EDGE ( 'NONE', *, *, #1680, .T. ) ;
#1236 = CYLINDRICAL_SURFACE ( 'NONE', #3766, 0.2999999999999999334 ) ;
#1237 = ORIENTED_EDGE ( 'NONE', *, *, #3715, .F. ) ;
#1238 = FACE_OUTER_BOUND ( 'NONE', #3191, .T. ) ;
#1240 = EDGE_LOOP ( 'NONE', ( #2195, #708, #1972, #2323 ) ) ;
#1239 = VECTOR ( 'NONE', #3190, 1000.000000000000000 ) ;
#1241 = CARTESIAN_POINT ( 'NONE',  ( -3.290000000000000480, 0.6099999999999999867, 1.249999999999999778 ) ) ;
#1242 = FACE_OUTER_BOUND ( 'NONE', #3338, .T. ) ;
#1243 = VERTEX_POINT ( 'NONE', #2823 ) ;
#1244 = FACE_OUTER_BOUND ( 'NONE', #2995, .T. ) ;
#1245 = FACE_OUTER_BOUND ( 'NONE', #97, .T. ) ;
#1246 = AXIS2_PLACEMENT_3D ( 'NONE', #2136, #1586, #1566 ) ;
#1247 = CARTESIAN_POINT ( 'NONE',  ( -1.540000000000000036, 0.02000000000000000042, -2.750000000000000000 ) ) ;
#1248 = PLANE ( 'NONE',  #2033 ) ;
#1249 = DIRECTION ( 'NONE',  ( 1.000000000000000000, -0.000000000000000000, -0.000000000000000000 ) ) ;
#1250 = ORIENTED_EDGE ( 'NONE', *, *, #650, .T. ) ;
#1251 = DIRECTION ( 'NONE',  ( 0.000000000000000000, -0.000000000000000000, 1.000000000000000000 ) ) ;
#1252 = EDGE_CURVE ( 'NONE', #1777, #2972, #3633, .T. ) ;
#1253 = ORIENTED_EDGE ( 'NONE', *, *, #3122, .F. ) ;
#1254 = PRODUCT_DEFINITION_FORMATION_WITH_SPECIFIED_SOURCE ( 'ANY', '', #2957, .NOT_KNOWN. ) ;
#1255 = LINE ( 'NONE', #1600, #1723 ) ;
#1256 = VECTOR ( 'NONE', #979, 1000.000000000000000 ) ;
#1257 = DIRECTION ( 'NONE',  ( -0.000000000000000000, 1.000000000000000000, -0.000000000000000000 ) ) ;
#1258 = ORIENTED_EDGE ( 'NONE', *, *, #287, .F. ) ;
#1259 = VECTOR ( 'NONE', #5, 1000.000000000000000 ) ;
#1260 = EDGE_CURVE ( 'NONE', #688, #2875, #180, .T. ) ;
#1261 = ADVANCED_FACE ( 'NONE', ( #1031 ), #791, .F. ) ;
#1262 = VERTEX_POINT ( 'NONE', #3360 ) ;
#1263 = CARTESIAN_POINT ( 'NONE',  ( 3.540000000000000036, 0.000000000000000000, 2.750000000000000000 ) ) ;
#1264 = CARTESIAN_POINT ( 'NONE',  ( -1.540000000000000036, 0.000000000000000000, 1.250000000000000000 ) ) ;
#1265 = ORIENTED_EDGE ( 'NONE', *, *, #1332, .T. ) ;
#1266 = LINE ( 'NONE', #3290, #69 ) ;
#1267 = ADVANCED_FACE ( 'NONE', ( #453 ), #2782, .F. ) ;
#1268 = CARTESIAN_POINT ( 'NONE',  ( -3.540000000000000036, 0.000000000000000000, 1.249999999999999778 ) ) ;
#1269 = PLANE ( 'NONE',  #2307 ) ;
#1270 = ORIENTED_EDGE ( 'NONE', *, *, #1017, .F. ) ;
#1271 = CARTESIAN_POINT ( 'NONE',  ( -2.240000000000000213, 0.6099999999999999867, 2.749999999999999556 ) ) ;
#1272 = ORIENTED_EDGE ( 'NONE', *, *, #1414, .F. ) ;
#1273 = CARTESIAN_POINT ( 'NONE',  ( 2.540000000000000036, 1.300820393249936702, 2.750000000000000000 ) ) ;
#1274 = VECTOR ( 'NONE', #1363, 1000.000000000000000 ) ;
#1275 = EDGE_LOOP ( 'NONE', ( #2053, #1490, #2570, #2619 ) ) ;
#1276 = CARTESIAN_POINT ( 'NONE',  ( 0.000000000000000000, 0.000000000000000000, 0.000000000000000000 ) ) ;
#1277 = VECTOR ( 'NONE', #682, 1000.000000000000000 ) ;
#1278 = ORIENTED_EDGE ( 'NONE', *, *, #1507, .F. ) ;
#1279 = CARTESIAN_POINT ( 'NONE',  ( -2.240000000000000213, 0.02000000000000000042, 2.750000000000000000 ) ) ;
#1280 = DIRECTION ( 'NONE',  ( -0.000000000000000000, -1.000000000000000000, -0.000000000000000000 ) ) ;
#1281 = CARTESIAN_POINT ( 'NONE',  ( 1.540000000000000036, 0.02000000000000000042, 1.250000000000000000 ) ) ;
#1282 = CARTESIAN_POINT ( 'NONE',  ( -5.900000000000000355, 0.6300000000000000044, 2.750000000000000000 ) ) ;
#1283 = VERTEX_POINT ( 'NONE', #2213 ) ;
#1284 = EDGE_CURVE ( 'NONE', #3141, #1090, #2600, .T. ) ;
#1285 = DIRECTION ( 'NONE',  ( 0.000000000000000000, -1.000000000000000000, 0.000000000000000000 ) ) ;
#1286 = FACE_OUTER_BOUND ( 'NONE', #3759, .T. ) ;
#1287 = LINE ( 'NONE', #2198, #1390 ) ;
#1288 = DIRECTION ( 'NONE',  ( 0.000000000000000000, -1.000000000000000000, 0.000000000000000000 ) ) ;
#1289 = LINE ( 'NONE', #2106, #883 ) ;
#1290 = CARTESIAN_POINT ( 'NONE',  ( 2.540000000000000036, 0.6300000000000000044, 2.750000000000000000 ) ) ;
#1291 = ORIENTED_EDGE ( 'NONE', *, *, #2845, .T. ) ;
#1292 = EDGE_CURVE ( 'NONE', #1413, #1316, #270, .T. ) ;
#1293 = LINE ( 'NONE', #2456, #1772 ) ;
#1294 = ORIENTED_EDGE ( 'NONE', *, *, #527, .T. ) ;
#1295 = VECTOR ( 'NONE', #1636, 1000.000000000000000 ) ;
#1296 = ORIENTED_EDGE ( 'NONE', *, *, #816, .F. ) ;
#1297 = CIRCLE ( 'NONE', #76, 0.2499999999999997780 ) ;
#1298 = CARTESIAN_POINT ( 'NONE',  ( -1.540000000000000036, 0.02000000000000000042, 1.250000000000000000 ) ) ;
#1299 = VERTEX_POINT ( 'NONE', #3165 ) ;
#1300 = LINE ( 'NONE', #920, #2703 ) ;
#1301 = STYLED_ITEM ( 'NONE', ( #1190 ), #604 ) ;
#1302 = DIRECTION ( 'NONE',  ( -0.000000000000000000, -1.000000000000000000, -0.000000000000000000 ) ) ;
#1303 = VERTEX_POINT ( 'NONE', #1400 ) ;
#1304 = DIRECTION ( 'NONE',  ( -1.000000000000000000, 0.000000000000000000, 0.000000000000000000 ) ) ;
#1305 = CARTESIAN_POINT ( 'NONE',  ( 3.290000000000000480, 0.6099999999999999867, -2.749999999999999556 ) ) ;
#1306 = CARTESIAN_POINT ( 'NONE',  ( 3.290000000000000480, 0.6099999999999999867, 3.649999999999999911 ) ) ;
#1307 = CARTESIAN_POINT ( 'NONE',  ( -1.790000000000000036, 0.6300000000000000044, -2.749999999999999556 ) ) ;
#1308 = DIRECTION ( 'NONE',  ( -0.000000000000000000, -1.000000000000000000, -0.000000000000000000 ) ) ;
#1309 = ORIENTED_EDGE ( 'NONE', *, *, #2798, .F. ) ;
#1310 = AXIS2_PLACEMENT_3D ( 'NONE', #3157, #1713, #2300 ) ;
#1311 = PLANE ( 'NONE',  #2732 ) ;
#1312 = EDGE_CURVE ( 'NONE', #2292, #688, #2563, .T. ) ;
#1313 = ADVANCED_FACE ( 'NONE', ( #849 ), #1115, .F. ) ;
#1314 = ORIENTED_EDGE ( 'NONE', *, *, #1386, .F. ) ;
#1315 = CARTESIAN_POINT ( 'NONE',  ( 1.790000000000000036, 0.6099999999999999867, -1.249999999999999778 ) ) ;
#1316 = VERTEX_POINT ( 'NONE', #3749 ) ;
#1317 = AXIS2_PLACEMENT_3D ( 'NONE', #2568, #596, #1121 ) ;
#1318 = EDGE_CURVE ( 'NONE', #3159, #3595, #2308, .T. ) ;
#1319 = CARTESIAN_POINT ( 'NONE',  ( -3.290000000000000480, 0.6300000000000000044, 1.249999999999999778 ) ) ;
#1320 = ADVANCED_FACE ( 'NONE', ( #546 ), #566, .F. ) ;
#1321 = CARTESIAN_POINT ( 'NONE',  ( 1.790000000000000036, 0.6099999999999999867, 2.749999999999999112 ) ) ;
#1322 = ORIENTED_EDGE ( 'NONE', *, *, #2184, .F. ) ;
#1323 = LINE ( 'NONE', #1608, #988 ) ;
#1324 = CYLINDRICAL_SURFACE ( 'NONE', #1379, 0.2999999999999999334 ) ;
#1325 = DIRECTION ( 'NONE',  ( 0.000000000000000000, -1.000000000000000000, 0.000000000000000000 ) ) ;
#1326 = VECTOR ( 'NONE', #2730, 1000.000000000000000 ) ;
#1327 = FILL_AREA_STYLE_COLOUR ( '', #3494 ) ;
#1328 = ORIENTED_EDGE ( 'NONE', *, *, #3626, .T. ) ;
#1329 = CARTESIAN_POINT ( 'NONE',  ( -3.540000000000000036, 0.02000000000000000042, 2.750000000000000000 ) ) ;
#1330 = ADVANCED_BREP_SHAPE_REPRESENTATION ( 'ECS-221-18-18-TR', ( #1820, #3132, #3074, #604, #1859, #590, #37 ), #1557 ) ;
#1331 = UNCERTAINTY_MEASURE_WITH_UNIT (LENGTH_MEASURE( 1.000000000000000082E-05 ), #1451, 'distance_accuracy_value', 'NONE');
#1332 = EDGE_CURVE ( 'NONE', #1881, #109, #2900, .T. ) ;
#1333 = ORIENTED_EDGE ( 'NONE', *, *, #2800, .F. ) ;
#1334 = EDGE_CURVE ( 'NONE', #388, #3070, #3729, .T. ) ;
#1335 = DIRECTION ( 'NONE',  ( 1.000000000000000000, 0.000000000000000000, 1.084202172485504557E-16 ) ) ;
#1336 = ORIENTED_EDGE ( 'NONE', *, *, #2122, .T. ) ;
#1337 = CARTESIAN_POINT ( 'NONE',  ( 2.240000000000000213, 0.6099999999999998757, -2.750000000000000888 ) ) ;
#1338 = VECTOR ( 'NONE', #1823, 1000.000000000000000 ) ;
#1339 = VERTEX_POINT ( 'NONE', #2269 ) ;
#1340 = EDGE_CURVE ( 'NONE', #3036, #3743, #3437, .T. ) ;
#1341 = AXIS2_PLACEMENT_3D ( 'NONE', #1705, #3363, #3461 ) ;
#1342 = LINE ( 'NONE', #2521, #356 ) ;
#1343 = ORIENTED_EDGE ( 'NONE', *, *, #587, .F. ) ;
#1344 = CARTESIAN_POINT ( 'NONE',  ( -3.290000000000000480, 0.6300000000000000044, 3.649999999999999911 ) ) ;
#1345 = CARTESIAN_POINT ( 'NONE',  ( 3.290000000000000480, 0.6300000000000000044, -3.649999999999999911 ) ) ;
#1346 = CARTESIAN_POINT ( 'NONE',  ( -2.839999999999999858, 0.000000000000000000, -2.750000000000000000 ) ) ;
#1347 = CYLINDRICAL_SURFACE ( 'NONE', #2419, 0.2499999999999997780 ) ;
#1348 = ADVANCED_FACE ( 'NONE', ( #832 ), #1987, .T. ) ;
#1349 = EDGE_LOOP ( 'NONE', ( #3106, #1671, #3237, #24 ) ) ;
#1350 = CARTESIAN_POINT ( 'NONE',  ( 1.540000000000000036, 0.02000000000000000042, -1.250000000000000000 ) ) ;
#1351 = CARTESIAN_POINT ( 'NONE',  ( -3.290000000000000480, 0.6099999999999999867, 2.749999999999999556 ) ) ;
#1352 = ORIENTED_EDGE ( 'NONE', *, *, #568, .T. ) ;
#1353 = VECTOR ( 'NONE', #3580, 1000.000000000000000 ) ;
#1354 = VECTOR ( 'NONE', #2855, 1000.000000000000000 ) ;
#1355 = ORIENTED_EDGE ( 'NONE', *, *, #990, .F. ) ;
#1356 = CARTESIAN_POINT ( 'NONE',  ( -5.900000000000000355, 0.6300000000000000044, -2.750000000000000000 ) ) ;
#1357 = VECTOR ( 'NONE', #1580, 1000.000000000000000 ) ;
#1358 = VERTEX_POINT ( 'NONE', #2863 ) ;
#1359 = CLOSED_SHELL ( 'NONE', ( #2276, #2332, #1040, #1759, #2964, #391, #1267, #1883, #2450, #2948, #726, #96, #2658, #92, #3632, #119 ) ) ;
#1360 = DIRECTION ( 'NONE',  ( -0.000000000000000000, 1.000000000000000000, -0.000000000000000000 ) ) ;
#1361 = ORIENTED_EDGE ( 'NONE', *, *, #3232, .T. ) ;
#1362 = CARTESIAN_POINT ( 'NONE',  ( 2.540000000000000036, 0.000000000000000000, 2.750000000000000000 ) ) ;
#1363 = DIRECTION ( 'NONE',  ( 0.000000000000000000, 1.000000000000000000, 0.000000000000000000 ) ) ;
#1364 = DIRECTION ( 'NONE',  ( -0.000000000000000000, -1.000000000000000000, -0.000000000000000000 ) ) ;
#1365 = EDGE_CURVE ( 'NONE', #3159, #314, #2918, .T. ) ;
#1366 = VECTOR ( 'NONE', #1501, 1000.000000000000000 ) ;
#1367 = FACE_OUTER_BOUND ( 'NONE', #2462, .T. ) ;
#1368 = DIRECTION ( 'NONE',  ( 0.000000000000000000, 0.000000000000000000, 1.000000000000000000 ) ) ;
#1369 = ORIENTED_EDGE ( 'NONE', *, *, #1969, .T. ) ;
#1370 = DIRECTION ( 'NONE',  ( 0.000000000000000000, -1.000000000000000000, -0.000000000000000000 ) ) ;
#1371 = FACE_OUTER_BOUND ( 'NONE', #787, .T. ) ;
#1372 = ADVANCED_FACE ( 'NONE', ( #2252 ), #1914, .F. ) ;
#1373 = ORIENTED_EDGE ( 'NONE', *, *, #2618, .T. ) ;
#1374 = AXIS2_PLACEMENT_3D ( 'NONE', #2351, #316, #947 ) ;
#1375 = ORIENTED_EDGE ( 'NONE', *, *, #3111, .F. ) ;
#1376 = ORIENTED_EDGE ( 'NONE', *, *, #928, .F. ) ;
#1377 = ORIENTED_EDGE ( 'NONE', *, *, #2172, .F. ) ;
#1378 = CARTESIAN_POINT ( 'NONE',  ( 3.290000000000000480, 0.6300000000000000044, -1.249999999999999778 ) ) ;
#1379 = AXIS2_PLACEMENT_3D ( 'NONE', #2448, #1936, #419 ) ;
#1380 = EDGE_CURVE ( 'NONE', #1464, #672, #3108, .T. ) ;
#1381 = DIRECTION ( 'NONE',  ( 1.000000000000000000, 0.000000000000000000, -1.102578480493733312E-16 ) ) ;
#1382 = EDGE_LOOP ( 'NONE', ( #153, #1455, #3265, #169 ) ) ;
#1383 = EDGE_CURVE ( 'NONE', #62, #1316, #1385, .T. ) ;
#1384 = DIRECTION ( 'NONE',  ( 0.000000000000000000, 0.000000000000000000, -1.000000000000000000 ) ) ;
#1385 = LINE ( 'NONE', #1055, #2974 ) ;
#1386 = EDGE_CURVE ( 'NONE', #1438, #487, #3712, .T. ) ;
#1387 =( LENGTH_UNIT ( ) NAMED_UNIT ( * ) SI_UNIT ( .MILLI., .METRE. ) );
#1388 = ORIENTED_EDGE ( 'NONE', *, *, #580, .T. ) ;
#1389 = DIRECTION ( 'NONE',  ( -1.000000000000000000, 0.000000000000000000, 0.000000000000000000 ) ) ;
#1390 = VECTOR ( 'NONE', #3027, 1000.000000000000000 ) ;
#1391 = ADVANCED_FACE ( 'NONE', ( #532 ), #457, .F. ) ;
#1392 = VECTOR ( 'NONE', #3146, 1000.000000000000000 ) ;
#1393 = ORIENTED_EDGE ( 'NONE', *, *, #1312, .F. ) ;
#1394 = CARTESIAN_POINT ( 'NONE',  ( -3.290000000000000480, 0.6300000000000000044, 2.749999999999999556 ) ) ;
#1395 = VERTEX_POINT ( 'NONE', #1098 ) ;
#1396 = LINE ( 'NONE', #190, #2582 ) ;
#1397 = ORIENTED_EDGE ( 'NONE', *, *, #3482, .F. ) ;
#1398 = CARTESIAN_POINT ( 'NONE',  ( 2.839999999999999858, 0.6099999999999999867, -2.750000000000000000 ) ) ;
#1399 = VECTOR ( 'NONE', #1249, 1000.000000000000000 ) ;
#1400 = CARTESIAN_POINT ( 'NONE',  ( -1.790000000000000036, 0.6300000000000000044, -2.750000000000001332 ) ) ;
#1401 = ORIENTED_EDGE ( 'NONE', *, *, #2122, .F. ) ;
#1402 = VECTOR ( 'NONE', #2004, 1000.000000000000000 ) ;
#1403 = DIRECTION ( 'NONE',  ( 1.000000000000000000, 0.000000000000000000, 0.000000000000000000 ) ) ;
#1404 = LINE ( 'NONE', #1345, #1885 ) ;
#1405 = CARTESIAN_POINT ( 'NONE',  ( 3.290000000000000480, 0.6300000000000000044, 1.249999999999999778 ) ) ;
#1406 = LINE ( 'NONE', #1707, #3453 ) ;
#1407 = CARTESIAN_POINT ( 'NONE',  ( 1.540000000000000036, -2.500000000000000000, 2.750000000000000000 ) ) ;
#1408 = DIRECTION ( 'NONE',  ( 1.000000000000000000, 0.000000000000000000, -1.102578480493733312E-16 ) ) ;
#1409 = ORIENTED_EDGE ( 'NONE', *, *, #368, .F. ) ;
#1410 = LINE ( 'NONE', #757, #1102 ) ;
#1411 = EDGE_CURVE ( 'NONE', #3526, #3038, #752, .T. ) ;
#1412 = FACE_OUTER_BOUND ( 'NONE', #3236, .T. ) ;
#1413 = VERTEX_POINT ( 'NONE', #513 ) ;
#1414 = EDGE_CURVE ( 'NONE', #1143, #612, #257, .T. ) ;
#1415 = ORIENTED_EDGE ( 'NONE', *, *, #2259, .T. ) ;
#1416 = LINE ( 'NONE', #1983, #3492 ) ;
#1417 = ORIENTED_EDGE ( 'NONE', *, *, #1411, .F. ) ;
#1418 = AXIS2_PLACEMENT_3D ( 'NONE', #3089, #512, #174 ) ;
#1419 = CARTESIAN_POINT ( 'NONE',  ( 3.540000000000000036, 0.02000000000000000042, 1.249999999999999778 ) ) ;
#1420 = AXIS2_PLACEMENT_3D ( 'NONE', #877, #1773, #2048 ) ;
#1421 = DIRECTION ( 'NONE',  ( 0.000000000000000000, 1.000000000000000000, 0.000000000000000000 ) ) ;
#1422 = VERTEX_POINT ( 'NONE', #1425 ) ;
#1423 = ADVANCED_FACE ( 'NONE', ( #3064 ), #3694, .F. ) ;
#1424 = CARTESIAN_POINT ( 'NONE',  ( 2.790000000000000036, 1.300820393249936702, 2.750000000000000000 ) ) ;
#1425 = CARTESIAN_POINT ( 'NONE',  ( -2.290000000000000480, 0.6300000000000000044, 2.750000000000000000 ) ) ;
#1426 = DIRECTION ( 'NONE',  ( -0.000000000000000000, -1.000000000000000000, -0.000000000000000000 ) ) ;
#1427 = DIRECTION ( 'NONE',  ( -0.000000000000000000, -1.000000000000000000, -0.000000000000000000 ) ) ;
#1428 = EDGE_LOOP ( 'NONE', ( #524, #2054, #1933, #2608, #2901, #1022 ) ) ;
#1429 = PRESENTATION_STYLE_ASSIGNMENT (( #618 ) ) ;
#1430 = LINE ( 'NONE', #540, #198 ) ;
#1431 = EDGE_CURVE ( 'NONE', #1869, #17, #1034, .T. ) ;
#1432 = AXIS2_PLACEMENT_3D ( 'NONE', #1853, #43, #674 ) ;
#1433 = ORIENTED_EDGE ( 'NONE', *, *, #74, .F. ) ;
#1434 = ORIENTED_EDGE ( 'NONE', *, *, #2357, .F. ) ;
#1435 = VECTOR ( 'NONE', #2362, 1000.000000000000000 ) ;
#1436 = DIRECTION ( 'NONE',  ( 0.000000000000000000, -1.000000000000000000, 0.000000000000000000 ) ) ;
#1437 = CARTESIAN_POINT ( 'NONE',  ( 2.290000000000000480, 0.6300000000000000044, 2.750000000000000000 ) ) ;
#1438 = VERTEX_POINT ( 'NONE', #1974 ) ;
#1439 = CARTESIAN_POINT ( 'NONE',  ( -3.540000000000000036, 0.02000000000000000042, -1.249999999999999778 ) ) ;
#1440 = FACE_OUTER_BOUND ( 'NONE', #3355, .T. ) ;
#1441 = DIRECTION ( 'NONE',  ( 0.000000000000000000, -1.000000000000000000, -0.000000000000000000 ) ) ;
#1442 = DIRECTION ( 'NONE',  ( -0.000000000000000000, -1.000000000000000000, -0.000000000000000000 ) ) ;
#1443 = EDGE_CURVE ( 'NONE', #2824, #395, #2804, .T. ) ;
#1444 = AXIS2_PLACEMENT_3D ( 'NONE', #2672, #2120, #3555 ) ;
#1445 = CARTESIAN_POINT ( 'NONE',  ( -3.540000000000000036, -2.500000000000000000, -1.249999999999999778 ) ) ;
#1446 = ORIENTED_EDGE ( 'NONE', *, *, #1332, .F. ) ;
#1447 = DIRECTION ( 'NONE',  ( 0.000000000000000000, -1.000000000000000000, 0.000000000000000000 ) ) ;
#1448 = CARTESIAN_POINT ( 'NONE',  ( -3.290000000000000480, 0.6099999999999999867, 2.749999999999999556 ) ) ;
#1449 = CARTESIAN_POINT ( 'NONE',  ( 1.790000000000000036, 0.6300000000000000044, -1.249999999999999778 ) ) ;
#1450 = VECTOR ( 'NONE', #23, 1000.000000000000000 ) ;
#1451 =( LENGTH_UNIT ( ) NAMED_UNIT ( * ) SI_UNIT ( .MILLI., .METRE. ) );
#1452 = ORIENTED_EDGE ( 'NONE', *, *, #77, .F. ) ;
#1453 = LINE ( 'NONE', #2614, #1602 ) ;
#1454 = EDGE_CURVE ( 'NONE', #2669, #448, #3133, .T. ) ;
#1455 = ORIENTED_EDGE ( 'NONE', *, *, #1611, .T. ) ;
#1456 = DIRECTION ( 'NONE',  ( 0.000000000000000000, -1.000000000000000000, 0.000000000000000000 ) ) ;
#1457 = EDGE_CURVE ( 'NONE', #2724, #1147, #1404, .T. ) ;
#1458 = EDGE_CURVE ( 'NONE', #2155, #1979, #3673, .T. ) ;
#1459 = VERTEX_POINT ( 'NONE', #2197 ) ;
#1460 = DIRECTION ( 'NONE',  ( 0.000000000000000000, -1.000000000000000000, 0.000000000000000000 ) ) ;
#1461 = CARTESIAN_POINT ( 'NONE',  ( 3.290000000000000480, 0.6300000000000000044, 2.750000000000000000 ) ) ;
#1462 = DIRECTION ( 'NONE',  ( -1.000000000000000000, 0.000000000000000000, 0.000000000000000000 ) ) ;
#1463 = CARTESIAN_POINT ( 'NONE',  ( 3.540000000000000036, 0.02000000000000000042, -2.750000000000000000 ) ) ;
#1464 = VERTEX_POINT ( 'NONE', #2524 ) ;
#1465 = CARTESIAN_POINT ( 'NONE',  ( -3.540000000000000036, 0.02000000000000000042, -1.249999999999999778 ) ) ;
#1466 = AXIS2_PLACEMENT_3D ( 'NONE', #3349, #441, #3276 ) ;
#1467 = EDGE_CURVE ( 'NONE', #3166, #2989, #1935, .T. ) ;
#1468 = DIRECTION ( 'NONE',  ( -0.000000000000000000, -0.000000000000000000, -1.000000000000000000 ) ) ;
#1469 = ORIENTED_EDGE ( 'NONE', *, *, #330, .F. ) ;
#1470 = CARTESIAN_POINT ( 'NONE',  ( -3.289999999999999591, 0.6300000000000000044, 2.749999999999999556 ) ) ;
#1471 = EDGE_LOOP ( 'NONE', ( #638, #2257, #1433, #2128, #1067, #3312, #3392 ) ) ;
#1472 = ORIENTED_EDGE ( 'NONE', *, *, #3644, .F. ) ;
#1473 = CARTESIAN_POINT ( 'NONE',  ( -2.240000000000000213, 0.02000000000000005246, 2.749999999999999556 ) ) ;
#1474 = ORIENTED_EDGE ( 'NONE', *, *, #2150, .F. ) ;
#1475 = FACE_OUTER_BOUND ( 'NONE', #2238, .T. ) ;
#1476 = EDGE_CURVE ( 'NONE', #3623, #339, #2866, .T. ) ;
#1477 = DIRECTION ( 'NONE',  ( 0.000000000000000000, 0.000000000000000000, 1.000000000000000000 ) ) ;
#1478 = VECTOR ( 'NONE', #1695, 1000.000000000000000 ) ;
#1479 = CARTESIAN_POINT ( 'NONE',  ( -1.790000000000000036, 0.6099999999999999867, -1.249999999999999778 ) ) ;
#1480 = ORIENTED_EDGE ( 'NONE', *, *, #2357, .T. ) ;
#1481 = LINE ( 'NONE', #876, #2343 ) ;
#1482 = CARTESIAN_POINT ( 'NONE',  ( 1.540000000000000036, 0.02000000000000000042, -1.250000000000000000 ) ) ;
#1483 = EDGE_LOOP ( 'NONE', ( #1469, #3361, #3771, #800, #2633, #2625, #1270 ) ) ;
#1484 = ORIENTED_EDGE ( 'NONE', *, *, #1811, .T. ) ;
#1485 = AXIS2_PLACEMENT_3D ( 'NONE', #2714, #106, #646 ) ;
#1486 = ADVANCED_FACE ( 'NONE', ( #3440 ), #3151, .T. ) ;
#1487 = DIRECTION ( 'NONE',  ( -0.000000000000000000, 1.000000000000000000, 0.000000000000000000 ) ) ;
#1488 = ORIENTED_EDGE ( 'NONE', *, *, #2034, .F. ) ;
#1489 = LINE ( 'NONE', #1779, #231 ) ;
#1490 = ORIENTED_EDGE ( 'NONE', *, *, #2781, .T. ) ;
#1491 = DIRECTION ( 'NONE',  ( -1.000000000000000000, -0.000000000000000000, -0.000000000000000000 ) ) ;
#1492 = FACE_OUTER_BOUND ( 'NONE', #2896, .T. ) ;
#1493 = ORIENTED_EDGE ( 'NONE', *, *, #3247, .T. ) ;
#1494 = ADVANCED_FACE ( 'NONE', ( #1440 ), #1134, .F. ) ;
#1495 = CARTESIAN_POINT ( 'NONE',  ( 3.540000000000000036, 0.02000000000000000042, -1.249999999999999778 ) ) ;
#1496 = EDGE_CURVE ( 'NONE', #805, #2764, #3752, .T. ) ;
#1497 = EDGE_LOOP ( 'NONE', ( #2639, #2304, #602, #1089 ) ) ;
#1498 =( LENGTH_UNIT ( ) NAMED_UNIT ( * ) SI_UNIT ( .MILLI., .METRE. ) );
#1499 = FACE_OUTER_BOUND ( 'NONE', #227, .T. ) ;
#1500 = CARTESIAN_POINT ( 'NONE',  ( -2.290000000000000480, 0.6300000000000000044, -2.750000000000000000 ) ) ;
#1501 = DIRECTION ( 'NONE',  ( 0.000000000000000000, 0.000000000000000000, 1.000000000000000000 ) ) ;
#1502 = CARTESIAN_POINT ( 'NONE',  ( -2.839999999999999858, 0.6300000000000000044, 2.750000000000000000 ) ) ;
#1503 = LINE ( 'NONE', #1470, #809 ) ;
#1504 = VERTEX_POINT ( 'NONE', #549 ) ;
#1505 = CARTESIAN_POINT ( 'NONE',  ( -1.540000000000000036, -2.500000000000000000, -2.750000000000000000 ) ) ;
#1506 = VECTOR ( 'NONE', #1906, 1000.000000000000000 ) ;
#1507 = EDGE_CURVE ( 'NONE', #1185, #1303, #2294, .T. ) ;
#1508 = ORIENTED_EDGE ( 'NONE', *, *, #252, .F. ) ;
#1509 = ORIENTED_EDGE ( 'NONE', *, *, #3152, .T. ) ;
#1510 = LINE ( 'NONE', #1814, #1793 ) ;
#1511 = CARTESIAN_POINT ( 'NONE',  ( -2.540000000000000036, 1.300820393249936702, -2.449999999999999734 ) ) ;
#1512 = VERTEX_POINT ( 'NONE', #425 ) ;
#1513 = DIRECTION ( 'NONE',  ( -0.000000000000000000, 1.000000000000000000, -0.000000000000000000 ) ) ;
#1514 = CARTESIAN_POINT ( 'NONE',  ( 1.540000000000000036, 0.000000000000000000, -1.250000000000000000 ) ) ;
#1515 = LINE ( 'NONE', #3330, #2820 ) ;
#1516 = DIRECTION ( 'NONE',  ( 1.000000000000000000, 0.000000000000000000, 0.000000000000000000 ) ) ;
#1517 = VECTOR ( 'NONE', #1724, 1000.000000000000000 ) ;
#1518 = FILL_AREA_STYLE ('',( #3543 ) ) ;
#1519 = LINE ( 'NONE', #722, #1232 ) ;
#1520 = AXIS2_PLACEMENT_3D ( 'NONE', #3333, #110, #2109 ) ;
#1521 = DIRECTION ( 'NONE',  ( -0.000000000000000000, 1.000000000000000000, -0.000000000000000000 ) ) ;
#1522 = VERTEX_POINT ( 'NONE', #1882 ) ;
#1523 = FILL_AREA_STYLE_COLOUR ( '', #3706 ) ;
#1524 = CARTESIAN_POINT ( 'NONE',  ( -1.790000000000000036, 0.6300000000000000044, -2.749999999999999556 ) ) ;
#1525 = EDGE_CURVE ( 'NONE', #2699, #778, #2432, .T. ) ;
#1526 = DIRECTION ( 'NONE',  ( 0.000000000000000000, -1.000000000000000000, 0.000000000000000000 ) ) ;
#1527 = VERTEX_POINT ( 'NONE', #2753 ) ;
#1528 = ORIENTED_EDGE ( 'NONE', *, *, #3608, .T. ) ;
#1529 = CARTESIAN_POINT ( 'NONE',  ( 3.540000000000000036, -2.500000000000000000, 2.750000000000000000 ) ) ;
#1530 = VECTOR ( 'NONE', #2882, 1000.000000000000000 ) ;
#1531 = CARTESIAN_POINT ( 'NONE',  ( -1.540000000000000036, 0.000000000000000000, 1.250000000000000000 ) ) ;
#1532 = LINE ( 'NONE', #2392, #19 ) ;
#1533 = AXIS2_PLACEMENT_3D ( 'NONE', #2642, #2910, #2929 ) ;
#1534 = LINE ( 'NONE', #2715, #3528 ) ;
#1535 = ADVANCED_FACE ( 'NONE', ( #3642 ), #1311, .F. ) ;
#1536 = DIRECTION ( 'NONE',  ( 0.000000000000000000, -1.000000000000000000, 0.000000000000000000 ) ) ;
#1537 = AXIS2_PLACEMENT_3D ( 'NONE', #2209, #3144, #3376 ) ;
#1538 = PLANE ( 'NONE',  #1114 ) ;
#1539 = EDGE_CURVE ( 'NONE', #1208, #410, #1006, .T. ) ;
#1540 = CIRCLE ( 'NONE', #937, 0.2499999999999997780 ) ;
#1541 = LINE ( 'NONE', #90, #2780 ) ;
#1542 = ORIENTED_EDGE ( 'NONE', *, *, #1721, .T. ) ;
#1543 = EDGE_CURVE ( 'NONE', #1316, #230, #2186, .T. ) ;
#1544 = ORIENTED_EDGE ( 'NONE', *, *, #465, .F. ) ;
#1545 = DIRECTION ( 'NONE',  ( 0.000000000000000000, 0.000000000000000000, 1.000000000000000000 ) ) ;
#1546 = CARTESIAN_POINT ( 'NONE',  ( 3.540000000000000036, 0.000000000000000000, 2.750000000000000000 ) ) ;
#1547 = ORIENTED_EDGE ( 'NONE', *, *, #2914, .F. ) ;
#1548 = CARTESIAN_POINT ( 'NONE',  ( 3.290000000000000480, 0.6099999999999999867, -2.749999999999999556 ) ) ;
#1549 = CARTESIAN_POINT ( 'NONE',  ( -3.540000000000000036, 0.02000000000000000042, 1.249999999999999778 ) ) ;
#1550 = AXIS2_PLACEMENT_3D ( 'NONE', #326, #1781, #851 ) ;
#1551 = LINE ( 'NONE', #1247, #1565 ) ;
#1552 = PLANE ( 'NONE',  #1485 ) ;
#1553 = CARTESIAN_POINT ( 'NONE',  ( 2.540000000000000036, 0.02000000000000000042, -2.750000000000000000 ) ) ;
#1554 = ORIENTED_EDGE ( 'NONE', *, *, #3760, .T. ) ;
#1555 = CARTESIAN_POINT ( 'NONE',  ( -2.540000000000000036, 0.02000000000000005246, -2.750000000000000000 ) ) ;
#1556 = ORIENTED_EDGE ( 'NONE', *, *, #2623, .T. ) ;
#1557 =( GEOMETRIC_REPRESENTATION_CONTEXT ( 3 ) GLOBAL_UNCERTAINTY_ASSIGNED_CONTEXT ( ( #334 ) ) GLOBAL_UNIT_ASSIGNED_CONTEXT ( ( #2074, #2705, #2118 ) ) REPRESENTATION_CONTEXT ( 'NONE', 'WORKASPACE' ) );
#1558 = CARTESIAN_POINT ( 'NONE',  ( 2.540000000000000036, 1.300820393249936702, 2.449999999999999734 ) ) ;
#1559 = AXIS2_PLACEMENT_3D ( 'NONE', #1553, #1595, #2750 ) ;
#1560 = VERTEX_POINT ( 'NONE', #1902 ) ;
#1561 = PLANE ( 'NONE',  #2022 ) ;
#1562 = ADVANCED_FACE ( 'NONE', ( #2130 ), #147, .T. ) ;
#1563 = EDGE_CURVE ( 'NONE', #3493, #1522, #1615, .T. ) ;
#1564 = ORIENTED_EDGE ( 'NONE', *, *, #3584, .T. ) ;
#1565 = VECTOR ( 'NONE', #2104, 1000.000000000000000 ) ;
#1566 = DIRECTION ( 'NONE',  ( 0.000000000000000000, 0.000000000000000000, -1.000000000000000000 ) ) ;
#1567 = VECTOR ( 'NONE', #2344, 1000.000000000000000 ) ;
#1568 = EDGE_CURVE ( 'NONE', #1080, #2669, #3609, .T. ) ;
#1569 = CARTESIAN_POINT ( 'NONE',  ( 5.900000000000000355, 0.6300000000000000044, 2.749999999999998668 ) ) ;
#1570 = DIRECTION ( 'NONE',  ( -1.102578480493733312E-16, 0.000000000000000000, -1.000000000000000000 ) ) ;
#1571 = ORIENTED_EDGE ( 'NONE', *, *, #789, .F. ) ;
#1572 = LINE ( 'NONE', #363, #3300 ) ;
#1573 = PLANE ( 'NONE',  #3334 ) ;
#1574 = DIRECTION ( 'NONE',  ( -1.000000000000000000, 0.000000000000000000, 0.000000000000000000 ) ) ;
#1575 = FACE_OUTER_BOUND ( 'NONE', #694, .T. ) ;
#1576 = ORIENTED_EDGE ( 'NONE', *, *, #1386, .T. ) ;
#1577 = CARTESIAN_POINT ( 'NONE',  ( -2.240000000000000213, 0.02000000000000005246, -2.750000000000000000 ) ) ;
#1578 = VECTOR ( 'NONE', #719, 1000.000000000000000 ) ;
#1579 = VERTEX_POINT ( 'NONE', #1021 ) ;
#1580 = DIRECTION ( 'NONE',  ( 0.000000000000000000, -1.000000000000000000, 0.000000000000000000 ) ) ;
#1581 = AXIS2_PLACEMENT_3D ( 'NONE', #2500, #1011, #2178 ) ;
#1582 = DIRECTION ( 'NONE',  ( 1.084202172485504557E-16, -0.000000000000000000, 1.000000000000000000 ) ) ;
#1583 = FACE_OUTER_BOUND ( 'NONE', #3668, .T. ) ;
#1584 = CIRCLE ( 'NONE', #2066, 0.2999999999999990452 ) ;
#1585 = ORIENTED_EDGE ( 'NONE', *, *, #3529, .T. ) ;
#1586 = DIRECTION ( 'NONE',  ( 0.000000000000000000, -1.000000000000000000, 0.000000000000000000 ) ) ;
#1587 = ADVANCED_FACE ( 'NONE', ( #2996 ), #87, .F. ) ;
#1588 = DIRECTION ( 'NONE',  ( -0.000000000000000000, 0.000000000000000000, -1.000000000000000000 ) ) ;
#1589 = ORIENTED_EDGE ( 'NONE', *, *, #1898, .F. ) ;
#1590 = DIRECTION ( 'NONE',  ( -1.000000000000000000, 0.000000000000000000, 0.000000000000000000 ) ) ;
#1591 = CARTESIAN_POINT ( 'NONE',  ( 2.240000000000000213, 0.02000000000000000042, 2.750000000000000000 ) ) ;
#1592 = FACE_OUTER_BOUND ( 'NONE', #1483, .T. ) ;
#1593 = DIRECTION ( 'NONE',  ( -1.000000000000000000, 0.000000000000000000, 0.000000000000000000 ) ) ;
#1594 = CARTESIAN_POINT ( 'NONE',  ( 1.540000000000000036, 0.02000000000000000042, -2.750000000000000000 ) ) ;
#1595 = DIRECTION ( 'NONE',  ( 0.000000000000000000, 1.000000000000000000, -0.000000000000000000 ) ) ;
#1596 = ORIENTED_EDGE ( 'NONE', *, *, #1721, .F. ) ;
#1597 =( GEOMETRIC_REPRESENTATION_CONTEXT ( 3 ) GLOBAL_UNCERTAINTY_ASSIGNED_CONTEXT ( ( #2169 ) ) GLOBAL_UNIT_ASSIGNED_CONTEXT ( ( #1498, #298, #2655 ) ) REPRESENTATION_CONTEXT ( 'NONE', 'WORKASPACE' ) );
#1598 = LINE ( 'NONE', #2168, #729 ) ;
#1599 = VECTOR ( 'NONE', #895, 1000.000000000000000 ) ;
#1600 = CARTESIAN_POINT ( 'NONE',  ( 1.790000000000000036, 0.6099999999999999867, -3.649999999999999911 ) ) ;
#1601 = ORIENTED_EDGE ( 'NONE', *, *, #2042, .T. ) ;
#1602 = VECTOR ( 'NONE', #2949, 1000.000000000000000 ) ;
#1603 = DIRECTION ( 'NONE',  ( 0.000000000000000000, 0.000000000000000000, -1.000000000000000000 ) ) ;
#1604 = ORIENTED_EDGE ( 'NONE', *, *, #3407, .F. ) ;
#1605 = AXIS2_PLACEMENT_3D ( 'NONE', #966, #1612, #1368 ) ;
#1606 = CARTESIAN_POINT ( 'NONE',  ( 5.750000000000000000, 17.46154083570727167, 2.399999999999999467 ) ) ;
#1607 = ORIENTED_EDGE ( 'NONE', *, *, #1218, .T. ) ;
#1608 = CARTESIAN_POINT ( 'NONE',  ( 3.540000000000000036, 0.000000000000000000, -2.750000000000000000 ) ) ;
#1609 = CARTESIAN_POINT ( 'NONE',  ( -1.540000000000000036, 0.02000000000000000042, 2.750000000000000000 ) ) ;
#1610 = CARTESIAN_POINT ( 'NONE',  ( -2.290000000000000480, 0.6300000000000000044, -2.750000000000000000 ) ) ;
#1611 = EDGE_CURVE ( 'NONE', #1048, #2724, #386, .T. ) ;
#1612 = DIRECTION ( 'NONE',  ( 0.000000000000000000, -1.000000000000000000, 0.000000000000000000 ) ) ;
#1613 = VERTEX_POINT ( 'NONE', #1329 ) ;
#1614 = AXIS2_PLACEMENT_3D ( 'NONE', #1989, #1460, #3150 ) ;
#1615 = LINE ( 'NONE', #2698, #3600 ) ;
#1616 = EDGE_CURVE ( 'NONE', #567, #842, #1598, .T. ) ;
#1617 = ORIENTED_EDGE ( 'NONE', *, *, #2781, .F. ) ;
#1618 = LINE ( 'NONE', #1850, #3669 ) ;
#1619 = ORIENTED_EDGE ( 'NONE', *, *, #3357, .T. ) ;
#1620 = DIRECTION ( 'NONE',  ( 0.000000000000000000, 0.000000000000000000, 1.000000000000000000 ) ) ;
#1621 = ORIENTED_EDGE ( 'NONE', *, *, #1218, .F. ) ;
#1622 = EDGE_CURVE ( 'NONE', #1504, #1716, #367, .T. ) ;
#1623 = CIRCLE ( 'NONE', #289, 0.2999999999999999334 ) ;
#1624 = CIRCLE ( 'NONE', #3763, 0.2999999999999990452 ) ;
#1625 = DIRECTION ( 'NONE',  ( 1.084202172485504434E-16, 0.000000000000000000, -1.000000000000000000 ) ) ;
#1626 = ORIENTED_EDGE ( 'NONE', *, *, #1380, .T. ) ;
#1627 = DIRECTION ( 'NONE',  ( 0.000000000000000000, 0.000000000000000000, -1.000000000000000000 ) ) ;
#1628 = CARTESIAN_POINT ( 'NONE',  ( 1.540000000000000036, 0.000000000000000000, -1.250000000000000000 ) ) ;
#1629 = LINE ( 'NONE', #753, #229 ) ;
#1630 = CARTESIAN_POINT ( 'NONE',  ( -1.540000000000000036, 0.02000000000000000042, 1.250000000000000000 ) ) ;
#1631 = VECTOR ( 'NONE', #124, 1000.000000000000000 ) ;
#1632 = DIRECTION ( 'NONE',  ( -1.000000000000000000, 0.000000000000000000, 1.084202172485504434E-16 ) ) ;
#1633 = ORIENTED_EDGE ( 'NONE', *, *, #1539, .F. ) ;
#1634 = CARTESIAN_POINT ( 'NONE',  ( -1.790000000000000036, 0.6099999999999999867, -1.249999999999999778 ) ) ;
#1635 = EDGE_LOOP ( 'NONE', ( #911, #352, #3278, #1108, #3587, #3382, #2924 ) ) ;
#1636 = DIRECTION ( 'NONE',  ( 0.000000000000000000, 0.000000000000000000, -1.000000000000000000 ) ) ;
#1637 = ORIENTED_EDGE ( 'NONE', *, *, #2222, .F. ) ;
#1638 = ORIENTED_EDGE ( 'NONE', *, *, #2693, .T. ) ;
#1639 = VERTEX_POINT ( 'NONE', #2980 ) ;
#1640 = VECTOR ( 'NONE', #575, 1000.000000000000000 ) ;
#1641 = LINE ( 'NONE', #2543, #2244 ) ;
#1642 = ORIENTED_EDGE ( 'NONE', *, *, #2998, .F. ) ;
#1643 = DIRECTION ( 'NONE',  ( -1.000000000000000000, 0.000000000000000000, 0.000000000000000000 ) ) ;
#1644 = CARTESIAN_POINT ( 'NONE',  ( -3.540000000000000036, -2.500000000000000000, -2.750000000000000000 ) ) ;
#1645 = DIRECTION ( 'NONE',  ( 0.000000000000000000, 0.000000000000000000, -1.000000000000000000 ) ) ;
#1646 = CARTESIAN_POINT ( 'NONE',  ( -1.790000000000000036, 0.6300000000000000044, 2.749999999999999556 ) ) ;
#1647 = EDGE_CURVE ( 'NONE', #1664, #811, #1217, .T. ) ;
#1648 = CARTESIAN_POINT ( 'NONE',  ( -3.540000000000000036, 0.02000000000000000042, 2.750000000000000000 ) ) ;
#1649 = ORIENTED_EDGE ( 'NONE', *, *, #189, .F. ) ;
#1650 = LINE ( 'NONE', #537, #2247 ) ;
#1651 = CARTESIAN_POINT ( 'NONE',  ( 3.540000000000000036, 0.000000000000000000, 2.750000000000000000 ) ) ;
#1652 = EDGE_LOOP ( 'NONE', ( #1862, #1045, #1775, #39 ) ) ;
#1653 = VECTOR ( 'NONE', #2523, 1000.000000000000000 ) ;
#1654 = VECTOR ( 'NONE', #2469, 1000.000000000000000 ) ;
#1655 = EDGE_LOOP ( 'NONE', ( #3452, #3032, #471, #2428, #2018, #322, #760, #1123 ) ) ;
#1656 = EDGE_CURVE ( 'NONE', #1794, #567, #2562, .T. ) ;
#1657 = DIRECTION ( 'NONE',  ( -1.000000000000000000, 0.000000000000000000, 1.102578480493733066E-16 ) ) ;
#1658 = EDGE_CURVE ( 'NONE', #2070, #3721, #3014, .T. ) ;
#1659 = ORIENTED_EDGE ( 'NONE', *, *, #2988, .F. ) ;
#1660 = DIRECTION ( 'NONE',  ( 1.000000000000000000, 0.000000000000000000, 0.000000000000000000 ) ) ;
#1661 = EDGE_CURVE ( 'NONE', #706, #818, #2436, .T. ) ;
#1662 = DIRECTION ( 'NONE',  ( 0.000000000000000000, 0.000000000000000000, -1.000000000000000000 ) ) ;
#1663 = DIRECTION ( 'NONE',  ( -1.000000000000000000, 0.000000000000000000, 0.000000000000000000 ) ) ;
#1664 = VERTEX_POINT ( 'NONE', #1577 ) ;
#1665 = CARTESIAN_POINT ( 'NONE',  ( -2.240000000000000213, 0.6099999999999999867, 2.750000000000000000 ) ) ;
#1666 = CARTESIAN_POINT ( 'NONE',  ( 1.540000000000000036, -2.500000000000000000, -2.750000000000000000 ) ) ;
#1667 = DIRECTION ( 'NONE',  ( 0.000000000000000000, 1.000000000000000000, 0.000000000000000000 ) ) ;
#1668 = PRESENTATION_LAYER_ASSIGNMENT (  '', '', ( #2274 ) ) ;
#1669 = DIRECTION ( 'NONE',  ( 1.000000000000000000, 0.000000000000000000, -1.508455196501571676E-16 ) ) ;
#1670 = LINE ( 'NONE', #3716, #2598 ) ;
#1671 = ORIENTED_EDGE ( 'NONE', *, *, #358, .T. ) ;
#1672 = CARTESIAN_POINT ( 'NONE',  ( 1.790000000000000036, 0.6099999999999999867, -2.750000000000000888 ) ) ;
#1673 = LINE ( 'NONE', #1692, #2831 ) ;
#1674 = VERTEX_POINT ( 'NONE', #2735 ) ;
#1675 = DIRECTION ( 'NONE',  ( 0.000000000000000000, 0.000000000000000000, -1.000000000000000000 ) ) ;
#1676 = VERTEX_POINT ( 'NONE', #129 ) ;
#1677 = PLANE ( 'NONE',  #1537 ) ;
#1678 = ORIENTED_EDGE ( 'NONE', *, *, #3700, .T. ) ;
#1679 = CARTESIAN_POINT ( 'NONE',  ( 3.290000000000000480, 0.6099999999999999867, -1.249999999999999778 ) ) ;
#1680 = EDGE_CURVE ( 'NONE', #612, #824, #1293, .T. ) ;
#1681 = AXIS2_PLACEMENT_3D ( 'NONE', #2526, #3619, #3695 ) ;
#1682 = DIRECTION ( 'NONE',  ( 0.000000000000000000, -1.000000000000000000, -0.000000000000000000 ) ) ;
#1683 = ORIENTED_EDGE ( 'NONE', *, *, #1507, .T. ) ;
#1684 = DIRECTION ( 'NONE',  ( -0.000000000000000000, -0.000000000000000000, 1.000000000000000000 ) ) ;
#1685 = DIRECTION ( 'NONE',  ( 1.000000000000000000, 0.000000000000000000, 0.000000000000000000 ) ) ;
#1686 = DIRECTION ( 'NONE',  ( -1.000000000000000000, 0.000000000000000000, 1.102578480493733066E-16 ) ) ;
#1687 = ADVANCED_FACE ( 'NONE', ( #2571 ), #3738, .F. ) ;
#1688 = CARTESIAN_POINT ( 'NONE',  ( 2.839999999999999858, 0.6300000000000000044, -2.750000000000000000 ) ) ;
#1689 = PLANE ( 'NONE',  #2092 ) ;
#1690 = ORIENTED_EDGE ( 'NONE', *, *, #3195, .T. ) ;
#1691 = DIRECTION ( 'NONE',  ( -1.000000000000000000, 0.000000000000000000, 1.102578480493733312E-16 ) ) ;
#1692 = CARTESIAN_POINT ( 'NONE',  ( 5.900000000000000355, 0.6300000000000000044, 2.749999999999998668 ) ) ;
#1693 = VECTOR ( 'NONE', #1436, 1000.000000000000000 ) ;
#1694 = ORIENTED_EDGE ( 'NONE', *, *, #2548, .F. ) ;
#1695 = DIRECTION ( 'NONE',  ( 1.000000000000000000, 0.000000000000000000, 0.000000000000000000 ) ) ;
#1696 = ORIENTED_EDGE ( 'NONE', *, *, #1383, .F. ) ;
#1697 = EDGE_LOOP ( 'NONE', ( #402, #1967, #353, #210 ) ) ;
#1698 = EDGE_CURVE ( 'NONE', #2911, #1739, #2509, .T. ) ;
#1699 = ORIENTED_EDGE ( 'NONE', *, *, #2331, .T. ) ;
#1700 = DIRECTION ( 'NONE',  ( 0.000000000000000000, 0.000000000000000000, -1.000000000000000000 ) ) ;
#1701 = DIRECTION ( 'NONE',  ( 0.000000000000000000, -0.000000000000000000, 1.000000000000000000 ) ) ;
#1702 = ORIENTED_EDGE ( 'NONE', *, *, #2352, .F. ) ;
#1703 = AXIS2_PLACEMENT_3D ( 'NONE', #1606, #1663, #3061 ) ;
#1704 = DIRECTION ( 'NONE',  ( -1.000000000000000000, 0.000000000000000000, 0.000000000000000000 ) ) ;
#1705 = CARTESIAN_POINT ( 'NONE',  ( 0.000000000000000000, 0.02000000000000000042, 0.000000000000000000 ) ) ;
#1706 = PLANE ( 'NONE',  #3204 ) ;
#1707 = CARTESIAN_POINT ( 'NONE',  ( 5.900000000000000355, 0.6099999999999999867, 2.749999999999998668 ) ) ;
#1708 = ADVANCED_FACE ( 'NONE', ( #1104 ), #504, .F. ) ;
#1709 = SURFACE_STYLE_USAGE ( .BOTH. , #3755 ) ;
#1710 = VECTOR ( 'NONE', #3115, 1000.000000000000000 ) ;
#1711 = ORIENTED_EDGE ( 'NONE', *, *, #60, .F. ) ;
#1712 = CARTESIAN_POINT ( 'NONE',  ( 2.540000000000000036, 0.6300000000000000044, -2.500000000000000000 ) ) ;
#1713 = DIRECTION ( 'NONE',  ( 0.000000000000000000, 1.000000000000000000, 0.000000000000000000 ) ) ;
#1714 = PLANE ( 'NONE',  #1533 ) ;
#1715 = ORIENTED_EDGE ( 'NONE', *, *, #274, .T. ) ;
#1716 = VERTEX_POINT ( 'NONE', #1634 ) ;
#1717 = VERTEX_POINT ( 'NONE', #3680 ) ;
#1718 = AXIS2_PLACEMENT_3D ( 'NONE', #3693, #2502, #3672 ) ;
#1719 = EDGE_CURVE ( 'NONE', #1090, #786, #3071, .T. ) ;
#1720 = VECTOR ( 'NONE', #3714, 1000.000000000000000 ) ;
#1721 = EDGE_CURVE ( 'NONE', #560, #3348, #1081, .T. ) ;
#1722 = DIRECTION ( 'NONE',  ( -0.000000000000000000, 1.000000000000000000, -0.000000000000000000 ) ) ;
#1723 = VECTOR ( 'NONE', #2459, 1000.000000000000000 ) ;
#1724 = DIRECTION ( 'NONE',  ( 1.000000000000000000, 0.000000000000000000, 0.000000000000000000 ) ) ;
#1725 = VERTEX_POINT ( 'NONE', #517 ) ;
#1726 = PLANE ( 'NONE',  #1550 ) ;
#1727 = DIRECTION ( 'NONE',  ( -1.000000000000000000, 0.000000000000000000, 0.000000000000000000 ) ) ;
#1728 = CARTESIAN_POINT ( 'NONE',  ( -3.290000000000000480, 0.6300000000000000044, 1.249999999999999778 ) ) ;
#1729 = CARTESIAN_POINT ( 'NONE',  ( -1.790000000000000036, 0.6300000000000000044, 2.749999999999999556 ) ) ;
#1730 = LINE ( 'NONE', #1445, #1126 ) ;
#1731 = VERTEX_POINT ( 'NONE', #2853 ) ;
#1732 = DIRECTION ( 'NONE',  ( -0.000000000000000000, -0.000000000000000000, 1.000000000000000000 ) ) ;
#1733 = PLANE ( 'NONE',  #3753 ) ;
#1734 = EDGE_CURVE ( 'NONE', #805, #1522, #1650, .T. ) ;
#1735 = ORIENTED_EDGE ( 'NONE', *, *, #3391, .T. ) ;
#1736 = EDGE_CURVE ( 'NONE', #1881, #962, #482, .T. ) ;
#1737 = AXIS2_PLACEMENT_3D ( 'NONE', #377, #59, #691 ) ;
#1738 = ORIENTED_EDGE ( 'NONE', *, *, #1168, .F. ) ;
#1739 = VERTEX_POINT ( 'NONE', #1672 ) ;
#1740 = VECTOR ( 'NONE', #1762, 1000.000000000000000 ) ;
#1741 = DIRECTION ( 'NONE',  ( -1.000000000000000000, 0.000000000000000000, 0.000000000000000000 ) ) ;
#1742 = CARTESIAN_POINT ( 'NONE',  ( 2.839999999999999858, 2.501000000000000778, 2.749999999999999112 ) ) ;
#1743 = EDGE_LOOP ( 'NONE', ( #2912, #535, #1767, #702, #3613, #3154 ) ) ;
#1744 = CARTESIAN_POINT ( 'NONE',  ( 2.839999999999999858, 0.6099999999999999867, 2.750000000000000000 ) ) ;
#1745 = EDGE_CURVE ( 'NONE', #2809, #672, #2280, .T. ) ;
#1746 = CARTESIAN_POINT ( 'NONE',  ( -2.540000000000000036, 0.000000000000000000, -2.750000000000000000 ) ) ;
#1747 = VECTOR ( 'NONE', #2867, 1000.000000000000000 ) ;
#1748 = VECTOR ( 'NONE', #1224, 1000.000000000000000 ) ;
#1749 = CARTESIAN_POINT ( 'NONE',  ( -3.290000000000000480, 0.6099999999999999867, -2.749999999999999556 ) ) ;
#1750 = ORIENTED_EDGE ( 'NONE', *, *, #983, .T. ) ;
#1751 = FILL_AREA_STYLE_COLOUR ( '', #417 ) ;
#1752 = DIRECTION ( 'NONE',  ( 1.000000000000000000, -0.000000000000000000, -1.102578480493733066E-16 ) ) ;
#1753 = VECTOR ( 'NONE', #277, 1000.000000000000000 ) ;
#1754 = AXIS2_PLACEMENT_3D ( 'NONE', #1810, #3509, #2665 ) ;
#1755 = VERTEX_POINT ( 'NONE', #2258 ) ;
#1756 = AXIS2_PLACEMENT_3D ( 'NONE', #1975, #1099, #2884 ) ;
#1757 = LINE ( 'NONE', #1878, #1838 ) ;
#1758 = ORIENTED_EDGE ( 'NONE', *, *, #3298, .T. ) ;
#1759 = ADVANCED_FACE ( 'NONE', ( #839 ), #225, .F. ) ;
#1760 = ORIENTED_EDGE ( 'NONE', *, *, #31, .F. ) ;
#1761 = ORIENTED_EDGE ( 'NONE', *, *, #3257, .T. ) ;
#1762 = DIRECTION ( 'NONE',  ( -1.000000000000000000, 0.000000000000000000, 0.000000000000000000 ) ) ;
#1763 = DIRECTION ( 'NONE',  ( -0.000000000000000000, -1.000000000000000000, -0.000000000000000000 ) ) ;
#1764 = DIRECTION ( 'NONE',  ( 0.000000000000000000, 0.000000000000000000, -1.000000000000000000 ) ) ;
#1765 = FACE_OUTER_BOUND ( 'NONE', #2377, .T. ) ;
#1766 = AXIS2_PLACEMENT_3D ( 'NONE', #735, #1863, #1824 ) ;
#1767 = ORIENTED_EDGE ( 'NONE', *, *, #1890, .T. ) ;
#1768 = FILL_AREA_STYLE_COLOUR ( '', #3227 ) ;
#1769 = CARTESIAN_POINT ( 'NONE',  ( -1.790000000000000036, 0.6099999999999999867, 2.749999999999999556 ) ) ;
#1770 = EDGE_CURVE ( 'NONE', #1299, #803, #2736, .T. ) ;
#1771 = EDGE_CURVE ( 'NONE', #1283, #3651, #3661, .T. ) ;
#1772 = VECTOR ( 'NONE', #3370, 1000.000000000000000 ) ;
#1773 = DIRECTION ( 'NONE',  ( 0.000000000000000000, 1.000000000000000000, -0.000000000000000000 ) ) ;
#1774 = FILL_AREA_STYLE ('',( #605 ) ) ;
#1775 = ORIENTED_EDGE ( 'NONE', *, *, #31, .T. ) ;
#1776 = PLANE ( 'NONE',  #3303 ) ;
#1777 = VERTEX_POINT ( 'NONE', #1712 ) ;
#1778 = EDGE_CURVE ( 'NONE', #489, #3125, #2871, .T. ) ;
#1779 = CARTESIAN_POINT ( 'NONE',  ( -1.540000000000000036, 0.02000000000000000042, -2.750000000000000000 ) ) ;
#1780 = ORIENTED_EDGE ( 'NONE', *, *, #582, .F. ) ;
#1781 = DIRECTION ( 'NONE',  ( -1.102578480493733312E-16, 0.000000000000000000, -1.000000000000000000 ) ) ;
#1782 = AXIS2_PLACEMENT_3D ( 'NONE', #2555, #3723, #2262 ) ;
#1783 = LINE ( 'NONE', #1223, #149 ) ;
#1784 = ORIENTED_EDGE ( 'NONE', *, *, #142, .F. ) ;
#1785 = LINE ( 'NONE', #3519, #974 ) ;
#1786 = LINE ( 'NONE', #2609, #2761 ) ;
#1787 = LINE ( 'NONE', #3309, #2049 ) ;
#1788 = CARTESIAN_POINT ( 'NONE',  ( -1.540000000000000036, 0.02000000000000000042, 1.250000000000000000 ) ) ;
#1789 = ORIENTED_EDGE ( 'NONE', *, *, #51, .F. ) ;
#1790 = EDGE_CURVE ( 'NONE', #3522, #818, #1410, .T. ) ;
#1791 = PRESENTATION_LAYER_ASSIGNMENT (  '', '', ( #1301 ) ) ;
#1792 = ORIENTED_EDGE ( 'NONE', *, *, #1942, .F. ) ;
#1793 = VECTOR ( 'NONE', #2973, 1000.000000000000000 ) ;
#1794 = VERTEX_POINT ( 'NONE', #2491 ) ;
#1795 = DIRECTION ( 'NONE',  ( -0.000000000000000000, 1.000000000000000000, -0.000000000000000000 ) ) ;
#1796 = ORIENTED_EDGE ( 'NONE', *, *, #2754, .T. ) ;
#1797 = DIRECTION ( 'NONE',  ( 1.000000000000000000, 0.000000000000000000, -1.084202172485504434E-16 ) ) ;
#1798 = FACE_OUTER_BOUND ( 'NONE', #3203, .T. ) ;
#1799 = ORIENTED_EDGE ( 'NONE', *, *, #1008, .F. ) ;
#1800 = CARTESIAN_POINT ( 'NONE',  ( -2.540000000000000036, 0.6099999999999999867, -2.750000000000000000 ) ) ;
#1801 = CARTESIAN_POINT ( 'NONE',  ( 1.790000000000000036, 0.6300000000000000044, -2.749999999999999556 ) ) ;
#1802 = CARTESIAN_POINT ( 'NONE',  ( 3.290000000000000480, 0.6300000000000000044, -1.249999999999999778 ) ) ;
#1803 = DIRECTION ( 'NONE',  ( 1.000000000000000000, -0.000000000000000000, 1.084202172485504434E-16 ) ) ;
#1804 = ORIENTED_EDGE ( 'NONE', *, *, #666, .F. ) ;
#1805 = CARTESIAN_POINT ( 'NONE',  ( 2.540000000000000036, 0.6099999999999999867, -2.750000000000000000 ) ) ;
#1806 = VERTEX_POINT ( 'NONE', #3155 ) ;
#1807 = VECTOR ( 'NONE', #103, 1000.000000000000000 ) ;
#1808 = ORIENTED_EDGE ( 'NONE', *, *, #2881, .F. ) ;
#1809 = VECTOR ( 'NONE', #102, 1000.000000000000000 ) ;
#1810 = CARTESIAN_POINT ( 'NONE',  ( 2.540000000000000036, 0.6099999999999998757, 2.750000000000000000 ) ) ;
#1811 = EDGE_CURVE ( 'NONE', #584, #3198, #3660, .T. ) ;
#1812 = EDGE_LOOP ( 'NONE', ( #3205, #157, #2531, #475 ) ) ;
#1813 = CARTESIAN_POINT ( 'NONE',  ( 1.540000000000000036, 0.02000000000000000042, -2.750000000000000000 ) ) ;
#1814 = CARTESIAN_POINT ( 'NONE',  ( 5.900000000000000355, 0.6099999999999999867, 2.749999999999998668 ) ) ;
#1815 = DIRECTION ( 'NONE',  ( 0.000000000000000000, 0.000000000000000000, -1.000000000000000000 ) ) ;
#1816 = ORIENTED_EDGE ( 'NONE', *, *, #405, .F. ) ;
#1817 = LINE ( 'NONE', #1548, #492 ) ;
#1818 = DIRECTION ( 'NONE',  ( -0.000000000000000000, -1.000000000000000000, -0.000000000000000000 ) ) ;
#1819 = EDGE_CURVE ( 'NONE', #2764, #1262, #2922, .T. ) ;
#1820 = MANIFOLD_SOLID_BREP ( 'Boss-Extrude2', #2206 ) ;
#1821 = VECTOR ( 'NONE', #3689, 1000.000000000000000 ) ;
#1822 = DIRECTION ( 'NONE',  ( -1.000000000000000000, 0.000000000000000000, 1.084202172485504557E-16 ) ) ;
#1823 = DIRECTION ( 'NONE',  ( 0.000000000000000000, -1.000000000000000000, 0.000000000000000000 ) ) ;
#1824 = DIRECTION ( 'NONE',  ( 0.000000000000000000, 0.000000000000000000, -1.000000000000000000 ) ) ;
#1825 = VECTOR ( 'NONE', #1381, 1000.000000000000000 ) ;
#1826 = ORIENTED_EDGE ( 'NONE', *, *, #3098, .F. ) ;
#1827 = CYLINDRICAL_SURFACE ( 'NONE', #930, 0.2499999999999997780 ) ;
#1828 = VERTEX_POINT ( 'NONE', #3501 ) ;
#1829 = DIRECTION ( 'NONE',  ( 0.000000000000000000, -1.000000000000000000, 0.000000000000000000 ) ) ;
#1830 = DIRECTION ( 'NONE',  ( -1.000000000000000000, 0.000000000000000000, 0.000000000000000000 ) ) ;
#1831 = VERTEX_POINT ( 'NONE', #9 ) ;
#1832 = CARTESIAN_POINT ( 'NONE',  ( 2.290000000000000480, 0.000000000000000000, 2.750000000000000000 ) ) ;
#1833 = DIRECTION ( 'NONE',  ( 0.000000000000000000, 0.000000000000000000, -1.000000000000000000 ) ) ;
#1834 = VERTEX_POINT ( 'NONE', #280 ) ;
#1835 = DIRECTION ( 'NONE',  ( -1.000000000000000000, 0.000000000000000000, 0.000000000000000000 ) ) ;
#1836 = AXIS2_PLACEMENT_3D ( 'NONE', #476, #1934, #2271 ) ;
#1837 = LINE ( 'NONE', #382, #653 ) ;
#1838 = VECTOR ( 'NONE', #1288, 1000.000000000000000 ) ;
#1839 = APPLICATION_CONTEXT ( 'automotive_design' ) ;
#1840 = DIRECTION ( 'NONE',  ( 0.000000000000000000, 0.000000000000000000, 1.000000000000000000 ) ) ;
#1841 = LINE ( 'NONE', #384, #600 ) ;
#1842 = ORIENTED_EDGE ( 'NONE', *, *, #373, .T. ) ;
#1843 = DIRECTION ( 'NONE',  ( -1.000000000000000000, 0.000000000000000000, 0.000000000000000000 ) ) ;
#1844 = EDGE_CURVE ( 'NONE', #3659, #3641, #1584, .T. ) ;
#1845 = VECTOR ( 'NONE', #628, 1000.000000000000000 ) ;
#1846 = VERTEX_POINT ( 'NONE', #2958 ) ;
#1847 = LINE ( 'NONE', #3569, #556 ) ;
#1848 = EDGE_CURVE ( 'NONE', #824, #167, #1785, .T. ) ;
#1849 = EDGE_CURVE ( 'NONE', #62, #3468, #3174, .T. ) ;
#1850 = CARTESIAN_POINT ( 'NONE',  ( -3.540000000000000036, 0.02000000000000000042, 1.249999999999999778 ) ) ;
#1851 = ORIENTED_EDGE ( 'NONE', *, *, #1227, .T. ) ;
#1852 = DIRECTION ( 'NONE',  ( 0.000000000000000000, 0.000000000000000000, 1.000000000000000000 ) ) ;
#1853 = CARTESIAN_POINT ( 'NONE',  ( -3.290000000000000480, 0.6300000000000000044, 1.249999999999999778 ) ) ;
#1854 = CARTESIAN_POINT ( 'NONE',  ( -2.540000000000000036, 0.02000000000000000042, 2.750000000000000000 ) ) ;
#1855 = ORIENTED_EDGE ( 'NONE', *, *, #3067, .F. ) ;
#1856 = PLANE ( 'NONE',  #2684 ) ;
#1857 = ADVANCED_FACE ( 'NONE', ( #2031 ), #3230, .T. ) ;
#1858 = AXIS2_PLACEMENT_3D ( 'NONE', #1960, #3117, #857 ) ;
#1859 = MANIFOLD_SOLID_BREP ( 'Cut-Extrude4', #374 ) ;
#1860 = DIRECTION ( 'NONE',  ( 0.000000000000000000, 0.000000000000000000, -1.000000000000000000 ) ) ;
#1861 = DIRECTION ( 'NONE',  ( 0.000000000000000000, 0.000000000000000000, 1.000000000000000000 ) ) ;
#1862 = ORIENTED_EDGE ( 'NONE', *, *, #1077, .F. ) ;
#1863 = DIRECTION ( 'NONE',  ( -0.000000000000000000, -1.000000000000000000, -0.000000000000000000 ) ) ;
#1864 = ORIENTED_EDGE ( 'NONE', *, *, #2954, .F. ) ;
#1865 = PRESENTATION_LAYER_ASSIGNMENT (  '', '', ( #2105 ) ) ;
#1866 = CARTESIAN_POINT ( 'NONE',  ( 1.790000000000000036, 0.6300000000000000044, -1.249999999999999778 ) ) ;
#1867 = CARTESIAN_POINT ( 'NONE',  ( 3.540000000000000036, 0.000000000000000000, -1.249999999999999778 ) ) ;
#1868 = EDGE_CURVE ( 'NONE', #489, #1147, #3538, .T. ) ;
#1869 = VERTEX_POINT ( 'NONE', #2299 ) ;
#1870 = VECTOR ( 'NONE', #662, 1000.000000000000000 ) ;
#1871 = CARTESIAN_POINT ( 'NONE',  ( -1.790000000000000036, 0.6300000000000000044, 2.749999999999999556 ) ) ;
#1872 = VECTOR ( 'NONE', #2599, 1000.000000000000000 ) ;
#1873 = DIRECTION ( 'NONE',  ( 1.000000000000000000, 0.000000000000000000, 0.000000000000000000 ) ) ;
#1874 = ORIENTED_EDGE ( 'NONE', *, *, #2016, .T. ) ;
#1875 = CARTESIAN_POINT ( 'NONE',  ( -3.290000000000000480, 0.6300000000000000044, 2.749999999999999556 ) ) ;
#1876 = DIRECTION ( 'NONE',  ( 1.000000000000000000, -0.000000000000000000, 0.000000000000000000 ) ) ;
#1877 = CARTESIAN_POINT ( 'NONE',  ( -3.290000000000000480, 0.6099999999999999867, -1.249999999999999778 ) ) ;
#1878 = CARTESIAN_POINT ( 'NONE',  ( -2.240000000000000213, 1.300820393249936702, -2.750000000000000000 ) ) ;
#1879 = DIRECTION ( 'NONE',  ( 1.000000000000000000, 0.000000000000000000, -0.000000000000000000 ) ) ;
#1880 = CARTESIAN_POINT ( 'NONE',  ( -3.290000000000000480, 0.6300000000000000044, -1.249999999999999778 ) ) ;
#1881 = VERTEX_POINT ( 'NONE', #2081 ) ;
#1882 = CARTESIAN_POINT ( 'NONE',  ( -1.540000000000000036, 0.000000000000000000, 2.750000000000000000 ) ) ;
#1883 = ADVANCED_FACE ( 'NONE', ( #1244 ), #3269, .F. ) ;
#1884 = FACE_OUTER_BOUND ( 'NONE', #2073, .T. ) ;
#1885 = VECTOR ( 'NONE', #2503, 1000.000000000000000 ) ;
#1886 = ORIENTED_EDGE ( 'NONE', *, *, #53, .T. ) ;
#1887 = DIRECTION ( 'NONE',  ( -0.000000000000000000, 1.000000000000000000, -0.000000000000000000 ) ) ;
#1888 = AXIS2_PLACEMENT_3D ( 'NONE', #1555, #2417, #952 ) ;
#1889 = ORIENTED_EDGE ( 'NONE', *, *, #1227, .F. ) ;
#1890 = EDGE_CURVE ( 'NONE', #1831, #3510, #1266, .T. ) ;
#1891 = EDGE_CURVE ( 'NONE', #652, #171, #2123, .T. ) ;
#1892 = ADVANCED_FACE ( 'NONE', ( #63 ), #677, .F. ) ;
#1893 = LINE ( 'NONE', #3129, #1825 ) ;
#1894 = EDGE_LOOP ( 'NONE', ( #2454, #215, #2691, #1235 ) ) ;
#1895 = DIRECTION ( 'NONE',  ( 1.000000000000000000, 0.000000000000000000, 0.000000000000000000 ) ) ;
#1896 = DIRECTION ( 'NONE',  ( -0.000000000000000000, -0.000000000000000000, -1.000000000000000000 ) ) ;
#1897 = CARTESIAN_POINT ( 'NONE',  ( 3.540000000000000036, -2.500000000000000000, 2.750000000000000000 ) ) ;
#1898 = EDGE_CURVE ( 'NONE', #3549, #2699, #1817, .T. ) ;
#1899 = DIRECTION ( 'NONE',  ( 0.000000000000000000, 0.000000000000000000, -1.000000000000000000 ) ) ;
#1900 = ORIENTED_EDGE ( 'NONE', *, *, #1680, .F. ) ;
#1901 = VECTOR ( 'NONE', #1643, 1000.000000000000000 ) ;
#1902 = CARTESIAN_POINT ( 'NONE',  ( 3.290000000000000480, 0.6099999999999999867, 1.249999999999999778 ) ) ;
#1903 = UNCERTAINTY_MEASURE_WITH_UNIT (LENGTH_MEASURE( 1.000000000000000082E-05 ), #1387, 'distance_accuracy_value', 'NONE');
#1904 = ORIENTED_EDGE ( 'NONE', *, *, #1622, .F. ) ;
#1905 = EDGE_CURVE ( 'NONE', #3510, #186, #2990, .T. ) ;
#1906 = DIRECTION ( 'NONE',  ( 1.000000000000000000, -0.000000000000000000, 1.084202172485504434E-16 ) ) ;
#1907 = VERTEX_POINT ( 'NONE', #396 ) ;
#1908 = ORIENTED_EDGE ( 'NONE', *, *, #1898, .T. ) ;
#1909 = ORIENTED_EDGE ( 'NONE', *, *, #485, .F. ) ;
#1910 = LINE ( 'NONE', #2762, #1821 ) ;
#1911 = CARTESIAN_POINT ( 'NONE',  ( -1.790000000000000036, 0.6300000000000000044, 1.249999999999999778 ) ) ;
#1912 = ORIENTED_EDGE ( 'NONE', *, *, #3391, .F. ) ;
#1913 = FACE_OUTER_BOUND ( 'NONE', #100, .T. ) ;
#1914 = PLANE ( 'NONE',  #603 ) ;
#1915 = LINE ( 'NONE', #1609, #452 ) ;
#1916 = VECTOR ( 'NONE', #1797, 1000.000000000000000 ) ;
#1917 = DIRECTION ( 'NONE',  ( 0.000000000000000000, 1.000000000000000000, 0.000000000000000000 ) ) ;
#1918 = SURFACE_STYLE_FILL_AREA ( #3423 ) ;
#1919 = ORIENTED_EDGE ( 'NONE', *, *, #3477, .F. ) ;
#1920 = VECTOR ( 'NONE', #3021, 1000.000000000000000 ) ;
#1921 = DIRECTION ( 'NONE',  ( 0.000000000000000000, 0.000000000000000000, 1.000000000000000000 ) ) ;
#1922 = DIRECTION ( 'NONE',  ( 0.000000000000000000, -0.000000000000000000, 1.000000000000000000 ) ) ;
#1923 = ORIENTED_EDGE ( 'NONE', *, *, #2667, .F. ) ;
#1924 = LINE ( 'NONE', #3079, #761 ) ;
#1925 = VECTOR ( 'NONE', #1686, 1000.000000000000000 ) ;
#1926 = VERTEX_POINT ( 'NONE', #3558 ) ;
#1927 = VECTOR ( 'NONE', #1408, 1000.000000000000000 ) ;
#1928 = ORIENTED_EDGE ( 'NONE', *, *, #3700, .F. ) ;
#1929 = ORIENTED_EDGE ( 'NONE', *, *, #2906, .T. ) ;
#1930 = ADVANCED_FACE ( 'NONE', ( #2977 ), #963, .F. ) ;
#1931 = AXIS2_PLACEMENT_3D ( 'NONE', #2786, #3676, #500 ) ;
#1932 = DIRECTION ( 'NONE',  ( 0.000000000000000000, -0.000000000000000000, -1.000000000000000000 ) ) ;
#1933 = ORIENTED_EDGE ( 'NONE', *, *, #2548, .T. ) ;
#1934 = DIRECTION ( 'NONE',  ( -0.000000000000000000, 1.000000000000000000, -0.000000000000000000 ) ) ;
#1935 = LINE ( 'NONE', #3732, #246 ) ;
#1936 = DIRECTION ( 'NONE',  ( 0.000000000000000000, -1.000000000000000000, 0.000000000000000000 ) ) ;
#1937 = CARTESIAN_POINT ( 'NONE',  ( -3.540000000000000036, 0.000000000000000000, -1.249999999999999778 ) ) ;
#1938 = CARTESIAN_POINT ( 'NONE',  ( 0.000000000000000000, 0.6300000000000000044, 0.000000000000000000 ) ) ;
#1939 = VERTEX_POINT ( 'NONE', #2745 ) ;
#1940 = DIRECTION ( 'NONE',  ( 0.000000000000000000, -1.000000000000000000, 0.000000000000000000 ) ) ;
#1941 = EDGE_CURVE ( 'NONE', #3717, #1717, #3009, .T. ) ;
#1942 = EDGE_CURVE ( 'NONE', #267, #2040, #1572, .T. ) ;
#1943 = DIRECTION ( 'NONE',  ( 0.000000000000000000, -1.000000000000000000, 0.000000000000000000 ) ) ;
#1944 = VERTEX_POINT ( 'NONE', #123 ) ;
#1945 = LINE ( 'NONE', #3684, #1354 ) ;
#1946 = ADVANCED_FACE ( 'NONE', ( #981 ), #1856, .F. ) ;
#1947 = ORIENTED_EDGE ( 'NONE', *, *, #420, .F. ) ;
#1948 = FACE_OUTER_BOUND ( 'NONE', #2580, .T. ) ;
#1949 = ORIENTED_EDGE ( 'NONE', *, *, #3387, .F. ) ;
#1950 = DIRECTION ( 'NONE',  ( 1.000000000000000000, 0.000000000000000000, -0.000000000000000000 ) ) ;
#1951 = AXIS2_PLACEMENT_3D ( 'NONE', #1980, #1370, #2551 ) ;
#1952 = CARTESIAN_POINT ( 'NONE',  ( 3.540000000000000036, -2.500000000000000000, -1.249999999999999778 ) ) ;
#1953 = ORIENTED_EDGE ( 'NONE', *, *, #3240, .T. ) ;
#1954 = PLANE ( 'NONE',  #1418 ) ;
#1955 = CARTESIAN_POINT ( 'NONE',  ( -5.750000000000000000, 0.6300000000000000044, 2.400000000000001243 ) ) ;
#1956 = LINE ( 'NONE', #2785, #2898 ) ;
#1957 = DIRECTION ( 'NONE',  ( 0.000000000000000000, 0.000000000000000000, 1.000000000000000000 ) ) ;
#1958 = ORIENTED_EDGE ( 'NONE', *, *, #1139, .T. ) ;
#1959 = DIRECTION ( 'NONE',  ( 0.000000000000000000, 0.000000000000000000, 1.000000000000000000 ) ) ;
#1960 = CARTESIAN_POINT ( 'NONE',  ( -2.540000000000000036, 1.300820393249936702, -2.750000000000000000 ) ) ;
#1961 = CARTESIAN_POINT ( 'NONE',  ( 2.290000000000000480, 0.000000000000000000, -2.750000000000000000 ) ) ;
#1962 = ORIENTED_EDGE ( 'NONE', *, *, #74, .T. ) ;
#1963 = ADVANCED_FACE ( 'NONE', ( #380 ), #3618, .F. ) ;
#1964 = CARTESIAN_POINT ( 'NONE',  ( -2.290000000000000480, 0.000000000000000000, -2.750000000000000000 ) ) ;
#1965 = PRESENTATION_LAYER_ASSIGNMENT (  '', '', ( #3178 ) ) ;
#1966 = ORIENTED_EDGE ( 'NONE', *, *, #2640, .T. ) ;
#1967 = ORIENTED_EDGE ( 'NONE', *, *, #1611, .F. ) ;
#1968 = ORIENTED_EDGE ( 'NONE', *, *, #1616, .T. ) ;
#1969 = EDGE_CURVE ( 'NONE', #109, #699, #101, .T. ) ;
#1970 = FACE_OUTER_BOUND ( 'NONE', #2060, .T. ) ;
#1971 = CARTESIAN_POINT ( 'NONE',  ( -1.540000000000000036, -2.500000000000000000, 2.750000000000000000 ) ) ;
#1972 = ORIENTED_EDGE ( 'NONE', *, *, #412, .T. ) ;
#1973 = LINE ( 'NONE', #2846, #3177 ) ;
#1974 = CARTESIAN_POINT ( 'NONE',  ( -1.540000000000000036, 0.02000000000000000042, -1.250000000000000000 ) ) ;
#1975 = CARTESIAN_POINT ( 'NONE',  ( 5.900000000000000355, 0.6300000000000000044, -2.750000000000001332 ) ) ;
#1976 = VECTOR ( 'NONE', #1632, 1000.000000000000000 ) ;
#1977 = CARTESIAN_POINT ( 'NONE',  ( -1.540000000000000036, 0.02000000000000000042, 1.250000000000000000 ) ) ;
#1978 =( NAMED_UNIT ( * ) PLANE_ANGLE_UNIT ( ) SI_UNIT ( $, .RADIAN. ) );
#1979 = VERTEX_POINT ( 'NONE', #730 ) ;
#1980 = CARTESIAN_POINT ( 'NONE',  ( 2.540000000000000036, 0.02000000000000000042, 2.750000000000000000 ) ) ;
#1981 = CARTESIAN_POINT ( 'NONE',  ( -5.750000000000000000, 0.6300000000000000044, 2.400000000000001243 ) ) ;
#1982 = ORIENTED_EDGE ( 'NONE', *, *, #3357, .F. ) ;
#1983 = CARTESIAN_POINT ( 'NONE',  ( 2.839999999999999858, 0.02000000000000000042, 2.750000000000000000 ) ) ;
#1984 = ORIENTED_EDGE ( 'NONE', *, *, #3171, .T. ) ;
#1985 = EDGE_CURVE ( 'NONE', #769, #2856, #999, .T. ) ;
#1986 = CARTESIAN_POINT ( 'NONE',  ( -3.540000000000000036, 0.02000000000000000042, -1.249999999999999778 ) ) ;
#1987 = PLANE ( 'NONE',  #3656 ) ;
#1988 = ORIENTED_EDGE ( 'NONE', *, *, #3111, .T. ) ;
#1989 = CARTESIAN_POINT ( 'NONE',  ( 2.540000000000000036, 1.300820393249936702, 2.750000000000000000 ) ) ;
#1990 = DIRECTION ( 'NONE',  ( 0.000000000000000000, -1.000000000000000000, 0.000000000000000000 ) ) ;
#1991 = LINE ( 'NONE', #1120, #1925 ) ;
#1992 = DIRECTION ( 'NONE',  ( 0.000000000000000000, -1.000000000000000000, 0.000000000000000000 ) ) ;
#1993 = CARTESIAN_POINT ( 'NONE',  ( -2.839999999999999858, 0.6099999999999998757, -2.750000000000000444 ) ) ;
#1994 = ORIENTED_EDGE ( 'NONE', *, *, #1107, .T. ) ;
#1995 = DIRECTION ( 'NONE',  ( -0.000000000000000000, -1.000000000000000000, -0.000000000000000000 ) ) ;
#1996 = PLANE ( 'NONE',  #1310 ) ;
#1997 = AXIS2_PLACEMENT_3D ( 'NONE', #3530, #630, #3547 ) ;
#1998 = FACE_OUTER_BOUND ( 'NONE', #3099, .T. ) ;
#1999 = ADVANCED_FACE ( 'NONE', ( #2429 ), #344, .F. ) ;
#2000 = VERTEX_POINT ( 'NONE', #1875 ) ;
#2001 = LINE ( 'NONE', #563, #2749 ) ;
#2002 = ORIENTED_EDGE ( 'NONE', *, *, #1770, .T. ) ;
#2003 = FACE_OUTER_BOUND ( 'NONE', #3473, .T. ) ;
#2004 = DIRECTION ( 'NONE',  ( 0.000000000000000000, 1.000000000000000000, 0.000000000000000000 ) ) ;
#2005 = ORIENTED_EDGE ( 'NONE', *, *, #671, .T. ) ;
#2006 = VECTOR ( 'NONE', #2272, 1000.000000000000000 ) ;
#2007 = EDGE_CURVE ( 'NONE', #1112, #2894, #2387, .T. ) ;
#2008 = DIRECTION ( 'NONE',  ( -0.000000000000000000, -1.000000000000000000, -0.000000000000000000 ) ) ;
#2009 = CARTESIAN_POINT ( 'NONE',  ( -1.540000000000000036, 0.02000000000000000042, 2.750000000000000000 ) ) ;
#2010 = CARTESIAN_POINT ( 'NONE',  ( -1.790000000000000036, 0.6099999999999999867, 2.749999999999999556 ) ) ;
#2011 = LINE ( 'NONE', #240, #1450 ) ;
#2012 = CARTESIAN_POINT ( 'NONE',  ( -2.240000000000000213, 0.6099999999999998757, -2.750000000000000444 ) ) ;
#2013 = VECTOR ( 'NONE', #700, 1000.000000000000000 ) ;
#2014 = ORIENTED_EDGE ( 'NONE', *, *, #1905, .F. ) ;
#2015 = FILL_AREA_STYLE ('',( #1768 ) ) ;
#2016 = EDGE_CURVE ( 'NONE', #20, #1422, #2674, .T. ) ;
#2017 = DIRECTION ( 'NONE',  ( 0.000000000000000000, 0.000000000000000000, 1.000000000000000000 ) ) ;
#2018 = ORIENTED_EDGE ( 'NONE', *, *, #1985, .T. ) ;
#2019 = ADVANCED_FACE ( 'NONE', ( #216 ), #1954, .F. ) ;
#2020 = ORIENTED_EDGE ( 'NONE', *, *, #2492, .F. ) ;
#2021 = AXIS2_PLACEMENT_3D ( 'NONE', #3342, #3635, #2729 ) ;
#2022 = AXIS2_PLACEMENT_3D ( 'NONE', #1276, #2439, #429 ) ;
#2023 = CARTESIAN_POINT ( 'NONE',  ( 3.290000000000000480, 0.6099999999999999867, 3.649999999999999911 ) ) ;
#2024 = DIRECTION ( 'NONE',  ( 0.000000000000000000, 0.000000000000000000, 1.000000000000000000 ) ) ;
#2025 = ORIENTED_EDGE ( 'NONE', *, *, #1848, .F. ) ;
#2026 = LINE ( 'NONE', #3751, #3259 ) ;
#2027 = CARTESIAN_POINT ( 'NONE',  ( 3.540000000000000036, 0.000000000000000000, 1.249999999999999778 ) ) ;
#2028 = DIRECTION ( 'NONE',  ( -0.000000000000000000, 1.000000000000000000, -0.000000000000000000 ) ) ;
#2029 = CARTESIAN_POINT ( 'NONE',  ( -3.540000000000000036, 0.000000000000000000, 2.750000000000000000 ) ) ;
#2030 = ORIENTED_EDGE ( 'NONE', *, *, #1107, .F. ) ;
#2031 = FACE_OUTER_BOUND ( 'NONE', #3727, .T. ) ;
#2032 = LINE ( 'NONE', #1801, #2093 ) ;
#2033 = AXIS2_PLACEMENT_3D ( 'NONE', #48, #2165, #1822 ) ;
#2034 = EDGE_CURVE ( 'NONE', #750, #742, #2232, .T. ) ;
#2035 = CARTESIAN_POINT ( 'NONE',  ( 1.540000000000000036, 0.02000000000000000042, -2.750000000000000000 ) ) ;
#2036 = ORIENTED_EDGE ( 'NONE', *, *, #3317, .T. ) ;
#2037 = DIRECTION ( 'NONE',  ( -0.000000000000000000, -1.000000000000000000, -0.000000000000000000 ) ) ;
#2038 = EDGE_CURVE ( 'NONE', #617, #598, #684, .T. ) ;
#2039 = ORIENTED_EDGE ( 'NONE', *, *, #650, .F. ) ;
#2040 = VERTEX_POINT ( 'NONE', #433 ) ;
#2041 = ORIENTED_EDGE ( 'NONE', *, *, #2589, .T. ) ;
#2042 = EDGE_CURVE ( 'NONE', #706, #267, #3439, .T. ) ;
#2043 = CARTESIAN_POINT ( 'NONE',  ( 5.900000000000000355, 0.6300000000000000044, 2.749999999999998668 ) ) ;
#2044 = CARTESIAN_POINT ( 'NONE',  ( 2.540000000000000036, 0.02000000000000005246, 2.750000000000000000 ) ) ;
#2045 = LINE ( 'NONE', #259, #398 ) ;
#2046 = VERTEX_POINT ( 'NONE', #1117 ) ;
#2047 = CARTESIAN_POINT ( 'NONE',  ( -2.540000000000000036, 1.300820393249936702, -2.750000000000000000 ) ) ;
#2048 = DIRECTION ( 'NONE',  ( 0.000000000000000000, 0.000000000000000000, 1.000000000000000000 ) ) ;
#2049 = VECTOR ( 'NONE', #65, 1000.000000000000000 ) ;
#2050 = EDGE_CURVE ( 'NONE', #3743, #1560, #2545, .T. ) ;
#2051 = AXIS2_PLACEMENT_3D ( 'NONE', #3184, #1741, #491 ) ;
#2052 = LINE ( 'NONE', #3329, #2812 ) ;
#2053 = ORIENTED_EDGE ( 'NONE', *, *, #861, .F. ) ;
#2054 = ORIENTED_EDGE ( 'NONE', *, *, #3539, .T. ) ;
#2055 = EDGE_CURVE ( 'NONE', #1339, #742, #2825, .T. ) ;
#2056 = CARTESIAN_POINT ( 'NONE',  ( -2.540000000000000036, 1.300820393249936702, 2.750000000000000000 ) ) ;
#2057 = ORIENTED_EDGE ( 'NONE', *, *, #990, .T. ) ;
#2058 = CARTESIAN_POINT ( 'NONE',  ( -2.540000000000000036, 0.02000000000000000042, 2.449999999999999734 ) ) ;
#2059 = DIRECTION ( 'NONE',  ( -1.000000000000000000, 0.000000000000000000, 1.508455196501571676E-16 ) ) ;
#2060 = EDGE_LOOP ( 'NONE', ( #1564, #3703, #1472, #2438 ) ) ;
#2061 = DIRECTION ( 'NONE',  ( -1.000000000000000000, 0.000000000000000000, 0.000000000000000000 ) ) ;
#2062 = AXIS2_PLACEMENT_3D ( 'NONE', #2879, #510, #2843 ) ;
#2063 = ORIENTED_EDGE ( 'NONE', *, *, #179, .T. ) ;
#2064 =( NAMED_UNIT ( * ) PLANE_ANGLE_UNIT ( ) SI_UNIT ( $, .RADIAN. ) );
#2065 = DIRECTION ( 'NONE',  ( -0.000000000000000000, -1.000000000000000000, -0.000000000000000000 ) ) ;
#2066 = AXIS2_PLACEMENT_3D ( 'NONE', #1800, #892, #909 ) ;
#2067 = DIRECTION ( 'NONE',  ( 1.000000000000000000, -0.000000000000000000, -1.102578480493733066E-16 ) ) ;
#2068 = DIRECTION ( 'NONE',  ( 0.000000000000000000, 1.000000000000000000, 0.000000000000000000 ) ) ;
#2069 = ORIENTED_EDGE ( 'NONE', *, *, #1771, .F. ) ;
#2070 = VERTEX_POINT ( 'NONE', #1665 ) ;
#2071 = CARTESIAN_POINT ( 'NONE',  ( 1.540000000000000036, 0.000000000000000000, -1.250000000000000000 ) ) ;
#2072 = EDGE_CURVE ( 'NONE', #2550, #208, #258, .T. ) ;
#2073 = EDGE_LOOP ( 'NONE', ( #3438, #2796, #860, #3024, #2930, #1966, #1041 ) ) ;
#2074 =( LENGTH_UNIT ( ) NAMED_UNIT ( * ) SI_UNIT ( .MILLI., .METRE. ) );
#2075 = PLANE ( 'NONE',  #1082 ) ;
#2076 = CIRCLE ( 'NONE', #1420, 0.2999999999999999334 ) ;
#2077 = EDGE_CURVE ( 'NONE', #2956, #1339, #1323, .T. ) ;
#2078 = PLANE ( 'NONE',  #1432 ) ;
#2079 = CARTESIAN_POINT ( 'NONE',  ( 2.240000000000000213, 0.6099999999999999867, -2.750000000000000000 ) ) ;
#2080 = ORIENTED_EDGE ( 'NONE', *, *, #1144, .F. ) ;
#2081 = CARTESIAN_POINT ( 'NONE',  ( 1.790000000000000036, 0.6300000000000000044, 2.749999999999999556 ) ) ;
#2082 = AXIS2_PLACEMENT_3D ( 'NONE', #250, #1068, #2818 ) ;
#2083 = DIRECTION ( 'NONE',  ( -0.000000000000000000, -1.000000000000000000, -0.000000000000000000 ) ) ;
#2084 = CARTESIAN_POINT ( 'NONE',  ( -3.540000000000000036, 0.000000000000000000, -1.249999999999999778 ) ) ;
#2085 = CARTESIAN_POINT ( 'NONE',  ( -2.540000000000000036, 0.6300000000000000044, 2.750000000000000000 ) ) ;
#2086 = FACE_OUTER_BOUND ( 'NONE', #954, .T. ) ;
#2087 = ORIENTED_EDGE ( 'NONE', *, *, #3156, .F. ) ;
#2088 = ADVANCED_FACE ( 'NONE', ( #3362 ), #2215, .F. ) ;
#2089 = PLANE ( 'NONE',  #2203 ) ;
#2090 = ORIENTED_EDGE ( 'NONE', *, *, #3298, .F. ) ;
#2091 = VECTOR ( 'NONE', #3639, 1000.000000000000000 ) ;
#2092 = AXIS2_PLACEMENT_3D ( 'NONE', #1479, #2869, #2850 ) ;
#2093 = VECTOR ( 'NONE', #576, 1000.000000000000000 ) ;
#2094 = ORIENTED_EDGE ( 'NONE', *, *, #940, .F. ) ;
#2095 = DIRECTION ( 'NONE',  ( 0.000000000000000000, 0.000000000000000000, 1.000000000000000000 ) ) ;
#2096 = EDGE_CURVE ( 'NONE', #3182, #1358, #619, .T. ) ;
#2097 = EDGE_LOOP ( 'NONE', ( #3173, #1484, #2583, #764 ) ) ;
#2098 = LINE ( 'NONE', #3228, #637 ) ;
#2099 = DIRECTION ( 'NONE',  ( 0.000000000000000000, 0.000000000000000000, -1.000000000000000000 ) ) ;
#2100 = EDGE_LOOP ( 'NONE', ( #2063, #1156, #2498, #1678 ) ) ;
#2101 = ORIENTED_EDGE ( 'NONE', *, *, #816, .T. ) ;
#2102 = DIRECTION ( 'NONE',  ( -0.000000000000000000, 0.000000000000000000, -1.000000000000000000 ) ) ;
#2103 = CARTESIAN_POINT ( 'NONE',  ( -5.750000000000000000, 17.46154083570727167, 2.400000000000001243 ) ) ;
#2104 = DIRECTION ( 'NONE',  ( 1.000000000000000000, -0.000000000000000000, -0.000000000000000000 ) ) ;
#2105 = STYLED_ITEM ( 'NONE', ( #2423 ), #1330 ) ;
#2106 = CARTESIAN_POINT ( 'NONE',  ( -2.240000000000000213, 0.6099999999999999867, -2.749999999999999556 ) ) ;
#2107 = LINE ( 'NONE', #3562, #1338 ) ;
#2108 = EDGE_LOOP ( 'NONE', ( #2985, #2349, #986, #2779 ) ) ;
#2109 = DIRECTION ( 'NONE',  ( 0.000000000000000000, 0.000000000000000000, 1.000000000000000000 ) ) ;
#2110 = ORIENTED_EDGE ( 'NONE', *, *, #3626, .F. ) ;
#2111 = VECTOR ( 'NONE', #364, 1000.000000000000000 ) ;
#2112 = ADVANCED_FACE ( 'NONE', ( #1913 ), #3711, .F. ) ;
#2113 = DIRECTION ( 'NONE',  ( 0.000000000000000000, 0.000000000000000000, 1.000000000000000000 ) ) ;
#2114 = VECTOR ( 'NONE', #495, 1000.000000000000000 ) ;
#2115 = VECTOR ( 'NONE', #2917, 1000.000000000000000 ) ;
#2116 = ORIENTED_EDGE ( 'NONE', *, *, #155, .F. ) ;
#2117 = FACE_OUTER_BOUND ( 'NONE', #1497, .T. ) ;
#2118 =( NAMED_UNIT ( * ) SI_UNIT ( $, .STERADIAN. ) SOLID_ANGLE_UNIT ( ) );
#2119 = DIRECTION ( 'NONE',  ( 0.000000000000000000, -1.000000000000000000, 0.000000000000000000 ) ) ;
#2120 = DIRECTION ( 'NONE',  ( 1.000000000000000000, 0.000000000000000000, 0.000000000000000000 ) ) ;
#2121 = EDGE_LOOP ( 'NONE', ( #2759, #1415, #1201, #1912, #1617, #3180, #3119 ) ) ;
#2122 = EDGE_CURVE ( 'NONE', #818, #2046, #2784, .T. ) ;
#2123 = LINE ( 'NONE', #2692, #2810 ) ;
#2124 = DIRECTION ( 'NONE',  ( 0.000000000000000000, 0.000000000000000000, -1.000000000000000000 ) ) ;
#2125 = DIRECTION ( 'NONE',  ( 0.000000000000000000, 0.000000000000000000, 1.000000000000000000 ) ) ;
#2126 = EDGE_CURVE ( 'NONE', #2179, #2148, #3358, .T. ) ;
#2127 = DIRECTION ( 'NONE',  ( 1.000000000000000000, 0.000000000000000000, -0.000000000000000000 ) ) ;
#2128 = ORIENTED_EDGE ( 'NONE', *, *, #84, .F. ) ;
#2129 = EDGE_CURVE ( 'NONE', #942, #1716, #1054, .T. ) ;
#2130 = FACE_OUTER_BOUND ( 'NONE', #3617, .T. ) ;
#2131 = STYLED_ITEM ( 'NONE', ( #1429 ), #1859 ) ;
#2132 = ORIENTED_EDGE ( 'NONE', *, *, #1647, .F. ) ;
#2133 = DIRECTION ( 'NONE',  ( 1.000000000000000000, 0.000000000000000000, -1.102578480493733312E-16 ) ) ;
#2134 = EDGE_CURVE ( 'NONE', #803, #2809, #3235, .T. ) ;
#2135 = ORIENTED_EDGE ( 'NONE', *, *, #2718, .F. ) ;
#2136 = CARTESIAN_POINT ( 'NONE',  ( 2.540000000000000036, 1.300820393249936702, 2.750000000000000000 ) ) ;
#2137 =( NAMED_UNIT ( * ) PLANE_ANGLE_UNIT ( ) SI_UNIT ( $, .RADIAN. ) );
#2138 = ORIENTED_EDGE ( 'NONE', *, *, #879, .T. ) ;
#2139 = CARTESIAN_POINT ( 'NONE',  ( 1.790000000000000036, 0.6300000000000000044, -2.749999999999999556 ) ) ;
#2140 = DIRECTION ( 'NONE',  ( 1.000000000000000000, 0.000000000000000000, -0.000000000000000000 ) ) ;
#2141 = EDGE_LOOP ( 'NONE', ( #1796, #900, #1816, #271 ) ) ;
#2142 = DIRECTION ( 'NONE',  ( -1.000000000000000000, 0.000000000000000000, 0.000000000000000000 ) ) ;
#2143 = AXIS2_PLACEMENT_3D ( 'NONE', #3131, #497, #1384 ) ;
#2144 = PLANE ( 'NONE',  #3457 ) ;
#2145 = AXIS2_PLACEMENT_3D ( 'NONE', #2319, #304, #2627 ) ;
#2146 = CARTESIAN_POINT ( 'NONE',  ( -1.790000000000000036, 0.6099999999999999867, 1.249999999999999778 ) ) ;
#2147 = CARTESIAN_POINT ( 'NONE',  ( -1.790000000000000036, 0.6099999999999999867, -2.749999999999999556 ) ) ;
#2148 = VERTEX_POINT ( 'NONE', #771 ) ;
#2149 = CARTESIAN_POINT ( 'NONE',  ( -3.290000000000000480, 0.6099999999999999867, 1.249999999999999778 ) ) ;
#2150 = EDGE_CURVE ( 'NONE', #1459, #2179, #3419, .T. ) ;
#2151 = ORIENTED_EDGE ( 'NONE', *, *, #1318, .F. ) ;
#2152 = CARTESIAN_POINT ( 'NONE',  ( 2.290000000000000480, 0.6300000000000000044, 2.750000000000000000 ) ) ;
#2153 = VECTOR ( 'NONE', #3368, 1000.000000000000000 ) ;
#2154 = CARTESIAN_POINT ( 'NONE',  ( 1.540000000000000036, 0.000000000000000000, 1.250000000000000000 ) ) ;
#2155 = VERTEX_POINT ( 'NONE', #794 ) ;
#2156 = DIRECTION ( 'NONE',  ( 0.000000000000000000, -1.000000000000000000, 0.000000000000000000 ) ) ;
#2157 = EDGE_CURVE ( 'NONE', #3102, #167, #1973, .T. ) ;
#2158 = EDGE_CURVE ( 'NONE', #470, #2834, #3226, .T. ) ;
#2159 = CARTESIAN_POINT ( 'NONE',  ( 3.290000000000000480, 0.6300000000000000044, -2.750000000000001332 ) ) ;
#2160 = ORIENTED_EDGE ( 'NONE', *, *, #189, .T. ) ;
#2161 = CARTESIAN_POINT ( 'NONE',  ( 1.790000000000000036, 0.6300000000000000044, -1.249999999999999778 ) ) ;
#2162 = LINE ( 'NONE', #2766, #1809 ) ;
#2163 = CARTESIAN_POINT ( 'NONE',  ( 3.540000000000000036, 0.000000000000000000, 1.249999999999999778 ) ) ;
#2164 = CARTESIAN_POINT ( 'NONE',  ( 3.540000000000000036, 0.02000000000000000042, -1.249999999999999778 ) ) ;
#2165 = DIRECTION ( 'NONE',  ( -1.084202172485504557E-16, 0.000000000000000000, -1.000000000000000000 ) ) ;
#2166 = CARTESIAN_POINT ( 'NONE',  ( 1.540000000000000036, 0.000000000000000000, 2.750000000000000000 ) ) ;
#2167 = ORIENTED_EDGE ( 'NONE', *, *, #274, .F. ) ;
#2168 = CARTESIAN_POINT ( 'NONE',  ( -2.790000000000000036, 1.300820393249936702, 2.750000000000000000 ) ) ;
#2169 = UNCERTAINTY_MEASURE_WITH_UNIT (LENGTH_MEASURE( 1.000000000000000082E-05 ), #1498, 'distance_accuracy_value', 'NONE');
#2170 = AXIS2_PLACEMENT_3D ( 'NONE', #2805, #2746, #2827 ) ;
#2171 = DIRECTION ( 'NONE',  ( 0.000000000000000000, 0.000000000000000000, -1.000000000000000000 ) ) ;
#2172 = EDGE_CURVE ( 'NONE', #3553, #1189, #3, .T. ) ;
#2173 = CARTESIAN_POINT ( 'NONE',  ( 2.540000000000000036, 0.02000000000000005246, 2.750000000000000000 ) ) ;
#2174 = EDGE_LOOP ( 'NONE', ( #251, #2870, #2637, #3262 ) ) ;
#2175 = EDGE_CURVE ( 'NONE', #3651, #1358, #1204, .T. ) ;
#2176 = AXIS2_PLACEMENT_3D ( 'NONE', #2173, #2775, #3353 ) ;
#2177 = APPLICATION_PROTOCOL_DEFINITION ( 'draft international standard', 'automotive_design', 1998, #1839 ) ;
#2178 = DIRECTION ( 'NONE',  ( -1.445602896647339508E-15, 0.000000000000000000, -1.000000000000000000 ) ) ;
#2179 = VERTEX_POINT ( 'NONE', #2058 ) ;
#2180 = CARTESIAN_POINT ( 'NONE',  ( 2.290000000000000480, 1.300820393249936702, 2.750000000000000000 ) ) ;
#2181 = CARTESIAN_POINT ( 'NONE',  ( 1.790000000000000036, 0.6099999999999999867, 2.749999999999999556 ) ) ;
#2182 = CARTESIAN_POINT ( 'NONE',  ( 3.540000000000000036, 0.000000000000000000, 1.249999999999999778 ) ) ;
#2183 = CARTESIAN_POINT ( 'NONE',  ( -1.540000000000000036, 0.000000000000000000, 1.250000000000000000 ) ) ;
#2184 = EDGE_CURVE ( 'NONE', #2040, #2864, #3504, .T. ) ;
#2185 = ORIENTED_EDGE ( 'NONE', *, *, #60, .T. ) ;
#2186 = LINE ( 'NONE', #2473, #122 ) ;
#2187 = VECTOR ( 'NONE', #2566, 1000.000000000000000 ) ;
#2188 = ORIENTED_EDGE ( 'NONE', *, *, #1736, .F. ) ;
#2189 = FACE_OUTER_BOUND ( 'NONE', #303, .T. ) ;
#2190 = ORIENTED_EDGE ( 'NONE', *, *, #2158, .T. ) ;
#2191 = AXIS2_PLACEMENT_3D ( 'NONE', #819, #3137, #1921 ) ;
#2192 = EDGE_LOOP ( 'NONE', ( #2002, #3465, #615, #1851, #785, #1576, #297 ) ) ;
#2193 = CARTESIAN_POINT ( 'NONE',  ( -2.540000000000000036, 0.6300000000000000044, -2.750000000000000000 ) ) ;
#2194 = DIRECTION ( 'NONE',  ( -1.000000000000000000, 0.000000000000000000, -1.084202172485504434E-16 ) ) ;
#2195 = ORIENTED_EDGE ( 'NONE', *, *, #2640, .F. ) ;
#2196 = DIRECTION ( 'NONE',  ( 0.000000000000000000, 0.000000000000000000, -1.000000000000000000 ) ) ;
#2197 = CARTESIAN_POINT ( 'NONE',  ( -2.540000000000000036, 0.6099999999999999867, 2.450000000000000622 ) ) ;
#2198 = CARTESIAN_POINT ( 'NONE',  ( -1.540000000000000036, 0.02000000000000000042, -2.750000000000000000 ) ) ;
#2199 = FACE_OUTER_BOUND ( 'NONE', #2554, .T. ) ;
#2200 = ORIENTED_EDGE ( 'NONE', *, *, #3720, .T. ) ;
#2201 = AXIS2_PLACEMENT_3D ( 'NONE', #812, #2251, #3383 ) ;
#2202 = DIRECTION ( 'NONE',  ( -0.000000000000000000, 0.000000000000000000, 1.000000000000000000 ) ) ;
#2203 = AXIS2_PLACEMENT_3D ( 'NONE', #1805, #32, #2966 ) ;
#2204 = ADVANCED_FACE ( 'NONE', ( #256 ), #887, .F. ) ;
#2205 = ORIENTED_EDGE ( 'NONE', *, *, #748, .F. ) ;
#2206 = CLOSED_SHELL ( 'NONE', ( #2559, #1167, #1194, #1687, #427, #1348 ) ) ;
#2207 = DIRECTION ( 'NONE',  ( 0.000000000000000000, -1.000000000000000000, 0.000000000000000000 ) ) ;
#2208 = EDGE_LOOP ( 'NONE', ( #3777, #89, #424, #329 ) ) ;
#2209 = CARTESIAN_POINT ( 'NONE',  ( 5.900000000000000355, 0.6300000000000000044, -2.750000000000001332 ) ) ;
#2210 = ORIENTED_EDGE ( 'NONE', *, *, #2560, .F. ) ;
#2211 = ADVANCED_FACE ( 'NONE', ( #1475 ), #312, .F. ) ;
#2212 = EDGE_CURVE ( 'NONE', #1926, #2550, #3187, .T. ) ;
#2213 = CARTESIAN_POINT ( 'NONE',  ( 2.540000000000000036, 0.6300000000000000044, 2.500000000000000000 ) ) ;
#2214 = ORIENTED_EDGE ( 'NONE', *, *, #490, .T. ) ;
#2215 = CYLINDRICAL_SURFACE ( 'NONE', #2379, 0.2999999999999999334 ) ;
#2216 = DIRECTION ( 'NONE',  ( 0.000000000000000000, -0.000000000000000000, 1.000000000000000000 ) ) ;
#2217 = CYLINDRICAL_SURFACE ( 'NONE', #1085, 0.2999999999999999334 ) ;
#2218 = LINE ( 'NONE', #3386, #2905 ) ;
#2219 = CARTESIAN_POINT ( 'NONE',  ( 5.900000000000000355, 0.6300000000000000044, -2.750000000000001332 ) ) ;
#2220 = VERTEX_POINT ( 'NONE', #1744 ) ;
#2221 = AXIS2_PLACEMENT_3D ( 'NONE', #3263, #393, #3573 ) ;
#2222 = EDGE_CURVE ( 'NONE', #529, #1219, #2026, .T. ) ;
#2223 = ORIENTED_EDGE ( 'NONE', *, *, #746, .T. ) ;
#2224 = CARTESIAN_POINT ( 'NONE',  ( -2.540000000000000036, 0.000000000000000000, 2.750000000000000000 ) ) ;
#2225 = AXIS2_PLACEMENT_3D ( 'NONE', #3169, #1441, #2848 ) ;
#2226 = AXIS2_PLACEMENT_3D ( 'NONE', #640, #1570, #961 ) ;
#2227 = CARTESIAN_POINT ( 'NONE',  ( -1.790000000000000036, 0.6300000000000000044, 2.749999999999999556 ) ) ;
#2228 = EDGE_LOOP ( 'NONE', ( #1046, #2987, #1659, #3341 ) ) ;
#2229 = VECTOR ( 'NONE', #1171, 1000.000000000000000 ) ;
#2230 = DIRECTION ( 'NONE',  ( -1.000000000000000000, 0.000000000000000000, 0.000000000000000000 ) ) ;
#2231 = VERTEX_POINT ( 'NONE', #1152 ) ;
#2232 = LINE ( 'NONE', #3652, #12 ) ;
#2233 = CARTESIAN_POINT ( 'NONE',  ( 2.240000000000000213, 2.501000000000000778, -2.750000000000000888 ) ) ;
#2234 = CARTESIAN_POINT ( 'NONE',  ( -1.790000000000000036, 0.6300000000000000044, 1.249999999999999778 ) ) ;
#2235 = EDGE_CURVE ( 'NONE', #520, #962, #3167, .T. ) ;
#2236 = CARTESIAN_POINT ( 'NONE',  ( 5.900000000000000355, 0.6300000000000000044, -2.750000000000001332 ) ) ;
#2237 = CARTESIAN_POINT ( 'NONE',  ( 5.900000000000000355, 0.6099999999999999867, 2.749999999999998668 ) ) ;
#2238 = EDGE_LOOP ( 'NONE', ( #3593, #1452, #1919, #3229 ) ) ;
#2239 = ADVANCED_FACE ( 'NONE', ( #2921 ), #3496, .F. ) ;
#2240 = CARTESIAN_POINT ( 'NONE',  ( 3.540000000000000036, 0.02000000000000000042, -2.750000000000000000 ) ) ;
#2241 = ADVANCED_FACE ( 'NONE', ( #2865 ), #3474, .F. ) ;
#2242 = VERTEX_POINT ( 'NONE', #548 ) ;
#2243 = ORIENTED_EDGE ( 'NONE', *, *, #2893, .T. ) ;
#2244 = VECTOR ( 'NONE', #3709, 1000.000000000000000 ) ;
#2245 = VERTEX_POINT ( 'NONE', #2634 ) ;
#2246 = CARTESIAN_POINT ( 'NONE',  ( -2.839999999999999858, 1.300820393249936702, 2.750000000000000000 ) ) ;
#2247 = VECTOR ( 'NONE', #244, 1000.000000000000000 ) ;
#2248 = ADVANCED_FACE ( 'NONE', ( #2346 ), #1726, .F. ) ;
#2249 = PLANE ( 'NONE',  #1703 ) ;
#2250 = EDGE_LOOP ( 'NONE', ( #2402, #1314, #3186, #505 ) ) ;
#2251 = DIRECTION ( 'NONE',  ( -0.000000000000000000, -1.000000000000000000, -0.000000000000000000 ) ) ;
#2252 = FACE_OUTER_BOUND ( 'NONE', #183, .T. ) ;
#2253 = DIRECTION ( 'NONE',  ( -0.000000000000000000, -1.000000000000000000, -0.000000000000000000 ) ) ;
#2254 = CARTESIAN_POINT ( 'NONE',  ( -1.790000000000000036, 0.6300000000000000044, -1.249999999999999778 ) ) ;
#2255 = CARTESIAN_POINT ( 'NONE',  ( 5.750000000000000000, 2.500000000000000444, -2.400000000000000355 ) ) ;
#2256 = DIRECTION ( 'NONE',  ( 0.000000000000000000, 0.000000000000000000, -1.000000000000000000 ) ) ;
#2257 = ORIENTED_EDGE ( 'NONE', *, *, #3574, .F. ) ;
#2258 = CARTESIAN_POINT ( 'NONE',  ( 5.750000000000000000, 0.6300000000000000044, -2.400000000000000355 ) ) ;
#2259 = EDGE_CURVE ( 'NONE', #2231, #529, #272, .T. ) ;
#2260 = ORIENTED_EDGE ( 'NONE', *, *, #358, .F. ) ;
#2261 = AXIS2_PLACEMENT_3D ( 'NONE', #321, #1487, #2647 ) ;
#2262 = DIRECTION ( 'NONE',  ( 0.000000000000000000, 0.000000000000000000, 1.000000000000000000 ) ) ;
#2263 = CIRCLE ( 'NONE', #2873, 0.2499999999999997780 ) ;
#2264 = EDGE_LOOP ( 'NONE', ( #833, #1145, #1417, #3556 ) ) ;
#2265 = ORIENTED_EDGE ( 'NONE', *, *, #1790, .T. ) ;
#2266 = LINE ( 'NONE', #1502, #52 ) ;
#2267 = ORIENTED_EDGE ( 'NONE', *, *, #155, .T. ) ;
#2268 = LINE ( 'NONE', #2540, #1199 ) ;
#2269 = CARTESIAN_POINT ( 'NONE',  ( 3.540000000000000036, 0.000000000000000000, -2.750000000000000000 ) ) ;
#2270 = ORIENTED_EDGE ( 'NONE', *, *, #133, .T. ) ;
#2271 = DIRECTION ( 'NONE',  ( 0.000000000000000000, 0.000000000000000000, -1.000000000000000000 ) ) ;
#2272 = DIRECTION ( 'NONE',  ( 0.000000000000000000, 0.000000000000000000, -1.000000000000000000 ) ) ;
#2273 = CYLINDRICAL_SURFACE ( 'NONE', #2535, 0.2999999999999999334 ) ;
#2274 = STYLED_ITEM ( 'NONE', ( #181 ), #590 ) ;
#2275 = DIRECTION ( 'NONE',  ( 0.000000000000000000, -1.000000000000000000, 0.000000000000000000 ) ) ;
#2276 = ADVANCED_FACE ( 'NONE', ( #2651 ), #40, .F. ) ;
#2277 = EDGE_CURVE ( 'NONE', #2155, #1731, #531, .T. ) ;
#2278 = CARTESIAN_POINT ( 'NONE',  ( 1.790000000000000036, 0.6099999999999999867, 1.249999999999999778 ) ) ;
#2279 = ORIENTED_EDGE ( 'NONE', *, *, #3068, .T. ) ;
#2280 = LINE ( 'NONE', #2811, #609 ) ;
#2281 = AXIS2_PLACEMENT_3D ( 'NONE', #3596, #79, #616 ) ;
#2282 = AXIS2_PLACEMENT_3D ( 'NONE', #226, #1582, #3406 ) ;
#2283 = EDGE_LOOP ( 'NONE', ( #311, #2666, #792, #362, #544, #2477, #1947 ) ) ;
#2284 = CARTESIAN_POINT ( 'NONE',  ( -3.540000000000000036, 0.000000000000000000, 1.249999999999999778 ) ) ;
#2285 = ORIENTED_EDGE ( 'NONE', *, *, #2725, .T. ) ;
#2286 = ORIENTED_EDGE ( 'NONE', *, *, #2773, .F. ) ;
#2287 = EDGE_CURVE ( 'NONE', #3143, #1459, #3567, .T. ) ;
#2288 = DIRECTION ( 'NONE',  ( -1.000000000000000000, 0.000000000000000000, -0.000000000000000000 ) ) ;
#2289 = EDGE_LOOP ( 'NONE', ( #629, #3685, #3445, #93 ) ) ;
#2290 = CARTESIAN_POINT ( 'NONE',  ( 1.790000000000000036, 0.6300000000000000044, 1.249999999999999778 ) ) ;
#2291 = CARTESIAN_POINT ( 'NONE',  ( 1.540000000000000036, -2.500000000000000000, -2.750000000000000000 ) ) ;
#2292 = VERTEX_POINT ( 'NONE', #2463 ) ;
#2293 = CARTESIAN_POINT ( 'NONE',  ( 0.000000000000000000, 0.6099999999999999867, 0.000000000000000000 ) ) ;
#2294 = LINE ( 'NONE', #3168, #2792 ) ;
#2295 = CARTESIAN_POINT ( 'NONE',  ( -3.290000000000000480, 0.6300000000000000044, -2.750000000000001332 ) ) ;
#2296 = AXIS2_PLACEMENT_3D ( 'NONE', #1746, #1442, #1477 ) ;
#2297 =( NAMED_UNIT ( * ) SI_UNIT ( $, .STERADIAN. ) SOLID_ANGLE_UNIT ( ) );
#2298 = ORIENTED_EDGE ( 'NONE', *, *, #1182, .T. ) ;
#2299 = CARTESIAN_POINT ( 'NONE',  ( 2.240000000000000213, 0.02000000000000005246, -2.750000000000000888 ) ) ;
#2300 = DIRECTION ( 'NONE',  ( 0.000000000000000000, -0.000000000000000000, 1.000000000000000000 ) ) ;
#2301 = VECTOR ( 'NONE', #2936, 1000.000000000000000 ) ;
#2302 = ADVANCED_FACE ( 'NONE', ( #1238 ), #2381, .F. ) ;
#2303 = CARTESIAN_POINT ( 'NONE',  ( -1.540000000000000036, -2.500000000000000000, -1.250000000000000000 ) ) ;
#2304 = ORIENTED_EDGE ( 'NONE', *, *, #2150, .T. ) ;
#2305 = VERTEX_POINT ( 'NONE', #976 ) ;
#2306 = DIRECTION ( 'NONE',  ( 0.000000000000000000, 0.000000000000000000, -1.000000000000000000 ) ) ;
#2307 = AXIS2_PLACEMENT_3D ( 'NONE', #2434, #3606, #950 ) ;
#2308 = LINE ( 'NONE', #3458, #1517 ) ;
#2309 = ORIENTED_EDGE ( 'NONE', *, *, #420, .T. ) ;
#2310 = VECTOR ( 'NONE', #3400, 1000.000000000000000 ) ;
#2311 = CARTESIAN_POINT ( 'NONE',  ( -2.540000000000000036, 0.6099999999999999867, 2.750000000000000000 ) ) ;
#2312 = FACE_OUTER_BOUND ( 'NONE', #3542, .T. ) ;
#2313 = DIRECTION ( 'NONE',  ( 0.000000000000000000, 0.000000000000000000, -1.000000000000000000 ) ) ;
#2314 = ORIENTED_EDGE ( 'NONE', *, *, #2440, .F. ) ;
#2315 = DIRECTION ( 'NONE',  ( -0.000000000000000000, 1.000000000000000000, -0.000000000000000000 ) ) ;
#2316 = CARTESIAN_POINT ( 'NONE',  ( 0.000000000000000000, 0.000000000000000000, 0.000000000000000000 ) ) ;
#2317 = LINE ( 'NONE', #317, #3489 ) ;
#2318 = ORIENTED_EDGE ( 'NONE', *, *, #1365, .T. ) ;
#2319 = CARTESIAN_POINT ( 'NONE',  ( 2.540000000000000036, 0.6300000000000000044, -2.750000000000000000 ) ) ;
#2320 = EDGE_LOOP ( 'NONE', ( #1116, #3645, #3705, #822 ) ) ;
#2321 = ADVANCED_FACE ( 'NONE', ( #2117 ), #3550, .T. ) ;
#2322 = EDGE_CURVE ( 'NONE', #339, #1579, #3245, .T. ) ;
#2323 = ORIENTED_EDGE ( 'NONE', *, *, #1941, .T. ) ;
#2324 = AXIS2_PLACEMENT_3D ( 'NONE', #2161, #3307, #713 ) ;
#2325 = LINE ( 'NONE', #211, #3704 ) ;
#2326 = AXIS2_PLACEMENT_3D ( 'NONE', #2553, #3427, #1922 ) ;
#2327 = ORIENTED_EDGE ( 'NONE', *, *, #3183, .F. ) ;
#2328 = CARTESIAN_POINT ( 'NONE',  ( -1.790000000000000036, 0.6099999999999999867, 1.249999999999999778 ) ) ;
#2329 = CARTESIAN_POINT ( 'NONE',  ( 3.290000000000000480, 0.6300000000000000044, 3.649999999999999911 ) ) ;
#2330 = DIRECTION ( 'NONE',  ( 0.000000000000000000, 1.000000000000000000, -0.000000000000000000 ) ) ;
#2331 = EDGE_CURVE ( 'NONE', #1422, #3159, #2740, .T. ) ;
#2332 = ADVANCED_FACE ( 'NONE', ( #939 ), #3321, .T. ) ;
#2333 = VERTEX_POINT ( 'NONE', #1279 ) ;
#2334 = CARTESIAN_POINT ( 'NONE',  ( 5.900000000000000355, 0.6300000000000000044, 2.749999999999998668 ) ) ;
#2335 = VECTOR ( 'NONE', #2067, 1000.000000000000000 ) ;
#2336 = CARTESIAN_POINT ( 'NONE',  ( -3.290000000000000480, 0.6300000000000000044, 1.249999999999999778 ) ) ;
#2337 = ORIENTED_EDGE ( 'NONE', *, *, #3774, .F. ) ;
#2338 = EDGE_CURVE ( 'NONE', #3095, #3549, #3615, .T. ) ;
#2339 = PRESENTATION_STYLE_ASSIGNMENT (( #2931 ) ) ;
#2340 = ORIENTED_EDGE ( 'NONE', *, *, #2644, .T. ) ;
#2341 = LINE ( 'NONE', #1505, #992 ) ;
#2342 = ORIENTED_EDGE ( 'NONE', *, *, #1340, .T. ) ;
#2343 = VECTOR ( 'NONE', #2675, 1000.000000000000000 ) ;
#2344 = DIRECTION ( 'NONE',  ( -1.000000000000000000, 0.000000000000000000, 1.102578480493733312E-16 ) ) ;
#2345 = ORIENTED_EDGE ( 'NONE', *, *, #3765, .F. ) ;
#2346 = FACE_OUTER_BOUND ( 'NONE', #878, .T. ) ;
#2347 = CARTESIAN_POINT ( 'NONE',  ( 0.000000000000000000, 0.6300000000000000044, 0.000000000000000000 ) ) ;
#2348 = VECTOR ( 'NONE', #3441, 1000.000000000000000 ) ;
#2349 = ORIENTED_EDGE ( 'NONE', *, *, #1340, .F. ) ;
#2350 = ORIENTED_EDGE ( 'NONE', *, *, #1213, .F. ) ;
#2351 = CARTESIAN_POINT ( 'NONE',  ( -1.540000000000000036, 0.02000000000000000042, 1.250000000000000000 ) ) ;
#2352 = EDGE_CURVE ( 'NONE', #20, #3721, #710, .T. ) ;
#2353 = LINE ( 'NONE', #3521, #2335 ) ;
#2354 = VECTOR ( 'NONE', #2468, 1000.000000000000000 ) ;
#2355 = AXIS2_PLACEMENT_3D ( 'NONE', #1419, #3127, #848 ) ;
#2356 = LINE ( 'NONE', #333, #1230 ) ;
#2357 = EDGE_CURVE ( 'NONE', #673, #507, #1300, .T. ) ;
#2358 = ORIENTED_EDGE ( 'NONE', *, *, #212, .T. ) ;
#2359 = ORIENTED_EDGE ( 'NONE', *, *, #2525, .F. ) ;
#2360 = FACE_OUTER_BOUND ( 'NONE', #2395, .T. ) ;
#2361 = ORIENTED_EDGE ( 'NONE', *, *, #310, .T. ) ;
#2362 = DIRECTION ( 'NONE',  ( 1.000000000000000000, 0.000000000000000000, 0.000000000000000000 ) ) ;
#2363 = SURFACE_STYLE_FILL_AREA ( #635 ) ;
#2364 = PLANE ( 'NONE',  #3058 ) ;
#2365 = ADVANCED_FACE ( 'NONE', ( #2951 ), #3426, .F. ) ;
#2366 = VECTOR ( 'NONE', #197, 1000.000000000000000 ) ;
#2367 = CARTESIAN_POINT ( 'NONE',  ( 3.540000000000000036, 0.02000000000000000042, -2.750000000000000000 ) ) ;
#2368 = ORIENTED_EDGE ( 'NONE', *, *, #953, .T. ) ;
#2369 = FILL_AREA_STYLE ('',( #1751 ) ) ;
#2370 = CARTESIAN_POINT ( 'NONE',  ( 1.790000000000000036, 0.6099999999999999867, -2.749999999999999556 ) ) ;
#2371 = VECTOR ( 'NONE', #1691, 1000.000000000000000 ) ;
#2372 = FACE_OUTER_BOUND ( 'NONE', #2289, .T. ) ;
#2373 = ORIENTED_EDGE ( 'NONE', *, *, #91, .F. ) ;
#2374 = DIRECTION ( 'NONE',  ( 0.000000000000000000, 0.000000000000000000, -1.000000000000000000 ) ) ;
#2375 = EDGE_LOOP ( 'NONE', ( #1373, #308, #3410, #2501, #1012, #2337, #1808 ) ) ;
#2376 = DIRECTION ( 'NONE',  ( 0.000000000000000000, 0.000000000000000000, 1.000000000000000000 ) ) ;
#2377 = EDGE_LOOP ( 'NONE', ( #255, #3745, #2014, #325 ) ) ;
#2378 = LINE ( 'NONE', #335, #2301 ) ;
#2379 = AXIS2_PLACEMENT_3D ( 'NONE', #751, #1073, #2196 ) ;
#2380 = EDGE_LOOP ( 'NONE', ( #1038, #3418, #828, #13 ) ) ;
#2381 = PLANE ( 'NONE',  #3688 ) ;
#2382 = FACE_OUTER_BOUND ( 'NONE', #1812, .T. ) ;
#2383 = ORIENTED_EDGE ( 'NONE', *, *, #1056, .F. ) ;
#2384 = DIRECTION ( 'NONE',  ( -1.000000000000000000, 0.000000000000000000, 1.084202172485504434E-16 ) ) ;
#2385 = FACE_OUTER_BOUND ( 'NONE', #430, .T. ) ;
#2386 = ORIENTED_EDGE ( 'NONE', *, *, #3128, .F. ) ;
#2387 = LINE ( 'NONE', #3025, #2630 ) ;
#2388 = VECTOR ( 'NONE', #1620, 1000.000000000000000 ) ;
#2389 = FACE_OUTER_BOUND ( 'NONE', #121, .T. ) ;
#2390 = CARTESIAN_POINT ( 'NONE',  ( -3.289999999999999591, 0.6300000000000000044, -2.750000000000000444 ) ) ;
#2391 = ADVANCED_FACE ( 'NONE', ( #2552 ), #3466, .F. ) ;
#2392 = CARTESIAN_POINT ( 'NONE',  ( 1.790000000000000036, 0.6099999999999999867, -2.749999999999999556 ) ) ;
#2393 = CARTESIAN_POINT ( 'NONE',  ( 2.540000000000000036, 0.02000000000000000042, 2.750000000000000000 ) ) ;
#2394 = EDGE_LOOP ( 'NONE', ( #2069, #3698, #292, #2577 ) ) ;
#2395 = EDGE_LOOP ( 'NONE', ( #2094, #154, #1968, #145 ) ) ;
#2396 = CARTESIAN_POINT ( 'NONE',  ( 2.540000000000000036, 0.02000000000000000042, 2.449999999999999734 ) ) ;
#2397 = ORIENTED_EDGE ( 'NONE', *, *, #1985, .F. ) ;
#2398 = VECTOR ( 'NONE', #2940, 1000.000000000000000 ) ;
#2399 = ADVANCED_FACE ( 'NONE', ( #840 ), #2790, .F. ) ;
#2400 = EDGE_CURVE ( 'NONE', #3459, #560, #1673, .T. ) ;
#2401 = VECTOR ( 'NONE', #2065, 1000.000000000000000 ) ;
#2402 = ORIENTED_EDGE ( 'NONE', *, *, #91, .T. ) ;
#2403 = CARTESIAN_POINT ( 'NONE',  ( -1.790000000000000036, 0.6300000000000000044, -1.249999999999999778 ) ) ;
#2404 = CARTESIAN_POINT ( 'NONE',  ( -3.540000000000000036, 0.02000000000000000042, 2.750000000000000000 ) ) ;
#2405 = VERTEX_POINT ( 'NONE', #1105 ) ;
#2406 = FACE_OUTER_BOUND ( 'NONE', #2100, .T. ) ;
#2407 = DIRECTION ( 'NONE',  ( 0.000000000000000000, 0.000000000000000000, 1.000000000000000000 ) ) ;
#2408 = ORIENTED_EDGE ( 'NONE', *, *, #3524, .F. ) ;
#2409 = CARTESIAN_POINT ( 'NONE',  ( -1.790000000000000036, 0.6099999999999999867, -1.249999999999999778 ) ) ;
#2410 = DIRECTION ( 'NONE',  ( 0.000000000000000000, 0.000000000000000000, -1.000000000000000000 ) ) ;
#2411 = DIRECTION ( 'NONE',  ( -1.000000000000000000, 0.000000000000000000, 1.508455196501571429E-16 ) ) ;
#2412 = VECTOR ( 'NONE', #458, 1000.000000000000000 ) ;
#2413 = AXIS2_PLACEMENT_3D ( 'NONE', #1854, #61, #2727 ) ;
#2414 = PLANE ( 'NONE',  #205 ) ;
#2415 = CARTESIAN_POINT ( 'NONE',  ( -1.790000000000000036, 0.6099999999999999867, 1.249999999999999778 ) ) ;
#2416 = EDGE_LOOP ( 'NONE', ( #2223, #15, #525, #2340 ) ) ;
#2417 = DIRECTION ( 'NONE',  ( -0.000000000000000000, -1.000000000000000000, -0.000000000000000000 ) ) ;
#2418 = ADVANCED_FACE ( 'NONE', ( #3447 ), #1996, .F. ) ;
#2419 = AXIS2_PLACEMENT_3D ( 'NONE', #1100, #1325, #3066 ) ;
#2420 = PLANE ( 'NONE',  #875 ) ;
#2421 = DIRECTION ( 'NONE',  ( -1.084202172485504557E-16, 0.000000000000000000, 1.000000000000000000 ) ) ;
#2422 = ORIENTED_EDGE ( 'NONE', *, *, #580, .F. ) ;
#2423 = PRESENTATION_STYLE_ASSIGNMENT (( #654 ) ) ;
#2424 = ORIENTED_EDGE ( 'NONE', *, *, #1252, .F. ) ;
#2425 = CARTESIAN_POINT ( 'NONE',  ( 2.540000000000000036, 0.6099999999999999867, -2.450000000000000622 ) ) ;
#2426 = EDGE_CURVE ( 'NONE', #167, #2824, #345, .T. ) ;
#2427 = LINE ( 'NONE', #3007, #1748 ) ;
#2428 = ORIENTED_EDGE ( 'NONE', *, *, #2518, .F. ) ;
#2429 = FACE_OUTER_BOUND ( 'NONE', #3051, .T. ) ;
#2430 = PLANE ( 'NONE',  #3277 ) ;
#2431 = LINE ( 'NONE', #47, #3702 ) ;
#2432 = CIRCLE ( 'NONE', #1766, 0.2999999999999990452 ) ;
#2433 = CARTESIAN_POINT ( 'NONE',  ( -2.540000000000000036, 0.6099999999999998757, 2.750000000000000000 ) ) ;
#2434 = CARTESIAN_POINT ( 'NONE',  ( 1.790000000000000036, 0.6099999999999999867, 3.649999999999999911 ) ) ;
#2435 = ORIENTED_EDGE ( 'NONE', *, *, #1543, .T. ) ;
#2436 = LINE ( 'NONE', #2149, #307 ) ;
#2437 = AXIS2_PLACEMENT_3D ( 'NONE', #3718, #1995, #3425 ) ;
#2438 = ORIENTED_EDGE ( 'NONE', *, *, #3511, .T. ) ;
#2439 = DIRECTION ( 'NONE',  ( 0.000000000000000000, 1.000000000000000000, 0.000000000000000000 ) ) ;
#2440 = EDGE_CURVE ( 'NONE', #3721, #470, #1786, .T. ) ;
#2441 = EDGE_CURVE ( 'NONE', #3623, #1674, #331, .T. ) ;
#2442 = ORIENTED_EDGE ( 'NONE', *, *, #709, .T. ) ;
#2443 = CARTESIAN_POINT ( 'NONE',  ( 1.540000000000000036, 0.02000000000000000042, -2.750000000000000000 ) ) ;
#2444 = PLANE ( 'NONE',  #2226 ) ;
#2445 = ORIENTED_EDGE ( 'NONE', *, *, #1661, .F. ) ;
#2446 = CARTESIAN_POINT ( 'NONE',  ( 1.790000000000000036, 0.6099999999999999867, -3.649999999999999911 ) ) ;
#2447 = CARTESIAN_POINT ( 'NONE',  ( 0.000000000000000000, 0.02000000000000000042, 0.000000000000000000 ) ) ;
#2448 = CARTESIAN_POINT ( 'NONE',  ( 2.540000000000000036, 1.300820393249936702, -2.750000000000000000 ) ) ;
#2449 = COLOUR_RGB ( '',0.9686274509803921573, 0.8784313725490195957, 0.5999999999999999778 ) ;
#2450 = ADVANCED_FACE ( 'NONE', ( #3773 ), #2943, .F. ) ;
#2451 = CARTESIAN_POINT ( 'NONE',  ( 3.290000000000000480, 0.6300000000000000044, -2.749999999999999556 ) ) ;
#2452 = DIRECTION ( 'NONE',  ( 1.000000000000000000, 0.000000000000000000, 0.000000000000000000 ) ) ;
#2453 = CARTESIAN_POINT ( 'NONE',  ( 2.240000000000000213, 0.6099999999999999867, -2.749999999999999556 ) ) ;
#2454 = ORIENTED_EDGE ( 'NONE', *, *, #1848, .T. ) ;
#2455 = ADVANCED_FACE ( 'NONE', ( #1499 ), #2656, .F. ) ;
#2456 = CARTESIAN_POINT ( 'NONE',  ( 3.540000000000000036, 0.02000000000000000042, -2.750000000000000000 ) ) ;
#2457 = VERTEX_POINT ( 'NONE', #2370 ) ;
#2458 = ADVANCED_FACE ( 'NONE', ( #3540 ), #1193, .F. ) ;
#2459 = DIRECTION ( 'NONE',  ( 0.000000000000000000, 0.000000000000000000, 1.000000000000000000 ) ) ;
#2460 =( GEOMETRIC_REPRESENTATION_CONTEXT ( 3 ) GLOBAL_UNCERTAINTY_ASSIGNED_CONTEXT ( ( #1903 ) ) GLOBAL_UNIT_ASSIGNED_CONTEXT ( ( #1387, #515, #2886 ) ) REPRESENTATION_CONTEXT ( 'NONE', 'WORKASPACE' ) );
#2461 = CARTESIAN_POINT ( 'NONE',  ( 1.790000000000000036, 0.6300000000000000044, -1.249999999999999778 ) ) ;
#2462 = EDGE_LOOP ( 'NONE', ( #2424, #2925, #3013, #209 ) ) ;
#2463 = CARTESIAN_POINT ( 'NONE',  ( 2.839999999999999858, 0.02000000000000005246, 2.749999999999999112 ) ) ;
#2464 = EDGE_CURVE ( 'NONE', #578, #1755, #1481, .T. ) ;
#2465 = CARTESIAN_POINT ( 'NONE',  ( 0.000000000000000000, 0.6099999999999999867, 0.000000000000000000 ) ) ;
#2466 = ORIENTED_EDGE ( 'NONE', *, *, #3612, .T. ) ;
#2467 = CARTESIAN_POINT ( 'NONE',  ( 2.290000000000000480, 0.6300000000000000044, -2.750000000000000000 ) ) ;
#2468 = DIRECTION ( 'NONE',  ( 1.000000000000000000, 0.000000000000000000, -1.084202172485504434E-16 ) ) ;
#2469 = DIRECTION ( 'NONE',  ( 1.000000000000000000, -0.000000000000000000, -1.102578480493733066E-16 ) ) ;
#2470 = LINE ( 'NONE', #2829, #2091 ) ;
#2471 = DIRECTION ( 'NONE',  ( 0.000000000000000000, 0.000000000000000000, -1.000000000000000000 ) ) ;
#2472 = VERTEX_POINT ( 'NONE', #910 ) ;
#2473 = CARTESIAN_POINT ( 'NONE',  ( -5.900000000000000355, 0.000000000000000000, 2.750000000000000000 ) ) ;
#2474 = CYLINDRICAL_SURFACE ( 'NONE', #3674, 0.2999999999999999334 ) ;
#2475 = VERTEX_POINT ( 'NONE', #281 ) ;
#2476 = LINE ( 'NONE', #993, #3017 ) ;
#2477 = ORIENTED_EDGE ( 'NONE', *, *, #1656, .F. ) ;
#2478 = ORIENTED_EDGE ( 'NONE', *, *, #1109, .T. ) ;
#2479 = AXIS2_PLACEMENT_3D ( 'NONE', #2047, #3215, #599 ) ;
#2480 = LINE ( 'NONE', #3649, #3222 ) ;
#2481 = CARTESIAN_POINT ( 'NONE',  ( 2.540000000000000036, 1.300820393249936702, -2.500000000000000000 ) ) ;
#2482 = ORIENTED_EDGE ( 'NONE', *, *, #3552, .T. ) ;
#2483 = DIRECTION ( 'NONE',  ( -0.000000000000000000, -1.000000000000000000, -0.000000000000000000 ) ) ;
#2484 = CARTESIAN_POINT ( 'NONE',  ( -3.540000000000000036, 0.000000000000000000, 2.750000000000000000 ) ) ;
#2485 = DIRECTION ( 'NONE',  ( -0.000000000000000000, -1.000000000000000000, -0.000000000000000000 ) ) ;
#2486 = LINE ( 'NONE', #3655, #2961 ) ;
#2487 = EDGE_CURVE ( 'NONE', #1834, #3143, #3231, .T. ) ;
#2488 = EDGE_CURVE ( 'NONE', #2629, #2704, #10, .T. ) ;
#2489 = CARTESIAN_POINT ( 'NONE',  ( -1.540000000000000036, 0.02000000000000000042, -2.750000000000000000 ) ) ;
#2490 = ORIENTED_EDGE ( 'NONE', *, *, #1496, .F. ) ;
#2491 = CARTESIAN_POINT ( 'NONE',  ( -2.540000000000000036, 0.6300000000000000044, 2.500000000000000000 ) ) ;
#2492 = EDGE_CURVE ( 'NONE', #2887, #3372, #64, .T. ) ;
#2493 = EDGE_LOOP ( 'NONE', ( #865, #454, #2558, #738 ) ) ;
#2494 = DIRECTION ( 'NONE',  ( -1.000000000000000000, 0.000000000000000000, 0.000000000000000000 ) ) ;
#2495 = ORIENTED_EDGE ( 'NONE', *, *, #459, .T. ) ;
#2496 = ADVANCED_FACE ( 'NONE', ( #2389 ), #3251, .F. ) ;
#2497 = ORIENTED_EDGE ( 'NONE', *, *, #683, .F. ) ;
#2498 = ORIENTED_EDGE ( 'NONE', *, *, #300, .F. ) ;
#2499 = LINE ( 'NONE', #3380, #1026 ) ;
#2500 = CARTESIAN_POINT ( 'NONE',  ( 2.540000000000000036, 0.6099999999999998757, 2.750000000000000000 ) ) ;
#2501 = ORIENTED_EDGE ( 'NONE', *, *, #3644, .T. ) ;
#2502 = DIRECTION ( 'NONE',  ( -0.000000000000000000, 1.000000000000000000, -0.000000000000000000 ) ) ;
#2503 = DIRECTION ( 'NONE',  ( -0.000000000000000000, -0.000000000000000000, -1.000000000000000000 ) ) ;
#2504 = DIRECTION ( 'NONE',  ( -1.000000000000000000, 0.000000000000000000, 0.000000000000000000 ) ) ;
#2505 = CARTESIAN_POINT ( 'NONE',  ( 2.540000000000000036, 0.000000000000000000, 2.500000000000000000 ) ) ;
#2506 = LINE ( 'NONE', #2183, #146 ) ;
#2507 = ORIENTED_EDGE ( 'NONE', *, *, #2954, .T. ) ;
#2508 = VECTOR ( 'NONE', #1684, 1000.000000000000000 ) ;
#2509 = LINE ( 'NONE', #184, #57 ) ;
#2510 = ADVANCED_FACE ( 'NONE', ( #643 ), #1733, .F. ) ;
#2511 = LINE ( 'NONE', #3118, #2874 ) ;
#2512 = EDGE_LOOP ( 'NONE', ( #1474, #2932, #1984, #81 ) ) ;
#2513 = CARTESIAN_POINT ( 'NONE',  ( 3.290000000000000480, 0.6300000000000000044, -1.249999999999999778 ) ) ;
#2514 = ORIENTED_EDGE ( 'NONE', *, *, #802, .T. ) ;
#2515 = LINE ( 'NONE', #170, #3678 ) ;
#2516 = ORIENTED_EDGE ( 'NONE', *, *, #2072, .T. ) ;
#2517 = VECTOR ( 'NONE', #1574, 1000.000000000000000 ) ;
#2518 = EDGE_CURVE ( 'NONE', #769, #2457, #2032, .T. ) ;
#2519 = EDGE_CURVE ( 'NONE', #3255, #448, #2959, .T. ) ;
#2520 = CARTESIAN_POINT ( 'NONE',  ( -1.540000000000000036, 0.02000000000000000042, 2.750000000000000000 ) ) ;
#2521 = CARTESIAN_POINT ( 'NONE',  ( -2.839999999999999858, 0.6300000000000000044, -2.750000000000000000 ) ) ;
#2522 = ORIENTED_EDGE ( 'NONE', *, *, #2845, .F. ) ;
#2523 = DIRECTION ( 'NONE',  ( -1.000000000000000000, 0.000000000000000000, -0.000000000000000000 ) ) ;
#2524 = CARTESIAN_POINT ( 'NONE',  ( -3.540000000000000036, 0.000000000000000000, -2.750000000000000000 ) ) ;
#2525 = EDGE_CURVE ( 'NONE', #1939, #1438, #299, .T. ) ;
#2526 = CARTESIAN_POINT ( 'NONE',  ( 2.540000000000000036, 0.6099999999999999867, -2.750000000000000000 ) ) ;
#2527 = ADVANCED_FACE ( 'NONE', ( #1178 ), #893, .F. ) ;
#2528 = CARTESIAN_POINT ( 'NONE',  ( -1.540000000000000036, 0.02000000000000000042, 2.750000000000000000 ) ) ;
#2529 = CARTESIAN_POINT ( 'NONE',  ( 1.790000000000000036, 0.6099999999999999867, 1.249999999999999778 ) ) ;
#2530 = CARTESIAN_POINT ( 'NONE',  ( 2.540000000000000036, 1.300820393249936702, 2.750000000000000000 ) ) ;
#2531 = ORIENTED_EDGE ( 'NONE', *, *, #2919, .F. ) ;
#2532 = VECTOR ( 'NONE', #3520, 1000.000000000000000 ) ;
#2533 = VERTEX_POINT ( 'NONE', #1769 ) ;
#2534 = EDGE_CURVE ( 'NONE', #186, #318, #83, .T. ) ;
#2535 = AXIS2_PLACEMENT_3D ( 'NONE', #2547, #1169, #3733 ) ;
#2536 = ORIENTED_EDGE ( 'NONE', *, *, #683, .T. ) ;
#2537 = VERTEX_POINT ( 'NONE', #397 ) ;
#2538 = CARTESIAN_POINT ( 'NONE',  ( -2.790000000000000036, 0.000000000000000000, 2.750000000000000000 ) ) ;
#2539 = ORIENTED_EDGE ( 'NONE', *, *, #1160, .T. ) ;
#2540 = CARTESIAN_POINT ( 'NONE',  ( 3.290000000000000480, 0.6099999999999999867, -3.649999999999999911 ) ) ;
#2541 = VECTOR ( 'NONE', #1992, 1000.000000000000000 ) ;
#2542 = AXIS2_PLACEMENT_3D ( 'NONE', #3665, #2421, #1335 ) ;
#2543 = CARTESIAN_POINT ( 'NONE',  ( 5.900000000000000355, 0.6300000000000000044, 2.749999999999998668 ) ) ;
#2544 = ORIENTED_EDGE ( 'NONE', *, *, #2426, .T. ) ;
#2545 = LINE ( 'NONE', #3043, #3544 ) ;
#2546 = DIRECTION ( 'NONE',  ( 0.000000000000000000, -1.000000000000000000, 0.000000000000000000 ) ) ;
#2547 = CARTESIAN_POINT ( 'NONE',  ( -2.540000000000000036, 2.501000000000000778, 2.750000000000000000 ) ) ;
#2548 = EDGE_CURVE ( 'NONE', #3102, #337, #696, .T. ) ;
#2549 = LINE ( 'NONE', #162, #1125 ) ;
#2550 = VERTEX_POINT ( 'NONE', #1591 ) ;
#2551 = DIRECTION ( 'NONE',  ( -0.000000000000000000, 0.000000000000000000, -1.000000000000000000 ) ) ;
#2552 = FACE_OUTER_BOUND ( 'NONE', #112, .T. ) ;
#2553 = CARTESIAN_POINT ( 'NONE',  ( 0.000000000000000000, 0.6099999999999999867, 0.000000000000000000 ) ) ;
#2554 = EDGE_LOOP ( 'NONE', ( #3679, #2728, #1886, #1607, #202, #3008, #315 ) ) ;
#2555 = CARTESIAN_POINT ( 'NONE',  ( 2.540000000000000036, 0.000000000000000000, -2.750000000000000000 ) ) ;
#2556 = LINE ( 'NONE', #3725, #932 ) ;
#2557 = VECTOR ( 'NONE', #1685, 1000.000000000000000 ) ;
#2558 = ORIENTED_EDGE ( 'NONE', *, *, #3220, .F. ) ;
#2559 = ADVANCED_FACE ( 'NONE', ( #1245 ), #2144, .F. ) ;
#2560 = EDGE_CURVE ( 'NONE', #388, #673, #3581, .T. ) ;
#2561 = DIRECTION ( 'NONE',  ( -0.000000000000000000, -0.000000000000000000, -1.000000000000000000 ) ) ;
#2562 = CIRCLE ( 'NONE', #1520, 0.2499999999999997780 ) ;
#2563 = LINE ( 'NONE', #1742, #1402 ) ;
#2564 = EDGE_LOOP ( 'NONE', ( #3414, #945, #2716, #3630 ) ) ;
#2565 = DIRECTION ( 'NONE',  ( 0.000000000000000000, -1.000000000000000000, 0.000000000000000000 ) ) ;
#2566 = DIRECTION ( 'NONE',  ( -0.000000000000000000, -1.000000000000000000, 0.000000000000000000 ) ) ;
#2567 = CARTESIAN_POINT ( 'NONE',  ( -1.790000000000000036, 0.6300000000000000044, -2.749999999999999556 ) ) ;
#2568 = CARTESIAN_POINT ( 'NONE',  ( 2.540000000000000036, 2.501000000000000778, 2.750000000000000000 ) ) ;
#2569 = CARTESIAN_POINT ( 'NONE',  ( 1.540000000000000036, -2.500000000000000000, -1.250000000000000000 ) ) ;
#2570 = ORIENTED_EDGE ( 'NONE', *, *, #2492, .T. ) ;
#2571 = FACE_OUTER_BOUND ( 'NONE', #3518, .T. ) ;
#2572 = ADVANCED_FACE ( 'NONE', ( #1286 ), #2991, .F. ) ;
#2573 = EDGE_CURVE ( 'NONE', #503, #379, #2162, .T. ) ;
#2574 = EDGE_CURVE ( 'NONE', #1828, #3003, #434, .T. ) ;
#2575 = VECTOR ( 'NONE', #1285, 1000.000000000000000 ) ;
#2576 = VERTEX_POINT ( 'NONE', #159 ) ;
#2577 = ORIENTED_EDGE ( 'NONE', *, *, #2175, .F. ) ;
#2578 = VECTOR ( 'NONE', #2967, 1000.000000000000000 ) ;
#2579 = EDGE_CURVE ( 'NONE', #962, #3743, #3326, .T. ) ;
#2580 = EDGE_LOOP ( 'NONE', ( #1237, #2981, #1127, #432, #1780, #3671, #2185, #1333, #3413, #1225, #2298, #232 ) ) ;
#2581 = ORIENTED_EDGE ( 'NONE', *, *, #1778, .T. ) ;
#2582 = VECTOR ( 'NONE', #826, 1000.000000000000000 ) ;
#2583 = ORIENTED_EDGE ( 'NONE', *, *, #543, .T. ) ;
#2584 = DIRECTION ( 'NONE',  ( -1.000000000000000000, -0.000000000000000000, -0.000000000000000000 ) ) ;
#2585 = CARTESIAN_POINT ( 'NONE',  ( -2.540000000000000036, 0.000000000000000000, 2.750000000000000000 ) ) ;
#2586 = ORIENTED_EDGE ( 'NONE', *, *, #490, .F. ) ;
#2587 = DIRECTION ( 'NONE',  ( 0.000000000000000000, -1.000000000000000000, 0.000000000000000000 ) ) ;
#2588 = CARTESIAN_POINT ( 'NONE',  ( 0.000000000000000000, 0.02000000000000000042, 0.000000000000000000 ) ) ;
#2589 = EDGE_CURVE ( 'NONE', #584, #3526, #3343, .T. ) ;
#2590 = CARTESIAN_POINT ( 'NONE',  ( 3.540000000000000036, 0.02000000000000000042, 1.249999999999999778 ) ) ;
#2591 = LINE ( 'NONE', #552, #3080 ) ;
#2592 = LINE ( 'NONE', #1407, #2890 ) ;
#2593 = ORIENTED_EDGE ( 'NONE', *, *, #1563, .F. ) ;
#2594 = VECTOR ( 'NONE', #3172, 1000.000000000000000 ) ;
#2595 = DIRECTION ( 'NONE',  ( 0.000000000000000000, 0.000000000000000000, -1.000000000000000000 ) ) ;
#2596 = EDGE_LOOP ( 'NONE', ( #728, #3000, #1826, #1994, #2646, #724, #1509 ) ) ;
#2597 = EDGE_LOOP ( 'NONE', ( #2466, #1020, #2522, #3683, #1062, #2135, #3352, #2756 ) ) ;
#2598 = VECTOR ( 'NONE', #415, 1000.000000000000000 ) ;
#2599 = DIRECTION ( 'NONE',  ( 0.000000000000000000, 1.000000000000000000, 0.000000000000000000 ) ) ;
#2600 = LINE ( 'NONE', #864, #55 ) ;
#2601 = ORIENTED_EDGE ( 'NONE', *, *, #1476, .F. ) ;
#2602 = CARTESIAN_POINT ( 'NONE',  ( 1.540000000000000036, 0.02000000000000000042, 2.750000000000000000 ) ) ;
#2603 = FACE_OUTER_BOUND ( 'NONE', #406, .T. ) ;
#2604 = CARTESIAN_POINT ( 'NONE',  ( 2.240000000000000213, 0.02000000000000005246, 2.750000000000000000 ) ) ;
#2605 = VECTOR ( 'NONE', #3754, 1000.000000000000000 ) ;
#2606 = VECTOR ( 'NONE', #997, 1000.000000000000000 ) ;
#2607 = LINE ( 'NONE', #3479, #443 ) ;
#2608 = ORIENTED_EDGE ( 'NONE', *, *, #469, .T. ) ;
#2609 = CARTESIAN_POINT ( 'NONE',  ( -1.790000000000000036, 0.6099999999999999867, 2.749999999999999556 ) ) ;
#2610 = EDGE_CURVE ( 'NONE', #652, #578, #3044, .T. ) ;
#2611 = DIRECTION ( 'NONE',  ( 0.000000000000000000, 0.000000000000000000, -1.000000000000000000 ) ) ;
#2612 = CARTESIAN_POINT ( 'NONE',  ( -3.540000000000000036, -2.500000000000000000, 1.249999999999999778 ) ) ;
#2613 = ORIENTED_EDGE ( 'NONE', *, *, #3292, .T. ) ;
#2614 = CARTESIAN_POINT ( 'NONE',  ( -3.540000000000000036, 0.02000000000000000042, 1.249999999999999778 ) ) ;
#2615 = ORIENTED_EDGE ( 'NONE', *, *, #3477, .T. ) ;
#2616 = ADVANCED_FACE ( 'NONE', ( #661 ), #2430, .F. ) ;
#2617 = CARTESIAN_POINT ( 'NONE',  ( -3.540000000000000036, 0.000000000000000000, -1.249999999999999778 ) ) ;
#2618 = EDGE_CURVE ( 'NONE', #3372, #2, #2325, .T. ) ;
#2619 = ORIENTED_EDGE ( 'NONE', *, *, #2881, .T. ) ;
#2620 = DIRECTION ( 'NONE',  ( 0.000000000000000000, 0.000000000000000000, 1.000000000000000000 ) ) ;
#2621 = CARTESIAN_POINT ( 'NONE',  ( 2.540000000000000036, 0.6099999999999999867, 2.450000000000000622 ) ) ;
#2622 = CARTESIAN_POINT ( 'NONE',  ( -3.290000000000000480, 0.6300000000000000044, -1.249999999999999778 ) ) ;
#2623 = EDGE_CURVE ( 'NONE', #1103, #1579, #830, .T. ) ;
#2624 = FACE_OUTER_BOUND ( 'NONE', #2174, .T. ) ;
#2625 = ORIENTED_EDGE ( 'NONE', *, *, #1284, .F. ) ;
#2626 = DIRECTION ( 'NONE',  ( 1.000000000000000000, 0.000000000000000000, -1.084202172485504434E-16 ) ) ;
#2627 = DIRECTION ( 'NONE',  ( 0.000000000000000000, 0.000000000000000000, -1.000000000000000000 ) ) ;
#2628 = ORIENTED_EDGE ( 'NONE', *, *, #1017, .T. ) ;
#2629 = VERTEX_POINT ( 'NONE', #1986 ) ;
#2630 = VECTOR ( 'NONE', #1513, 1000.000000000000000 ) ;
#2631 = VECTOR ( 'NONE', #435, 1000.000000000000000 ) ;
#2632 = LINE ( 'NONE', #1200, #523 ) ;
#2633 = ORIENTED_EDGE ( 'NONE', *, *, #1719, .F. ) ;
#2634 = CARTESIAN_POINT ( 'NONE',  ( -2.839999999999999858, 0.6099999999999999867, -2.750000000000000000 ) ) ;
#2635 = ADVANCED_FACE ( 'NONE', ( #2003 ), #565, .F. ) ;
#2636 = FACE_OUTER_BOUND ( 'NONE', #2283, .T. ) ;
#2637 = ORIENTED_EDGE ( 'NONE', *, *, #2259, .F. ) ;
#2638 = FILL_AREA_STYLE_COLOUR ( '', #821 ) ;
#2639 = ORIENTED_EDGE ( 'NONE', *, *, #2287, .T. ) ;
#2640 = EDGE_CURVE ( 'NONE', #1560, #1717, #3162, .T. ) ;
#2641 = DIRECTION ( 'NONE',  ( 0.000000000000000000, 0.000000000000000000, -1.000000000000000000 ) ) ;
#2642 = CARTESIAN_POINT ( 'NONE',  ( -2.839999999999999858, -2.500000000000000000, -2.750000000000000000 ) ) ;
#2643 = ORIENTED_EDGE ( 'NONE', *, *, #3491, .F. ) ;
#2644 = EDGE_CURVE ( 'NONE', #379, #1676, #788, .T. ) ;
#2645 = PLANE ( 'NONE',  #135 ) ;
#2646 = ORIENTED_EDGE ( 'NONE', *, *, #656, .T. ) ;
#2647 = DIRECTION ( 'NONE',  ( 0.000000000000000000, 0.000000000000000000, 1.000000000000000000 ) ) ;
#2648 = ORIENTED_EDGE ( 'NONE', *, *, #827, .T. ) ;
#2649 = LINE ( 'NONE', #38, #3643 ) ;
#2650 = ORIENTED_EDGE ( 'NONE', *, *, #861, .T. ) ;
#2651 = FACE_OUTER_BOUND ( 'NONE', #2394, .T. ) ;
#2652 = FACE_OUTER_BOUND ( 'NONE', #2192, .T. ) ;
#2653 = CARTESIAN_POINT ( 'NONE',  ( -3.540000000000000036, -2.500000000000000000, -2.750000000000000000 ) ) ;
#2654 = ORIENTED_EDGE ( 'NONE', *, *, #3467, .T. ) ;
#2655 =( NAMED_UNIT ( * ) SI_UNIT ( $, .STERADIAN. ) SOLID_ANGLE_UNIT ( ) );
#2656 = PLANE ( 'NONE',  #3002 ) ;
#2657 = CARTESIAN_POINT ( 'NONE',  ( 1.540000000000000036, 0.000000000000000000, 1.250000000000000000 ) ) ;
#2658 = ADVANCED_FACE ( 'NONE', ( #253 ), #2899, .F. ) ;
#2659 = DIRECTION ( 'NONE',  ( 0.000000000000000000, 0.000000000000000000, -1.000000000000000000 ) ) ;
#2660 = ORIENTED_EDGE ( 'NONE', *, *, #2487, .T. ) ;
#2661 = VECTOR ( 'NONE', #762, 1000.000000000000000 ) ;
#2662 = ORIENTED_EDGE ( 'NONE', *, *, #3690, .T. ) ;
#2663 = UNCERTAINTY_MEASURE_WITH_UNIT (LENGTH_MEASURE( 1.000000000000000082E-05 ), #642, 'distance_accuracy_value', 'NONE');
#2664 = DIRECTION ( 'NONE',  ( -1.000000000000000000, 0.000000000000000000, 0.000000000000000000 ) ) ;
#2665 = DIRECTION ( 'NONE',  ( 0.000000000000000000, 0.000000000000000000, -1.000000000000000000 ) ) ;
#2666 = ORIENTED_EDGE ( 'NONE', *, *, #3220, .T. ) ;
#2667 = EDGE_CURVE ( 'NONE', #318, #1303, #545, .T. ) ;
#2668 = AXIS2_PLACEMENT_3D ( 'NONE', #1290, #3622, #401 ) ;
#2669 = VERTEX_POINT ( 'NONE', #2290 ) ;
#2670 = CARTESIAN_POINT ( 'NONE',  ( 1.790000000000000036, 0.6300000000000000044, 2.749999999999999556 ) ) ;
#2671 = VECTOR ( 'NONE', #1094, 1000.000000000000000 ) ;
#2672 = CARTESIAN_POINT ( 'NONE',  ( 1.540000000000000036, -2.500000000000000000, -1.250000000000000000 ) ) ;
#2673 = ORIENTED_EDGE ( 'NONE', *, *, #1431, .T. ) ;
#2674 = LINE ( 'NONE', #3731, #1653 ) ;
#2675 = DIRECTION ( 'NONE',  ( -0.000000000000000000, -1.000000000000000000, -0.000000000000000000 ) ) ;
#2676 = LINE ( 'NONE', #965, #3016 ) ;
#2677 = MECHANICAL_DESIGN_GEOMETRIC_PRESENTATION_REPRESENTATION (  '', ( #3034 ), #3722 ) ;
#2678 = CARTESIAN_POINT ( 'NONE',  ( -2.540000000000000036, 0.6099999999999999867, -2.750000000000000000 ) ) ;
#2679 = DIRECTION ( 'NONE',  ( 0.000000000000000000, 0.000000000000000000, -1.000000000000000000 ) ) ;
#2680 = EDGE_CURVE ( 'NONE', #3143, #2148, #1113, .T. ) ;
#2681 = DIRECTION ( 'NONE',  ( 1.000000000000000000, 0.000000000000000000, 0.000000000000000000 ) ) ;
#2682 = ORIENTED_EDGE ( 'NONE', *, *, #404, .F. ) ;
#2683 = ADVANCED_FACE ( 'NONE', ( #3416 ), #1149, .F. ) ;
#2684 = AXIS2_PLACEMENT_3D ( 'NONE', #2446, #1835, #1226 ) ;
#2685 = ORIENTED_EDGE ( 'NONE', *, *, #763, .F. ) ;
#2686 = AXIS2_PLACEMENT_3D ( 'NONE', #2612, #3234, #3775 ) ;
#2687 = AXIS2_PLACEMENT_3D ( 'NONE', #2303, #859, #2611 ) ;
#2688 = CARTESIAN_POINT ( 'NONE',  ( 3.540000000000000036, -2.500000000000000000, -2.750000000000000000 ) ) ;
#2689 = FACE_OUTER_BOUND ( 'NONE', #3687, .T. ) ;
#2690 = EDGE_LOOP ( 'NONE', ( #1265, #2138, #844, #3062, #850, #6, #1571 ) ) ;
#2691 = ORIENTED_EDGE ( 'NONE', *, *, #3539, .F. ) ;
#2692 = CARTESIAN_POINT ( 'NONE',  ( 5.750000000000000000, 17.46154083570727167, 2.399999999999999467 ) ) ;
#2693 = EDGE_CURVE ( 'NONE', #1262, #2915, #399, .T. ) ;
#2694 = DIRECTION ( 'NONE',  ( 0.000000000000000000, 1.000000000000000000, 0.000000000000000000 ) ) ;
#2695 = LINE ( 'NONE', #1233, #536 ) ;
#2696 = EDGE_LOOP ( 'NONE', ( #2039, #3666, #1750, #3320 ) ) ;
#2697 = VECTOR ( 'NONE', #1860, 1000.000000000000000 ) ;
#2698 = CARTESIAN_POINT ( 'NONE',  ( -1.540000000000000036, 0.000000000000000000, 1.250000000000000000 ) ) ;
#2699 = VERTEX_POINT ( 'NONE', #1398 ) ;
#2700 = DIRECTION ( 'NONE',  ( -0.000000000000000000, -1.000000000000000000, -0.000000000000000000 ) ) ;
#2701 = CARTESIAN_POINT ( 'NONE',  ( 5.900000000000000355, 0.6099999999999999867, -2.750000000000001332 ) ) ;
#2702 = EDGE_CURVE ( 'NONE', #3348, #824, #3471, .T. ) ;
#2703 = VECTOR ( 'NONE', #1795, 1000.000000000000000 ) ;
#2704 = VERTEX_POINT ( 'NONE', #2617 ) ;
#2705 =( NAMED_UNIT ( * ) PLANE_ANGLE_UNIT ( ) SI_UNIT ( $, .RADIAN. ) );
#2706 = ADVANCED_FACE ( 'NONE', ( #526 ), #808, .F. ) ;
#2707 = ORIENTED_EDGE ( 'NONE', *, *, #3512, .F. ) ;
#2708 = CARTESIAN_POINT ( 'NONE',  ( 2.790000000000000036, 0.000000000000000000, -2.750000000000000000 ) ) ;
#2709 = DIRECTION ( 'NONE',  ( 0.000000000000000000, -1.000000000000000000, 0.000000000000000000 ) ) ;
#2710 = ORIENTED_EDGE ( 'NONE', *, *, #1049, .T. ) ;
#2711 = DIRECTION ( 'NONE',  ( 1.000000000000000000, 0.000000000000000000, -0.000000000000000000 ) ) ;
#2712 = DIRECTION ( 'NONE',  ( 0.000000000000000000, -0.000000000000000000, 1.000000000000000000 ) ) ;
#2713 = AXIS2_PLACEMENT_3D ( 'NONE', #3597, #675, #1833 ) ;
#2714 = CARTESIAN_POINT ( 'NONE',  ( -1.540000000000000036, -2.500000000000000000, -2.750000000000000000 ) ) ;
#2715 = CARTESIAN_POINT ( 'NONE',  ( -2.540000000000000036, 1.300820393249936702, 2.500000000000000000 ) ) ;
#2716 = ORIENTED_EDGE ( 'NONE', *, *, #2573, .F. ) ;
#2717 = DIRECTION ( 'NONE',  ( -0.000000000000000000, -1.000000000000000000, 0.000000000000000000 ) ) ;
#2718 = EDGE_CURVE ( 'NONE', #3651, #3717, #1164, .T. ) ;
#2719 = ORIENTED_EDGE ( 'NONE', *, *, #3475, .T. ) ;
#2720 = VECTOR ( 'NONE', #2059, 1000.000000000000000 ) ;
#2721 = VECTOR ( 'NONE', #678, 1000.000000000000000 ) ;
#2722 = VECTOR ( 'NONE', #2903, 1000.000000000000000 ) ;
#2723 = CARTESIAN_POINT ( 'NONE',  ( -3.290000000000000480, 0.6099999999999999867, -3.649999999999999911 ) ) ;
#2724 = VERTEX_POINT ( 'NONE', #1378 ) ;
#2725 = EDGE_CURVE ( 'NONE', #1048, #489, #2268, .T. ) ;
#2726 = CARTESIAN_POINT ( 'NONE',  ( -3.540000000000000036, 0.02000000000000000042, -2.750000000000000000 ) ) ;
#2727 = DIRECTION ( 'NONE',  ( 0.000000000000000000, -0.000000000000000000, -1.000000000000000000 ) ) ;
#2728 = ORIENTED_EDGE ( 'NONE', *, *, #831, .T. ) ;
#2729 = DIRECTION ( 'NONE',  ( 0.000000000000000000, 0.000000000000000000, -1.000000000000000000 ) ) ;
#2730 = DIRECTION ( 'NONE',  ( -1.000000000000000000, -0.000000000000000000, -1.084202172485504434E-16 ) ) ;
#2731 = ADVANCED_FACE ( 'NONE', ( #1970 ), #3708, .F. ) ;
#2732 = AXIS2_PLACEMENT_3D ( 'NONE', #3625, #2772, #667 ) ;
#2733 = PLANE ( 'NONE',  #3283 ) ;
#2734 = VERTEX_POINT ( 'NONE', #509 ) ;
#2735 = CARTESIAN_POINT ( 'NONE',  ( 1.540000000000000036, 0.000000000000000000, -1.250000000000000000 ) ) ;
#2736 = CIRCLE ( 'NONE', #2437, 0.2999999999999999334 ) ;
#2737 = DIRECTION ( 'NONE',  ( 0.000000000000000000, -1.000000000000000000, 0.000000000000000000 ) ) ;
#2738 = PLANE ( 'NONE',  #2986 ) ;
#2739 = ORIENTED_EDGE ( 'NONE', *, *, #3396, .F. ) ;
#2740 = LINE ( 'NONE', #958, #571 ) ;
#2741 = AXIS2_PLACEMENT_3D ( 'NONE', #1362, #2483, #2803 ) ;
#2742 = CARTESIAN_POINT ( 'NONE',  ( -2.839999999999999858, 0.02000000000000005246, -2.750000000000000444 ) ) ;
#2743 = CARTESIAN_POINT ( 'NONE',  ( 3.540000000000000036, 0.000000000000000000, -1.249999999999999778 ) ) ;
#2744 = VERTEX_POINT ( 'NONE', #1679 ) ;
#2745 = CARTESIAN_POINT ( 'NONE',  ( -3.540000000000000036, 0.02000000000000000042, -1.249999999999999778 ) ) ;
#2746 = DIRECTION ( 'NONE',  ( 0.000000000000000000, -1.000000000000000000, 0.000000000000000000 ) ) ;
#2747 = STYLED_ITEM ( 'NONE', ( #732 ), #3132 ) ;
#2748 = CARTESIAN_POINT ( 'NONE',  ( 3.290000000000000480, 0.6099999999999999867, -2.750000000000000888 ) ) ;
#2749 = VECTOR ( 'NONE', #3219, 1000.000000000000000 ) ;
#2750 = DIRECTION ( 'NONE',  ( 0.000000000000000000, 0.000000000000000000, 1.000000000000000000 ) ) ;
#2751 = ORIENTED_EDGE ( 'NONE', *, *, #3160, .F. ) ;
#2752 = EDGE_CURVE ( 'NONE', #3610, #3348, #2839, .T. ) ;
#2753 = CARTESIAN_POINT ( 'NONE',  ( 1.540000000000000036, 0.02000000000000000042, 1.250000000000000000 ) ) ;
#2754 = EDGE_CURVE ( 'NONE', #2744, #3549, #2378, .T. ) ;
#2755 = CARTESIAN_POINT ( 'NONE',  ( 2.540000000000000036, 0.6099999999999999867, 2.750000000000000000 ) ) ;
#2756 = ORIENTED_EDGE ( 'NONE', *, *, #484, .F. ) ;
#2757 = CARTESIAN_POINT ( 'NONE',  ( 2.290000000000000480, 0.6300000000000000044, -2.750000000000000000 ) ) ;
#2758 = APPLICATION_CONTEXT ( 'automotive_design' ) ;
#2759 = ORIENTED_EDGE ( 'NONE', *, *, #3160, .T. ) ;
#2760 = ADVANCED_FACE ( 'NONE', ( #589 ), #1236, .T. ) ;
#2761 = VECTOR ( 'NONE', #2927, 1000.000000000000000 ) ;
#2762 = CARTESIAN_POINT ( 'NONE',  ( -1.790000000000000036, 0.6099999999999999867, 3.649999999999999911 ) ) ;
#2763 = CARTESIAN_POINT ( 'NONE',  ( -1.790000000000000036, 0.6300000000000000044, -1.249999999999999778 ) ) ;
#2764 = VERTEX_POINT ( 'NONE', #1473 ) ;
#2765 = DIRECTION ( 'NONE',  ( -0.000000000000000000, -0.000000000000000000, 1.000000000000000000 ) ) ;
#2766 = CARTESIAN_POINT ( 'NONE',  ( -1.540000000000000036, 0.02000000000000000042, -1.250000000000000000 ) ) ;
#2767 = LINE ( 'NONE', #3385, #2412 ) ;
#2768 =( LENGTH_UNIT ( ) NAMED_UNIT ( * ) SI_UNIT ( .MILLI., .METRE. ) );
#2769 = CARTESIAN_POINT ( 'NONE',  ( -5.750000000000000000, 2.500000000000000444, -2.399999999999998579 ) ) ;
#2770 = CARTESIAN_POINT ( 'NONE',  ( 3.290000000000000480, 0.6099999999999999867, -1.249999999999999778 ) ) ;
#2771 = ORIENTED_EDGE ( 'NONE', *, *, #3612, .F. ) ;
#2772 = DIRECTION ( 'NONE',  ( -1.000000000000000000, 0.000000000000000000, 0.000000000000000000 ) ) ;
#2773 = EDGE_CURVE ( 'NONE', #2856, #233, #1541, .T. ) ;
#2774 = EDGE_LOOP ( 'NONE', ( #1163, #163, #685, #1761 ) ) ;
#2775 = DIRECTION ( 'NONE',  ( -0.000000000000000000, -1.000000000000000000, -0.000000000000000000 ) ) ;
#2776 = VECTOR ( 'NONE', #1957, 1000.000000000000000 ) ;
#2777 = ORIENTED_EDGE ( 'NONE', *, *, #1819, .T. ) ;
#2778 = ORIENTED_EDGE ( 'NONE', *, *, #2042, .F. ) ;
#2779 = ORIENTED_EDGE ( 'NONE', *, *, #2808, .T. ) ;
#2780 = VECTOR ( 'NONE', #1184, 1000.000000000000000 ) ;
#2781 = EDGE_CURVE ( 'NONE', #2875, #2887, #466, .T. ) ;
#2782 = PLANE ( 'NONE',  #3161 ) ;
#2783 = ORIENTED_EDGE ( 'NONE', *, *, #666, .T. ) ;
#2784 = LINE ( 'NONE', #1344, #2508 ) ;
#2785 = CARTESIAN_POINT ( 'NONE',  ( -1.790000000000000036, 0.6300000000000000044, 1.249999999999999778 ) ) ;
#2786 = CARTESIAN_POINT ( 'NONE',  ( 0.000000000000000000, 0.000000000000000000, 0.000000000000000000 ) ) ;
#2787 = CARTESIAN_POINT ( 'NONE',  ( -2.790000000000000036, 0.6300000000000000044, 2.750000000000000000 ) ) ;
#2788 = ORIENTED_EDGE ( 'NONE', *, *, #459, .F. ) ;
#2789 = DIRECTION ( 'NONE',  ( 0.000000000000000000, 0.000000000000000000, 1.000000000000000000 ) ) ;
#2790 = CYLINDRICAL_SURFACE ( 'NONE', #1858, 0.2499999999999997780 ) ;
#2791 = DIRECTION ( 'NONE',  ( -1.000000000000000000, 0.000000000000000000, 0.000000000000000000 ) ) ;
#2792 = VECTOR ( 'NONE', #3588, 1000.000000000000000 ) ;
#2793 = EDGE_LOOP ( 'NONE', ( #75, #2937, #357, #3225 ) ) ;
#2794 = EDGE_CURVE ( 'NONE', #17, #1739, #323, .T. ) ;
#2795 = CARTESIAN_POINT ( 'NONE',  ( 0.000000000000000000, 0.6099999999999999867, 0.000000000000000000 ) ) ;
#2796 = ORIENTED_EDGE ( 'NONE', *, *, #95, .T. ) ;
#2797 = ORIENTED_EDGE ( 'NONE', *, *, #241, .T. ) ;
#2798 = EDGE_CURVE ( 'NONE', #3510, #3250, #903, .T. ) ;
#2799 = ORIENTED_EDGE ( 'NONE', *, *, #2331, .F. ) ;
#2800 = EDGE_CURVE ( 'NONE', #503, #1183, #1489, .T. ) ;
#2801 = CARTESIAN_POINT ( 'NONE',  ( 5.750000000000000000, 0.6300000000000000044, 2.399999999999999467 ) ) ;
#2802 = ORIENTED_EDGE ( 'NONE', *, *, #2693, .F. ) ;
#2803 = DIRECTION ( 'NONE',  ( 0.000000000000000000, 0.000000000000000000, -1.000000000000000000 ) ) ;
#2804 = LINE ( 'NONE', #1628, #1214 ) ;
#2805 = CARTESIAN_POINT ( 'NONE',  ( 2.540000000000000036, 0.02000000000000000042, -2.750000000000000000 ) ) ;
#2806 = DIRECTION ( 'NONE',  ( 0.000000000000000000, 0.000000000000000000, -1.000000000000000000 ) ) ;
#2807 = DIRECTION ( 'NONE',  ( 1.000000000000000000, 0.000000000000000000, 0.000000000000000000 ) ) ;
#2808 = EDGE_CURVE ( 'NONE', #286, #1560, #2649, .T. ) ;
#2809 = VERTEX_POINT ( 'NONE', #355 ) ;
#2810 = VECTOR ( 'NONE', #3601, 1000.000000000000000 ) ;
#2811 = CARTESIAN_POINT ( 'NONE',  ( -2.839999999999999858, 0.02000000000000000042, -2.750000000000000000 ) ) ;
#2812 = VECTOR ( 'NONE', #913, 1000.000000000000000 ) ;
#2813 = VECTOR ( 'NONE', #3740, 1000.000000000000000 ) ;
#2814 = DIRECTION ( 'NONE',  ( 0.000000000000000000, 0.000000000000000000, 1.000000000000000000 ) ) ;
#2815 = EDGE_LOOP ( 'NONE', ( #2205, #542, #1369, #1958 ) ) ;
#2816 = DIRECTION ( 'NONE',  ( -0.000000000000000000, 1.000000000000000000, -0.000000000000000000 ) ) ;
#2817 = ORIENTED_EDGE ( 'NONE', *, *, #2754, .F. ) ;
#2818 = DIRECTION ( 'NONE',  ( 0.000000000000000000, 0.000000000000000000, -1.000000000000000000 ) ) ;
#2819 = ORIENTED_EDGE ( 'NONE', *, *, #25, .F. ) ;
#2820 = VECTOR ( 'NONE', #383, 1000.000000000000000 ) ;
#2821 = EDGE_CURVE ( 'NONE', #3389, #2852, #2632, .T. ) ;
#2822 = DIRECTION ( 'NONE',  ( -0.000000000000000000, -1.000000000000000000, -0.000000000000000000 ) ) ;
#2823 = CARTESIAN_POINT ( 'NONE',  ( -1.540000000000000036, 0.02000000000000000042, 2.750000000000000000 ) ) ;
#2824 = VERTEX_POINT ( 'NONE', #2071 ) ;
#2825 = LINE ( 'NONE', #1033, #1901 ) ;
#2826 = CARTESIAN_POINT ( 'NONE',  ( -3.540000000000000036, -2.500000000000000000, -1.249999999999999778 ) ) ;
#2827 = DIRECTION ( 'NONE',  ( 0.000000000000000000, 0.000000000000000000, 1.000000000000000000 ) ) ;
#2828 = SURFACE_STYLE_FILL_AREA ( #1774 ) ;
#2829 = CARTESIAN_POINT ( 'NONE',  ( -2.839999999999999858, 2.501000000000000778, -2.750000000000000444 ) ) ;
#2830 = ORIENTED_EDGE ( 'NONE', *, *, #519, .F. ) ;
#2831 = VECTOR ( 'NONE', #245, 1000.000000000000000 ) ;
#2832 = ADVANCED_FACE ( 'NONE', ( #2360 ), #3241, .F. ) ;
#2833 = EDGE_CURVE ( 'NONE', #3389, #1048, #935, .T. ) ;
#2834 = VERTEX_POINT ( 'NONE', #1043 ) ;
#2835 = DIRECTION ( 'NONE',  ( -0.000000000000000000, -0.000000000000000000, -1.000000000000000000 ) ) ;
#2836 = VERTEX_POINT ( 'NONE', #740 ) ;
#2837 = CARTESIAN_POINT ( 'NONE',  ( 1.540000000000000036, 0.02000000000000000042, 1.250000000000000000 ) ) ;
#2838 = ORIENTED_EDGE ( 'NONE', *, *, #894, .F. ) ;
#2839 = LINE ( 'NONE', #54, #2115 ) ;
#2840 = VECTOR ( 'NONE', #1280, 1000.000000000000000 ) ;
#2841 = ADVANCED_FACE ( 'NONE', ( #3646 ), #3018, .F. ) ;
#2842 = CIRCLE ( 'NONE', #2176, 0.2999999999999999334 ) ;
#2843 = DIRECTION ( 'NONE',  ( 0.000000000000000000, -0.000000000000000000, 1.000000000000000000 ) ) ;
#2844 = ORIENTED_EDGE ( 'NONE', *, *, #2212, .T. ) ;
#2845 = EDGE_CURVE ( 'NONE', #2220, #3470, #2476, .T. ) ;
#2846 = CARTESIAN_POINT ( 'NONE',  ( 3.540000000000000036, 0.02000000000000000042, -1.249999999999999778 ) ) ;
#2847 = DIRECTION ( 'NONE',  ( 0.000000000000000000, 0.000000000000000000, -1.000000000000000000 ) ) ;
#2848 = DIRECTION ( 'NONE',  ( 0.000000000000000000, 0.000000000000000000, 1.000000000000000000 ) ) ;
#2849 = CARTESIAN_POINT ( 'NONE',  ( 1.790000000000000036, 0.6099999999999999867, -1.249999999999999778 ) ) ;
#2850 = DIRECTION ( 'NONE',  ( 1.000000000000000000, 0.000000000000000000, -0.000000000000000000 ) ) ;
#2851 = FACE_OUTER_BOUND ( 'NONE', #260, .T. ) ;
#2852 = VERTEX_POINT ( 'NONE', #2461 ) ;
#2853 = CARTESIAN_POINT ( 'NONE',  ( -3.290000000000000480, 0.6300000000000000044, -2.749999999999999556 ) ) ;
#2854 = EDGE_CURVE ( 'NONE', #3036, #286, #152, .T. ) ;
#2855 = DIRECTION ( 'NONE',  ( -0.000000000000000000, -1.000000000000000000, -0.000000000000000000 ) ) ;
#2856 = VERTEX_POINT ( 'NONE', #2757 ) ;
#2857 = LINE ( 'NONE', #2837, #2388 ) ;
#2858 = VECTOR ( 'NONE', #235, 1000.000000000000000 ) ;
#2859 = ADVANCED_FACE ( 'NONE', ( #2189 ), #3336, .F. ) ;
#2860 = ORIENTED_EDGE ( 'NONE', *, *, #1658, .F. ) ;
#2861 = DIRECTION ( 'NONE',  ( -1.000000000000000000, 0.000000000000000000, 1.102578480493733066E-16 ) ) ;
#2862 = AXIS2_PLACEMENT_3D ( 'NONE', #874, #2315, #3757 ) ;
#2863 = CARTESIAN_POINT ( 'NONE',  ( 2.790000000000000036, 0.000000000000000000, 2.750000000000000000 ) ) ;
#2864 = VERTEX_POINT ( 'NONE', #723 ) ;
#2865 = FACE_OUTER_BOUND ( 'NONE', #1697, .T. ) ;
#2866 = LINE ( 'NONE', #1666, #858 ) ;
#2867 = DIRECTION ( 'NONE',  ( 0.000000000000000000, 0.000000000000000000, 1.000000000000000000 ) ) ;
#2868 = LINE ( 'NONE', #3443, #2229 ) ;
#2869 = DIRECTION ( 'NONE',  ( 0.000000000000000000, 0.000000000000000000, 1.000000000000000000 ) ) ;
#2870 = ORIENTED_EDGE ( 'NONE', *, *, #3112, .F. ) ;
#2871 = LINE ( 'NONE', #463, #2371 ) ;
#2872 = VECTOR ( 'NONE', #2765, 1000.000000000000000 ) ;
#2873 = AXIS2_PLACEMENT_3D ( 'NONE', #125, #881, #3620 ) ;
#2874 = VECTOR ( 'NONE', #758, 1000.000000000000000 ) ;
#2875 = VERTEX_POINT ( 'NONE', #3629 ) ;
#2876 = LINE ( 'NONE', #607, #3048 ) ;
#2877 = EDGE_LOOP ( 'NONE', ( #606, #1110, #1132, #222, #2314, #2860, #1738 ) ) ;
#2878 = DIRECTION ( 'NONE',  ( 0.000000000000000000, 1.000000000000000000, 0.000000000000000000 ) ) ;
#2879 = CARTESIAN_POINT ( 'NONE',  ( 0.000000000000000000, 0.000000000000000000, 0.000000000000000000 ) ) ;
#2880 = ORIENTED_EDGE ( 'NONE', *, *, #3475, .F. ) ;
#2881 = EDGE_CURVE ( 'NONE', #3372, #3664, #2842, .T. ) ;
#2882 = DIRECTION ( 'NONE',  ( -1.000000000000000000, 0.000000000000000000, 0.000000000000000000 ) ) ;
#2883 = DIRECTION ( 'NONE',  ( -0.000000000000000000, 0.000000000000000000, -1.000000000000000000 ) ) ;
#2884 = DIRECTION ( 'NONE',  ( 1.000000000000000000, 0.000000000000000000, -1.102578480493733312E-16 ) ) ;
#2885 = LINE ( 'NONE', #3463, #3271 ) ;
#2886 =( NAMED_UNIT ( * ) SI_UNIT ( $, .STERADIAN. ) SOLID_ANGLE_UNIT ( ) );
#2887 = VERTEX_POINT ( 'NONE', #114 ) ;
#2888 = SURFACE_STYLE_USAGE ( .BOTH. , #3481 ) ;
#2889 = DIRECTION ( 'NONE',  ( 0.000000000000000000, 1.000000000000000000, 0.000000000000000000 ) ) ;
#2890 = VECTOR ( 'NONE', #278, 1000.000000000000000 ) ;
#2891 = DIRECTION ( 'NONE',  ( 1.000000000000000000, 0.000000000000000000, 0.000000000000000000 ) ) ;
#2892 = AXIS2_PLACEMENT_3D ( 'NONE', #2311, #866, #2095 ) ;
#2893 = EDGE_CURVE ( 'NONE', #1828, #3295, #3318, .T. ) ;
#2894 = VERTEX_POINT ( 'NONE', #3053 ) ;
#2895 = ORIENTED_EDGE ( 'NONE', *, *, #1252, .T. ) ;
#2896 = EDGE_LOOP ( 'NONE', ( #1982, #994, #899, #1962 ) ) ;
#2897 = EDGE_CURVE ( 'NONE', #1831, #617, #1924, .T. ) ;
#2898 = VECTOR ( 'NONE', #1364, 1000.000000000000000 ) ;
#2899 = PLANE ( 'NONE',  #902 ) ;
#2900 = LINE ( 'NONE', #1437, #2858 ) ;
#2901 = ORIENTED_EDGE ( 'NONE', *, *, #582, .T. ) ;
#2902 = DIRECTION ( 'NONE',  ( -1.102578480493733312E-16, 0.000000000000000000, -1.000000000000000000 ) ) ;
#2903 = DIRECTION ( 'NONE',  ( -0.000000000000000000, -1.000000000000000000, 0.000000000000000000 ) ) ;
#2904 = FACE_OUTER_BOUND ( 'NONE', #1275, .T. ) ;
#2905 = VECTOR ( 'NONE', #774, 1000.000000000000000 ) ;
#2906 = EDGE_CURVE ( 'NONE', #507, #3070, #468, .T. ) ;
#2907 = LINE ( 'NONE', #296, #3436 ) ;
#2908 = ORIENTED_EDGE ( 'NONE', *, *, #2833, .T. ) ;
#2909 = DIRECTION ( 'NONE',  ( 1.000000000000000000, 0.000000000000000000, 0.000000000000000000 ) ) ;
#2910 = DIRECTION ( 'NONE',  ( 0.000000000000000000, -0.000000000000000000, 1.000000000000000000 ) ) ;
#2911 = VERTEX_POINT ( 'NONE', #687 ) ;
#2912 = ORIENTED_EDGE ( 'NONE', *, *, #2038, .F. ) ;
#2913 = DIRECTION ( 'NONE',  ( 0.000000000000000000, 1.000000000000000000, 0.000000000000000000 ) ) ;
#2914 = EDGE_CURVE ( 'NONE', #2231, #1080, #446, .T. ) ;
#2915 = VERTEX_POINT ( 'NONE', #3299 ) ;
#2916 = VECTOR ( 'NONE', #1662, 1000.000000000000000 ) ;
#2917 = DIRECTION ( 'NONE',  ( 0.000000000000000000, 0.000000000000000000, -1.000000000000000000 ) ) ;
#2918 = CIRCLE ( 'NONE', #3224, 0.2499999999999997780 ) ;
#2919 = EDGE_CURVE ( 'NONE', #1613, #1828, #1618, .T. ) ;
#2920 = EDGE_LOOP ( 'NONE', ( #3500, #2650, #3589, #3233 ) ) ;
#2921 = FACE_OUTER_BOUND ( 'NONE', #931, .T. ) ;
#2922 = CIRCLE ( 'NONE', #2862, 0.2999999999999999334 ) ;
#2923 = DIRECTION ( 'NONE',  ( 0.000000000000000000, 1.000000000000000000, 0.000000000000000000 ) ) ;
#2924 = ORIENTED_EDGE ( 'NONE', *, *, #3022, .T. ) ;
#2925 = ORIENTED_EDGE ( 'NONE', *, *, #3128, .T. ) ;
#2926 = PRESENTATION_STYLE_ASSIGNMENT (( #2888 ) ) ;
#2927 = DIRECTION ( 'NONE',  ( 0.000000000000000000, 0.000000000000000000, -1.000000000000000000 ) ) ;
#2928 = ADVANCED_FACE ( 'NONE', ( #168 ), #408, .T. ) ;
#2929 = DIRECTION ( 'NONE',  ( -1.000000000000000000, 0.000000000000000000, 0.000000000000000000 ) ) ;
#2930 = ORIENTED_EDGE ( 'NONE', *, *, #2050, .T. ) ;
#2931 = SURFACE_STYLE_USAGE ( .BOTH. , #1180 ) ;
#2932 = ORIENTED_EDGE ( 'NONE', *, *, #1168, .T. ) ;
#2933 = CARTESIAN_POINT ( 'NONE',  ( 1.790000000000000036, 0.6300000000000000044, 1.249999999999999778 ) ) ;
#2934 = ORIENTED_EDGE ( 'NONE', *, *, #3040, .F. ) ;
#2935 = MECHANICAL_DESIGN_GEOMETRIC_PRESENTATION_REPRESENTATION (  '', ( #2747 ), #1172 ) ;
#2936 = DIRECTION ( 'NONE',  ( 0.000000000000000000, 0.000000000000000000, -1.000000000000000000 ) ) ;
#2937 = ORIENTED_EDGE ( 'NONE', *, *, #831, .F. ) ;
#2938 = DIRECTION ( 'NONE',  ( 0.000000000000000000, 0.000000000000000000, 1.000000000000000000 ) ) ;
#2939 = DIRECTION ( 'NONE',  ( -1.000000000000000000, 0.000000000000000000, 0.000000000000000000 ) ) ;
#2940 = DIRECTION ( 'NONE',  ( -0.000000000000000000, -1.000000000000000000, -0.000000000000000000 ) ) ;
#2941 = ORIENTED_EDGE ( 'NONE', *, *, #2184, .T. ) ;
#2942 = CARTESIAN_POINT ( 'NONE',  ( -5.900000000000000355, 0.6300000000000000044, 2.750000000000000000 ) ) ;
#2943 = PLANE ( 'NONE',  #276 ) ;
#2944 = VECTOR ( 'NONE', #3697, 1000.000000000000000 ) ;
#2945 = DIRECTION ( 'NONE',  ( 0.000000000000000000, -1.000000000000000000, 0.000000000000000000 ) ) ;
#2946 = CARTESIAN_POINT ( 'NONE',  ( -1.540000000000000036, 0.02000000000000000042, -1.250000000000000000 ) ) ;
#2947 = VECTOR ( 'NONE', #2083, 1000.000000000000000 ) ;
#2948 = ADVANCED_FACE ( 'NONE', ( #390 ), #1561, .F. ) ;
#2949 = DIRECTION ( 'NONE',  ( 1.000000000000000000, 0.000000000000000000, 1.084202172485504434E-16 ) ) ;
#2950 = ORIENTED_EDGE ( 'NONE', *, *, #775, .T. ) ;
#2951 = FACE_OUTER_BOUND ( 'NONE', #2416, .T. ) ;
#2952 = DIRECTION ( 'NONE',  ( 0.000000000000000000, 0.000000000000000000, 1.000000000000000000 ) ) ;
#2953 = FACE_OUTER_BOUND ( 'NONE', #2228, .T. ) ;
#2954 = EDGE_CURVE ( 'NONE', #2734, #3742, #3611, .T. ) ;
#2955 = LINE ( 'NONE', #1511, #770 ) ;
#2956 = VERTEX_POINT ( 'NONE', #1867 ) ;
#2957 = PRODUCT ( 'ECS-221-18-18-TR', 'ECS-221-18-18-TR', '', ( #3005 ) ) ;
#2958 = CARTESIAN_POINT ( 'NONE',  ( -2.240000000000000213, 0.6099999999999998757, 2.749999999999999556 ) ) ;
#2959 = LINE ( 'NONE', #2334, #445 ) ;
#2960 = CARTESIAN_POINT ( 'NONE',  ( 2.839999999999999858, 0.02000000000000000042, 2.750000000000000000 ) ) ;
#2961 = VECTOR ( 'NONE', #797, 1000.000000000000000 ) ;
#2962 = CARTESIAN_POINT ( 'NONE',  ( 1.540000000000000036, 0.000000000000000000, 1.250000000000000000 ) ) ;
#2963 = CARTESIAN_POINT ( 'NONE',  ( -3.540000000000000036, -2.500000000000000000, 2.750000000000000000 ) ) ;
#2964 = ADVANCED_FACE ( 'NONE', ( #1583 ), #2738, .F. ) ;
#2965 = VECTOR ( 'NONE', #1660, 1000.000000000000000 ) ;
#2966 = DIRECTION ( 'NONE',  ( 0.000000000000000000, 0.000000000000000000, -1.000000000000000000 ) ) ;
#2967 = DIRECTION ( 'NONE',  ( 1.000000000000000000, 0.000000000000000000, 0.000000000000000000 ) ) ;
#2968 = EDGE_LOOP ( 'NONE', ( #130, #3020, #1174, #3202 ) ) ;
#2969 = PRODUCT_RELATED_PRODUCT_CATEGORY ( 'part', '', ( #2957 ) ) ;
#2970 = ORIENTED_EDGE ( 'NONE', *, *, #2999, .T. ) ;
#2971 = CIRCLE ( 'NONE', #354, 0.2499999999999997780 ) ;
#2972 = VERTEX_POINT ( 'NONE', #804 ) ;
#2973 = DIRECTION ( 'NONE',  ( -1.000000000000000000, 0.000000000000000000, 1.102578480493733312E-16 ) ) ;
#2974 = VECTOR ( 'NONE', #3090, 1000.000000000000000 ) ;
#2975 = PLANE ( 'NONE',  #3272 ) ;
#2976 = EDGE_LOOP ( 'NONE', ( #444, #392, #2950, #288 ) ) ;
#2977 = FACE_OUTER_BOUND ( 'NONE', #1382, .T. ) ;
#2978 = CARTESIAN_POINT ( 'NONE',  ( -1.540000000000000036, 0.02000000000000000042, -2.750000000000000000 ) ) ;
#2979 = CARTESIAN_POINT ( 'NONE',  ( -1.540000000000000036, -2.500000000000000000, -1.250000000000000000 ) ) ;
#2980 = CARTESIAN_POINT ( 'NONE',  ( 3.540000000000000036, 0.02000000000000000042, 2.750000000000000000 ) ) ;
#2981 = ORIENTED_EDGE ( 'NONE', *, *, #1698, .T. ) ;
#2982 = DIRECTION ( 'NONE',  ( -1.000000000000000000, 0.000000000000000000, 1.084202172485504434E-16 ) ) ;
#2983 = EDGE_LOOP ( 'NONE', ( #923, #2210, #2408, #1162, #2151, #2318, #188 ) ) ;
#2984 = VECTOR ( 'NONE', #905, 1000.000000000000000 ) ;
#2985 = ORIENTED_EDGE ( 'NONE', *, *, #2050, .F. ) ;
#2986 = AXIS2_PLACEMENT_3D ( 'NONE', #132, #1603, #1087 ) ;
#2987 = ORIENTED_EDGE ( 'NONE', *, *, #111, .F. ) ;
#2988 = EDGE_CURVE ( 'NONE', #2, #1527, #1066, .T. ) ;
#2989 = VERTEX_POINT ( 'NONE', #1964 ) ;
#2990 = LINE ( 'NONE', #2409, #1353 ) ;
#2991 = PLANE ( 'NONE',  #588 ) ;
#2992 = DIRECTION ( 'NONE',  ( 0.000000000000000000, 0.000000000000000000, -1.000000000000000000 ) ) ;
#2993 = FACE_OUTER_BOUND ( 'NONE', #3430, .T. ) ;
#2994 = DIRECTION ( 'NONE',  ( -1.000000000000000000, 0.000000000000000000, 0.000000000000000000 ) ) ;
#2995 = EDGE_LOOP ( 'NONE', ( #1690, #592, #2771, #1165 ) ) ;
#2996 = FACE_OUTER_BOUND ( 'NONE', #2375, .T. ) ;
#2997 = ORIENTED_EDGE ( 'NONE', *, *, #3741, .T. ) ;
#2998 = EDGE_CURVE ( 'NONE', #1395, #2744, #3120, .T. ) ;
#2999 = EDGE_CURVE ( 'NONE', #1725, #1088, #1945, .T. ) ;
#3000 = ORIENTED_EDGE ( 'NONE', *, *, #3366, .F. ) ;
#3001 = DIRECTION ( 'NONE',  ( 0.000000000000000000, -0.000000000000000000, 1.000000000000000000 ) ) ;
#3002 = AXIS2_PLACEMENT_3D ( 'NONE', #46, #1210, #3484 ) ;
#3003 = VERTEX_POINT ( 'NONE', #2284 ) ;
#3004 = EDGE_CURVE ( 'NONE', #314, #842, #553, .T. ) ;
#3005 = PRODUCT_CONTEXT ( 'NONE', #2758, 'mechanical' ) ;
#3006 = LINE ( 'NONE', #328, #1916 ) ;
#3007 = CARTESIAN_POINT ( 'NONE',  ( -1.540000000000000036, 0.000000000000000000, -1.250000000000000000 ) ) ;
#3008 = ORIENTED_EDGE ( 'NONE', *, *, #3194, .F. ) ;
#3009 = LINE ( 'NONE', #82, #3486 ) ;
#3010 = CIRCLE ( 'NONE', #896, 0.2999999999999999334 ) ;
#3011 = LINE ( 'NONE', #1231, #2517 ) ;
#3012 = LINE ( 'NONE', #2979, #1578 ) ;
#3013 = ORIENTED_EDGE ( 'NONE', *, *, #2034, .T. ) ;
#3014 = LINE ( 'NONE', #1271, #3350 ) ;
#3015 = EDGE_LOOP ( 'NONE', ( #904, #2270, #2908, #2285, #2581, #1361 ) ) ;
#3016 = VECTOR ( 'NONE', #2992, 1000.000000000000000 ) ;
#3017 = VECTOR ( 'NONE', #2207, 1000.000000000000000 ) ;
#3018 = PLANE ( 'NONE',  #2542 ) ;
#3019 = EDGE_CURVE ( 'NONE', #2000, #1834, #823, .T. ) ;
#3020 = ORIENTED_EDGE ( 'NONE', *, *, #1734, .F. ) ;
#3021 = DIRECTION ( 'NONE',  ( -0.000000000000000000, -1.000000000000000000, -0.000000000000000000 ) ) ;
#3022 = EDGE_CURVE ( 'NONE', #2972, #742, #741, .T. ) ;
#3023 = PLANE ( 'NONE',  #955 ) ;
#3024 = ORIENTED_EDGE ( 'NONE', *, *, #2579, .T. ) ;
#3025 = CARTESIAN_POINT ( 'NONE',  ( -1.540000000000000036, -2.500000000000000000, 1.250000000000000000 ) ) ;
#3026 = VECTOR ( 'NONE', #349, 1000.000000000000000 ) ;
#3027 = DIRECTION ( 'NONE',  ( -1.000000000000000000, 0.000000000000000000, 0.000000000000000000 ) ) ;
#3028 = LINE ( 'NONE', #178, #1654 ) ;
#3029 = AXIS2_PLACEMENT_3D ( 'NONE', #1971, #1588, #2230 ) ;
#3030 = CARTESIAN_POINT ( 'NONE',  ( 1.540000000000000036, 0.000000000000000000, -2.750000000000000000 ) ) ;
#3031 = CARTESIAN_POINT ( 'NONE',  ( 3.540000000000000036, -2.500000000000000000, -1.249999999999999778 ) ) ;
#3032 = ORIENTED_EDGE ( 'NONE', *, *, #2623, .F. ) ;
#3033 = CARTESIAN_POINT ( 'NONE',  ( 1.790000000000000036, 0.6300000000000000044, 1.249999999999999778 ) ) ;
#3034 = STYLED_ITEM ( 'NONE', ( #2926 ), #1820 ) ;
#3035 = LINE ( 'NONE', #1866, #3364 ) ;
#3036 = VERTEX_POINT ( 'NONE', #3429 ) ;
#3037 = DIRECTION ( 'NONE',  ( -0.000000000000000000, -0.000000000000000000, -1.000000000000000000 ) ) ;
#3038 = VERTEX_POINT ( 'NONE', #1981 ) ;
#3039 = MECHANICAL_DESIGN_GEOMETRIC_PRESENTATION_REPRESENTATION (  '', ( #2131 ), #1597 ) ;
#3040 = EDGE_CURVE ( 'NONE', #681, #2245, #3142, .T. ) ;
#3041 = DIRECTION ( 'NONE',  ( 0.000000000000000000, 0.000000000000000000, -1.000000000000000000 ) ) ;
#3042 = ORIENTED_EDGE ( 'NONE', *, *, #894, .T. ) ;
#3043 = CARTESIAN_POINT ( 'NONE',  ( 1.790000000000000036, 0.6099999999999999867, 1.249999999999999778 ) ) ;
#3044 = LINE ( 'NONE', #3653, #2721 ) ;
#3045 = CARTESIAN_POINT ( 'NONE',  ( -1.790000000000000036, 0.6099999999999999867, 1.249999999999999778 ) ) ;
#3046 = CARTESIAN_POINT ( 'NONE',  ( -3.540000000000000036, 0.000000000000000000, -2.750000000000000000 ) ) ;
#3047 = CARTESIAN_POINT ( 'NONE',  ( 5.750000000000000000, 2.500000000000000444, 2.399999999999999467 ) ) ;
#3048 = VECTOR ( 'NONE', #1216, 1000.000000000000000 ) ;
#3049 = ORIENTED_EDGE ( 'NONE', *, *, #2618, .F. ) ;
#3050 = CARTESIAN_POINT ( 'NONE',  ( -1.790000000000000036, 0.6300000000000000044, 1.249999999999999778 ) ) ;
#3051 = EDGE_LOOP ( 'NONE', ( #2036, #1642, #1649, #3701 ) ) ;
#3052 = VECTOR ( 'NONE', #1669, 1000.000000000000000 ) ;
#3053 = CARTESIAN_POINT ( 'NONE',  ( -1.540000000000000036, 0.02000000000000000042, 1.250000000000000000 ) ) ;
#3054 = EDGE_CURVE ( 'NONE', #3641, #1299, #1757, .T. ) ;
#3055 = EDGE_LOOP ( 'NONE', ( #2214, #641, #2005, #467 ) ) ;
#3056 = ORIENTED_EDGE ( 'NONE', *, *, #3765, .T. ) ;
#3057 = ORIENTED_EDGE ( 'NONE', *, *, #111, .T. ) ;
#3058 = AXIS2_PLACEMENT_3D ( 'NONE', #1281, #2061, #1545 ) ;
#3059 = VECTOR ( 'NONE', #2626, 1000.000000000000000 ) ;
#3060 = DIRECTION ( 'NONE',  ( -0.000000000000000000, -1.000000000000000000, -0.000000000000000000 ) ) ;
#3061 = DIRECTION ( 'NONE',  ( 0.000000000000000000, 0.000000000000000000, 1.000000000000000000 ) ) ;
#3062 = ORIENTED_EDGE ( 'NONE', *, *, #2718, .T. ) ;
#3063 = CARTESIAN_POINT ( 'NONE',  ( 2.540000000000000036, 2.501000000000000778, -2.750000000000000000 ) ) ;
#3064 = FACE_OUTER_BOUND ( 'NONE', #1428, .T. ) ;
#3065 = LINE ( 'NONE', #2182, #1070 ) ;
#3066 = DIRECTION ( 'NONE',  ( 0.000000000000000000, 0.000000000000000000, 1.000000000000000000 ) ) ;
#3067 = EDGE_CURVE ( 'NONE', #2704, #1413, #933, .T. ) ;
#3068 = EDGE_CURVE ( 'NONE', #3459, #3610, #897, .T. ) ;
#3069 = LINE ( 'NONE', #1307, #996 ) ;
#3070 = VERTEX_POINT ( 'NONE', #50 ) ;
#3071 = LINE ( 'NONE', #2240, #3289 ) ;
#3072 =( GEOMETRIC_REPRESENTATION_CONTEXT ( 3 ) GLOBAL_UNCERTAINTY_ASSIGNED_CONTEXT ( ( #3545 ) ) GLOBAL_UNIT_ASSIGNED_CONTEXT ( ( #22, #2137, #3631 ) ) REPRESENTATION_CONTEXT ( 'NONE', 'WORKASPACE' ) );
#3073 = AXIS2_PLACEMENT_3D ( 'NONE', #3249, #342, #1815 ) ;
#3074 = MANIFOLD_SOLID_BREP ( 'Mirror2[1]', #3181 ) ;
#3075 = PRODUCT_DEFINITION_CONTEXT ( 'detailed design', #1839, 'design' ) ;
#3076 = ADVANCED_FACE ( 'NONE', ( #626 ), #2645, .F. ) ;
#3077 = DIRECTION ( 'NONE',  ( 0.000000000000000000, 0.000000000000000000, 1.000000000000000000 ) ) ;
#3078 = EDGE_LOOP ( 'NONE', ( #574, #1069, #2497, #1542, #1024, #1900, #1272, #279 ) ) ;
#3079 = CARTESIAN_POINT ( 'NONE',  ( 5.900000000000000355, 0.6099999999999999867, -2.750000000000001332 ) ) ;
#3080 = VECTOR ( 'NONE', #1462, 1000.000000000000000 ) ;
#3081 = ORIENTED_EDGE ( 'NONE', *, *, #763, .T. ) ;
#3082 = VECTOR ( 'NONE', #1526, 1000.000000000000000 ) ;
#3083 = DIRECTION ( 'NONE',  ( 0.000000000000000000, 0.000000000000000000, 1.000000000000000000 ) ) ;
#3084 = ORIENTED_EDGE ( 'NONE', *, *, #1458, .T. ) ;
#3085 = ADVANCED_FACE ( 'NONE', ( #648 ), #2089, .F. ) ;
#3086 = DIRECTION ( 'NONE',  ( 1.000000000000000000, 0.000000000000000000, 0.000000000000000000 ) ) ;
#3087 = CARTESIAN_POINT ( 'NONE',  ( -1.540000000000000036, 0.000000000000000000, -2.750000000000000000 ) ) ;
#3088 = EDGE_LOOP ( 'NONE', ( #3101, #734, #720, #873 ) ) ;
#3089 = CARTESIAN_POINT ( 'NONE',  ( 3.540000000000000036, 0.02000000000000000042, -1.249999999999999778 ) ) ;
#3090 = DIRECTION ( 'NONE',  ( -0.000000000000000000, -1.000000000000000000, -0.000000000000000000 ) ) ;
#3091 = CARTESIAN_POINT ( 'NONE',  ( -2.540000000000000036, 2.501000000000000778, -2.750000000000000000 ) ) ;
#3092 = LINE ( 'NONE', #1646, #3393 ) ;
#3093 = PLANE ( 'NONE',  #690 ) ;
#3094 = DIRECTION ( 'NONE',  ( 1.000000000000000000, -0.000000000000000000, -1.508455196501571429E-16 ) ) ;
#3095 = VERTEX_POINT ( 'NONE', #2451 ) ;
#3096 = DIRECTION ( 'NONE',  ( 1.508455196501571676E-16, -0.000000000000000000, 1.000000000000000000 ) ) ;
#3097 = CARTESIAN_POINT ( 'NONE',  ( 2.540000000000000036, 0.6099999999999999867, 2.750000000000000000 ) ) ;
#3098 = EDGE_CURVE ( 'NONE', #2989, #2537, #2263, .T. ) ;
#3099 = EDGE_LOOP ( 'NONE', ( #1626, #511, #1760, #2934, #1355, #1621, #3285, #2707 ) ) ;
#3100 = AXIS2_PLACEMENT_3D ( 'NONE', #924, #1447, #1157 ) ;
#3101 = ORIENTED_EDGE ( 'NONE', *, *, #2007, .F. ) ;
#3102 = VERTEX_POINT ( 'NONE', #2164 ) ;
#3103 = ORIENTED_EDGE ( 'NONE', *, *, #3529, .F. ) ;
#3104 = CARTESIAN_POINT ( 'NONE',  ( -1.790000000000000036, 0.6300000000000000044, -2.750000000000000444 ) ) ;
#3105 = DIRECTION ( 'NONE',  ( 0.000000000000000000, 0.000000000000000000, 1.000000000000000000 ) ) ;
#3106 = ORIENTED_EDGE ( 'NONE', *, *, #450, .F. ) ;
#3107 = CARTESIAN_POINT ( 'NONE',  ( -3.290000000000000480, 0.6099999999999999867, 3.649999999999999911 ) ) ;
#3108 = LINE ( 'NONE', #1644, #2310 ) ;
#3109 = LINE ( 'NONE', #1897, #107 ) ;
#3110 = FACE_OUTER_BOUND ( 'NONE', #1635, .T. ) ;
#3111 = EDGE_CURVE ( 'NONE', #3198, #3038, #2356, .T. ) ;
#3112 = EDGE_CURVE ( 'NONE', #529, #2669, #2052, .T. ) ;
#3113 = DIRECTION ( 'NONE',  ( 0.000000000000000000, 0.000000000000000000, -1.000000000000000000 ) ) ;
#3114 = ORIENTED_EDGE ( 'NONE', *, *, #841, .T. ) ;
#3115 = DIRECTION ( 'NONE',  ( -0.000000000000000000, -1.000000000000000000, -0.000000000000000000 ) ) ;
#3116 = VECTOR ( 'NONE', #207, 1000.000000000000000 ) ;
#3117 = DIRECTION ( 'NONE',  ( 0.000000000000000000, -1.000000000000000000, 0.000000000000000000 ) ) ;
#3118 = CARTESIAN_POINT ( 'NONE',  ( -1.790000000000000036, 0.6099999999999999867, -1.249999999999999778 ) ) ;
#3119 = ORIENTED_EDGE ( 'NONE', *, *, #709, .F. ) ;
#3120 = LINE ( 'NONE', #2513, #370 ) ;
#3121 = EDGE_LOOP ( 'NONE', ( #917, #3260, #3768, #3280, #1032, #1585, #2797 ) ) ;
#3122 = EDGE_CURVE ( 'NONE', #267, #2046, #1503, .T. ) ;
#3123 = ORIENTED_EDGE ( 'NONE', *, *, #1525, .T. ) ;
#3124 = ADVANCED_FACE ( 'NONE', ( #716 ), #3217, .F. ) ;
#3125 = VERTEX_POINT ( 'NONE', #1161 ) ;
#3126 = VECTOR ( 'NONE', #3604, 1000.000000000000000 ) ;
#3127 = DIRECTION ( 'NONE',  ( 1.000000000000000000, 0.000000000000000000, 0.000000000000000000 ) ) ;
#3128 = EDGE_CURVE ( 'NONE', #1777, #750, #3302, .T. ) ;
#3129 = CARTESIAN_POINT ( 'NONE',  ( 5.900000000000000355, 0.6099999999999999867, -2.750000000000001332 ) ) ;
#3130 = ORIENTED_EDGE ( 'NONE', *, *, #3715, .T. ) ;
#3131 = CARTESIAN_POINT ( 'NONE',  ( 2.540000000000000036, 0.02000000000000000042, 2.750000000000000000 ) ) ;
#3132 = MANIFOLD_SOLID_BREP ( 'Mirror1', #1359 ) ;
#3133 = LINE ( 'NONE', #176, #3531 ) ;
#3134 = DIRECTION ( 'NONE',  ( 0.000000000000000000, 0.000000000000000000, -1.000000000000000000 ) ) ;
#3135 = DIRECTION ( 'NONE',  ( 0.000000000000000000, -0.000000000000000000, 1.000000000000000000 ) ) ;
#3136 = ORIENTED_EDGE ( 'NONE', *, *, #871, .F. ) ;
#3137 = DIRECTION ( 'NONE',  ( -0.000000000000000000, -1.000000000000000000, -0.000000000000000000 ) ) ;
#3138 = CARTESIAN_POINT ( 'NONE',  ( -5.900000000000000355, 0.6300000000000000044, 2.750000000000000000 ) ) ;
#3139 = LINE ( 'NONE', #518, #623 ) ;
#3140 = ORIENTED_EDGE ( 'NONE', *, *, #789, .T. ) ;
#3141 = VERTEX_POINT ( 'NONE', #3345 ) ;
#3142 = LINE ( 'NONE', #521, #1478 ) ;
#3143 = VERTEX_POINT ( 'NONE', #200 ) ;
#3144 = DIRECTION ( 'NONE',  ( 1.102578480493733312E-16, -0.000000000000000000, 1.000000000000000000 ) ) ;
#3145 = ORIENTED_EDGE ( 'NONE', *, *, #26, .T. ) ;
#3146 = DIRECTION ( 'NONE',  ( 0.000000000000000000, 0.000000000000000000, 1.000000000000000000 ) ) ;
#3147 = VECTOR ( 'NONE', #2861, 1000.000000000000000 ) ;
#3148 = CARTESIAN_POINT ( 'NONE',  ( 0.000000000000000000, 2.500000000000000000, 0.000000000000000000 ) ) ;
#3149 = VERTEX_POINT ( 'NONE', #14 ) ;
#3150 = DIRECTION ( 'NONE',  ( 0.000000000000000000, 0.000000000000000000, -1.000000000000000000 ) ) ;
#3151 = PLANE ( 'NONE',  #1341 ) ;
#3152 = EDGE_CURVE ( 'NONE', #3218, #1464, #3367, .T. ) ;
#3153 = CARTESIAN_POINT ( 'NONE',  ( 0.000000000000000000, 0.6300000000000000044, 0.000000000000000000 ) ) ;
#3154 = ORIENTED_EDGE ( 'NONE', *, *, #1182, .F. ) ;
#3155 = CARTESIAN_POINT ( 'NONE',  ( -3.540000000000000036, 0.000000000000000000, 2.750000000000000000 ) ) ;
#3156 = EDGE_CURVE ( 'NONE', #1088, #3610, #3028, .T. ) ;
#3157 = CARTESIAN_POINT ( 'NONE',  ( -2.540000000000000036, 0.6099999999999999867, 2.750000000000000000 ) ) ;
#3158 = FACE_OUTER_BOUND ( 'NONE', #2968, .T. ) ;
#3159 = VERTEX_POINT ( 'NONE', #1015 ) ;
#3160 = EDGE_CURVE ( 'NONE', #1907, #2231, #436, .T. ) ;
#3161 = AXIS2_PLACEMENT_3D ( 'NONE', #172, #3670, #1052 ) ;
#3162 = LINE ( 'NONE', #268, #1392 ) ;
#3163 = VECTOR ( 'NONE', #1843, 1000.000000000000000 ) ;
#3164 = ADVANCED_FACE ( 'NONE', ( #1367 ), #1347, .F. ) ;
#3165 = CARTESIAN_POINT ( 'NONE',  ( -2.240000000000000213, 0.02000000000000000042, -2.750000000000000000 ) ) ;
#3166 = VERTEX_POINT ( 'NONE', #1610 ) ;
#3167 = LINE ( 'NONE', #1133, #1740 ) ;
#3168 = CARTESIAN_POINT ( 'NONE',  ( -1.790000000000000036, 0.6300000000000000044, -3.649999999999999911 ) ) ;
#3169 = CARTESIAN_POINT ( 'NONE',  ( 2.540000000000000036, 0.02000000000000005246, -2.750000000000000000 ) ) ;
#3170 = CARTESIAN_POINT ( 'NONE',  ( -2.540000000000000036, 0.6099999999999999867, -2.750000000000000000 ) ) ;
#3171 = EDGE_CURVE ( 'NONE', #2070, #2333, #2486, .T. ) ;
#3172 = DIRECTION ( 'NONE',  ( 0.000000000000000000, 1.000000000000000000, 0.000000000000000000 ) ) ;
#3173 = ORIENTED_EDGE ( 'NONE', *, *, #3407, .T. ) ;
#3174 = LINE ( 'NONE', #2942, #1640 ) ;
#3175 = DIRECTION ( 'NONE',  ( -1.000000000000000000, 0.000000000000000000, -0.000000000000000000 ) ) ;
#3176 = CARTESIAN_POINT ( 'NONE',  ( -3.540000000000000036, 0.000000000000000000, 1.249999999999999778 ) ) ;
#3177 = VECTOR ( 'NONE', #237, 1000.000000000000000 ) ;
#3178 = STYLED_ITEM ( 'NONE', ( #2339 ), #3074 ) ;
#3179 = VECTOR ( 'NONE', #577, 1000.000000000000000 ) ;
#3180 = ORIENTED_EDGE ( 'NONE', *, *, #1260, .F. ) ;
#3181 = CLOSED_SHELL ( 'NONE', ( #2527, #488, #265, #704, #381, #336, #1372, #1092, #359, #2510, #508, #2399, #1535, #2302, #982, #473 ) ) ;
#3182 = VERTEX_POINT ( 'NONE', #2505 ) ;
#3183 = EDGE_CURVE ( 'NONE', #2915, #1613, #1036, .T. ) ;
#3184 = CARTESIAN_POINT ( 'NONE',  ( 3.540000000000000036, -2.500000000000000000, -2.750000000000000000 ) ) ;
#3185 = AXIS2_PLACEMENT_3D ( 'NONE', #1003, #2694, #3310 ) ;
#3186 = ORIENTED_EDGE ( 'NONE', *, *, #936, .F. ) ;
#3187 = LINE ( 'NONE', #2602, #1435 ) ;
#3188 = CARTESIAN_POINT ( 'NONE',  ( 2.540000000000000036, 0.02000000000000005246, 2.449999999999999734 ) ) ;
#3189 = LINE ( 'NONE', #1154, #1753 ) ;
#3190 = DIRECTION ( 'NONE',  ( 0.000000000000000000, 0.000000000000000000, 1.000000000000000000 ) ) ;
#3191 = EDGE_LOOP ( 'NONE', ( #1508, #1904, #327, #3084 ) ) ;
#3192 = SURFACE_SIDE_STYLE ('',( #1138 ) ) ;
#3193 = CARTESIAN_POINT ( 'NONE',  ( 2.839999999999999858, -2.500000000000000000, 2.750000000000000000 ) ) ;
#3194 = EDGE_CURVE ( 'NONE', #1504, #2155, #3696, .T. ) ;
#3195 = EDGE_CURVE ( 'NONE', #3398, #3149, #754, .T. ) ;
#3196 = LINE ( 'NONE', #2336, #1599 ) ;
#3197 = AXIS2_PLACEMENT_3D ( 'NONE', #1439, #1704, #2938 ) ;
#3198 = VERTEX_POINT ( 'NONE', #1059 ) ;
#3199 = EDGE_CURVE ( 'NONE', #3295, #805, #460, .T. ) ;
#3200 =( NAMED_UNIT ( * ) SI_UNIT ( $, .STERADIAN. ) SOLID_ANGLE_UNIT ( ) );
#3201 = ADVANCED_FACE ( 'NONE', ( #3110 ), #815, .F. ) ;
#3202 = ORIENTED_EDGE ( 'NONE', *, *, #1056, .T. ) ;
#3203 = EDGE_LOOP ( 'NONE', ( #2601, #970, #1250, #191 ) ) ;
#3204 = AXIS2_PLACEMENT_3D ( 'NONE', #1405, #867, #3134 ) ;
#3205 = ORIENTED_EDGE ( 'NONE', *, *, #368, .T. ) ;
#3206 = DIRECTION ( 'NONE',  ( 0.000000000000000000, -0.000000000000000000, -1.000000000000000000 ) ) ;
#3207 = EDGE_CURVE ( 'NONE', #3395, #3250, #2218, .T. ) ;
#3208 = CARTESIAN_POINT ( 'NONE',  ( -2.540000000000000036, 0.6099999999999999867, -2.450000000000000622 ) ) ;
#3209 = CARTESIAN_POINT ( 'NONE',  ( -1.540000000000000036, -2.500000000000000000, 2.750000000000000000 ) ) ;
#3210 = CIRCLE ( 'NONE', #2296, 0.2499999999999997780 ) ;
#3211 = CARTESIAN_POINT ( 'NONE',  ( 3.540000000000000036, 0.02000000000000000042, 2.750000000000000000 ) ) ;
#3212 = ORIENTED_EDGE ( 'NONE', *, *, #953, .F. ) ;
#3213 = VECTOR ( 'NONE', #3497, 1000.000000000000000 ) ;
#3214 = SURFACE_STYLE_FILL_AREA ( #2015 ) ;
#3215 = DIRECTION ( 'NONE',  ( 0.000000000000000000, -1.000000000000000000, 0.000000000000000000 ) ) ;
#3216 = LINE ( 'NONE', #1449, #3179 ) ;
#3217 = PLANE ( 'NONE',  #2686 ) ;
#3218 = VERTEX_POINT ( 'NONE', #1937 ) ;
#3219 = DIRECTION ( 'NONE',  ( 0.000000000000000000, 0.000000000000000000, 1.000000000000000000 ) ) ;
#3220 = EDGE_CURVE ( 'NONE', #20, #1208, #3092, .T. ) ;
#3221 = ORIENTED_EDGE ( 'NONE', *, *, #1380, .F. ) ;
#3222 = VECTOR ( 'NONE', #451, 1000.000000000000000 ) ;
#3223 = DIRECTION ( 'NONE',  ( -0.000000000000000000, -1.000000000000000000, -0.000000000000000000 ) ) ;
#3224 = AXIS2_PLACEMENT_3D ( 'NONE', #2585, #835, #238 ) ;
#3225 = ORIENTED_EDGE ( 'NONE', *, *, #3098, .T. ) ;
#3226 = LINE ( 'NONE', #2328, #1530 ) ;
#3227 = COLOUR_RGB ( '',0.000000000000000000, 0.000000000000000000, 0.000000000000000000 ) ;
#3228 = CARTESIAN_POINT ( 'NONE',  ( 2.540000000000000036, 1.300820393249936702, 2.500000000000000000 ) ) ;
#3229 = ORIENTED_EDGE ( 'NONE', *, *, #2488, .T. ) ;
#3230 = CYLINDRICAL_SURFACE ( 'NONE', #3100, 0.2999999999999999334 ) ;
#3231 = LINE ( 'NONE', #1448, #151 ) ;
#3232 = EDGE_CURVE ( 'NONE', #3125, #17, #1623, .T. ) ;
#3233 = ORIENTED_EDGE ( 'NONE', *, *, #1312, .T. ) ;
#3234 = DIRECTION ( 'NONE',  ( -1.084202172485504434E-16, 0.000000000000000000, 1.000000000000000000 ) ) ;
#3235 = CIRCLE ( 'NONE', #2201, 0.2999999999999999334 ) ;
#3236 = EDGE_LOOP ( 'NONE', ( #743, #2373, #2030, #385, #1397, #1554, #1909, #56 ) ) ;
#3237 = ORIENTED_EDGE ( 'NONE', *, *, #1819, .F. ) ;
#3238 = AXIS2_PLACEMENT_3D ( 'NONE', #3097, #204, #2017 ) ;
#3239 =( GEOMETRIC_REPRESENTATION_CONTEXT ( 3 ) GLOBAL_UNCERTAINTY_ASSIGNED_CONTEXT ( ( #1331 ) ) GLOBAL_UNIT_ASSIGNED_CONTEXT ( ( #1451, #3258, #3200 ) ) REPRESENTATION_CONTEXT ( 'NONE', 'WORKASPACE' ) );
#3240 = EDGE_CURVE ( 'NONE', #784, #811, #2868, .T. ) ;
#3241 = CYLINDRICAL_SURFACE ( 'NONE', #1997, 0.2499999999999997780 ) ;
#3242 = EDGE_CURVE ( 'NONE', #1717, #2220, #2591, .T. ) ;
#3243 = CIRCLE ( 'NONE', #2082, 0.2499999999999997780 ) ;
#3244 = ORIENTED_EDGE ( 'NONE', *, *, #3232, .F. ) ;
#3245 = LINE ( 'NONE', #1813, #829 ) ;
#3246 = CARTESIAN_POINT ( 'NONE',  ( -1.540000000000000036, -2.500000000000000000, 1.250000000000000000 ) ) ;
#3247 = EDGE_CURVE ( 'NONE', #2245, #3659, #715, .T. ) ;
#3248 = FACE_OUTER_BOUND ( 'NONE', #375, .T. ) ;
#3249 = CARTESIAN_POINT ( 'NONE',  ( 2.540000000000000036, 2.501000000000000778, 2.750000000000000000 ) ) ;
#3250 = VERTEX_POINT ( 'NONE', #2622 ) ;
#3251 = PLANE ( 'NONE',  #948 ) ;
#3252 = CARTESIAN_POINT ( 'NONE',  ( -5.900000000000000355, 0.6300000000000000044, 2.750000000000000000 ) ) ;
#3253 = DIRECTION ( 'NONE',  ( -0.000000000000000000, -1.000000000000000000, -0.000000000000000000 ) ) ;
#3254 = PLANE ( 'NONE',  #3264 ) ;
#3255 = VERTEX_POINT ( 'NONE', #1729 ) ;
#3256 = VECTOR ( 'NONE', #3535, 1000.000000000000000 ) ;
#3257 = EDGE_CURVE ( 'NONE', #337, #2824, #2011, .T. ) ;
#3258 =( NAMED_UNIT ( * ) PLANE_ANGLE_UNIT ( ) SI_UNIT ( $, .RADIAN. ) );
#3259 = VECTOR ( 'NONE', #3460, 1000.000000000000000 ) ;
#3260 = ORIENTED_EDGE ( 'NONE', *, *, #2096, .F. ) ;
#3261 = LINE ( 'NONE', #651, #2578 ) ;
#3262 = ORIENTED_EDGE ( 'NONE', *, *, #2914, .T. ) ;
#3263 = CARTESIAN_POINT ( 'NONE',  ( -2.540000000000000036, 1.300820393249936702, 2.750000000000000000 ) ) ;
#3264 = AXIS2_PLACEMENT_3D ( 'NONE', #2963, #1516, #2679 ) ;
#3265 = ORIENTED_EDGE ( 'NONE', *, *, #1457, .T. ) ;
#3266 = LINE ( 'NONE', #2688, #3564 ) ;
#3267 = LINE ( 'NONE', #657, #3082 ) ;
#3268 = ORIENTED_EDGE ( 'NONE', *, *, #782, .F. ) ;
#3269 = PLANE ( 'NONE',  #3734 ) ;
#3270 = DIRECTION ( 'NONE',  ( -0.000000000000000000, -1.000000000000000000, -0.000000000000000000 ) ) ;
#3271 = VECTOR ( 'NONE', #2028, 1000.000000000000000 ) ;
#3272 = AXIS2_PLACEMENT_3D ( 'NONE', #361, #80, #138 ) ;
#3273 = DIRECTION ( 'NONE',  ( 0.000000000000000000, 0.000000000000000000, 1.000000000000000000 ) ) ;
#3274 = DIRECTION ( 'NONE',  ( -1.000000000000000000, 0.000000000000000000, 0.000000000000000000 ) ) ;
#3275 = ORIENTED_EDGE ( 'NONE', *, *, #1454, .T. ) ;
#3276 = DIRECTION ( 'NONE',  ( 0.000000000000000000, -0.000000000000000000, 1.000000000000000000 ) ) ;
#3277 = AXIS2_PLACEMENT_3D ( 'NONE', #3602, #1876, #1093 ) ;
#3278 = ORIENTED_EDGE ( 'NONE', *, *, #1202, .F. ) ;
#3279 = DIRECTION ( 'NONE',  ( 0.000000000000000000, 0.000000000000000000, -1.000000000000000000 ) ) ;
#3280 = ORIENTED_EDGE ( 'NONE', *, *, #928, .T. ) ;
#3281 = EDGE_CURVE ( 'NONE', #778, #45, #2045, .T. ) ;
#3282 = EDGE_LOOP ( 'NONE', ( #1010, #1589, #2817, #449, #2682, #3136, #3776 ) ) ;
#3283 = AXIS2_PLACEMENT_3D ( 'NONE', #2415, #680, #2994 ) ;
#3284 = PLANE ( 'NONE',  #1198 ) ;
#3285 = ORIENTED_EDGE ( 'NONE', *, *, #2172, .T. ) ;
#3286 = DIRECTION ( 'NONE',  ( 0.000000000000000000, 0.000000000000000000, 1.000000000000000000 ) ) ;
#3287 = LINE ( 'NONE', #1282, #3390 ) ;
#3288 = EDGE_LOOP ( 'NONE', ( #2267, #2895, #1789, #2286 ) ) ;
#3289 = VECTOR ( 'NONE', #1959, 1000.000000000000000 ) ;
#3290 = CARTESIAN_POINT ( 'NONE',  ( -3.290000000000000480, 0.6099999999999999867, -3.649999999999999911 ) ) ;
#3291 = CARTESIAN_POINT ( 'NONE',  ( -1.790000000000000036, 0.6099999999999999867, -3.649999999999999911 ) ) ;
#3292 = EDGE_CURVE ( 'NONE', #1944, #2537, #3735, .T. ) ;
#3293 = PLANE ( 'NONE',  #3681 ) ;
#3294 = LINE ( 'NONE', #3031, #3405 ) ;
#3295 = VERTEX_POINT ( 'NONE', #1977 ) ;
#3296 = CARTESIAN_POINT ( 'NONE',  ( 0.000000000000000000, 0.02000000000000000042, 0.000000000000000000 ) ) ;
#3297 = ORIENTED_EDGE ( 'NONE', *, *, #3483, .T. ) ;
#3298 = EDGE_CURVE ( 'NONE', #3255, #2533, #837, .T. ) ;
#3299 = CARTESIAN_POINT ( 'NONE',  ( -2.839999999999999858, 0.02000000000000005246, 2.750000000000000000 ) ) ;
#3300 = VECTOR ( 'NONE', #695, 1000.000000000000000 ) ;
#3301 = ORIENTED_EDGE ( 'NONE', *, *, #3574, .T. ) ;
#3302 = CIRCLE ( 'NONE', #2145, 0.2499999999999997780 ) ;
#3303 = AXIS2_PLACEMENT_3D ( 'NONE', #2933, #2376, #2664 ) ;
#3304 = FACE_OUTER_BOUND ( 'NONE', #2690, .T. ) ;
#3305 = LINE ( 'NONE', #693, #2606 ) ;
#3306 = ORIENTED_EDGE ( 'NONE', *, *, #3183, .T. ) ;
#3307 = DIRECTION ( 'NONE',  ( 0.000000000000000000, 0.000000000000000000, -1.000000000000000000 ) ) ;
#3308 = CARTESIAN_POINT ( 'NONE',  ( 1.540000000000000036, 0.02000000000000000042, -1.250000000000000000 ) ) ;
#3309 = CARTESIAN_POINT ( 'NONE',  ( 2.839999999999999858, 2.501000000000000778, -2.750000000000000888 ) ) ;
#3310 = DIRECTION ( 'NONE',  ( 0.000000000000000000, -0.000000000000000000, 1.000000000000000000 ) ) ;
#3311 = FACE_OUTER_BOUND ( 'NONE', #908, .T. ) ;
#3312 = ORIENTED_EDGE ( 'NONE', *, *, #827, .F. ) ;
#3313 = MECHANICAL_DESIGN_GEOMETRIC_PRESENTATION_REPRESENTATION (  '', ( #2274 ), #2460 ) ;
#3314 = CARTESIAN_POINT ( 'NONE',  ( 3.290000000000000480, 0.6099999999999999867, -1.249999999999999778 ) ) ;
#3315 = EDGE_CURVE ( 'NONE', #186, #1185, #2885, .T. ) ;
#3316 = ORIENTED_EDGE ( 'NONE', *, *, #485, .T. ) ;
#3317 = EDGE_CURVE ( 'NONE', #2472, #2744, #3189, .T. ) ;
#3318 = LINE ( 'NONE', #1298, #1506 ) ;
#3319 = AXIS2_PLACEMENT_3D ( 'NONE', #1186, #21, #569 ) ;
#3320 = ORIENTED_EDGE ( 'NONE', *, *, #73, .T. ) ;
#3321 = CYLINDRICAL_SURFACE ( 'NONE', #1246, 0.2999999999999999334 ) ;
#3322 = CARTESIAN_POINT ( 'NONE',  ( 0.000000000000000000, 0.000000000000000000, 0.000000000000000000 ) ) ;
#3323 = PLANE ( 'NONE',  #2413 ) ;
#3324 = ORIENTED_EDGE ( 'NONE', *, *, #1942, .T. ) ;
#3325 = CARTESIAN_POINT ( 'NONE',  ( 3.290000000000000480, 0.6099999999999999867, -3.649999999999999911 ) ) ;
#3326 = LINE ( 'NONE', #2181, #1016 ) ;
#3327 = CARTESIAN_POINT ( 'NONE',  ( -2.790000000000000036, 0.6300000000000000044, -2.750000000000000000 ) ) ;
#3328 = CIRCLE ( 'NONE', #2225, 0.2999999999999999334 ) ;
#3329 = CARTESIAN_POINT ( 'NONE',  ( 1.790000000000000036, 0.6099999999999999867, 1.249999999999999778 ) ) ;
#3330 = CARTESIAN_POINT ( 'NONE',  ( 1.540000000000000036, 0.02000000000000000042, -1.250000000000000000 ) ) ;
#3331 = CARTESIAN_POINT ( 'NONE',  ( -1.790000000000000036, 0.6300000000000000044, -1.249999999999999778 ) ) ;
#3332 = ORIENTED_EDGE ( 'NONE', *, *, #1334, .F. ) ;
#3333 = CARTESIAN_POINT ( 'NONE',  ( -2.540000000000000036, 0.6300000000000000044, 2.750000000000000000 ) ) ;
#3334 = AXIS2_PLACEMENT_3D ( 'NONE', #3401, #1001, #1014 ) ;
#3335 = VECTOR ( 'NONE', #3270, 1000.000000000000000 ) ;
#3336 = PLANE ( 'NONE',  #717 ) ;
#3337 = ADVANCED_FACE ( 'NONE', ( #2312 ), #3498, .T. ) ;
#3338 = EDGE_LOOP ( 'NONE', ( #2783, #1889, #3221, #989 ) ) ;
#3339 = DIRECTION ( 'NONE',  ( 1.000000000000000000, 0.000000000000000000, 0.000000000000000000 ) ) ;
#3340 = PLANE ( 'NONE',  #912 ) ;
#3341 = ORIENTED_EDGE ( 'NONE', *, *, #587, .T. ) ;
#3342 = CARTESIAN_POINT ( 'NONE',  ( -2.540000000000000036, 1.300820393249936702, 2.750000000000000000 ) ) ;
#3343 = LINE ( 'NONE', #964, #42 ) ;
#3344 = CARTESIAN_POINT ( 'NONE',  ( -5.750000000000000000, 0.6300000000000000044, -2.399999999999998579 ) ) ;
#3345 = CARTESIAN_POINT ( 'NONE',  ( 2.839999999999999858, 0.02000000000000000042, -2.750000000000000000 ) ) ;
#3346 = AXIS2_PLACEMENT_3D ( 'NONE', #194, #1360, #3041 ) ;
#3347 = DIRECTION ( 'NONE',  ( 0.000000000000000000, 1.000000000000000000, 0.000000000000000000 ) ) ;
#3348 = VERTEX_POINT ( 'NONE', #890 ) ;
#3349 = CARTESIAN_POINT ( 'NONE',  ( 0.000000000000000000, 0.6300000000000000044, 0.000000000000000000 ) ) ;
#3350 = VECTOR ( 'NONE', #721, 1000.000000000000000 ) ;
#3351 = DIRECTION ( 'NONE',  ( 1.000000000000000000, 0.000000000000000000, 0.000000000000000000 ) ) ;
#3352 = ORIENTED_EDGE ( 'NONE', *, *, #2175, .T. ) ;
#3353 = DIRECTION ( 'NONE',  ( 0.000000000000000000, 0.000000000000000000, 1.000000000000000000 ) ) ;
#3354 = ORIENTED_EDGE ( 'NONE', *, *, #2893, .F. ) ;
#3355 = EDGE_LOOP ( 'NONE', ( #1129, #33, #1683, #1923 ) ) ;
#3356 = ADVANCED_FACE ( 'NONE', ( #2904 ), #313, .F. ) ;
#3357 = EDGE_CURVE ( 'NONE', #3595, #1243, #572, .T. ) ;
#3358 = CIRCLE ( 'NONE', #1718, 0.2999999999999999334 ) ;
#3359 = PRESENTATION_LAYER_ASSIGNMENT (  '', '', ( #2747 ) ) ;
#3360 = CARTESIAN_POINT ( 'NONE',  ( -2.540000000000000036, 0.02000000000000005246, 2.449999999999999734 ) ) ;
#3361 = ORIENTED_EDGE ( 'NONE', *, *, #2322, .F. ) ;
#3362 = FACE_OUTER_BOUND ( 'NONE', #838, .T. ) ;
#3363 = DIRECTION ( 'NONE',  ( 0.000000000000000000, -1.000000000000000000, 0.000000000000000000 ) ) ;
#3364 = VECTOR ( 'NONE', #2681, 1000.000000000000000 ) ;
#3365 = LINE ( 'NONE', #1346, #957 ) ;
#3366 = EDGE_CURVE ( 'NONE', #2537, #1189, #3210, .T. ) ;
#3367 = LINE ( 'NONE', #3046, #1720 ) ;
#3368 = DIRECTION ( 'NONE',  ( -1.000000000000000000, -0.000000000000000000, -0.000000000000000000 ) ) ;
#3369 = ORIENTED_EDGE ( 'NONE', *, *, #2277, .T. ) ;
#3370 = DIRECTION ( 'NONE',  ( -0.000000000000000000, -1.000000000000000000, -0.000000000000000000 ) ) ;
#3371 = LINE ( 'NONE', #1651, #137 ) ;
#3372 = VERTEX_POINT ( 'NONE', #2604 ) ;
#3373 = ADVANCED_FACE ( 'NONE', ( #2636 ), #1188, .T. ) ;
#3374 = DIRECTION ( 'NONE',  ( 1.000000000000000000, 0.000000000000000000, 0.000000000000000000 ) ) ;
#3375 = ORIENTED_EDGE ( 'NONE', *, *, #2212, .F. ) ;
#3376 = DIRECTION ( 'NONE',  ( 1.000000000000000000, 0.000000000000000000, -1.102578480493733312E-16 ) ) ;
#3377 = ORIENTED_EDGE ( 'NONE', *, *, #1891, .F. ) ;
#3378 = AXIS2_PLACEMENT_3D ( 'NONE', #921, #2119, #3286 ) ;
#3379 = AXIS2_PLACEMENT_3D ( 'NONE', #2043, #2902, #3533 ) ;
#3380 = CARTESIAN_POINT ( 'NONE',  ( -2.839999999999999858, 0.000000000000000000, 2.750000000000000000 ) ) ;
#3381 = DIRECTION ( 'NONE',  ( 0.000000000000000000, -1.000000000000000000, 0.000000000000000000 ) ) ;
#3382 = ORIENTED_EDGE ( 'NONE', *, *, #51, .T. ) ;
#3383 = DIRECTION ( 'NONE',  ( 0.000000000000000000, 0.000000000000000000, 1.000000000000000000 ) ) ;
#3384 = CARTESIAN_POINT ( 'NONE',  ( -1.540000000000000036, 0.02000000000000000042, -1.250000000000000000 ) ) ;
#3385 = CARTESIAN_POINT ( 'NONE',  ( 1.790000000000000036, 0.6300000000000000044, -3.649999999999999911 ) ) ;
#3386 = CARTESIAN_POINT ( 'NONE',  ( -3.290000000000000480, 0.6300000000000000044, -3.649999999999999911 ) ) ;
#3387 = EDGE_CURVE ( 'NONE', #750, #3095, #514, .T. ) ;
#3388 = DIRECTION ( 'NONE',  ( 1.102578480493733312E-16, -0.000000000000000000, 1.000000000000000000 ) ) ;
#3389 = VERTEX_POINT ( 'NONE', #2849 ) ;
#3390 = VECTOR ( 'NONE', #922, 1000.000000000000000 ) ;
#3391 = EDGE_CURVE ( 'NONE', #2887, #1219, #1406, .T. ) ;
#3392 = ORIENTED_EDGE ( 'NONE', *, *, #2126, .F. ) ;
#3393 = VECTOR ( 'NONE', #2806, 1000.000000000000000 ) ;
#3394 = DIRECTION ( 'NONE',  ( 1.000000000000000000, 0.000000000000000000, 0.000000000000000000 ) ) ;
#3395 = VERTEX_POINT ( 'NONE', #2295 ) ;
#3396 = EDGE_CURVE ( 'NONE', #1613, #1806, #1205, .T. ) ;
#3397 = CARTESIAN_POINT ( 'NONE',  ( -3.540000000000000036, 0.02000000000000000042, -2.750000000000000000 ) ) ;
#3398 = VERTEX_POINT ( 'NONE', #1221 ) ;
#3399 = CARTESIAN_POINT ( 'NONE',  ( -2.540000000000000036, 1.300820393249936702, 2.449999999999999734 ) ) ;
#3400 = DIRECTION ( 'NONE',  ( 0.000000000000000000, 1.000000000000000000, 0.000000000000000000 ) ) ;
#3401 = CARTESIAN_POINT ( 'NONE',  ( -1.790000000000000036, 0.6300000000000000044, 2.749999999999999556 ) ) ;
#3402 =( NAMED_UNIT ( * ) SI_UNIT ( $, .STERADIAN. ) SOLID_ANGLE_UNIT ( ) );
#3403 = DIRECTION ( 'NONE',  ( -0.000000000000000000, -1.000000000000000000, -0.000000000000000000 ) ) ;
#3404 = ORIENTED_EDGE ( 'NONE', *, *, #2919, .T. ) ;
#3405 = VECTOR ( 'NONE', #647, 1000.000000000000000 ) ;
#3406 = DIRECTION ( 'NONE',  ( 1.000000000000000000, 0.000000000000000000, -1.084202172485504557E-16 ) ) ;
#3407 = EDGE_CURVE ( 'NONE', #578, #584, #41, .T. ) ;
#3408 = AXIS2_PLACEMENT_3D ( 'NONE', #852, #273, #2883 ) ;
#3409 = ADVANCED_FACE ( 'NONE', ( #2382 ), #2075, .F. ) ;
#3410 = ORIENTED_EDGE ( 'NONE', *, *, #782, .T. ) ;
#3411 = VECTOR ( 'NONE', #2202, 1000.000000000000000 ) ;
#3412 = ADVANCED_FACE ( 'NONE', ( #1492 ), #3284, .F. ) ;
#3413 = ORIENTED_EDGE ( 'NONE', *, *, #3448, .F. ) ;
#3414 = ORIENTED_EDGE ( 'NONE', *, *, #1119, .T. ) ;
#3415 = ORIENTED_EDGE ( 'NONE', *, *, #2400, .T. ) ;
#3416 = FACE_OUTER_BOUND ( 'NONE', #2976, .T. ) ;
#3417 = DIRECTION ( 'NONE',  ( 1.000000000000000000, 0.000000000000000000, 1.084202172485504434E-16 ) ) ;
#3418 = ORIENTED_EDGE ( 'NONE', *, *, #1891, .T. ) ;
#3419 = LINE ( 'NONE', #3399, #1042 ) ;
#3420 = DIRECTION ( 'NONE',  ( 0.000000000000000000, 0.000000000000000000, 1.000000000000000000 ) ) ;
#3421 = CARTESIAN_POINT ( 'NONE',  ( 3.290000000000000480, 0.6300000000000000044, 2.749999999999999556 ) ) ;
#3422 = CARTESIAN_POINT ( 'NONE',  ( 3.540000000000000036, -2.500000000000000000, 1.249999999999999778 ) ) ;
#3423 = FILL_AREA_STYLE ('',( #1327 ) ) ;
#3424 = ORIENTED_EDGE ( 'NONE', *, *, #2579, .F. ) ;
#3425 = DIRECTION ( 'NONE',  ( 0.000000000000000000, 0.000000000000000000, 1.000000000000000000 ) ) ;
#3426 = PLANE ( 'NONE',  #2282 ) ;
#3427 = DIRECTION ( 'NONE',  ( 0.000000000000000000, 1.000000000000000000, 0.000000000000000000 ) ) ;
#3428 = ORIENTED_EDGE ( 'NONE', *, *, #1543, .F. ) ;
#3429 = CARTESIAN_POINT ( 'NONE',  ( 1.790000000000000036, 0.6300000000000000044, 1.249999999999999778 ) ) ;
#3430 = EDGE_LOOP ( 'NONE', ( #2507, #3568, #3268, #3057 ) ) ;
#3431 = EDGE_LOOP ( 'NONE', ( #516, #2383, #3354, #3563 ) ) ;
#3432 = ORIENTED_EDGE ( 'NONE', *, *, #1119, .F. ) ;
#3433 = ADVANCED_FACE ( 'NONE', ( #338 ), #58, .F. ) ;
#3434 = AXIS2_PLACEMENT_3D ( 'NONE', #1938, #3347, #3113 ) ;
#3435 = CARTESIAN_POINT ( 'NONE',  ( 1.790000000000000036, 0.6300000000000000044, 2.749999999999999556 ) ) ;
#3436 = VECTOR ( 'NONE', #118, 1000.000000000000000 ) ;
#3437 = LINE ( 'NONE', #291, #413 ) ;
#3438 = ORIENTED_EDGE ( 'NONE', *, *, #287, .T. ) ;
#3439 = LINE ( 'NONE', #3107, #2872 ) ;
#3440 = FACE_OUTER_BOUND ( 'NONE', #886, .T. ) ;
#3441 = DIRECTION ( 'NONE',  ( -0.000000000000000000, 1.000000000000000000, -0.000000000000000000 ) ) ;
#3442 = AXIS2_PLACEMENT_3D ( 'NONE', #3138, #1083, #801 ) ;
#3443 = CARTESIAN_POINT ( 'NONE',  ( -1.540000000000000036, 0.02000000000000000042, -2.750000000000000000 ) ) ;
#3444 = PLANE ( 'NONE',  #941 ) ;
#3445 = ORIENTED_EDGE ( 'NONE', *, *, #1770, .F. ) ;
#3446 = CARTESIAN_POINT ( 'NONE',  ( 5.750000000000000000, 17.46154083570727167, -2.400000000000000355 ) ) ;
#3447 = FACE_OUTER_BOUND ( 'NONE', #2877, .T. ) ;
#3448 = EDGE_CURVE ( 'NONE', #1664, #503, #1551, .T. ) ;
#3449 = EDGE_LOOP ( 'NONE', ( #27, #2613, #665, #1377 ) ) ;
#3450 = DIRECTION ( 'NONE',  ( 0.000000000000000000, 1.000000000000000000, -0.000000000000000000 ) ) ;
#3451 = LINE ( 'NONE', #846, #3026 ) ;
#3452 = ORIENTED_EDGE ( 'NONE', *, *, #2322, .T. ) ;
#3453 = VECTOR ( 'NONE', #1136, 1000.000000000000000 ) ;
#3454 = EDGE_CURVE ( 'NONE', #2475, #2576, #621, .T. ) ;
#3455 = CARTESIAN_POINT ( 'NONE',  ( 2.839999999999999858, 0.6300000000000000044, 2.750000000000000000 ) ) ;
#3456 = EDGE_CURVE ( 'NONE', #1755, #3526, #2431, .T. ) ;
#3457 = AXIS2_PLACEMENT_3D ( 'NONE', #2103, #3636, #2410 ) ;
#3458 = CARTESIAN_POINT ( 'NONE',  ( -1.540000000000000036, 0.000000000000000000, 2.750000000000000000 ) ) ;
#3459 = VERTEX_POINT ( 'NONE', #645 ) ;
#3460 = DIRECTION ( 'NONE',  ( -0.000000000000000000, -0.000000000000000000, 1.000000000000000000 ) ) ;
#3461 = DIRECTION ( 'NONE',  ( 0.000000000000000000, -0.000000000000000000, -1.000000000000000000 ) ) ;
#3462 = PLANE ( 'NONE',  #1756 ) ;
#3463 = CARTESIAN_POINT ( 'NONE',  ( -1.790000000000000036, 0.6099999999999999867, -1.249999999999999778 ) ) ;
#3464 = LINE ( 'NONE', #2569, #2594 ) ;
#3465 = ORIENTED_EDGE ( 'NONE', *, *, #2134, .T. ) ;
#3466 = PLANE ( 'NONE',  #3442 ) ;
#3467 = EDGE_CURVE ( 'NONE', #3125, #1143, #1787, .T. ) ;
#3468 = VERTEX_POINT ( 'NONE', #3252 ) ;
#3469 = VECTOR ( 'NONE', #1727, 1000.000000000000000 ) ;
#3470 = VERTEX_POINT ( 'NONE', #2960 ) ;
#3471 = LINE ( 'NONE', #290, #3147 ) ;
#3472 = CARTESIAN_POINT ( 'NONE',  ( 5.900000000000000355, 0.000000000000000000, -2.750000000000001332 ) ) ;
#3473 = EDGE_LOOP ( 'NONE', ( #173, #3432, #1711, #668, #3516, #2025, #1234, #320, #2087, #70, #1864, #1544, #956, #2593, #1799, #1409, #624, #3428, #1005, #1855 ) ) ;
#3474 = PLANE ( 'NONE',  #3319 ) ;
#3475 = EDGE_CURVE ( 'NONE', #3395, #1831, #346, .T. ) ;
#3476 = CARTESIAN_POINT ( 'NONE',  ( 2.790000000000000036, 0.6300000000000000044, 2.750000000000000000 ) ) ;
#3477 = EDGE_CURVE ( 'NONE', #2629, #784, #2676, .T. ) ;
#3478 = CARTESIAN_POINT ( 'NONE',  ( -1.790000000000000036, 0.6300000000000000044, 2.749999999999999556 ) ) ;
#3479 = CARTESIAN_POINT ( 'NONE',  ( -2.240000000000000213, 2.501000000000000778, -2.750000000000000444 ) ) ;
#3480 = ORIENTED_EDGE ( 'NONE', *, *, #3281, .T. ) ;
#3481 = SURFACE_SIDE_STYLE ('',( #3214 ) ) ;
#3482 = EDGE_CURVE ( 'NONE', #766, #3166, #3560, .T. ) ;
#3483 = EDGE_CURVE ( 'NONE', #520, #2550, #1837, .T. ) ;
#3484 = DIRECTION ( 'NONE',  ( 0.000000000000000000, 0.000000000000000000, 1.000000000000000000 ) ) ;
#3485 = CARTESIAN_POINT ( 'NONE',  ( -2.540000000000000036, 0.000000000000000000, 2.500000000000000000 ) ) ;
#3486 = VECTOR ( 'NONE', #140, 1000.000000000000000 ) ;
#3487 = ORIENTED_EDGE ( 'NONE', *, *, #252, .T. ) ;
#3488 = VECTOR ( 'NONE', #1887, 1000.000000000000000 ) ;
#3489 = VECTOR ( 'NONE', #559, 1000.000000000000000 ) ;
#3490 = ORIENTED_EDGE ( 'NONE', *, *, #1622, .T. ) ;
#3491 = EDGE_CURVE ( 'NONE', #2405, #3218, #1211, .T. ) ;
#3492 = VECTOR ( 'NONE', #3394, 1000.000000000000000 ) ;
#3493 = VERTEX_POINT ( 'NONE', #1531 ) ;
#3494 = COLOUR_RGB ( '',0.9686274509803921573, 0.8784313725490195957, 0.5999999999999999778 ) ;
#3495 = ORIENTED_EDGE ( 'NONE', *, *, #1658, .T. ) ;
#3496 = PLANE ( 'NONE',  #3379 ) ;
#3497 = DIRECTION ( 'NONE',  ( 0.000000000000000000, 0.000000000000000000, -1.000000000000000000 ) ) ;
#3498 = PLANE ( 'NONE',  #586 ) ;
#3499 =( LENGTH_UNIT ( ) NAMED_UNIT ( * ) SI_UNIT ( .MILLI., .METRE. ) );
#3500 = ORIENTED_EDGE ( 'NONE', *, *, #1260, .T. ) ;
#3501 = CARTESIAN_POINT ( 'NONE',  ( -3.540000000000000036, 0.02000000000000000042, 1.249999999999999778 ) ) ;
#3502 = DIRECTION ( 'NONE',  ( -0.000000000000000000, 0.000000000000000000, 1.000000000000000000 ) ) ;
#3503 = ADVANCED_FACE ( 'NONE', ( #3603 ), #1573, .F. ) ;
#3504 = CIRCLE ( 'NONE', #889, 0.2999999999999999334 ) ;
#3505 = SURFACE_STYLE_FILL_AREA ( #1518 ) ;
#3506 = ORIENTED_EDGE ( 'NONE', *, *, #527, .F. ) ;
#3507 = CARTESIAN_POINT ( 'NONE',  ( 3.540000000000000036, 0.02000000000000000042, -1.249999999999999778 ) ) ;
#3508 = ORIENTED_EDGE ( 'NONE', *, *, #1284, .T. ) ;
#3509 = DIRECTION ( 'NONE',  ( -0.000000000000000000, 1.000000000000000000, -0.000000000000000000 ) ) ;
#3510 = VERTEX_POINT ( 'NONE', #1877 ) ;
#3511 = EDGE_CURVE ( 'NONE', #522, #3742, #199, .T. ) ;
#3512 = EDGE_CURVE ( 'NONE', #1464, #1189, #3365, .T. ) ;
#3513 = CARTESIAN_POINT ( 'NONE',  ( 1.790000000000000036, 0.6099999999999999867, 1.249999999999999778 ) ) ;
#3514 = DIRECTION ( 'NONE',  ( 0.000000000000000000, 1.000000000000000000, 0.000000000000000000 ) ) ;
#3515 = VECTOR ( 'NONE', #1593, 1000.000000000000000 ) ;
#3516 = ORIENTED_EDGE ( 'NONE', *, *, #2426, .F. ) ;
#3517 = VECTOR ( 'NONE', #2822, 1000.000000000000000 ) ;
#3518 = EDGE_LOOP ( 'NONE', ( #1604, #3730, #1007, #1222 ) ) ;
#3519 = CARTESIAN_POINT ( 'NONE',  ( 3.540000000000000036, 0.000000000000000000, -1.249999999999999778 ) ) ;
#3520 = DIRECTION ( 'NONE',  ( -1.000000000000000000, -0.000000000000000000, -1.084202172485504434E-16 ) ) ;
#3521 = CARTESIAN_POINT ( 'NONE',  ( 5.900000000000000355, 0.000000000000000000, 2.749999999999998668 ) ) ;
#3522 = VERTEX_POINT ( 'NONE', #2234 ) ;
#3523 = EDGE_CURVE ( 'NONE', #487, #1299, #1287, .T. ) ;
#3524 = EDGE_CURVE ( 'NONE', #1112, #388, #1629, .T. ) ;
#3525 = CARTESIAN_POINT ( 'NONE',  ( -3.540000000000000036, 0.000000000000000000, -1.249999999999999778 ) ) ;
#3526 = VERTEX_POINT ( 'NONE', #3344 ) ;
#3527 = ORIENTED_EDGE ( 'NONE', *, *, #3720, .F. ) ;
#3528 = VECTOR ( 'NONE', #985, 1000.000000000000000 ) ;
#3529 = EDGE_CURVE ( 'NONE', #2576, #3398, #499, .T. ) ;
#3530 = CARTESIAN_POINT ( 'NONE',  ( -2.540000000000000036, 1.300820393249936702, 2.750000000000000000 ) ) ;
#3531 = VECTOR ( 'NONE', #498, 1000.000000000000000 ) ;
#3532 = ORIENTED_EDGE ( 'NONE', *, *, #330, .T. ) ;
#3533 = DIRECTION ( 'NONE',  ( -1.000000000000000000, 0.000000000000000000, 1.102578480493733312E-16 ) ) ;
#3534 = AXIS2_PLACEMENT_3D ( 'NONE', #3446, #3096, #779 ) ;
#3535 = DIRECTION ( 'NONE',  ( 1.000000000000000000, -0.000000000000000000, -1.102578480493733066E-16 ) ) ;
#3536 = PLANE ( 'NONE',  #1444 ) ;
#3537 = ORIENTED_EDGE ( 'NONE', *, *, #634, .T. ) ;
#3538 = LINE ( 'NONE', #1192, #428 ) ;
#3539 = EDGE_CURVE ( 'NONE', #612, #3102, #160, .T. ) ;
#3540 = FACE_OUTER_BOUND ( 'NONE', #3431, .T. ) ;
#3541 = FACE_OUTER_BOUND ( 'NONE', #658, .T. ) ;
#3542 = EDGE_LOOP ( 'NONE', ( #2397, #2662, #2160, #369, #1949, #2386, #2116 ) ) ;
#3543 = FILL_AREA_STYLE_COLOUR ( '', #493 ) ;
#3544 = VECTOR ( 'NONE', #1403, 1000.000000000000000 ) ;
#3545 = UNCERTAINTY_MEASURE_WITH_UNIT (LENGTH_MEASURE( 1.000000000000000082E-05 ), #22, 'distance_accuracy_value', 'NONE');
#3546 = LINE ( 'NONE', #1558, #1357 ) ;
#3547 = DIRECTION ( 'NONE',  ( 0.000000000000000000, 0.000000000000000000, -1.000000000000000000 ) ) ;
#3548 = AXIS2_PLACEMENT_3D ( 'NONE', #765, #3450, #3083 ) ;
#3549 = VERTEX_POINT ( 'NONE', #1305 ) ;
#3550 = CYLINDRICAL_SURFACE ( 'NONE', #2221, 0.2999999999999999334 ) ;
#3551 = CARTESIAN_POINT ( 'NONE',  ( 3.290000000000000480, 0.6300000000000000044, -1.249999999999999778 ) ) ;
#3552 = EDGE_CURVE ( 'NONE', #1208, #470, #1956, .T. ) ;
#3553 = VERTEX_POINT ( 'NONE', #3327 ) ;
#3554 = PLANE ( 'NONE',  #3378 ) ;
#3555 = DIRECTION ( 'NONE',  ( 0.000000000000000000, 0.000000000000000000, -1.000000000000000000 ) ) ;
#3556 = ORIENTED_EDGE ( 'NONE', *, *, #3456, .F. ) ;
#3557 = ORIENTED_EDGE ( 'NONE', *, *, #3195, .F. ) ;
#3558 = CARTESIAN_POINT ( 'NONE',  ( 1.540000000000000036, 0.02000000000000000042, 2.750000000000000000 ) ) ;
#3559 = CARTESIAN_POINT ( 'NONE',  ( -3.290000000000000480, 0.6099999999999999867, 3.649999999999999911 ) ) ;
#3560 = LINE ( 'NONE', #1500, #1870 ) ;
#3561 = DIRECTION ( 'NONE',  ( 0.000000000000000000, 0.000000000000000000, 1.000000000000000000 ) ) ;
#3562 = CARTESIAN_POINT ( 'NONE',  ( 3.290000000000000480, 0.6300000000000000044, 2.749999999999999112 ) ) ;
#3563 = ORIENTED_EDGE ( 'NONE', *, *, #2574, .T. ) ;
#3564 = VECTOR ( 'NONE', #3577, 1000.000000000000000 ) ;
#3565 = CARTESIAN_POINT ( 'NONE',  ( -1.790000000000000036, 0.6300000000000000044, -1.249999999999999778 ) ) ;
#3566 = ADVANCED_FACE ( 'NONE', ( #796 ), #1324, .T. ) ;
#3567 = CIRCLE ( 'NONE', #2892, 0.2999999999999990452 ) ;
#3568 = ORIENTED_EDGE ( 'NONE', *, *, #3511, .F. ) ;
#3569 = CARTESIAN_POINT ( 'NONE',  ( -1.540000000000000036, 0.02000000000000000042, -1.250000000000000000 ) ) ;
#3570 = DIRECTION ( 'NONE',  ( 0.000000000000000000, -1.000000000000000000, -0.000000000000000000 ) ) ;
#3571 = ORIENTED_EDGE ( 'NONE', *, *, #1698, .F. ) ;
#3572 = CIRCLE ( 'NONE', #1681, 0.2999999999999990452 ) ;
#3573 = DIRECTION ( 'NONE',  ( 0.000000000000000000, 0.000000000000000000, -1.000000000000000000 ) ) ;
#3574 = EDGE_CURVE ( 'NONE', #1243, #2333, #1915, .T. ) ;
#3575 = CIRCLE ( 'NONE', #94, 0.2999999999999999334 ) ;
#3576 = EDGE_LOOP ( 'NONE', ( #975, #483, #1488, #3724, #236, #1908, #2539, #3508 ) ) ;
#3577 = DIRECTION ( 'NONE',  ( 0.000000000000000000, 1.000000000000000000, 0.000000000000000000 ) ) ;
#3578 = FACE_OUTER_BOUND ( 'NONE', #1471, .T. ) ;
#3579 = ORIENTED_EDGE ( 'NONE', *, *, #26, .F. ) ;
#3580 = DIRECTION ( 'NONE',  ( 1.000000000000000000, -0.000000000000000000, -0.000000000000000000 ) ) ;
#3581 = LINE ( 'NONE', #2484, #1631 ) ;
#3582 = DIRECTION ( 'NONE',  ( 0.000000000000000000, 0.000000000000000000, 1.000000000000000000 ) ) ;
#3583 = AXIS2_PLACEMENT_3D ( 'NONE', #2347, #3514, #3135 ) ;
#3584 = EDGE_CURVE ( 'NONE', #3742, #1088, #3065, .T. ) ;
#3585 = CYLINDRICAL_SURFACE ( 'NONE', #1605, 0.2999999999999999334 ) ;
#3586 = FACE_OUTER_BOUND ( 'NONE', #1197, .T. ) ;
#3587 = ORIENTED_EDGE ( 'NONE', *, *, #502, .F. ) ;
#3588 = DIRECTION ( 'NONE',  ( -0.000000000000000000, -0.000000000000000000, -1.000000000000000000 ) ) ;
#3589 = ORIENTED_EDGE ( 'NONE', *, *, #3774, .T. ) ;
#3590 = EDGE_CURVE ( 'NONE', #2911, #2852, #2767, .T. ) ;
#3591 = CARTESIAN_POINT ( 'NONE',  ( 5.750000000000000000, 0.6300000000000000044, 2.399999999999999467 ) ) ;
#3592 = CARTESIAN_POINT ( 'NONE',  ( -3.540000000000000036, 0.02000000000000000042, 2.750000000000000000 ) ) ;
#3593 = ORIENTED_EDGE ( 'NONE', *, *, #3067, .T. ) ;
#3594 = APPLICATION_PROTOCOL_DEFINITION ( 'draft international standard', 'automotive_design', 1998, #2758 ) ;
#3595 = VERTEX_POINT ( 'NONE', #3675 ) ;
#3596 = CARTESIAN_POINT ( 'NONE',  ( -1.790000000000000036, 0.6300000000000000044, 1.249999999999999778 ) ) ;
#3597 = CARTESIAN_POINT ( 'NONE',  ( 2.540000000000000036, 0.000000000000000000, 2.750000000000000000 ) ) ;
#3598 = ORIENTED_EDGE ( 'NONE', *, *, #1109, .F. ) ;
#3599 = ADVANCED_FACE ( 'NONE', ( #1057 ), #2217, .F. ) ;
#3600 = VECTOR ( 'NONE', #987, 1000.000000000000000 ) ;
#3601 = DIRECTION ( 'NONE',  ( -0.000000000000000000, -1.000000000000000000, -0.000000000000000000 ) ) ;
#3602 = CARTESIAN_POINT ( 'NONE',  ( -1.540000000000000036, 0.02000000000000000042, -1.250000000000000000 ) ) ;
#3603 = FACE_OUTER_BOUND ( 'NONE', #2493, .T. ) ;
#3604 = DIRECTION ( 'NONE',  ( 0.000000000000000000, 1.000000000000000000, 0.000000000000000000 ) ) ;
#3605 = ADVANCED_FACE ( 'NONE', ( #1592 ), #478, .F. ) ;
#3606 = DIRECTION ( 'NONE',  ( -1.000000000000000000, 0.000000000000000000, -0.000000000000000000 ) ) ;
#3607 = ORIENTED_EDGE ( 'NONE', *, *, #3122, .T. ) ;
#3608 = EDGE_CURVE ( 'NONE', #778, #1103, #3572, .T. ) ;
#3609 = LINE ( 'NONE', #3033, #1277 ) ;
#3610 = VERTEX_POINT ( 'NONE', #1075 ) ;
#3611 = LINE ( 'NONE', #2154, #870 ) ;
#3612 = EDGE_CURVE ( 'NONE', #745, #1639, #3109, .T. ) ;
#3613 = ORIENTED_EDGE ( 'NONE', *, *, #2534, .T. ) ;
#3614 = VECTOR ( 'NONE', #285, 1000.000000000000000 ) ;
#3615 = LINE ( 'NONE', #995, #644 ) ;
#3616 = CARTESIAN_POINT ( 'NONE',  ( 2.839999999999999858, 0.02000000000000005246, -2.750000000000000000 ) ) ;
#3617 = EDGE_LOOP ( 'NONE', ( #1401, #128, #3212, #807, #1191, #1053, #2345, #3081, #3415, #2536, #756, #1784, #407, #3130, #1278, #998, #302, #3145, #261, #131 ) ) ;
#3618 = PLANE ( 'NONE',  #868 ) ;
#3619 = DIRECTION ( 'NONE',  ( -0.000000000000000000, -1.000000000000000000, -0.000000000000000000 ) ) ;
#3620 = DIRECTION ( 'NONE',  ( 0.000000000000000000, 0.000000000000000000, 1.000000000000000000 ) ) ;
#3621 = LINE ( 'NONE', #66, #1366 ) ;
#3622 = DIRECTION ( 'NONE',  ( -0.000000000000000000, -1.000000000000000000, -0.000000000000000000 ) ) ;
#3623 = VERTEX_POINT ( 'NONE', #141 ) ;
#3624 = VECTOR ( 'NONE', #984, 1000.000000000000000 ) ;
#3625 = CARTESIAN_POINT ( 'NONE',  ( -1.790000000000000036, 0.6300000000000000044, -2.749999999999999556 ) ) ;
#3626 = EDGE_CURVE ( 'NONE', #627, #3522, #3637, .T. ) ;
#3627 = ORIENTED_EDGE ( 'NONE', *, *, #1616, .F. ) ;
#3628 = DIRECTION ( 'NONE',  ( 0.000000000000000000, 1.000000000000000000, -0.000000000000000000 ) ) ;
#3629 = CARTESIAN_POINT ( 'NONE',  ( 2.540000000000000036, 0.6099999999999998757, 2.449999999999999734 ) ) ;
#3630 = ORIENTED_EDGE ( 'NONE', *, *, #2800, .T. ) ;
#3631 =( NAMED_UNIT ( * ) SI_UNIT ( $, .STERADIAN. ) SOLID_ANGLE_UNIT ( ) );
#3632 = ADVANCED_FACE ( 'NONE', ( #1135 ), #1706, .F. ) ;
#3633 = LINE ( 'NONE', #2481, #793 ) ;
#3634 = ORIENTED_EDGE ( 'NONE', *, *, #2560, .T. ) ;
#3635 = DIRECTION ( 'NONE',  ( 0.000000000000000000, -1.000000000000000000, 0.000000000000000000 ) ) ;
#3636 = DIRECTION ( 'NONE',  ( 1.000000000000000000, -0.000000000000000000, 0.000000000000000000 ) ) ;
#3637 = LINE ( 'NONE', #3045, #2348 ) ;
#3638 = SURFACE_STYLE_USAGE ( .BOTH. , #421 ) ;
#3639 = DIRECTION ( 'NONE',  ( 0.000000000000000000, 1.000000000000000000, 0.000000000000000000 ) ) ;
#3640 = CARTESIAN_POINT ( 'NONE',  ( -3.290000000000000480, 0.6300000000000000044, -2.749999999999999556 ) ) ;
#3641 = VERTEX_POINT ( 'NONE', #275 ) ;
#3642 = FACE_OUTER_BOUND ( 'NONE', #906, .T. ) ;
#3643 = VECTOR ( 'NONE', #3570, 1000.000000000000000 ) ;
#3644 = EDGE_CURVE ( 'NONE', #522, #1725, #3713, .T. ) ;
#3645 = ORIENTED_EDGE ( 'NONE', *, *, #347, .F. ) ;
#3646 = FACE_OUTER_BOUND ( 'NONE', #30, .T. ) ;
#3647 = ORIENTED_EDGE ( 'NONE', *, *, #143, .F. ) ;
#3648 = EDGE_LOOP ( 'NONE', ( #2685, #3042, #2442, #1393, #2830, #2970, #1196, #564 ) ) ;
#3649 = CARTESIAN_POINT ( 'NONE',  ( -2.839999999999999858, 0.02000000000000000042, 2.750000000000000000 ) ) ;
#3650 = FACE_OUTER_BOUND ( 'NONE', #977, .T. ) ;
#3651 = VERTEX_POINT ( 'NONE', #3476 ) ;
#3652 = CARTESIAN_POINT ( 'NONE',  ( 2.790000000000000036, 1.300820393249936702, -2.750000000000000000 ) ) ;
#3653 = CARTESIAN_POINT ( 'NONE',  ( 5.750000000000000000, 2.500000000000000444, 2.399999999999999467 ) ) ;
#3654 = CARTESIAN_POINT ( 'NONE',  ( 3.540000000000000036, 0.02000000000000000042, 1.249999999999999778 ) ) ;
#3655 = CARTESIAN_POINT ( 'NONE',  ( -2.240000000000000213, 1.300820393249936702, 2.750000000000000000 ) ) ;
#3656 = AXIS2_PLACEMENT_3D ( 'NONE', #3148, #1421, #1701 ) ;
#3657 = CARTESIAN_POINT ( 'NONE',  ( 2.240000000000000213, 0.6099999999999999867, 2.750000000000000000 ) ) ;
#3658 = PRODUCT_DEFINITION ( 'UNKNOWN', '', #1254, #3075 ) ;
#3659 = VERTEX_POINT ( 'NONE', #3208 ) ;
#3660 = LINE ( 'NONE', #1039, #3411 ) ;
#3661 = CIRCLE ( 'NONE', #2191, 0.2499999999999997780 ) ;
#3662 = UNCERTAINTY_MEASURE_WITH_UNIT (LENGTH_MEASURE( 1.000000000000000082E-05 ), #2768, 'distance_accuracy_value', 'NONE');
#3663 = PLANE ( 'NONE',  #2326 ) ;
#3664 = VERTEX_POINT ( 'NONE', #3188 ) ;
#3665 = CARTESIAN_POINT ( 'NONE',  ( 1.540000000000000036, 0.02000000000000000042, -1.250000000000000000 ) ) ;
#3666 = ORIENTED_EDGE ( 'NONE', *, *, #1202, .T. ) ;
#3667 = CARTESIAN_POINT ( 'NONE',  ( 1.540000000000000036, 0.02000000000000000042, 2.750000000000000000 ) ) ;
#3668 = EDGE_LOOP ( 'NONE', ( #3375, #195, #1376, #847, #1446, #3756, #1095, #3297 ) ) ;
#3669 = VECTOR ( 'NONE', #3037, 1000.000000000000000 ) ;
#3670 = DIRECTION ( 'NONE',  ( 1.084202172485504434E-16, 0.000000000000000000, 1.000000000000000000 ) ) ;
#3671 = ORIENTED_EDGE ( 'NONE', *, *, #781, .T. ) ;
#3672 = DIRECTION ( 'NONE',  ( 0.000000000000000000, 0.000000000000000000, -1.000000000000000000 ) ) ;
#3673 = LINE ( 'NONE', #772, #2187 ) ;
#3674 = AXIS2_PLACEMENT_3D ( 'NONE', #820, #1943, #3077 ) ;
#3675 = CARTESIAN_POINT ( 'NONE',  ( -1.540000000000000036, 0.000000000000000000, 2.750000000000000000 ) ) ;
#3676 = DIRECTION ( 'NONE',  ( 0.000000000000000000, 1.000000000000000000, 0.000000000000000000 ) ) ;
#3677 = CARTESIAN_POINT ( 'NONE',  ( -1.540000000000000036, 0.000000000000000000, -2.750000000000000000 ) ) ;
#3678 = VECTOR ( 'NONE', #1657, 1000.000000000000000 ) ;
#3679 = ORIENTED_EDGE ( 'NONE', *, *, #3482, .T. ) ;
#3680 = CARTESIAN_POINT ( 'NONE',  ( 3.290000000000000480, 0.6099999999999999867, 2.749999999999999556 ) ) ;
#3681 = AXIS2_PLACEMENT_3D ( 'NONE', #85, #1879, #3273 ) ;
#3682 = ADVANCED_FACE ( 'NONE', ( #2603 ), #3462, .F. ) ;
#3683 = ORIENTED_EDGE ( 'NONE', *, *, #3242, .F. ) ;
#3684 = CARTESIAN_POINT ( 'NONE',  ( 3.540000000000000036, 0.02000000000000000042, 2.750000000000000000 ) ) ;
#3685 = ORIENTED_EDGE ( 'NONE', *, *, #1077, .T. ) ;
#3686 = CARTESIAN_POINT ( 'NONE',  ( 2.540000000000000036, 0.02000000000000000042, -2.449999999999999734 ) ) ;
#3687 = EDGE_LOOP ( 'NONE', ( #882, #1988, #2710, #3377 ) ) ;
#3688 = AXIS2_PLACEMENT_3D ( 'NONE', #2403, #136, #411 ) ;
#3689 = DIRECTION ( 'NONE',  ( 0.000000000000000000, 0.000000000000000000, -1.000000000000000000 ) ) ;
#3690 = EDGE_CURVE ( 'NONE', #769, #880, #550, .T. ) ;
#3691 = DIRECTION ( 'NONE',  ( -1.000000000000000000, 0.000000000000000000, 0.000000000000000000 ) ) ;
#3692 = ORIENTED_EDGE ( 'NONE', *, *, #2680, .T. ) ;
#3693 = CARTESIAN_POINT ( 'NONE',  ( -2.540000000000000036, 0.02000000000000000042, 2.750000000000000000 ) ) ;
#3694 = PLANE ( 'NONE',  #725 ) ;
#3695 = DIRECTION ( 'NONE',  ( 0.000000000000000000, 0.000000000000000000, -1.000000000000000000 ) ) ;
#3696 = LINE ( 'NONE', #2254, #3515 ) ;
#3697 = DIRECTION ( 'NONE',  ( 0.000000000000000000, 0.000000000000000000, -1.000000000000000000 ) ) ;
#3698 = ORIENTED_EDGE ( 'NONE', *, *, #748, .T. ) ;
#3699 = CARTESIAN_POINT ( 'NONE',  ( 5.900000000000000355, 0.6300000000000000044, -2.750000000000001332 ) ) ;
#3700 = EDGE_CURVE ( 'NONE', #410, #2834, #888, .T. ) ;
#3701 = ORIENTED_EDGE ( 'NONE', *, *, #347, .T. ) ;
#3702 = VECTOR ( 'NONE', #2411, 1000.000000000000000 ) ;
#3703 = ORIENTED_EDGE ( 'NONE', *, *, #2999, .F. ) ;
#3704 = VECTOR ( 'NONE', #2584, 1000.000000000000000 ) ;
#3705 = ORIENTED_EDGE ( 'NONE', *, *, #3690, .F. ) ;
#3706 = COLOUR_RGB ( '',0.9686274509803921573, 0.8784313725490195957, 0.5999999999999999778 ) ;
#3707 = ORIENTED_EDGE ( 'NONE', *, *, #2157, .T. ) ;
#3708 = PLANE ( 'NONE',  #2355 ) ;
#3709 = DIRECTION ( 'NONE',  ( 1.000000000000000000, -0.000000000000000000, -1.102578480493733066E-16 ) ) ;
#3710 = ORIENTED_EDGE ( 'NONE', *, *, #1383, .T. ) ;
#3711 = CYLINDRICAL_SURFACE ( 'NONE', #739, 0.2999999999999999334 ) ;
#3712 = LINE ( 'NONE', #3384, #2006 ) ;
#3713 = LINE ( 'NONE', #2590, #1747 ) ;
#3714 = DIRECTION ( 'NONE',  ( 0.000000000000000000, 0.000000000000000000, -1.000000000000000000 ) ) ;
#3715 = EDGE_CURVE ( 'NONE', #2911, #1303, #1991, .T. ) ;
#3716 = CARTESIAN_POINT ( 'NONE',  ( -1.540000000000000036, 0.02000000000000000042, 1.250000000000000000 ) ) ;
#3717 = VERTEX_POINT ( 'NONE', #3421 ) ;
#3718 = CARTESIAN_POINT ( 'NONE',  ( -2.540000000000000036, 0.02000000000000000042, -2.750000000000000000 ) ) ;
#3719 = VECTOR ( 'NONE', #254, 1000.000000000000000 ) ;
#3720 = EDGE_CURVE ( 'NONE', #2040, #2915, #853, .T. ) ;
#3721 = VERTEX_POINT ( 'NONE', #2010 ) ;
#3722 =( GEOMETRIC_REPRESENTATION_CONTEXT ( 3 ) GLOBAL_UNCERTAINTY_ASSIGNED_CONTEXT ( ( #2663 ) ) GLOBAL_UNIT_ASSIGNED_CONTEXT ( ( #642, #2064, #3772 ) ) REPRESENTATION_CONTEXT ( 'NONE', 'WORKASPACE' ) );
#3723 = DIRECTION ( 'NONE',  ( 0.000000000000000000, 1.000000000000000000, -0.000000000000000000 ) ) ;
#3724 = ORIENTED_EDGE ( 'NONE', *, *, #3387, .T. ) ;
#3725 = CARTESIAN_POINT ( 'NONE',  ( 5.900000000000000355, 0.000000000000000000, -2.750000000000001332 ) ) ;
#3726 = DIRECTION ( 'NONE',  ( 0.000000000000000000, 0.000000000000000000, -1.000000000000000000 ) ) ;
#3727 = EDGE_LOOP ( 'NONE', ( #3123, #3480, #2628, #496 ) ) ;
#3728 = DIRECTION ( 'NONE',  ( 0.000000000000000000, 0.000000000000000000, 1.000000000000000000 ) ) ;
#3729 = LINE ( 'NONE', #3767, #1096 ) ;
#3730 = ORIENTED_EDGE ( 'NONE', *, *, #2464, .T. ) ;
#3731 = CARTESIAN_POINT ( 'NONE',  ( -2.290000000000000480, 0.6300000000000000044, 2.750000000000000000 ) ) ;
#3732 = CARTESIAN_POINT ( 'NONE',  ( -2.290000000000000480, 1.300820393249936702, -2.750000000000000000 ) ) ;
#3733 = DIRECTION ( 'NONE',  ( 0.000000000000000000, 0.000000000000000000, -1.000000000000000000 ) ) ;
#3734 = AXIS2_PLACEMENT_3D ( 'NONE', #1529, #1304, #659 ) ;
#3735 = LINE ( 'NONE', #869, #1259 ) ;
#3736 = CARTESIAN_POINT ( 'NONE',  ( 5.750000000000000000, 2.500000000000000444, 2.399999999999999467 ) ) ;
#3737 = ORIENTED_EDGE ( 'NONE', *, *, #3281, .F. ) ;
#3738 = PLANE ( 'NONE',  #3534 ) ;
#3739 = AXIS2_PLACEMENT_3D ( 'NONE', #1788, #2891, #2595 ) ;
#3740 = DIRECTION ( 'NONE',  ( 0.000000000000000000, 1.000000000000000000, 0.000000000000000000 ) ) ;
#3741 = EDGE_CURVE ( 'NONE', #1143, #1869, #3328, .T. ) ;
#3742 = VERTEX_POINT ( 'NONE', #2027 ) ;
#3743 = VERTEX_POINT ( 'NONE', #595 ) ;
#3744 = ORIENTED_EDGE ( 'NONE', *, *, #1734, .T. ) ;
#3745 = ORIENTED_EDGE ( 'NONE', *, *, #3315, .F. ) ;
#3746 = CIRCLE ( 'NONE', #324, 0.2999999999999999334 ) ;
#3747 = CARTESIAN_POINT ( 'NONE',  ( -1.540000000000000036, 0.02000000000000000042, -1.250000000000000000 ) ) ;
#3748 = VECTOR ( 'NONE', #597, 1000.000000000000000 ) ;
#3749 = CARTESIAN_POINT ( 'NONE',  ( -5.900000000000000355, 0.000000000000000000, -2.750000000000000000 ) ) ;
#3750 = VERTEX_POINT ( 'NONE', #1461 ) ;
#3751 = CARTESIAN_POINT ( 'NONE',  ( 1.790000000000000036, 0.6099999999999999867, 3.649999999999999911 ) ) ;
#3752 = LINE ( 'NONE', #2009, #3469 ) ;
#3753 = AXIS2_PLACEMENT_3D ( 'NONE', #2316, #2889, #2641 ) ;
#3754 = DIRECTION ( 'NONE',  ( 1.000000000000000000, 0.000000000000000000, 0.000000000000000000 ) ) ;
#3755 = SURFACE_SIDE_STYLE ('',( #1173 ) ) ;
#3756 = ORIENTED_EDGE ( 'NONE', *, *, #1736, .T. ) ;
#3757 = DIRECTION ( 'NONE',  ( 1.445602896647339508E-15, 0.000000000000000000, -1.000000000000000000 ) ) ;
#3758 = CIRCLE ( 'NONE', #1559, 0.2999999999999999334 ) ;
#3759 = EDGE_LOOP ( 'NONE', ( #676, #481, #2358, #2615, #1953, #2132 ) ) ;
#3760 = EDGE_CURVE ( 'NONE', #766, #942, #239, .T. ) ;
#3761 = ADVANCED_FACE ( 'NONE', ( #570 ), #2273, .F. ) ;
#3762 = VERTEX_POINT ( 'NONE', #2621 ) ;
#3763 = AXIS2_PLACEMENT_3D ( 'NONE', #768, #1302, #3105 ) ;
#3764 = CARTESIAN_POINT ( 'NONE',  ( 2.240000000000000213, 1.300820393249936702, -2.750000000000000000 ) ) ;
#3765 = EDGE_CURVE ( 'NONE', #3750, #1080, #4, .T. ) ;
#3766 = AXIS2_PLACEMENT_3D ( 'NONE', #2056, #18, #885 ) ;
#3767 = CARTESIAN_POINT ( 'NONE',  ( -3.540000000000000036, -2.500000000000000000, 1.249999999999999778 ) ) ;
#3768 = ORIENTED_EDGE ( 'NONE', *, *, #1139, .F. ) ;
#3769 = CARTESIAN_POINT ( 'NONE',  ( -3.290000000000000480, 0.6300000000000000044, -1.249999999999999778 ) ) ;
#3770 = DIRECTION ( 'NONE',  ( 0.000000000000000000, 0.000000000000000000, -1.000000000000000000 ) ) ;
#3771 = ORIENTED_EDGE ( 'NONE', *, *, #825, .F. ) ;
#3772 =( NAMED_UNIT ( * ) SI_UNIT ( $, .STERADIAN. ) SOLID_ANGLE_UNIT ( ) );
#3773 = FACE_OUTER_BOUND ( 'NONE', #2597, .T. ) ;
#3774 = EDGE_CURVE ( 'NONE', #3664, #2292, #3010, .T. ) ;
#3775 = DIRECTION ( 'NONE',  ( 1.000000000000000000, 0.000000000000000000, 1.084202172485504434E-16 ) ) ;
#3776 = ORIENTED_EDGE ( 'NONE', *, *, #3608, .F. ) ;
#3777 = ORIENTED_EDGE ( 'NONE', *, *, #95, .F. ) ;
ENDSEC;
END-ISO-10303-21;
