ISO-10303-21;
HEADER;
FILE_DESCRIPTION (( 'STEP AP214' ),
    '1' );
FILE_NAME ('ICE2QS03G.STEP',
    '2023-03-23T03:58:35',
    ( '' ),
    ( '' ),
    'SwSTEP 2.0',
    'SolidWorks 2021',
    '' );
FILE_SCHEMA (( 'AUTOMOTIVE_DESIGN' ));
ENDSEC;

DATA;
#1 = FACE_OUTER_BOUND ( 'NONE', #1562, .T. ) ;
#2 = FACE_OUTER_BOUND ( 'NONE', #3535, .T. ) ;
#3 = FACE_OUTER_BOUND ( 'NONE', #94, .T. ) ;
#4 = DIRECTION ( 'NONE',  ( -0.000000000000000000, -0.000000000000000000, -1.000000000000000000 ) ) ;
#5 = CLOSED_SHELL ( 'NONE', ( #2101, #989, #2457, #1672, #89, #4104, #3203, #1254, #1997, #2951, #4067, #1906, #4046, #2719, #986, #809, #627, #1546 ) ) ;
#6 = CARTESIAN_POINT ( 'NONE',  ( -1.950000000000000400, 1.029999999999985816, 2.120000000000000551 ) ) ;
#7 = ORIENTED_EDGE ( 'NONE', *, *, #265, .T. ) ;
#8 = LINE ( 'NONE', #293, #2473 ) ;
#9 = CARTESIAN_POINT ( 'NONE',  ( -2.360000000000000320, 0.3198140980962017044, 0.8500000000000003109 ) ) ;
#10 = LINE ( 'NONE', #2512, #3944 ) ;
#11 = DIRECTION ( 'NONE',  ( -0.000000000000000000, 0.000000000000000000, -1.000000000000000000 ) ) ;
#12 = EDGE_LOOP ( 'NONE', ( #1993, #3946, #3395, #3180 ) ) ;
#13 = EDGE_LOOP ( 'NONE', ( #1990, #1337, #2056, #2799 ) ) ;
#14 = ORIENTED_EDGE ( 'NONE', *, *, #3442, .T. ) ;
#15 = EDGE_CURVE ( 'NONE', #721, #565, #1813, .T. ) ;
#16 = CARTESIAN_POINT ( 'NONE',  ( 2.273934777464703405, 0.7339347774647182465, 2.120000000000000551 ) ) ;
#17 = EDGE_CURVE ( 'NONE', #2928, #1476, #1232, .T. ) ;
#18 = EDGE_CURVE ( 'NONE', #896, #3340, #3781, .T. ) ;
#19 = DIRECTION ( 'NONE',  ( 1.000000000000000000, -2.094466133183748935E-15, 0.000000000000000000 ) ) ;
#20 = CARTESIAN_POINT ( 'NONE',  ( -1.950000000000000400, 0.8200000000000151612, 2.120000000000000551 ) ) ;
#21 = EDGE_CURVE ( 'NONE', #2173, #3294, #2209, .T. ) ;
#22 = FACE_OUTER_BOUND ( 'NONE', #2477, .T. ) ;
#23 = CARTESIAN_POINT ( 'NONE',  ( -2.650061616099202322, 0.2339585261173781627, 2.120000000000000551 ) ) ;
#24 = EDGE_LOOP ( 'NONE', ( #1445, #3516, #675, #789 ) ) ;
#25 = LINE ( 'NONE', #2175, #2695 ) ;
#26 = FACE_OUTER_BOUND ( 'NONE', #4010, .T. ) ;
#27 = CARTESIAN_POINT ( 'NONE',  ( -1.150000000000000355, 1.700000000000000178, -1.950000000000002176 ) ) ;
#28 = ORIENTED_EDGE ( 'NONE', *, *, #2135, .T. ) ;
#29 = ORIENTED_EDGE ( 'NONE', *, *, #21, .F. ) ;
#30 = ORIENTED_EDGE ( 'NONE', *, *, #3139, .T. ) ;
#31 = PLANE ( 'NONE',  #297 ) ;
#32 = VECTOR ( 'NONE', #684, 1000.000000000000000 ) ;
#33 = VECTOR ( 'NONE', #3444, 1000.000000000000000 ) ;
#34 = LINE ( 'NONE', #2902, #2261 ) ;
#35 = VECTOR ( 'NONE', #1953, 1000.000000000000000 ) ;
#36 = CIRCLE ( 'NONE', #3212, 0.2960652225352670142 ) ;
#37 = MANIFOLD_SOLID_BREP ( 'Boss-Extrude3[1]', #2130 ) ;
#38 = CARTESIAN_POINT ( 'NONE',  ( 2.656065222535267445, 0.3198140980962017044, 0.4200000000000002620 ) ) ;
#39 = VECTOR ( 'NONE', #3673, 1000.000000000000000 ) ;
#40 = EDGE_CURVE ( 'NONE', #1141, #3845, #3194, .T. ) ;
#41 =( NAMED_UNIT ( * ) PLANE_ANGLE_UNIT ( ) SI_UNIT ( $, .RADIAN. ) );
#42 = CARTESIAN_POINT ( 'NONE',  ( -1.950000000000000400, 0.8200000000000151612, 2.449999999999998845 ) ) ;
#43 = AXIS2_PLACEMENT_3D ( 'NONE', #1427, #3611, #717 ) ;
#44 = CARTESIAN_POINT ( 'NONE',  ( 1.767738509381681533, -0.2691517206454022704, 2.267738509381680867 ) ) ;
#45 = CARTESIAN_POINT ( 'NONE',  ( -2.569999999999970530, 0.7339347774647182465, 2.120000000000000551 ) ) ;
#46 = ORIENTED_EDGE ( 'NONE', *, *, #1316, .T. ) ;
#47 = DIRECTION ( 'NONE',  ( -1.000000000000000000, 0.000000000000000000, 0.000000000000000000 ) ) ;
#48 = ORIENTED_EDGE ( 'NONE', *, *, #2263, .F. ) ;
#49 = EDGE_LOOP ( 'NONE', ( #2411, #3748, #2425, #2466, #435, #3298, #843, #3094, #937, #429, #641, #424 ) ) ;
#50 = ORIENTED_EDGE ( 'NONE', *, *, #2356, .F. ) ;
#51 = LINE ( 'NONE', #662, #2824 ) ;
#52 = DIRECTION ( 'NONE',  ( 0.9975640502598247528, -0.06975647374411790558, -0.000000000000000000 ) ) ;
#53 = VECTOR ( 'NONE', #2080, 1000.000000000000000 ) ;
#54 = LINE ( 'NONE', #1687, #3091 ) ;
#55 = DIRECTION ( 'NONE',  ( -1.000000000000000000, 6.693953523428911913E-16, -0.000000000000000000 ) ) ;
#56 = EDGE_CURVE ( 'NONE', #1680, #2816, #1666, .T. ) ;
#57 = CARTESIAN_POINT ( 'NONE',  ( 2.273934777464703405, 0.7339347774647182465, 0.4200000000000002620 ) ) ;
#58 = DIRECTION ( 'NONE',  ( 0.000000000000000000, 0.000000000000000000, 1.000000000000000000 ) ) ;
#59 = EDGE_CURVE ( 'NONE', #1429, #3161, #1329, .T. ) ;
#60 = FACE_OUTER_BOUND ( 'NONE', #2854, .T. ) ;
#61 = EDGE_CURVE ( 'NONE', #133, #3450, #54, .T. ) ;
#62 = LINE ( 'NONE', #1983, #2830 ) ;
#63 = DIRECTION ( 'NONE',  ( -0.000000000000000000, -0.000000000000000000, -1.000000000000000000 ) ) ;
#64 = ADVANCED_FACE ( 'NONE', ( #3911 ), #2371, .F. ) ;
#65 = EDGE_CURVE ( 'NONE', #2623, #766, #3245, .T. ) ;
#66 = ORIENTED_EDGE ( 'NONE', *, *, #802, .T. ) ;
#67 = AXIS2_PLACEMENT_3D ( 'NONE', #2923, #458, #3274 ) ;
#68 = DIRECTION ( 'NONE',  ( 0.9975640502598247528, -0.06975647374411911295, 0.000000000000000000 ) ) ;
#69 = ORIENTED_EDGE ( 'NONE', *, *, #2024, .T. ) ;
#70 = ORIENTED_EDGE ( 'NONE', *, *, #3638, .T. ) ;
#71 = EDGE_CURVE ( 'NONE', #1011, #1801, #983, .T. ) ;
#72 = ORIENTED_EDGE ( 'NONE', *, *, #2541, .T. ) ;
#73 = VECTOR ( 'NONE', #1300, 1000.000000000000000 ) ;
#74 = CARTESIAN_POINT ( 'NONE',  ( 2.360000000000000320, 0.3198140980962017044, 0.8500000000000003109 ) ) ;
#75 = FACE_OUTER_BOUND ( 'NONE', #1774, .T. ) ;
#76 = CARTESIAN_POINT ( 'NONE',  ( -2.650061616099202322, 0.2339585261173780240, -0.8499999999999998668 ) ) ;
#77 = DIRECTION ( 'NONE',  ( 1.000000000000000000, 0.000000000000000000, 0.000000000000000000 ) ) ;
#78 = CYLINDRICAL_SURFACE ( 'NONE', #3081, 0.1749999999999998224 ) ;
#79 = FILL_AREA_STYLE_COLOUR ( '', #779 ) ;
#80 = CARTESIAN_POINT ( 'NONE',  ( 2.650061616099202322, 0.2339585261173780240, 0.4200000000000002620 ) ) ;
#81 = ORIENTED_EDGE ( 'NONE', *, *, #1090, .F. ) ;
#82 = CARTESIAN_POINT ( 'NONE',  ( -3.000000000000000000, 0.2094884505545331899, -0.4199999999999998179 ) ) ;
#83 = LINE ( 'NONE', #1005, #2745 ) ;
#84 = AXIS2_PLACEMENT_3D ( 'NONE', #3806, #638, #1908 ) ;
#85 = LINE ( 'NONE', #3211, #2170 ) ;
#86 = EDGE_CURVE ( 'NONE', #3012, #746, #3623, .T. ) ;
#87 = CARTESIAN_POINT ( 'NONE',  ( 2.273934777464703405, 0.8200000000000151612, -1.689999999999999947 ) ) ;
#88 = SURFACE_STYLE_FILL_AREA ( #2379 ) ;
#89 = ADVANCED_FACE ( 'NONE', ( #1017 ), #2298, .T. ) ;
#90 = VECTOR ( 'NONE', #2164, 1000.000000000000114 ) ;
#91 = ORIENTED_EDGE ( 'NONE', *, *, #2051, .T. ) ;
#92 = DIRECTION ( 'NONE',  ( 0.000000000000000000, 1.000000000000000000, 0.000000000000000000 ) ) ;
#93 = ORIENTED_EDGE ( 'NONE', *, *, #3074, .T. ) ;
#94 = EDGE_LOOP ( 'NONE', ( #1459, #2732 ) ) ;
#95 = FACE_OUTER_BOUND ( 'NONE', #3840, .T. ) ;
#96 = ORIENTED_EDGE ( 'NONE', *, *, #3994, .F. ) ;
#97 = DIRECTION ( 'NONE',  ( 0.06975647374411889090, 0.9975640502598246417, -0.000000000000000000 ) ) ;
#98 = DIRECTION ( 'NONE',  ( -1.000000000000000000, 6.693953523428911913E-16, -0.000000000000000000 ) ) ;
#99 = ORIENTED_EDGE ( 'NONE', *, *, #361, .F. ) ;
#100 = VECTOR ( 'NONE', #520, 1000.000000000000000 ) ;
#101 = DIRECTION ( 'NONE',  ( -0.000000000000000000, -0.000000000000000000, -1.000000000000000000 ) ) ;
#102 = SURFACE_SIDE_STYLE ('',( #1999 ) ) ;
#103 = AXIS2_PLACEMENT_3D ( 'NONE', #4026, #842, #2110 ) ;
#104 = LINE ( 'NONE', #3525, #1783 ) ;
#105 = VECTOR ( 'NONE', #3664, 1000.000000000000000 ) ;
#106 = VERTEX_POINT ( 'NONE', #111 ) ;
#107 = FACE_OUTER_BOUND ( 'NONE', #2072, .T. ) ;
#108 = DIRECTION ( 'NONE',  ( 1.000000000000000000, 1.047233066591874073E-15, -0.000000000000000000 ) ) ;
#109 = CIRCLE ( 'NONE', #2437, 0.2960652225352674027 ) ;
#110 = CARTESIAN_POINT ( 'NONE',  ( 2.569999999999970974, 0.3198140980962019264, -0.4199999999999998179 ) ) ;
#111 = CARTESIAN_POINT ( 'NONE',  ( -3.000000000000000000, 0.2094884505545331899, -2.120000000000000107 ) ) ;
#112 = VECTOR ( 'NONE', #3129, 1000.000000000000000 ) ;
#113 = ORIENTED_EDGE ( 'NONE', *, *, #1949, .F. ) ;
#114 = CARTESIAN_POINT ( 'NONE',  ( 2.635412756612939500, 0.02447007556284402918, -2.120000000000000107 ) ) ;
#115 = ORIENTED_EDGE ( 'NONE', *, *, #1316, .F. ) ;
#116 = CARTESIAN_POINT ( 'NONE',  ( -2.635412756612939500, 0.02447007556284402918, -1.689999999999999947 ) ) ;
#117 = EDGE_LOOP ( 'NONE', ( #1740, #997, #273, #2442 ) ) ;
#118 = VECTOR ( 'NONE', #555, 1000.000000000000227 ) ;
#119 = ADVANCED_FACE ( 'NONE', ( #479 ), #3923, .F. ) ;
#120 = ORIENTED_EDGE ( 'NONE', *, *, #3969, .T. ) ;
#121 = DIRECTION ( 'NONE',  ( -0.06975647374411790558, 0.9975640502598247528, 0.000000000000000000 ) ) ;
#122 = ADVANCED_FACE ( 'NONE', ( #3234 ), #3572, .F. ) ;
#123 = EDGE_CURVE ( 'NONE', #1717, #3410, #3279, .T. ) ;
#124 = CARTESIAN_POINT ( 'NONE',  ( -2.985351140513737178, -3.890381395410000956E-16, 1.690000000000000169 ) ) ;
#125 = VERTEX_POINT ( 'NONE', #2359 ) ;
#126 = CARTESIAN_POINT ( 'NONE',  ( 2.569999999999970974, 0.3198140980962019264, -2.120000000000000107 ) ) ;
#127 = AXIS2_PLACEMENT_3D ( 'NONE', #167, #1812, #815 ) ;
#128 = LINE ( 'NONE', #2000, #860 ) ;
#129 = ORIENTED_EDGE ( 'NONE', *, *, #2460, .F. ) ;
#130 = PLANE ( 'NONE',  #801 ) ;
#131 = VECTOR ( 'NONE', #2094, 1000.000000000000000 ) ;
#132 = CARTESIAN_POINT ( 'NONE',  ( -2.656065222535267445, 0.3198140980962017044, -2.120000000000000107 ) ) ;
#133 = VERTEX_POINT ( 'NONE', #776 ) ;
#134 = DIRECTION ( 'NONE',  ( -0.1628445083463880838, 0.9731204099199883828, -0.1628445083463883336 ) ) ;
#135 = ORIENTED_EDGE ( 'NONE', *, *, #3793, .F. ) ;
#136 = FACE_OUTER_BOUND ( 'NONE', #2286, .T. ) ;
#137 = VECTOR ( 'NONE', #2564, 1000.000000000000000 ) ;
#138 = EDGE_LOOP ( 'NONE', ( #1225, #2982, #2842, #3576 ) ) ;
#139 = VECTOR ( 'NONE', #3255, 1000.000000000000114 ) ;
#140 = EDGE_CURVE ( 'NONE', #712, #2417, #2044, .T. ) ;
#141 = LINE ( 'NONE', #1411, #449 ) ;
#142 = ADVANCED_FACE ( 'NONE', ( #153 ), #3301, .F. ) ;
#143 = EDGE_CURVE ( 'NONE', #4001, #2995, #1734, .T. ) ;
#144 = LINE ( 'NONE', #3024, #100 ) ;
#145 = DIRECTION ( 'NONE',  ( 0.000000000000000000, 1.000000000000000000, 0.000000000000000000 ) ) ;
#146 = ORIENTED_EDGE ( 'NONE', *, *, #2881, .T. ) ;
#147 = MANIFOLD_SOLID_BREP ( 'LPattern1[4]', #1402 ) ;
#148 = DIRECTION ( 'NONE',  ( 1.000000000000000000, 0.000000000000000000, 0.000000000000000000 ) ) ;
#149 = LINE ( 'NONE', #1766, #3530 ) ;
#150 = DIRECTION ( 'NONE',  ( 0.06975647374411889090, -0.9975640502598246417, 0.000000000000000000 ) ) ;
#151 = ORIENTED_EDGE ( 'NONE', *, *, #943, .F. ) ;
#152 = CARTESIAN_POINT ( 'NONE',  ( 1.950000000000000400, 0.8200000000000151612, -0.4199999999999998179 ) ) ;
#153 = FACE_OUTER_BOUND ( 'NONE', #906, .T. ) ;
#154 = ORIENTED_EDGE ( 'NONE', *, *, #61, .T. ) ;
#155 = CIRCLE ( 'NONE', #3192, 0.2960652225352674027 ) ;
#156 = DIRECTION ( 'NONE',  ( 0.9975640502598247528, 0.06975647374411890478, -0.000000000000000000 ) ) ;
#157 = VERTEX_POINT ( 'NONE', #3225 ) ;
#158 = DIRECTION ( 'NONE',  ( -0.000000000000000000, -0.000000000000000000, -1.000000000000000000 ) ) ;
#159 = VECTOR ( 'NONE', #1440, 1000.000000000000000 ) ;
#160 = MANIFOLD_SOLID_BREP ( 'LPattern1[6]', #1608 ) ;
#161 = DIRECTION ( 'NONE',  ( -1.000000000000000000, 0.000000000000000000, 0.000000000000000000 ) ) ;
#162 = EDGE_LOOP ( 'NONE', ( #471, #599, #2185, #2631 ) ) ;
#163 = CARTESIAN_POINT ( 'NONE',  ( -1.950000000000000400, 1.029999999999985816, 2.449999999999998845 ) ) ;
#164 = ORIENTED_EDGE ( 'NONE', *, *, #2102, .F. ) ;
#165 = CARTESIAN_POINT ( 'NONE',  ( -2.360000000000000320, 0.3198140980962017044, 0.8500000000000003109 ) ) ;
#166 = LINE ( 'NONE', #2122, #1563 ) ;
#167 = CARTESIAN_POINT ( 'NONE',  ( 1.829513321461377240, 0.1000000000000000056, 0.000000000000000000 ) ) ;
#168 = APPLICATION_PROTOCOL_DEFINITION ( 'draft international standard', 'automotive_design', 1998, #3455 ) ;
#169 = DIRECTION ( 'NONE',  ( -0.000000000000000000, -0.000000000000000000, -1.000000000000000000 ) ) ;
#170 = CIRCLE ( 'NONE', #1636, 0.08606522253529635957 ) ;
#171 = VECTOR ( 'NONE', #1408, 1000.000000000000000 ) ;
#172 = ADVANCED_FACE ( 'NONE', ( #1811 ), #391, .F. ) ;
#173 = CARTESIAN_POINT ( 'NONE',  ( 1.949999999999999067, 0.8200000000000150502, 2.449999999999998845 ) ) ;
#174 = ORIENTED_EDGE ( 'NONE', *, *, #2462, .F. ) ;
#175 = VECTOR ( 'NONE', #3510, 1000.000000000000000 ) ;
#176 = VECTOR ( 'NONE', #1155, 1000.000000000000000 ) ;
#177 = PLANE ( 'NONE',  #3992 ) ;
#178 = ORIENTED_EDGE ( 'NONE', *, *, #3569, .F. ) ;
#179 = CYLINDRICAL_SURFACE ( 'NONE', #4083, 0.08606522253529680366 ) ;
#180 = AXIS2_PLACEMENT_3D ( 'NONE', #1876, #1233, #252 ) ;
#181 = FACE_OUTER_BOUND ( 'NONE', #3681, .T. ) ;
#182 = ORIENTED_EDGE ( 'NONE', *, *, #578, .F. ) ;
#183 = AXIS2_PLACEMENT_3D ( 'NONE', #996, #1582, #2576 ) ;
#184 = CARTESIAN_POINT ( 'NONE',  ( -2.569999999999970974, 0.3198140980962019264, -2.120000000000000107 ) ) ;
#185 = VERTEX_POINT ( 'NONE', #523 ) ;
#186 = DIRECTION ( 'NONE',  ( -0.000000000000000000, -0.000000000000000000, -1.000000000000000000 ) ) ;
#187 = LINE ( 'NONE', #3044, #159 ) ;
#188 = DIRECTION ( 'NONE',  ( 1.047233066591874073E-15, -1.000000000000000000, -0.000000000000000000 ) ) ;
#189 = LINE ( 'NONE', #794, #2574 ) ;
#190 = AXIS2_PLACEMENT_3D ( 'NONE', #2765, #2354, #3978 ) ;
#191 = ADVANCED_FACE ( 'NONE', ( #3689 ), #3645, .F. ) ;
#192 = ORIENTED_EDGE ( 'NONE', *, *, #86, .T. ) ;
#193 = EDGE_CURVE ( 'NONE', #1405, #3435, #1498, .T. ) ;
#194 = UNCERTAINTY_MEASURE_WITH_UNIT (LENGTH_MEASURE( 1.000000000000000082E-05 ), #3065, 'distance_accuracy_value', 'NONE');
#195 = ADVANCED_FACE ( 'NONE', ( #3628 ), #2455, .T. ) ;
#196 = CARTESIAN_POINT ( 'NONE',  ( -1.150000000000000355, 1.750000000000000000, -1.775000000000002354 ) ) ;
#197 = EDGE_LOOP ( 'NONE', ( #30, #3867, #818, #2049 ) ) ;
#198 = VECTOR ( 'NONE', #1686, 1000.000000000000000 ) ;
#199 = EDGE_CURVE ( 'NONE', #3235, #3519, #2985, .T. ) ;
#200 = FACE_OUTER_BOUND ( 'NONE', #1308, .T. ) ;
#201 = ORIENTED_EDGE ( 'NONE', *, *, #2983, .F. ) ;
#202 = DIRECTION ( 'NONE',  ( -0.000000000000000000, -0.000000000000000000, -1.000000000000000000 ) ) ;
#203 = ADVANCED_FACE ( 'NONE', ( #2727 ), #3958, .F. ) ;
#204 = CYLINDRICAL_SURFACE ( 'NONE', #1380, 0.08606522253529635957 ) ;
#205 = ORIENTED_EDGE ( 'NONE', *, *, #2051, .F. ) ;
#206 = ORIENTED_EDGE ( 'NONE', *, *, #3797, .T. ) ;
#207 = CARTESIAN_POINT ( 'NONE',  ( 2.569999999999970974, 0.3198140980962019264, 2.120000000000000551 ) ) ;
#208 = FACE_OUTER_BOUND ( 'NONE', #846, .T. ) ;
#209 = LINE ( 'NONE', #878, #961 ) ;
#210 = LINE ( 'NONE', #2438, #1921 ) ;
#211 = DIRECTION ( 'NONE',  ( -0.000000000000000000, -0.000000000000000000, -1.000000000000000000 ) ) ;
#212 = ORIENTED_EDGE ( 'NONE', *, *, #1388, .F. ) ;
#213 = DIRECTION ( 'NONE',  ( -1.000000000000000000, 0.000000000000000000, 0.000000000000000000 ) ) ;
#214 = VERTEX_POINT ( 'NONE', #835 ) ;
#215 = DIRECTION ( 'NONE',  ( -0.000000000000000000, -0.000000000000000000, -1.000000000000000000 ) ) ;
#216 = VERTEX_POINT ( 'NONE', #495 ) ;
#217 = DIRECTION ( 'NONE',  ( -0.9975640502598246417, 0.06975647374411909907, -0.000000000000000000 ) ) ;
#218 = EDGE_CURVE ( 'NONE', #718, #2997, #149, .T. ) ;
#219 = CARTESIAN_POINT ( 'NONE',  ( 2.985351140513737178, -3.890381395410000956E-16, -0.4199999999999998179 ) ) ;
#220 = VECTOR ( 'NONE', #1430, 1000.000000000000000 ) ;
#221 = ORIENTED_EDGE ( 'NONE', *, *, #831, .F. ) ;
#222 = CARTESIAN_POINT ( 'NONE',  ( -3.000000000000000000, 0.2094884505545331899, 0.8500000000000003109 ) ) ;
#223 = CIRCLE ( 'NONE', #1224, 0.2960652225352674027 ) ;
#224 = FACE_OUTER_BOUND ( 'NONE', #2220, .T. ) ;
#225 =( NAMED_UNIT ( * ) PLANE_ANGLE_UNIT ( ) SI_UNIT ( $, .RADIAN. ) );
#226 = DIRECTION ( 'NONE',  ( 0.000000000000000000, 0.000000000000000000, 1.000000000000000000 ) ) ;
#227 = ORIENTED_EDGE ( 'NONE', *, *, #1744, .F. ) ;
#228 = CYLINDRICAL_SURFACE ( 'NONE', #2166, 0.2960652225352670142 ) ;
#229 = ORIENTED_EDGE ( 'NONE', *, *, #2409, .F. ) ;
#230 = CYLINDRICAL_SURFACE ( 'NONE', #3646, 0.2960652225352670142 ) ;
#231 = DIRECTION ( 'NONE',  ( -0.000000000000000000, -0.000000000000000000, -1.000000000000000000 ) ) ;
#232 = VECTOR ( 'NONE', #2310, 1000.000000000000000 ) ;
#233 = ORIENTED_EDGE ( 'NONE', *, *, #3003, .F. ) ;
#234 = VECTOR ( 'NONE', #3398, 1000.000000000000114 ) ;
#235 = CARTESIAN_POINT ( 'NONE',  ( 1.950000000000000400, 1.029999999999985816, 0.8500000000000003109 ) ) ;
#236 = VECTOR ( 'NONE', #905, 1000.000000000000000 ) ;
#237 = VECTOR ( 'NONE', #217, 1000.000000000000227 ) ;
#238 = CARTESIAN_POINT ( 'NONE',  ( 2.273934777464703405, 0.8200000000000151612, -1.689999999999999947 ) ) ;
#239 = ORIENTED_EDGE ( 'NONE', *, *, #1653, .F. ) ;
#240 = EDGE_LOOP ( 'NONE', ( #3533, #2969, #850, #3078 ) ) ;
#241 = EDGE_CURVE ( 'NONE', #2651, #1881, #166, .T. ) ;
#242 = VECTOR ( 'NONE', #2378, 1000.000000000000000 ) ;
#243 = EDGE_LOOP ( 'NONE', ( #1222, #3737, #680, #824 ) ) ;
#244 = ADVANCED_FACE ( 'NONE', ( #791 ), #3376, .F. ) ;
#245 = DIRECTION ( 'NONE',  ( 1.000000000000000000, 0.000000000000000000, 0.000000000000000000 ) ) ;
#246 = EDGE_CURVE ( 'NONE', #2065, #125, #187, .T. ) ;
#247 = VECTOR ( 'NONE', #1346, 1000.000000000000000 ) ;
#248 = ADVANCED_FACE ( 'NONE', ( #3712 ), #3977, .F. ) ;
#249 = CARTESIAN_POINT ( 'NONE',  ( -1.950000000000000400, 1.029999999999985816, -0.4199999999999998179 ) ) ;
#250 = CARTESIAN_POINT ( 'NONE',  ( -2.985351140513737178, -3.890381395410000956E-16, -0.8499999999999998668 ) ) ;
#251 = LINE ( 'NONE', #1875, #2977 ) ;
#252 = DIRECTION ( 'NONE',  ( 0.000000000000000000, -0.000000000000000000, 1.000000000000000000 ) ) ;
#253 = ORIENTED_EDGE ( 'NONE', *, *, #3693, .F. ) ;
#254 = DIRECTION ( 'NONE',  ( -0.000000000000000000, -0.000000000000000000, -1.000000000000000000 ) ) ;
#255 = ORIENTED_EDGE ( 'NONE', *, *, #1415, .T. ) ;
#256 = CARTESIAN_POINT ( 'NONE',  ( -1.950000000000000400, 1.029999999999985816, -2.120000000000000107 ) ) ;
#257 = ORIENTED_EDGE ( 'NONE', *, *, #3126, .T. ) ;
#258 = CARTESIAN_POINT ( 'NONE',  ( -2.273934777464703405, 0.7339347774647182465, 2.120000000000000551 ) ) ;
#259 = VECTOR ( 'NONE', #317, 1000.000000000000000 ) ;
#260 = DIRECTION ( 'NONE',  ( -1.000000000000000000, 0.000000000000000000, 0.000000000000000000 ) ) ;
#261 = ORIENTED_EDGE ( 'NONE', *, *, #3769, .F. ) ;
#262 = EDGE_LOOP ( 'NONE', ( #1269, #3991, #1267, #2531 ) ) ;
#263 = EDGE_LOOP ( 'NONE', ( #1466, #1414, #3286, #2181 ) ) ;
#264 = CARTESIAN_POINT ( 'NONE',  ( 2.569999999999970530, 0.7339347774647182465, 0.4200000000000002620 ) ) ;
#265 = EDGE_CURVE ( 'NONE', #1801, #3349, #209, .T. ) ;
#266 = CARTESIAN_POINT ( 'NONE',  ( 1.949999999999999512, -6.262587324740470862, 2.449999999999998845 ) ) ;
#267 = DIRECTION ( 'NONE',  ( -1.000000000000000000, 0.000000000000000000, 0.000000000000000000 ) ) ;
#268 = EDGE_CURVE ( 'NONE', #347, #998, #562, .T. ) ;
#269 = CARTESIAN_POINT ( 'NONE',  ( -2.635412756612939500, 0.02447007556284402918, -1.689999999999999947 ) ) ;
#270 = PLANE ( 'NONE',  #2106 ) ;
#271 = CIRCLE ( 'NONE', #3380, 0.08606522253529680366 ) ;
#272 = CARTESIAN_POINT ( 'NONE',  ( -1.950000000000000400, 0.8200000000000151612, 0.8500000000000003109 ) ) ;
#273 = ORIENTED_EDGE ( 'NONE', *, *, #265, .F. ) ;
#274 = PLANE ( 'NONE',  #306 ) ;
#275 = LINE ( 'NONE', #613, #1690 ) ;
#276 = CARTESIAN_POINT ( 'NONE',  ( -1.780997676330971169, -0.1899180632877738029, 2.280997676330969615 ) ) ;
#277 = VERTEX_POINT ( 'NONE', #2191 ) ;
#278 = DIRECTION ( 'NONE',  ( 1.000000000000000000, 0.000000000000000000, 0.000000000000000000 ) ) ;
#279 = FACE_OUTER_BOUND ( 'NONE', #895, .T. ) ;
#280 = VERTEX_POINT ( 'NONE', #901 ) ;
#281 = ORIENTED_EDGE ( 'NONE', *, *, #4023, .F. ) ;
#282 = ORIENTED_EDGE ( 'NONE', *, *, #2882, .F. ) ;
#283 = LINE ( 'NONE', #2800, #502 ) ;
#284 = CARTESIAN_POINT ( 'NONE',  ( 2.650061616099202322, 0.2339585261173780240, 2.120000000000000551 ) ) ;
#285 = PLANE ( 'NONE',  #623 ) ;
#286 = AXIS2_PLACEMENT_3D ( 'NONE', #2424, #215, #569 ) ;
#287 = DIRECTION ( 'NONE',  ( -1.000000000000000000, 6.693953523428911913E-16, -0.000000000000000000 ) ) ;
#288 = CARTESIAN_POINT ( 'NONE',  ( 1.949999999999999512, 0.8200000000000151612, 2.449999999999998845 ) ) ;
#289 = DIRECTION ( 'NONE',  ( 1.047233066591874073E-15, -1.000000000000000000, -0.000000000000000000 ) ) ;
#290 = LINE ( 'NONE', #272, #3614 ) ;
#291 = EDGE_CURVE ( 'NONE', #3744, #133, #2677, .T. ) ;
#292 = VERTEX_POINT ( 'NONE', #4062 ) ;
#293 = CARTESIAN_POINT ( 'NONE',  ( 1.829513321461377462, 1.750000000000000000, -2.450000000000001510 ) ) ;
#294 = CARTESIAN_POINT ( 'NONE',  ( -2.273934777464703405, 0.8200000000000149392, -2.120000000000000107 ) ) ;
#295 = LINE ( 'NONE', #4073, #3419 ) ;
#296 = EDGE_CURVE ( 'NONE', #3349, #2475, #1208, .T. ) ;
#297 = AXIS2_PLACEMENT_3D ( 'NONE', #1685, #407, #1001 ) ;
#298 = CARTESIAN_POINT ( 'NONE',  ( -1.950000000000000400, 0.8200000000000151612, -1.689999999999999947 ) ) ;
#299 = VERTEX_POINT ( 'NONE', #1854 ) ;
#300 = ORIENTED_EDGE ( 'NONE', *, *, #732, .F. ) ;
#301 = ORIENTED_EDGE ( 'NONE', *, *, #1623, .F. ) ;
#302 = DIRECTION ( 'NONE',  ( -0.000000000000000000, -0.000000000000000000, -1.000000000000000000 ) ) ;
#303 = AXIS2_PLACEMENT_3D ( 'NONE', #2296, #58, #2041 ) ;
#304 = AXIS2_PLACEMENT_3D ( 'NONE', #2934, #19, #2976 ) ;
#305 = DIRECTION ( 'NONE',  ( -0.000000000000000000, -1.000000000000000000, -0.000000000000000000 ) ) ;
#306 = AXIS2_PLACEMENT_3D ( 'NONE', #1554, #3571, #992 ) ;
#307 = FACE_OUTER_BOUND ( 'NONE', #837, .T. ) ;
#308 = DIRECTION ( 'NONE',  ( 1.000000000000000000, 0.000000000000000000, 0.000000000000000000 ) ) ;
#309 = DIRECTION ( 'NONE',  ( -0.000000000000000000, -0.000000000000000000, -1.000000000000000000 ) ) ;
#310 = CARTESIAN_POINT ( 'NONE',  ( 2.635412756612939500, 0.02447007556284402918, 2.120000000000000551 ) ) ;
#311 = AXIS2_PLACEMENT_3D ( 'NONE', #3038, #2720, #2407 ) ;
#312 = FACE_OUTER_BOUND ( 'NONE', #197, .T. ) ;
#313 = EDGE_LOOP ( 'NONE', ( #2156, #915, #2975, #2160 ) ) ;
#314 = FILL_AREA_STYLE_COLOUR ( '', #1837 ) ;
#315 = EDGE_CURVE ( 'NONE', #3471, #583, #2490, .T. ) ;
#316 = DIRECTION ( 'NONE',  ( 0.000000000000000000, 0.000000000000000000, 1.000000000000000000 ) ) ;
#317 = DIRECTION ( 'NONE',  ( -0.000000000000000000, 1.000000000000000000, -0.000000000000000000 ) ) ;
#318 = EDGE_CURVE ( 'NONE', #2682, #2029, #2783, .T. ) ;
#319 = EDGE_CURVE ( 'NONE', #545, #3578, #223, .T. ) ;
#320 = EDGE_CURVE ( 'NONE', #3216, #1729, #1230, .T. ) ;
#321 = PLANE ( 'NONE',  #1976 ) ;
#322 = ORIENTED_EDGE ( 'NONE', *, *, #2046, .T. ) ;
#323 = ORIENTED_EDGE ( 'NONE', *, *, #2263, .T. ) ;
#324 = VERTEX_POINT ( 'NONE', #922 ) ;
#325 = AXIS2_PLACEMENT_3D ( 'NONE', #3999, #2393, #1105 ) ;
#326 = CARTESIAN_POINT ( 'NONE',  ( 2.273934777464703405, 0.8200000000000151612, 0.4200000000000002620 ) ) ;
#327 = EDGE_CURVE ( 'NONE', #3703, #3747, #605, .T. ) ;
#328 = LINE ( 'NONE', #3482, #1959 ) ;
#329 = CARTESIAN_POINT ( 'NONE',  ( 1.950000000000000400, 1.029999999999985816, -0.8499999999999998668 ) ) ;
#330 = DIRECTION ( 'NONE',  ( -0.000000000000000000, -0.000000000000000000, -1.000000000000000000 ) ) ;
#331 = VECTOR ( 'NONE', #3734, 1000.000000000000000 ) ;
#332 = CARTESIAN_POINT ( 'NONE',  ( -2.273934777464703405, 0.8200000000000151612, -0.4199999999999998179 ) ) ;
#333 = ORIENTED_EDGE ( 'NONE', *, *, #71, .T. ) ;
#334 = CARTESIAN_POINT ( 'NONE',  ( -2.656065222535267445, 0.3198140980962017044, -2.120000000000000107 ) ) ;
#335 = AXIS2_PLACEMENT_3D ( 'NONE', #2231, #4017, #1204 ) ;
#336 = DIRECTION ( 'NONE',  ( -0.000000000000000000, -0.000000000000000000, -1.000000000000000000 ) ) ;
#337 = CARTESIAN_POINT ( 'NONE',  ( -1.525593373776094719, 1.750000000000000000, 2.329513321461376574 ) ) ;
#338 = CARTESIAN_POINT ( 'NONE',  ( 2.656065222535267445, 0.3198140980962017044, 2.120000000000000551 ) ) ;
#339 = ORIENTED_EDGE ( 'NONE', *, *, #3183, .F. ) ;
#340 = EDGE_LOOP ( 'NONE', ( #558, #3309, #537, #14 ) ) ;
#341 = EDGE_LOOP ( 'NONE', ( #323, #1031, #833, #1201, #2753, #2723, #1879, #1505, #2712, #2628, #1722, #1210 ) ) ;
#342 = LINE ( 'NONE', #3941, #2826 ) ;
#343 = ADVANCED_FACE ( 'NONE', ( #3124 ), #285, .F. ) ;
#344 = DIRECTION ( 'NONE',  ( -0.000000000000000000, -0.000000000000000000, -1.000000000000000000 ) ) ;
#345 = CIRCLE ( 'NONE', #414, 0.2960652225352670142 ) ;
#346 = CARTESIAN_POINT ( 'NONE',  ( -2.656065222535267445, 0.3198140980962017044, 1.690000000000000169 ) ) ;
#347 = VERTEX_POINT ( 'NONE', #250 ) ;
#348 = LINE ( 'NONE', #1318, #650 ) ;
#349 =( NAMED_UNIT ( * ) PLANE_ANGLE_UNIT ( ) SI_UNIT ( $, .RADIAN. ) );
#350 = CARTESIAN_POINT ( 'NONE',  ( 3.000000000000000000, 0.2094884505545331899, -0.4199999999999998179 ) ) ;
#351 = ORIENTED_EDGE ( 'NONE', *, *, #3153, .T. ) ;
#352 = FACE_OUTER_BOUND ( 'NONE', #3974, .T. ) ;
#353 =( NAMED_UNIT ( * ) PLANE_ANGLE_UNIT ( ) SI_UNIT ( $, .RADIAN. ) );
#354 = ORIENTED_EDGE ( 'NONE', *, *, #1606, .F. ) ;
#355 = CARTESIAN_POINT ( 'NONE',  ( -2.273934777464703405, 0.7339347774647182465, 0.8500000000000003109 ) ) ;
#356 = ORIENTED_EDGE ( 'NONE', *, *, #3330, .F. ) ;
#357 = ORIENTED_EDGE ( 'NONE', *, *, #365, .F. ) ;
#358 = VERTEX_POINT ( 'NONE', #2152 ) ;
#359 = CARTESIAN_POINT ( 'NONE',  ( -2.656065222535267445, 0.3198140980962017044, 2.120000000000000551 ) ) ;
#360 = DIRECTION ( 'NONE',  ( -0.000000000000000000, -0.000000000000000000, -1.000000000000000000 ) ) ;
#361 = EDGE_CURVE ( 'NONE', #1601, #3294, #4071, .T. ) ;
#362 = AXIS2_PLACEMENT_3D ( 'NONE', #2063, #3319, #1773 ) ;
#363 = AXIS2_PLACEMENT_3D ( 'NONE', #3794, #3595, #980 ) ;
#364 = EDGE_CURVE ( 'NONE', #277, #426, #889, .T. ) ;
#365 = EDGE_CURVE ( 'NONE', #3965, #2651, #897, .T. ) ;
#366 = PLANE ( 'NONE',  #1462 ) ;
#367 = AXIS2_PLACEMENT_3D ( 'NONE', #634, #2811, #1236 ) ;
#368 = VECTOR ( 'NONE', #2718, 1000.000000000000000 ) ;
#369 = EDGE_CURVE ( 'NONE', #1340, #4016, #1880, .T. ) ;
#370 = LINE ( 'NONE', #1650, #3278 ) ;
#371 = AXIS2_PLACEMENT_3D ( 'NONE', #2805, #4065, #226 ) ;
#372 = FACE_OUTER_BOUND ( 'NONE', #49, .T. ) ;
#373 = CARTESIAN_POINT ( 'NONE',  ( 2.650061616099202322, 0.2339585261173780240, 2.120000000000000551 ) ) ;
#374 = CARTESIAN_POINT ( 'NONE',  ( 2.569999999999970530, 0.7339347774647182465, -1.689999999999999947 ) ) ;
#375 = AXIS2_PLACEMENT_3D ( 'NONE', #2926, #3900, #2341 ) ;
#376 = VECTOR ( 'NONE', #871, 1000.000000000000000 ) ;
#377 = ORIENTED_EDGE ( 'NONE', *, *, #626, .T. ) ;
#378 = CARTESIAN_POINT ( 'NONE',  ( -1.150000000000000355, 1.700000000000000178, -2.125000000000001776 ) ) ;
#379 = LINE ( 'NONE', #1384, #1883 ) ;
#380 = EDGE_LOOP ( 'NONE', ( #4058, #549, #4057, #2202 ) ) ;
#381 = VERTEX_POINT ( 'NONE', #533 ) ;
#382 = ORIENTED_EDGE ( 'NONE', *, *, #40, .T. ) ;
#383 = DIRECTION ( 'NONE',  ( 1.000000000000000000, 1.047233066591874073E-15, -0.000000000000000000 ) ) ;
#384 = LINE ( 'NONE', #2917, #1572 ) ;
#385 = LINE ( 'NONE', #726, #198 ) ;
#386 = VECTOR ( 'NONE', #3959, 1000.000000000000000 ) ;
#387 = DIRECTION ( 'NONE',  ( 1.000000000000000000, 1.047233066591874073E-15, -0.000000000000000000 ) ) ;
#388 = EDGE_CURVE ( 'NONE', #1940, #3088, #2469, .T. ) ;
#389 = EDGE_CURVE ( 'NONE', #481, #3719, #3137, .T. ) ;
#390 = CARTESIAN_POINT ( 'NONE',  ( 2.650061616099202322, 0.2339585261173780240, -2.120000000000000107 ) ) ;
#391 = CYLINDRICAL_SURFACE ( 'NONE', #688, 0.08606522253529680366 ) ;
#392 = CARTESIAN_POINT ( 'NONE',  ( 2.273934777464703405, 0.7339347774647182465, -0.4199999999999998179 ) ) ;
#393 = FACE_OUTER_BOUND ( 'NONE', #1867, .T. ) ;
#394 = LINE ( 'NONE', #3230, #1332 ) ;
#395 = DIRECTION ( 'NONE',  ( 1.047233066591874073E-15, 1.000000000000000000, 0.000000000000000000 ) ) ;
#396 = DIRECTION ( 'NONE',  ( 1.000000000000000000, 0.000000000000000000, 0.000000000000000000 ) ) ;
#397 = LINE ( 'NONE', #87, #3521 ) ;
#398 = DIRECTION ( 'NONE',  ( 0.000000000000000000, 0.000000000000000000, 1.000000000000000000 ) ) ;
#399 = VERTEX_POINT ( 'NONE', #1238 ) ;
#400 = DIRECTION ( 'NONE',  ( 0.000000000000000000, 0.000000000000000000, 1.000000000000000000 ) ) ;
#401 = PRESENTATION_STYLE_ASSIGNMENT (( #3237 ) ) ;
#402 = EDGE_LOOP ( 'NONE', ( #2636, #2129, #2187, #2721 ) ) ;
#403 = ORIENTED_EDGE ( 'NONE', *, *, #1725, .F. ) ;
#404 = PLANE ( 'NONE',  #2503 ) ;
#405 = ORIENTED_EDGE ( 'NONE', *, *, #3663, .T. ) ;
#406 = CARTESIAN_POINT ( 'NONE',  ( 2.360000000000000320, 0.7339347774647182465, 1.690000000000000169 ) ) ;
#407 = DIRECTION ( 'NONE',  ( 0.000000000000000000, 0.000000000000000000, 1.000000000000000000 ) ) ;
#408 = CYLINDRICAL_SURFACE ( 'NONE', #1062, 0.08606522253529635957 ) ;
#409 = CARTESIAN_POINT ( 'NONE',  ( 1.950000000000000400, 1.029999999999985816, -0.4199999999999998179 ) ) ;
#410 = DIRECTION ( 'NONE',  ( -0.000000000000000000, -0.000000000000000000, -1.000000000000000000 ) ) ;
#411 = ORIENTED_EDGE ( 'NONE', *, *, #1741, .T. ) ;
#412 = CARTESIAN_POINT ( 'NONE',  ( 3.000000000000000000, 0.2094884505545331899, -0.4199999999999998179 ) ) ;
#413 = PLANE ( 'NONE',  #3716 ) ;
#414 = AXIS2_PLACEMENT_3D ( 'NONE', #1716, #2302, #1943 ) ;
#415 = LINE ( 'NONE', #2925, #3621 ) ;
#416 = CARTESIAN_POINT ( 'NONE',  ( 2.569999999999970974, 0.3198140980962019264, 2.120000000000000551 ) ) ;
#417 = EDGE_CURVE ( 'NONE', #2325, #1409, #1198, .T. ) ;
#418 = VECTOR ( 'NONE', #395, 1000.000000000000000 ) ;
#419 = VERTEX_POINT ( 'NONE', #3720 ) ;
#420 = DIRECTION ( 'NONE',  ( 0.000000000000000000, 1.000000000000000000, 0.000000000000000000 ) ) ;
#421 = ADVANCED_FACE ( 'NONE', ( #2176 ), #1577, .F. ) ;
#422 = DIRECTION ( 'NONE',  ( -0.000000000000000000, -0.000000000000000000, -1.000000000000000000 ) ) ;
#423 = VERTEX_POINT ( 'NONE', #294 ) ;
#424 = ORIENTED_EDGE ( 'NONE', *, *, #1623, .T. ) ;
#425 = DIRECTION ( 'NONE',  ( -0.06975647374411790558, 0.9975640502598247528, 0.000000000000000000 ) ) ;
#426 = VERTEX_POINT ( 'NONE', #1153 ) ;
#427 = ORIENTED_EDGE ( 'NONE', *, *, #2542, .F. ) ;
#428 = CARTESIAN_POINT ( 'NONE',  ( -2.273934777464703405, 0.8200000000000149392, -1.689999999999999947 ) ) ;
#429 = ORIENTED_EDGE ( 'NONE', *, *, #2542, .T. ) ;
#430 = AXIS2_PLACEMENT_3D ( 'NONE', #1912, #3164, #3833 ) ;
#431 = CARTESIAN_POINT ( 'NONE',  ( -2.273934777464703405, 0.7339347774647182465, 2.120000000000000551 ) ) ;
#432 =( NAMED_UNIT ( * ) SI_UNIT ( $, .STERADIAN. ) SOLID_ANGLE_UNIT ( ) );
#433 = VECTOR ( 'NONE', #1377, 1000.000000000000000 ) ;
#434 = CIRCLE ( 'NONE', #1170, 0.08606522253529635957 ) ;
#435 = ORIENTED_EDGE ( 'NONE', *, *, #1069, .T. ) ;
#436 = CARTESIAN_POINT ( 'NONE',  ( -1.950000000000000400, 0.8200000000000151612, -1.689999999999999947 ) ) ;
#437 = DIRECTION ( 'NONE',  ( -0.000000000000000000, -0.000000000000000000, -1.000000000000000000 ) ) ;
#438 = AXIS2_PLACEMENT_3D ( 'NONE', #1694, #2947, #2297 ) ;
#439 = DIRECTION ( 'NONE',  ( -1.000000000000000000, 0.000000000000000000, 0.000000000000000000 ) ) ;
#440 = CARTESIAN_POINT ( 'NONE',  ( -1.767738509381682865, 2.119151720645401582, 2.267738509381681311 ) ) ;
#441 = VERTEX_POINT ( 'NONE', #2836 ) ;
#442 = EDGE_CURVE ( 'NONE', #3886, #3459, #3053, .T. ) ;
#443 = DIRECTION ( 'NONE',  ( 0.000000000000000000, 0.000000000000000000, 1.000000000000000000 ) ) ;
#444 = EDGE_CURVE ( 'NONE', #2464, #1173, #3674, .T. ) ;
#445 = ORIENTED_EDGE ( 'NONE', *, *, #1673, .F. ) ;
#446 = DIRECTION ( 'NONE',  ( -0.9975640502598247528, -0.06975647374411790558, 0.000000000000000000 ) ) ;
#447 = ADVANCED_FACE ( 'NONE', ( #4006 ), #3766, .T. ) ;
#448 = ORIENTED_EDGE ( 'NONE', *, *, #754, .T. ) ;
#449 = VECTOR ( 'NONE', #667, 1000.000000000000000 ) ;
#450 = CARTESIAN_POINT ( 'NONE',  ( -1.950000000000000400, 1.029999999999985816, 0.8500000000000003109 ) ) ;
#451 = ADVANCED_FACE ( 'NONE', ( #3702 ), #868, .F. ) ;
#452 = FACE_OUTER_BOUND ( 'NONE', #3865, .T. ) ;
#453 = DIRECTION ( 'NONE',  ( -0.9975640502598246417, -0.06975647374411909907, 0.000000000000000000 ) ) ;
#454 = ORIENTED_EDGE ( 'NONE', *, *, #676, .T. ) ;
#455 = CARTESIAN_POINT ( 'NONE',  ( 2.273934777464703405, 0.7339347774647182465, -1.689999999999999947 ) ) ;
#456 = AXIS2_PLACEMENT_3D ( 'NONE', #3297, #457, #624 ) ;
#457 = DIRECTION ( 'NONE',  ( -0.000000000000000000, -0.000000000000000000, -1.000000000000000000 ) ) ;
#458 = DIRECTION ( 'NONE',  ( 0.000000000000000000, 0.000000000000000000, 1.000000000000000000 ) ) ;
#459 = CARTESIAN_POINT ( 'NONE',  ( -2.273934777464703405, 0.8200000000000149392, -0.8499999999999998668 ) ) ;
#460 = VECTOR ( 'NONE', #2251, 1000.000000000000227 ) ;
#461 = CARTESIAN_POINT ( 'NONE',  ( -2.656065222535267445, 0.3198140980962017044, 2.120000000000000551 ) ) ;
#462 = CARTESIAN_POINT ( 'NONE',  ( -1.950000000000000400, 0.8200000000000151612, 0.8500000000000003109 ) ) ;
#463 = EDGE_LOOP ( 'NONE', ( #2897, #2798, #492, #2161 ) ) ;
#464 = ORIENTED_EDGE ( 'NONE', *, *, #3515, .T. ) ;
#465 = DIRECTION ( 'NONE',  ( 6.693953523428912899E-16, -1.000000000000000000, 0.000000000000000000 ) ) ;
#466 = ORIENTED_EDGE ( 'NONE', *, *, #3006, .F. ) ;
#467 = ORIENTED_EDGE ( 'NONE', *, *, #3797, .F. ) ;
#468 = AXIS2_PLACEMENT_3D ( 'NONE', #2813, #316, #1598 ) ;
#469 = ORIENTED_EDGE ( 'NONE', *, *, #3128, .F. ) ;
#470 = CARTESIAN_POINT ( 'NONE',  ( -2.273934777464703405, 1.029999999999985594, 1.690000000000000169 ) ) ;
#471 = ORIENTED_EDGE ( 'NONE', *, *, #3128, .T. ) ;
#472 = EDGE_CURVE ( 'NONE', #1801, #514, #275, .T. ) ;
#473 = DIRECTION ( 'NONE',  ( -0.9975640502598246417, -0.06975647374411909907, 0.000000000000000000 ) ) ;
#474 = CARTESIAN_POINT ( 'NONE',  ( 1.950000000000000400, 0.8200000000000151612, 0.8500000000000003109 ) ) ;
#475 = CARTESIAN_POINT ( 'NONE',  ( 2.569999999999970974, 0.3198140980962019264, -1.689999999999999947 ) ) ;
#476 = ORIENTED_EDGE ( 'NONE', *, *, #3056, .F. ) ;
#477 = DIRECTION ( 'NONE',  ( 1.000000000000000000, 0.000000000000000000, 0.000000000000000000 ) ) ;
#478 = DIRECTION ( 'NONE',  ( 0.06975647374411889090, -0.9975640502598246417, 0.000000000000000000 ) ) ;
#479 = FACE_OUTER_BOUND ( 'NONE', #2577, .T. ) ;
#480 = DIRECTION ( 'NONE',  ( 0.9975640502598247528, -0.06975647374411911295, 0.000000000000000000 ) ) ;
#481 = VERTEX_POINT ( 'NONE', #3210 ) ;
#482 = AXIS2_PLACEMENT_3D ( 'NONE', #2026, #1322, #1659 ) ;
#483 = FILL_AREA_STYLE ('',( #3701 ) ) ;
#484 = ORIENTED_EDGE ( 'NONE', *, *, #526, .T. ) ;
#485 = DIRECTION ( 'NONE',  ( -0.000000000000000000, -0.000000000000000000, -1.000000000000000000 ) ) ;
#486 = VECTOR ( 'NONE', #3731, 1000.000000000000227 ) ;
#487 = CARTESIAN_POINT ( 'NONE',  ( -2.569999999999970530, 0.7339347774647182465, -1.689999999999999947 ) ) ;
#488 = VERTEX_POINT ( 'NONE', #3527 ) ;
#489 = EDGE_LOOP ( 'NONE', ( #1359, #1816, #1261, #2429 ) ) ;
#490 = FACE_OUTER_BOUND ( 'NONE', #956, .T. ) ;
#491 = CARTESIAN_POINT ( 'NONE',  ( -2.359999999999999876, 0.7339347774647182465, -1.689999999999999947 ) ) ;
#492 = ORIENTED_EDGE ( 'NONE', *, *, #3916, .F. ) ;
#493 = EDGE_CURVE ( 'NONE', #575, #2518, #2924, .T. ) ;
#494 = CARTESIAN_POINT ( 'NONE',  ( 2.656065222535267445, 0.3198140980962017044, -2.120000000000000107 ) ) ;
#495 = CARTESIAN_POINT ( 'NONE',  ( -2.360000000000000320, 0.3198140980962017044, -0.8499999999999998668 ) ) ;
#496 = EDGE_CURVE ( 'NONE', #1717, #2744, #714, .T. ) ;
#497 = EDGE_CURVE ( 'NONE', #3552, #614, #1732, .T. ) ;
#498 = FACE_OUTER_BOUND ( 'NONE', #3901, .T. ) ;
#499 = EDGE_CURVE ( 'NONE', #2833, #2391, #83, .T. ) ;
#500 = ADVANCED_FACE ( 'NONE', ( #2620 ), #413, .F. ) ;
#501 = CARTESIAN_POINT ( 'NONE',  ( 0.000000000000000000, 0.000000000000000000, 0.000000000000000000 ) ) ;
#502 = VECTOR ( 'NONE', #1848, 1000.000000000000000 ) ;
#503 = CARTESIAN_POINT ( 'NONE',  ( 2.273934777464703405, 0.8200000000000151612, -0.8499999999999998668 ) ) ;
#504 = VECTOR ( 'NONE', #1270, 1000.000000000000114 ) ;
#505 = CIRCLE ( 'NONE', #1764, 0.08606522253529635957 ) ;
#506 = VERTEX_POINT ( 'NONE', #459 ) ;
#507 = ADVANCED_FACE ( 'NONE', ( #2019 ), #2987, .F. ) ;
#508 = FACE_OUTER_BOUND ( 'NONE', #1147, .T. ) ;
#509 = ORIENTED_EDGE ( 'NONE', *, *, #268, .F. ) ;
#510 = COLOUR_RGB ( '',1.000000000000000000, 1.000000000000000000, 1.000000000000000000 ) ;
#511 = CARTESIAN_POINT ( 'NONE',  ( -2.273934777464703405, 0.7339347774647182465, -2.120000000000000107 ) ) ;
#512 = ORIENTED_EDGE ( 'NONE', *, *, #327, .T. ) ;
#513 = DIRECTION ( 'NONE',  ( 1.000000000000000000, 0.000000000000000000, 0.000000000000000000 ) ) ;
#514 = VERTEX_POINT ( 'NONE', #3252 ) ;
#515 = VECTOR ( 'NONE', #925, 1000.000000000000000 ) ;
#516 = LINE ( 'NONE', #3656, #3358 ) ;
#517 = ORIENTED_EDGE ( 'NONE', *, *, #1771, .T. ) ;
#518 = ORIENTED_EDGE ( 'NONE', *, *, #803, .T. ) ;
#519 = VECTOR ( 'NONE', #3219, 1000.000000000000000 ) ;
#520 = DIRECTION ( 'NONE',  ( -0.000000000000000000, -0.000000000000000000, -1.000000000000000000 ) ) ;
#521 = VERTEX_POINT ( 'NONE', #3855 ) ;
#522 = CARTESIAN_POINT ( 'NONE',  ( -2.273934777464703405, 1.029999999999985594, -1.689999999999999947 ) ) ;
#523 = CARTESIAN_POINT ( 'NONE',  ( -2.359999999999999876, 0.7339347774647182465, -0.4199999999999998179 ) ) ;
#524 = FACE_OUTER_BOUND ( 'NONE', #2346, .T. ) ;
#525 = SURFACE_SIDE_STYLE ('',( #3936 ) ) ;
#526 = EDGE_CURVE ( 'NONE', #1961, #3603, #1024, .T. ) ;
#527 = DIRECTION ( 'NONE',  ( -1.000000000000000000, 0.000000000000000000, 0.000000000000000000 ) ) ;
#528 = ORIENTED_EDGE ( 'NONE', *, *, #3057, .F. ) ;
#529 = CARTESIAN_POINT ( 'NONE',  ( 2.650061616099202322, 0.2339585261173780240, -0.4199999999999998179 ) ) ;
#530 = ORIENTED_EDGE ( 'NONE', *, *, #2903, .T. ) ;
#531 = VECTOR ( 'NONE', #3312, 999.9999999999998863 ) ;
#532 = CARTESIAN_POINT ( 'NONE',  ( -1.950000000000000400, 1.029999999999985816, 1.690000000000000169 ) ) ;
#533 = CARTESIAN_POINT ( 'NONE',  ( 2.273934777464703405, 1.029999999999985372, -2.120000000000000107 ) ) ;
#534 = ORIENTED_EDGE ( 'NONE', *, *, #1138, .F. ) ;
#535 = DIRECTION ( 'NONE',  ( -0.000000000000000000, -0.000000000000000000, -1.000000000000000000 ) ) ;
#536 = CARTESIAN_POINT ( 'NONE',  ( 2.635412756612939500, 0.02447007556284402918, 0.4200000000000002620 ) ) ;
#537 = ORIENTED_EDGE ( 'NONE', *, *, #3491, .F. ) ;
#538 = CLOSED_SHELL ( 'NONE', ( #1968, #3771, #3891, #1360, #2707, #3988, #1798, #2022, #2280, #3384, #941, #64, #500, #3127 ) ) ;
#539 = ORIENTED_EDGE ( 'NONE', *, *, #548, .F. ) ;
#540 = CARTESIAN_POINT ( 'NONE',  ( 2.656065222535267445, 0.3198140980962017044, 0.4200000000000002620 ) ) ;
#541 = VECTOR ( 'NONE', #63, 1000.000000000000000 ) ;
#542 = CARTESIAN_POINT ( 'NONE',  ( -2.569999999999970530, 0.7339347774647182465, 1.690000000000000169 ) ) ;
#543 = CARTESIAN_POINT ( 'NONE',  ( -1.890593373776094710, 1.385000000000003562, 2.390593373776093156 ) ) ;
#544 = DIRECTION ( 'NONE',  ( 1.000000000000000000, 0.000000000000000000, 0.000000000000000000 ) ) ;
#545 = VERTEX_POINT ( 'NONE', #2908 ) ;
#546 = ADVANCED_FACE ( 'NONE', ( #60 ), #3546, .F. ) ;
#547 = DIRECTION ( 'NONE',  ( -0.000000000000000000, -0.000000000000000000, -1.000000000000000000 ) ) ;
#548 = EDGE_CURVE ( 'NONE', #3005, #2325, #2587, .T. ) ;
#549 = ORIENTED_EDGE ( 'NONE', *, *, #1495, .F. ) ;
#550 = CARTESIAN_POINT ( 'NONE',  ( -2.656065222535267445, 0.3198140980962017044, 0.8500000000000003109 ) ) ;
#551 = EDGE_CURVE ( 'NONE', #2373, #125, #3838, .T. ) ;
#552 = EDGE_CURVE ( 'NONE', #3161, #999, #271, .T. ) ;
#553 = EDGE_CURVE ( 'NONE', #661, #750, #2042, .T. ) ;
#554 = VECTOR ( 'NONE', #2617, 1000.000000000000000 ) ;
#555 = DIRECTION ( 'NONE',  ( -0.9975640502598246417, 0.06975647374411909907, -0.000000000000000000 ) ) ;
#556 = ORIENTED_EDGE ( 'NONE', *, *, #2815, .T. ) ;
#557 = ORIENTED_EDGE ( 'NONE', *, *, #3107, .T. ) ;
#558 = ORIENTED_EDGE ( 'NONE', *, *, #1418, .T. ) ;
#559 = CARTESIAN_POINT ( 'NONE',  ( -2.359999999999999876, 0.7339347774647182465, -0.4199999999999998179 ) ) ;
#560 = PLANE ( 'NONE',  #3542 ) ;
#561 = DIRECTION ( 'NONE',  ( 1.000000000000000000, 6.693953523428912899E-16, 0.000000000000000000 ) ) ;
#562 = LINE ( 'NONE', #4085, #90 ) ;
#563 = CARTESIAN_POINT ( 'NONE',  ( -2.359999999999999876, 0.7339347774647182465, 1.690000000000000169 ) ) ;
#564 = CARTESIAN_POINT ( 'NONE',  ( 2.985351140513737178, -3.890381395410000956E-16, 2.120000000000000551 ) ) ;
#565 = VERTEX_POINT ( 'NONE', #1027 ) ;
#566 = CARTESIAN_POINT ( 'NONE',  ( -2.569999999999970974, 0.3198140980962019264, 2.120000000000000551 ) ) ;
#567 = VERTEX_POINT ( 'NONE', #378 ) ;
#568 = DIRECTION ( 'NONE',  ( -1.000000000000000000, 0.000000000000000000, 0.000000000000000000 ) ) ;
#569 = DIRECTION ( 'NONE',  ( -1.000000000000000000, 0.000000000000000000, 0.000000000000000000 ) ) ;
#570 = VECTOR ( 'NONE', #853, 1000.000000000000114 ) ;
#571 = LINE ( 'NONE', #2554, #1140 ) ;
#572 = CIRCLE ( 'NONE', #2098, 0.2960652225352670142 ) ;
#573 = DIRECTION ( 'NONE',  ( 0.000000000000000000, 0.000000000000000000, 1.000000000000000000 ) ) ;
#574 = ADVANCED_FACE ( 'NONE', ( #1658 ), #778, .F. ) ;
#575 = VERTEX_POINT ( 'NONE', #2300 ) ;
#576 = CIRCLE ( 'NONE', #1644, 0.1749999999999998224 ) ;
#577 = ADVANCED_FACE ( 'NONE', ( #2688 ), #1114, .F. ) ;
#578 = EDGE_CURVE ( 'NONE', #746, #3012, #3046, .T. ) ;
#579 = DIRECTION ( 'NONE',  ( -0.000000000000000000, -0.000000000000000000, -1.000000000000000000 ) ) ;
#580 = ORIENTED_EDGE ( 'NONE', *, *, #199, .T. ) ;
#581 = ORIENTED_EDGE ( 'NONE', *, *, #1294, .F. ) ;
#582 = STYLED_ITEM ( 'NONE', ( #2214 ), #1522 ) ;
#583 = VERTEX_POINT ( 'NONE', #1357 ) ;
#584 = CARTESIAN_POINT ( 'NONE',  ( 2.569999999999970530, 0.7339347774647182465, -0.8499999999999998668 ) ) ;
#585 = PRESENTATION_LAYER_ASSIGNMENT (  '', '', ( #1115 ) ) ;
#586 = DIRECTION ( 'NONE',  ( 0.000000000000000000, 0.000000000000000000, 1.000000000000000000 ) ) ;
#587 = DIRECTION ( 'NONE',  ( -0.000000000000000000, -0.000000000000000000, -1.000000000000000000 ) ) ;
#588 = DIRECTION ( 'NONE',  ( -2.094466133183748935E-15, 1.000000000000000000, -0.000000000000000000 ) ) ;
#589 = DIRECTION ( 'NONE',  ( 0.000000000000000000, 0.000000000000000000, 1.000000000000000000 ) ) ;
#590 = DIRECTION ( 'NONE',  ( -0.000000000000000000, -0.000000000000000000, -1.000000000000000000 ) ) ;
#591 = LINE ( 'NONE', #3508, #433 ) ;
#592 = EDGE_LOOP ( 'NONE', ( #377, #3345, #1121, #4036 ) ) ;
#593 = DIRECTION ( 'NONE',  ( -0.000000000000000000, -0.000000000000000000, -1.000000000000000000 ) ) ;
#594 = DIRECTION ( 'NONE',  ( -1.000000000000000000, 0.000000000000000000, 0.000000000000000000 ) ) ;
#595 = DIRECTION ( 'NONE',  ( -2.094466133183748935E-15, 1.000000000000000000, -0.000000000000000000 ) ) ;
#596 = DIRECTION ( 'NONE',  ( 0.000000000000000000, 0.000000000000000000, 1.000000000000000000 ) ) ;
#597 = MECHANICAL_DESIGN_GEOMETRIC_PRESENTATION_REPRESENTATION (  '', ( #2322 ), #3037 ) ;
#598 = DIRECTION ( 'NONE',  ( -0.9975640502598246417, -0.06975647374411909907, 0.000000000000000000 ) ) ;
#599 = ORIENTED_EDGE ( 'NONE', *, *, #3691, .F. ) ;
#600 = EDGE_LOOP ( 'NONE', ( #2427, #3633, #1920, #2898 ) ) ;
#601 = ORIENTED_EDGE ( 'NONE', *, *, #2432, .T. ) ;
#602 = DIRECTION ( 'NONE',  ( -1.000000000000000000, 0.000000000000000000, 0.000000000000000000 ) ) ;
#603 = UNCERTAINTY_MEASURE_WITH_UNIT (LENGTH_MEASURE( 1.000000000000000082E-05 ), #3915, 'distance_accuracy_value', 'NONE');
#604 = LINE ( 'NONE', #3104, #234 ) ;
#605 = LINE ( 'NONE', #1873, #1751 ) ;
#606 = DIRECTION ( 'NONE',  ( -1.000000000000000000, 0.000000000000000000, 0.000000000000000000 ) ) ;
#607 = EDGE_CURVE ( 'NONE', #1535, #1141, #1051, .T. ) ;
#608 = CARTESIAN_POINT ( 'NONE',  ( 1.829513321461377462, 1.750000000000000000, -2.329513321461379682 ) ) ;
#609 = VECTOR ( 'NONE', #3897, 1000.000000000000000 ) ;
#610 = CARTESIAN_POINT ( 'NONE',  ( 3.000000000000000000, 0.2094884505545331899, 0.8500000000000003109 ) ) ;
#611 = ORIENTED_EDGE ( 'NONE', *, *, #1218, .F. ) ;
#612 = PRESENTATION_STYLE_ASSIGNMENT (( #3136 ) ) ;
#613 = CARTESIAN_POINT ( 'NONE',  ( 2.360000000000000320, 0.7339347774647182465, -1.689999999999999947 ) ) ;
#614 = VERTEX_POINT ( 'NONE', #2624 ) ;
#615 = LINE ( 'NONE', #2178, #1310 ) ;
#616 = FACE_OUTER_BOUND ( 'NONE', #1738, .T. ) ;
#617 = ORIENTED_EDGE ( 'NONE', *, *, #3002, .T. ) ;
#618 = ORIENTED_EDGE ( 'NONE', *, *, #3464, .T. ) ;
#619 = ORIENTED_EDGE ( 'NONE', *, *, #2385, .F. ) ;
#620 = DIRECTION ( 'NONE',  ( 0.000000000000000000, 0.000000000000000000, 1.000000000000000000 ) ) ;
#621 = CIRCLE ( 'NONE', #482, 0.2960652225352674027 ) ;
#622 = LINE ( 'NONE', #1541, #1102 ) ;
#623 = AXIS2_PLACEMENT_3D ( 'NONE', #1567, #1256, #2523 ) ;
#624 = DIRECTION ( 'NONE',  ( -1.000000000000000000, 0.000000000000000000, 0.000000000000000000 ) ) ;
#625 = CARTESIAN_POINT ( 'NONE',  ( 2.656065222535267445, 0.3198140980962017044, -0.8499999999999998668 ) ) ;
#626 = EDGE_CURVE ( 'NONE', #3411, #2373, #1383, .T. ) ;
#627 = ADVANCED_FACE ( 'NONE', ( #1074 ), #3592, .F. ) ;
#628 = ADVANCED_FACE ( 'NONE', ( #3051 ), #230, .T. ) ;
#629 = PLANE ( 'NONE',  #2440 ) ;
#630 = LINE ( 'NONE', #1570, #2986 ) ;
#631 = EDGE_CURVE ( 'NONE', #2088, #3026, #2713, .T. ) ;
#632 = CARTESIAN_POINT ( 'NONE',  ( -2.273934777464703405, 0.7339347774647182465, -0.4199999999999998179 ) ) ;
#633 = ORIENTED_EDGE ( 'NONE', *, *, #315, .T. ) ;
#634 = CARTESIAN_POINT ( 'NONE',  ( 2.273934777464703405, 0.7339347774647182465, 0.8500000000000003109 ) ) ;
#635 = SURFACE_STYLE_FILL_AREA ( #2260 ) ;
#636 = EDGE_CURVE ( 'NONE', #712, #358, #1508, .T. ) ;
#637 = AXIS2_PLACEMENT_3D ( 'NONE', #3995, #3102, #2224 ) ;
#638 = DIRECTION ( 'NONE',  ( 0.000000000000000000, -0.1650476058606746566, 0.9862856015372318819 ) ) ;
#639 = ORIENTED_EDGE ( 'NONE', *, *, #1970, .F. ) ;
#640 = ORIENTED_EDGE ( 'NONE', *, *, #2784, .F. ) ;
#641 = ORIENTED_EDGE ( 'NONE', *, *, #193, .T. ) ;
#642 = VECTOR ( 'NONE', #4048, 999.9999999999998863 ) ;
#643 = AXIS2_PLACEMENT_3D ( 'NONE', #165, #2984, #2679 ) ;
#644 = DIRECTION ( 'NONE',  ( -0.000000000000000000, -0.000000000000000000, -1.000000000000000000 ) ) ;
#645 = DIRECTION ( 'NONE',  ( -1.000000000000000000, 0.000000000000000000, 0.000000000000000000 ) ) ;
#646 = CIRCLE ( 'NONE', #2510, 0.1749999999999998224 ) ;
#647 = DIRECTION ( 'NONE',  ( -0.000000000000000000, 0.000000000000000000, -1.000000000000000000 ) ) ;
#648 = CARTESIAN_POINT ( 'NONE',  ( -3.000000000000000000, 0.2094884505545331899, 2.120000000000000551 ) ) ;
#649 = CARTESIAN_POINT ( 'NONE',  ( -2.985351140513737178, -3.890381395410000956E-16, -0.4199999999999998179 ) ) ;
#650 = VECTOR ( 'NONE', #2272, 1000.000000000000000 ) ;
#651 = EDGE_CURVE ( 'NONE', #299, #1158, #2197, .T. ) ;
#652 = DIRECTION ( 'NONE',  ( 0.000000000000000000, 1.000000000000000000, 0.000000000000000000 ) ) ;
#653 = ORIENTED_EDGE ( 'NONE', *, *, #364, .T. ) ;
#654 = CARTESIAN_POINT ( 'NONE',  ( 2.650061616099202322, 0.2339585261173780240, -0.4199999999999998179 ) ) ;
#655 = CARTESIAN_POINT ( 'NONE',  ( -1.150000000000000355, 1.700000000000000178, -1.775000000000002354 ) ) ;
#656 = SURFACE_SIDE_STYLE ('',( #635 ) ) ;
#657 = EDGE_CURVE ( 'NONE', #3364, #1823, #8, .T. ) ;
#658 = DIRECTION ( 'NONE',  ( 0.000000000000000000, 1.000000000000000000, 0.000000000000000000 ) ) ;
#659 = ORIENTED_EDGE ( 'NONE', *, *, #2664, .T. ) ;
#660 = VERTEX_POINT ( 'NONE', #991 ) ;
#661 = VERTEX_POINT ( 'NONE', #1280 ) ;
#662 = CARTESIAN_POINT ( 'NONE',  ( -1.950000000000000400, 1.029999999999985816, -2.120000000000000107 ) ) ;
#663 = AXIS2_PLACEMENT_3D ( 'NONE', #2481, #2787, #4087 ) ;
#664 = DIRECTION ( 'NONE',  ( 1.000000000000000000, 0.000000000000000000, 0.000000000000000000 ) ) ;
#665 = CARTESIAN_POINT ( 'NONE',  ( 2.569999999999970530, 0.7339347774647182465, 2.120000000000000551 ) ) ;
#666 = DIRECTION ( 'NONE',  ( -0.000000000000000000, -0.000000000000000000, -1.000000000000000000 ) ) ;
#667 = DIRECTION ( 'NONE',  ( -0.000000000000000000, -1.000000000000000000, -0.000000000000000000 ) ) ;
#668 = DIRECTION ( 'NONE',  ( -1.000000000000000000, -2.094466133183748935E-15, 0.000000000000000000 ) ) ;
#669 = CARTESIAN_POINT ( 'NONE',  ( 2.569999999999970974, 0.3198140980962019264, -0.8499999999999998668 ) ) ;
#670 = EDGE_LOOP ( 'NONE', ( #653, #2430, #1451, #1093 ) ) ;
#671 = DIRECTION ( 'NONE',  ( 1.000000000000000000, 0.000000000000000000, 0.000000000000000000 ) ) ;
#672 = VECTOR ( 'NONE', #590, 1000.000000000000000 ) ;
#673 = PLANE ( 'NONE',  #1581 ) ;
#674 = DIRECTION ( 'NONE',  ( -2.094466133183748935E-15, 1.000000000000000000, -0.000000000000000000 ) ) ;
#675 = ORIENTED_EDGE ( 'NONE', *, *, #389, .T. ) ;
#676 = EDGE_CURVE ( 'NONE', #1633, #3552, #1803, .T. ) ;
#677 = CARTESIAN_POINT ( 'NONE',  ( -3.000000000000000000, 0.2094884505545331899, -1.689999999999999947 ) ) ;
#678 = VERTEX_POINT ( 'NONE', #3191 ) ;
#679 = EDGE_CURVE ( 'NONE', #2204, #3479, #2890, .T. ) ;
#680 = ORIENTED_EDGE ( 'NONE', *, *, #3606, .F. ) ;
#681 = VERTEX_POINT ( 'NONE', #3474 ) ;
#682 = PRODUCT_RELATED_PRODUCT_CATEGORY ( 'part', '', ( #2347 ) ) ;
#683 = EDGE_CURVE ( 'NONE', #1886, #4035, #1902, .T. ) ;
#684 = DIRECTION ( 'NONE',  ( -0.000000000000000000, -0.000000000000000000, -1.000000000000000000 ) ) ;
#685 = CARTESIAN_POINT ( 'NONE',  ( -2.656065222535267445, 0.3198140980962017044, -0.4199999999999998179 ) ) ;
#686 = AXIS2_PLACEMENT_3D ( 'NONE', #3903, #3197, #1679 ) ;
#687 = CARTESIAN_POINT ( 'NONE',  ( -2.360000000000000320, 0.3198140980962017044, 1.690000000000000169 ) ) ;
#688 = AXIS2_PLACEMENT_3D ( 'NONE', #1417, #2680, #2058 ) ;
#689 = DIRECTION ( 'NONE',  ( 0.000000000000000000, 0.000000000000000000, -1.000000000000000000 ) ) ;
#690 =( NAMED_UNIT ( * ) SI_UNIT ( $, .STERADIAN. ) SOLID_ANGLE_UNIT ( ) );
#691 = FACE_OUTER_BOUND ( 'NONE', #12, .T. ) ;
#692 = CARTESIAN_POINT ( 'NONE',  ( -2.273934777464703405, 1.029999999999985594, -0.8499999999999998668 ) ) ;
#693 = DIRECTION ( 'NONE',  ( 0.9975640502598247528, 0.06975647374411790558, 0.000000000000000000 ) ) ;
#694 = ORIENTED_EDGE ( 'NONE', *, *, #2125, .F. ) ;
#695 = CARTESIAN_POINT ( 'NONE',  ( 2.273934777464703405, 0.8200000000000151612, 2.120000000000000551 ) ) ;
#696 = ORIENTED_EDGE ( 'NONE', *, *, #1218, .T. ) ;
#697 = VERTEX_POINT ( 'NONE', #1216 ) ;
#698 = ORIENTED_EDGE ( 'NONE', *, *, #2955, .T. ) ;
#699 = ADVANCED_FACE ( 'NONE', ( #26 ), #4072, .T. ) ;
#700 = LINE ( 'NONE', #3221, #232 ) ;
#701 = ADVANCED_FACE ( 'NONE', ( #2470 ), #3096, .T. ) ;
#702 = CIRCLE ( 'NONE', #3875, 0.08606522253529635957 ) ;
#703 = VECTOR ( 'NONE', #473, 1000.000000000000227 ) ;
#704 = CARTESIAN_POINT ( 'NONE',  ( 1.950000000000000400, 1.029999999999985816, -2.120000000000000107 ) ) ;
#705 = PRESENTATION_STYLE_ASSIGNMENT (( #1629 ) ) ;
#706 = MECHANICAL_DESIGN_GEOMETRIC_PRESENTATION_REPRESENTATION (  '', ( #4015 ), #774 ) ;
#707 = AXIS2_PLACEMENT_3D ( 'NONE', #2837, #993, #278 ) ;
#708 = CARTESIAN_POINT ( 'NONE',  ( 2.273934777464703405, 0.8200000000000151612, 2.120000000000000551 ) ) ;
#709 = CARTESIAN_POINT ( 'NONE',  ( 2.273934777464703405, 1.029999999999985372, -1.689999999999999947 ) ) ;
#710 = VECTOR ( 'NONE', #3782, 1000.000000000000000 ) ;
#711 = DIRECTION ( 'NONE',  ( 0.000000000000000000, 0.000000000000000000, 1.000000000000000000 ) ) ;
#712 = VERTEX_POINT ( 'NONE', #9 ) ;
#713 = DIRECTION ( 'NONE',  ( -0.000000000000000000, -0.1650476058606746566, -0.9862856015372318819 ) ) ;
#714 = LINE ( 'NONE', #2665, #2222 ) ;
#715 = DIRECTION ( 'NONE',  ( 0.9975640502598247528, 0.06975647374411790558, 0.000000000000000000 ) ) ;
#716 = VECTOR ( 'NONE', #2117, 1000.000000000000114 ) ;
#717 = DIRECTION ( 'NONE',  ( 1.000000000000000000, -6.693953523428912899E-16, 0.000000000000000000 ) ) ;
#718 = VERTEX_POINT ( 'NONE', #3407 ) ;
#719 = SURFACE_STYLE_FILL_AREA ( #3532 ) ;
#720 = VERTEX_POINT ( 'NONE', #4052 ) ;
#721 = VERTEX_POINT ( 'NONE', #1531 ) ;
#722 = ORIENTED_EDGE ( 'NONE', *, *, #2634, .T. ) ;
#723 = CARTESIAN_POINT ( 'NONE',  ( -1.950000000000000400, 1.029999999999985816, -0.4199999999999998179 ) ) ;
#724 = FACE_OUTER_BOUND ( 'NONE', #2486, .T. ) ;
#725 = VECTOR ( 'NONE', #2804, 1000.000000000000000 ) ;
#726 = CARTESIAN_POINT ( 'NONE',  ( 1.949999999999999512, 1.750000000000000000, 2.329513321461377018 ) ) ;
#727 = VECTOR ( 'NONE', #52, 1000.000000000000114 ) ;
#728 = CARTESIAN_POINT ( 'NONE',  ( 1.950000000000000400, 0.8200000000000151612, 0.8500000000000003109 ) ) ;
#729 = EDGE_CURVE ( 'NONE', #4016, #3747, #571, .T. ) ;
#730 = LINE ( 'NONE', #2017, #1128 ) ;
#731 = VERTEX_POINT ( 'NONE', #256 ) ;
#732 = EDGE_CURVE ( 'NONE', #3600, #757, #969, .T. ) ;
#733 = CARTESIAN_POINT ( 'NONE',  ( -1.890593373776094710, 1.385000000000003784, -2.390593373776095820 ) ) ;
#734 = DIRECTION ( 'NONE',  ( -0.000000000000000000, -0.000000000000000000, -1.000000000000000000 ) ) ;
#735 = CARTESIAN_POINT ( 'NONE',  ( 3.000000000000000000, 0.2094884505545331899, 0.8500000000000003109 ) ) ;
#736 = AXIS2_PLACEMENT_3D ( 'NONE', #1693, #108, #1378 ) ;
#737 = ORIENTED_EDGE ( 'NONE', *, *, #2353, .T. ) ;
#738 = CIRCLE ( 'NONE', #67, 0.2960652225352670142 ) ;
#739 =( NAMED_UNIT ( * ) PLANE_ANGLE_UNIT ( ) SI_UNIT ( $, .RADIAN. ) );
#740 = VERTEX_POINT ( 'NONE', #1839 ) ;
#741 = EDGE_LOOP ( 'NONE', ( #2594, #639, #1822, #976 ) ) ;
#742 = LINE ( 'NONE', #2562, #171 ) ;
#743 = ORIENTED_EDGE ( 'NONE', *, *, #1675, .F. ) ;
#744 = FACE_OUTER_BOUND ( 'NONE', #2284, .T. ) ;
#745 = LINE ( 'NONE', #3873, #2852 ) ;
#746 = VERTEX_POINT ( 'NONE', #655 ) ;
#747 = DIRECTION ( 'NONE',  ( -1.000000000000000000, 0.000000000000000000, 0.000000000000000000 ) ) ;
#748 = EDGE_CURVE ( 'NONE', #1946, #697, #1240, .T. ) ;
#749 = DIRECTION ( 'NONE',  ( 1.000000000000000000, 0.000000000000000000, -0.000000000000000000 ) ) ;
#750 = VERTEX_POINT ( 'NONE', #692 ) ;
#751 = EDGE_CURVE ( 'NONE', #3351, #4101, #2276, .T. ) ;
#752 = EDGE_CURVE ( 'NONE', #1762, #2325, #1206, .T. ) ;
#753 = CARTESIAN_POINT ( 'NONE',  ( -2.273934777464703405, 0.7339347774647182465, -1.689999999999999947 ) ) ;
#754 = EDGE_CURVE ( 'NONE', #1946, #419, #2259, .T. ) ;
#755 = DIRECTION ( 'NONE',  ( -1.000000000000000000, 0.000000000000000000, 0.000000000000000000 ) ) ;
#756 = AXIS2_PLACEMENT_3D ( 'NONE', #1104, #855, #1165 ) ;
#757 = VERTEX_POINT ( 'NONE', #3233 ) ;
#758 = CARTESIAN_POINT ( 'NONE',  ( -2.360000000000000320, 0.3198140980962017044, -1.689999999999999947 ) ) ;
#759 = VERTEX_POINT ( 'NONE', #3883 ) ;
#760 = EDGE_CURVE ( 'NONE', #1125, #1011, #397, .T. ) ;
#761 = LINE ( 'NONE', #2050, #2626 ) ;
#762 = ORIENTED_EDGE ( 'NONE', *, *, #2757, .F. ) ;
#763 = DIRECTION ( 'NONE',  ( -0.9975640502598247528, -0.06975647374411790558, 0.000000000000000000 ) ) ;
#764 = CARTESIAN_POINT ( 'NONE',  ( -2.273934777464703405, 0.8200000000000149392, 1.690000000000000169 ) ) ;
#765 = CARTESIAN_POINT ( 'NONE',  ( -2.650061616099202322, 0.2339585261173781627, -0.4199999999999998179 ) ) ;
#766 = VERTEX_POINT ( 'NONE', #1877 ) ;
#767 = VECTOR ( 'NONE', #97, 1000.000000000000114 ) ;
#768 = AXIS2_PLACEMENT_3D ( 'NONE', #2545, #900, #2163 ) ;
#769 = CARTESIAN_POINT ( 'NONE',  ( -2.359999999999999876, 0.7339347774647182465, -0.8499999999999998668 ) ) ;
#770 = VECTOR ( 'NONE', #949, 1000.000000000000114 ) ;
#771 = CARTESIAN_POINT ( 'NONE',  ( 2.985351140513737178, -3.890381395410000956E-16, 0.8500000000000003109 ) ) ;
#772 = AXIS2_PLACEMENT_3D ( 'NONE', #3408, #1841, #3655 ) ;
#773 = DIRECTION ( 'NONE',  ( 1.047233066591874073E-15, -1.000000000000000000, -0.000000000000000000 ) ) ;
#774 =( GEOMETRIC_REPRESENTATION_CONTEXT ( 3 ) GLOBAL_UNCERTAINTY_ASSIGNED_CONTEXT ( ( #942 ) ) GLOBAL_UNIT_ASSIGNED_CONTEXT ( ( #888, #2553, #4050 ) ) REPRESENTATION_CONTEXT ( 'NONE', 'WORKASPACE' ) );
#775 = CARTESIAN_POINT ( 'NONE',  ( -2.985351140513737178, -3.890381395410000956E-16, -0.4199999999999998179 ) ) ;
#776 = CARTESIAN_POINT ( 'NONE',  ( -2.650061616099202322, 0.2339585261173781627, 0.8500000000000003109 ) ) ;
#777 = VERTEX_POINT ( 'NONE', #1857 ) ;
#778 = PLANE ( 'NONE',  #3116 ) ;
#779 = COLOUR_RGB ( '',0.7921568627450980005, 0.8196078431372548767, 0.9333333333333333481 ) ;
#780 = DIRECTION ( 'NONE',  ( 0.000000000000000000, 0.000000000000000000, 1.000000000000000000 ) ) ;
#781 = ORIENTED_EDGE ( 'NONE', *, *, #3184, .T. ) ;
#782 = DIRECTION ( 'NONE',  ( -1.000000000000000000, 0.000000000000000000, 0.000000000000000000 ) ) ;
#783 = VERTEX_POINT ( 'NONE', #3170 ) ;
#784 = EDGE_CURVE ( 'NONE', #1079, #3436, #3090, .T. ) ;
#785 = ORIENTED_EDGE ( 'NONE', *, *, #3107, .F. ) ;
#786 = ORIENTED_EDGE ( 'NONE', *, *, #1949, .T. ) ;
#787 = LINE ( 'NONE', #3268, #4022 ) ;
#788 = LINE ( 'NONE', #2390, #131 ) ;
#789 = ORIENTED_EDGE ( 'NONE', *, *, #2020, .F. ) ;
#790 = CYLINDRICAL_SURFACE ( 'NONE', #2435, 0.08606522253529680366 ) ;
#791 = FACE_OUTER_BOUND ( 'NONE', #3697, .T. ) ;
#792 = AXIS2_PLACEMENT_3D ( 'NONE', #1129, #2059, #1749 ) ;
#793 = ORIENTED_EDGE ( 'NONE', *, *, #1741, .F. ) ;
#794 = CARTESIAN_POINT ( 'NONE',  ( -2.273934777464703405, 0.8200000000000149392, -0.4199999999999998179 ) ) ;
#795 = DIRECTION ( 'NONE',  ( -0.000000000000000000, -0.000000000000000000, -1.000000000000000000 ) ) ;
#796 = PLANE ( 'NONE',  #362 ) ;
#797 = ORIENTED_EDGE ( 'NONE', *, *, #1871, .T. ) ;
#798 = VERTEX_POINT ( 'NONE', #1549 ) ;
#799 = LINE ( 'NONE', #3323, #3817 ) ;
#800 = EDGE_CURVE ( 'NONE', #2324, #3178, #3783, .T. ) ;
#801 = AXIS2_PLACEMENT_3D ( 'NONE', #3837, #713, #2642 ) ;
#802 = EDGE_CURVE ( 'NONE', #2108, #1250, #1525, .T. ) ;
#803 = EDGE_CURVE ( 'NONE', #2475, #1356, #2136, .T. ) ;
#804 = EDGE_CURVE ( 'NONE', #896, #1858, #630, .T. ) ;
#805 = DIRECTION ( 'NONE',  ( -0.000000000000000000, -0.000000000000000000, -1.000000000000000000 ) ) ;
#806 = VERTEX_POINT ( 'NONE', #3151 ) ;
#807 = VERTEX_POINT ( 'NONE', #310 ) ;
#808 = EDGE_CURVE ( 'NONE', #1507, #426, #1594, .T. ) ;
#809 = ADVANCED_FACE ( 'NONE', ( #964 ), #1277, .F. ) ;
#810 = CARTESIAN_POINT ( 'NONE',  ( 0.000000000000000000, 1.750000000000000000, 2.329513321461377018 ) ) ;
#811 = CARTESIAN_POINT ( 'NONE',  ( -1.950000000000000400, 1.750000000000000000, -2.329513321461379682 ) ) ;
#812 = ORIENTED_EDGE ( 'NONE', *, *, #578, .T. ) ;
#813 = LINE ( 'NONE', #2659, #3282 ) ;
#814 = DIRECTION ( 'NONE',  ( 0.000000000000000000, 0.000000000000000000, -1.000000000000000000 ) ) ;
#815 = DIRECTION ( 'NONE',  ( 0.000000000000000000, 0.000000000000000000, -1.000000000000000000 ) ) ;
#816 = ORIENTED_EDGE ( 'NONE', *, *, #2025, .F. ) ;
#817 = CYLINDRICAL_SURFACE ( 'NONE', #3152, 0.08606522253529680366 ) ;
#818 = ORIENTED_EDGE ( 'NONE', *, *, #2709, .F. ) ;
#819 = CARTESIAN_POINT ( 'NONE',  ( -1.950000000000000400, 1.029999999999985816, 0.4200000000000002620 ) ) ;
#820 = ORIENTED_EDGE ( 'NONE', *, *, #3029, .F. ) ;
#821 = COLOUR_RGB ( '',0.7921568627450980005, 0.8196078431372548767, 0.9333333333333333481 ) ;
#822 = ORIENTED_EDGE ( 'NONE', *, *, #1805, .T. ) ;
#823 = CARTESIAN_POINT ( 'NONE',  ( 1.950000000000000400, 1.029999999999985816, 2.120000000000000551 ) ) ;
#824 = ORIENTED_EDGE ( 'NONE', *, *, #1626, .T. ) ;
#825 = AXIS2_PLACEMENT_3D ( 'NONE', #4020, #3335, #3665 ) ;
#826 = LINE ( 'NONE', #2774, #3828 ) ;
#827 = VERTEX_POINT ( 'NONE', #1183 ) ;
#828 = EDGE_CURVE ( 'NONE', #185, #2119, #3413, .T. ) ;
#829 = ORIENTED_EDGE ( 'NONE', *, *, #3464, .F. ) ;
#830 = CARTESIAN_POINT ( 'NONE',  ( 2.985351140513737178, -3.890381395410000956E-16, 0.8500000000000003109 ) ) ;
#831 = EDGE_CURVE ( 'NONE', #3906, #1564, #2498, .T. ) ;
#832 = DIRECTION ( 'NONE',  ( -1.000000000000000000, 0.000000000000000000, 0.000000000000000000 ) ) ;
#833 = ORIENTED_EDGE ( 'NONE', *, *, #3606, .T. ) ;
#834 = LINE ( 'NONE', #3356, #3879 ) ;
#835 = CARTESIAN_POINT ( 'NONE',  ( -2.569999999999970530, 0.7339347774647182465, 0.8500000000000003109 ) ) ;
#836 = SURFACE_STYLE_USAGE ( .BOTH. , #3063 ) ;
#837 = EDGE_LOOP ( 'NONE', ( #2203, #2235, #3981, #66 ) ) ;
#838 = CARTESIAN_POINT ( 'NONE',  ( -1.150000000000000355, 1.700000000000000178, -1.950000000000002176 ) ) ;
#839 = AXIS2_PLACEMENT_3D ( 'NONE', #332, #652, #3110 ) ;
#840 = AXIS2_PLACEMENT_3D ( 'NONE', #1078, #465, #2650 ) ;
#841 = EDGE_LOOP ( 'NONE', ( #2608, #1296, #3807, #1342 ) ) ;
#842 = DIRECTION ( 'NONE',  ( -0.000000000000000000, -0.000000000000000000, -1.000000000000000000 ) ) ;
#843 = ORIENTED_EDGE ( 'NONE', *, *, #1247, .T. ) ;
#844 = LINE ( 'NONE', #532, #3682 ) ;
#845 = CARTESIAN_POINT ( 'NONE',  ( 2.650061616099202322, 0.2339585261173780240, 0.8500000000000003109 ) ) ;
#846 = EDGE_LOOP ( 'NONE', ( #2218, #893, #4077, #2091 ) ) ;
#847 = CARTESIAN_POINT ( 'NONE',  ( 2.273934777464703405, 0.8200000000000151612, -0.4199999999999998179 ) ) ;
#848 = CIRCLE ( 'NONE', #1448, 0.1749999999999998224 ) ;
#849 = FACE_OUTER_BOUND ( 'NONE', #263, .T. ) ;
#850 = ORIENTED_EDGE ( 'NONE', *, *, #3392, .F. ) ;
#851 = EDGE_LOOP ( 'NONE', ( #3950, #467, #201, #2497 ) ) ;
#852 = VECTOR ( 'NONE', #1266, 1000.000000000000000 ) ;
#853 = DIRECTION ( 'NONE',  ( 0.9975640502598247528, -0.06975647374411790558, -0.000000000000000000 ) ) ;
#854 = CARTESIAN_POINT ( 'NONE',  ( 2.273934777464703405, 0.8200000000000151612, -2.120000000000000107 ) ) ;
#855 = DIRECTION ( 'NONE',  ( 1.000000000000000000, -2.094466133183748935E-15, 0.000000000000000000 ) ) ;
#856 = ORIENTED_EDGE ( 'NONE', *, *, #3920, .F. ) ;
#857 =( NAMED_UNIT ( * ) PLANE_ANGLE_UNIT ( ) SI_UNIT ( $, .RADIAN. ) );
#858 = ADVANCED_FACE ( 'NONE', ( #3909 ), #1097, .F. ) ;
#859 = DIRECTION ( 'NONE',  ( 0.000000000000000000, 1.000000000000000000, 0.000000000000000000 ) ) ;
#860 = VECTOR ( 'NONE', #3567, 1000.000000000000000 ) ;
#861 = ADVANCED_FACE ( 'NONE', ( #744 ), #2011, .F. ) ;
#862 = EDGE_CURVE ( 'NONE', #1736, #292, #787, .T. ) ;
#863 = VERTEX_POINT ( 'NONE', #1705 ) ;
#864 = FACE_OUTER_BOUND ( 'NONE', #3383, .T. ) ;
#865 = ORIENTED_EDGE ( 'NONE', *, *, #2463, .T. ) ;
#866 = VECTOR ( 'NONE', #588, 1000.000000000000000 ) ;
#867 = CYLINDRICAL_SURFACE ( 'NONE', #4082, 0.2960652225352674027 ) ;
#868 = PLANE ( 'NONE',  #2939 ) ;
#869 = EDGE_LOOP ( 'NONE', ( #2007, #3048, #3142, #2978, #354, #2611, #2860, #743, #2579, #1399, #3889, #4033 ) ) ;
#870 = LINE ( 'NONE', #3036, #2506 ) ;
#871 = DIRECTION ( 'NONE',  ( 0.000000000000000000, 1.000000000000000000, 0.000000000000000000 ) ) ;
#872 = ORIENTED_EDGE ( 'NONE', *, *, #2838, .F. ) ;
#873 = ORIENTED_EDGE ( 'NONE', *, *, #1060, .F. ) ;
#874 = ORIENTED_EDGE ( 'NONE', *, *, #15, .F. ) ;
#875 = CARTESIAN_POINT ( 'NONE',  ( 2.985351140513737178, -3.890381395410000956E-16, -0.8499999999999998668 ) ) ;
#876 = AXIS2_PLACEMENT_3D ( 'NONE', #2979, #2369, #763 ) ;
#877 = CARTESIAN_POINT ( 'NONE',  ( 1.950000000000000400, 0.8200000000000151612, -0.4199999999999998179 ) ) ;
#878 = CARTESIAN_POINT ( 'NONE',  ( 2.360000000000000320, 0.3198140980962017044, -1.689999999999999947 ) ) ;
#879 = LINE ( 'NONE', #3087, #1460 ) ;
#880 = FILL_AREA_STYLE ('',( #2081 ) ) ;
#881 = LINE ( 'NONE', #564, #710 ) ;
#882 = EDGE_CURVE ( 'NONE', #3744, #4027, #1391, .T. ) ;
#883 = ORIENTED_EDGE ( 'NONE', *, *, #2865, .F. ) ;
#884 = EDGE_CURVE ( 'NONE', #4016, #783, #1080, .T. ) ;
#885 = EDGE_CURVE ( 'NONE', #2816, #2005, #141, .T. ) ;
#886 = CARTESIAN_POINT ( 'NONE',  ( 2.569999999999970974, 0.3198140980962019264, 0.4200000000000002620 ) ) ;
#887 = EDGE_LOOP ( 'NONE', ( #2213, #3554, #2820, #28 ) ) ;
#888 =( LENGTH_UNIT ( ) NAMED_UNIT ( * ) SI_UNIT ( .MILLI., .METRE. ) );
#889 = LINE ( 'NONE', #3365, #2082 ) ;
#890 = CARTESIAN_POINT ( 'NONE',  ( 2.656065222535267445, 0.3198140980962017044, 0.8500000000000003109 ) ) ;
#891 = DIRECTION ( 'NONE',  ( 0.9975640502598247528, 0.06975647374411790558, 0.000000000000000000 ) ) ;
#892 = MECHANICAL_DESIGN_GEOMETRIC_PRESENTATION_REPRESENTATION (  '', ( #2937 ), #3469 ) ;
#893 = ORIENTED_EDGE ( 'NONE', *, *, #1971, .F. ) ;
#894 = CARTESIAN_POINT ( 'NONE',  ( -3.000000000000000000, 0.2094884505545331899, 0.8500000000000003109 ) ) ;
#895 = EDGE_LOOP ( 'NONE', ( #3032, #2279, #611, #3657 ) ) ;
#896 = VERTEX_POINT ( 'NONE', #3541 ) ;
#897 = CIRCLE ( 'NONE', #286, 0.08606522253529635957 ) ;
#898 = ORIENTED_EDGE ( 'NONE', *, *, #3916, .T. ) ;
#899 = CARTESIAN_POINT ( 'NONE',  ( 2.650061616099202322, 0.2339585261173780240, -1.689999999999999947 ) ) ;
#900 = DIRECTION ( 'NONE',  ( -0.000000000000000000, -0.000000000000000000, -1.000000000000000000 ) ) ;
#901 = CARTESIAN_POINT ( 'NONE',  ( 2.635412756612939500, 0.02447007556284402918, -1.689999999999999947 ) ) ;
#902 = LINE ( 'NONE', #2546, #3570 ) ;
#903 = ORIENTED_EDGE ( 'NONE', *, *, #2404, .T. ) ;
#904 = CARTESIAN_POINT ( 'NONE',  ( -2.273934777464703405, 0.8200000000000151612, -2.120000000000000107 ) ) ;
#905 = DIRECTION ( 'NONE',  ( 0.000000000000000000, 1.000000000000000000, 0.000000000000000000 ) ) ;
#906 = EDGE_LOOP ( 'NONE', ( #512, #3692, #2008, #2776 ) ) ;
#907 =( NAMED_UNIT ( * ) PLANE_ANGLE_UNIT ( ) SI_UNIT ( $, .RADIAN. ) );
#908 = DIRECTION ( 'NONE',  ( -0.06975647374411889090, 0.9975640502598246417, 0.000000000000000000 ) ) ;
#909 = VECTOR ( 'NONE', #4105, 1000.000000000000000 ) ;
#910 = VECTOR ( 'NONE', #3240, 1000.000000000000114 ) ;
#911 = DIRECTION ( 'NONE',  ( 0.000000000000000000, 0.000000000000000000, 1.000000000000000000 ) ) ;
#912 = CIRCLE ( 'NONE', #2505, 0.08606522253529680366 ) ;
#913 = CARTESIAN_POINT ( 'NONE',  ( -1.950000000000000400, 1.029999999999985816, -0.8499999999999998668 ) ) ;
#914 = ORIENTED_EDGE ( 'NONE', *, *, #3663, .F. ) ;
#915 = ORIENTED_EDGE ( 'NONE', *, *, #1469, .F. ) ;
#916 = VECTOR ( 'NONE', #478, 1000.000000000000114 ) ;
#917 = ORIENTED_EDGE ( 'NONE', *, *, #994, .T. ) ;
#918 = EDGE_CURVE ( 'NONE', #3012, #1584, #1918, .T. ) ;
#919 = LINE ( 'NONE', #584, #909 ) ;
#920 = AXIS2_PLACEMENT_3D ( 'NONE', #3631, #1381, #755 ) ;
#921 = DIRECTION ( 'NONE',  ( 0.000000000000000000, 0.000000000000000000, 1.000000000000000000 ) ) ;
#922 = CARTESIAN_POINT ( 'NONE',  ( -2.273934777464703405, 0.8200000000000149392, -0.4199999999999998179 ) ) ;
#923 = CIRCLE ( 'NONE', #3694, 0.08606522253529680366 ) ;
#924 = LINE ( 'NONE', #2226, #1196 ) ;
#925 = DIRECTION ( 'NONE',  ( -1.000000000000000000, 6.693953523428911913E-16, -0.000000000000000000 ) ) ;
#926 = CARTESIAN_POINT ( 'NONE',  ( -2.273934777464703405, 0.7339347774647182465, -0.4199999999999998179 ) ) ;
#927 = VERTEX_POINT ( 'NONE', #709 ) ;
#928 = AXIS2_PLACEMENT_3D ( 'NONE', #2192, #4021, #3780 ) ;
#929 = DIRECTION ( 'NONE',  ( -0.000000000000000000, -0.000000000000000000, -1.000000000000000000 ) ) ;
#930 = EDGE_LOOP ( 'NONE', ( #3162, #3199, #2859, #530 ) ) ;
#931 = LINE ( 'NONE', #970, #3504 ) ;
#932 = VECTOR ( 'NONE', #1710, 1000.000000000000227 ) ;
#933 = EDGE_LOOP ( 'NONE', ( #2529, #2348, #3832, #206 ) ) ;
#934 = PLANE ( 'NONE',  #183 ) ;
#935 = VERTEX_POINT ( 'NONE', #3188 ) ;
#936 = ORIENTED_EDGE ( 'NONE', *, *, #320, .T. ) ;
#937 = ORIENTED_EDGE ( 'NONE', *, *, #3416, .T. ) ;
#938 = EDGE_CURVE ( 'NONE', #324, #2108, #348, .T. ) ;
#939 = CARTESIAN_POINT ( 'NONE',  ( -2.656065222535267445, 0.3198140980962017044, -0.8499999999999998668 ) ) ;
#940 = EDGE_CURVE ( 'NONE', #3118, #896, #2966, .T. ) ;
#941 = ADVANCED_FACE ( 'NONE', ( #3852 ), #1020, .F. ) ;
#942 = UNCERTAINTY_MEASURE_WITH_UNIT (LENGTH_MEASURE( 1.000000000000000082E-05 ), #888, 'distance_accuracy_value', 'NONE');
#943 = EDGE_CURVE ( 'NONE', #133, #2738, #3536, .T. ) ;
#944 = ADVANCED_FACE ( 'NONE', ( #2614 ), #3869, .F. ) ;
#945 = DIRECTION ( 'NONE',  ( 0.000000000000000000, 0.000000000000000000, -1.000000000000000000 ) ) ;
#946 = DIRECTION ( 'NONE',  ( -0.000000000000000000, -1.000000000000000000, -0.000000000000000000 ) ) ;
#947 = ADVANCED_FACE ( 'NONE', ( #2916 ), #3556, .F. ) ;
#948 = FACE_OUTER_BOUND ( 'NONE', #2593, .T. ) ;
#949 = DIRECTION ( 'NONE',  ( 0.9975640502598247528, -0.06975647374411790558, -0.000000000000000000 ) ) ;
#950 = ORIENTED_EDGE ( 'NONE', *, *, #2544, .F. ) ;
#951 = DIRECTION ( 'NONE',  ( -0.000000000000000000, -0.000000000000000000, -1.000000000000000000 ) ) ;
#952 = CARTESIAN_POINT ( 'NONE',  ( 2.656065222535267445, 0.3198140980962017044, 2.120000000000000551 ) ) ;
#953 = LINE ( 'NONE', #4098, #852 ) ;
#954 = EDGE_LOOP ( 'NONE', ( #1796, #3273, #115, #557 ) ) ;
#955 = EDGE_LOOP ( 'NONE', ( #2186, #2127, #3740, #1394 ) ) ;
#956 = EDGE_LOOP ( 'NONE', ( #1160, #448, #3060, #146 ) ) ;
#957 = DIRECTION ( 'NONE',  ( -0.000000000000000000, -0.000000000000000000, -1.000000000000000000 ) ) ;
#958 = AXIS2_PLACEMENT_3D ( 'NONE', #3618, #2648, #68 ) ;
#959 = CARTESIAN_POINT ( 'NONE',  ( 2.360000000000000320, 0.3198140980962017044, -2.120000000000000107 ) ) ;
#960 = EDGE_CURVE ( 'NONE', #2997, #2362, #3659, .T. ) ;
#961 = VECTOR ( 'NONE', #2143, 1000.000000000000000 ) ;
#962 = LINE ( 'NONE', #3733, #2525 ) ;
#963 = CARTESIAN_POINT ( 'NONE',  ( -2.273934777464703405, 1.029999999999985594, 2.120000000000000551 ) ) ;
#964 = FACE_OUTER_BOUND ( 'NONE', #2869, .T. ) ;
#965 = CARTESIAN_POINT ( 'NONE',  ( -2.569999999999970974, 0.3198140980962019264, -1.689999999999999947 ) ) ;
#966 = ORIENTED_EDGE ( 'NONE', *, *, #2655, .F. ) ;
#967 = DIRECTION ( 'NONE',  ( 0.000000000000000000, 0.000000000000000000, -1.000000000000000000 ) ) ;
#968 = FACE_OUTER_BOUND ( 'NONE', #313, .T. ) ;
#969 = LINE ( 'NONE', #2238, #2335 ) ;
#970 = CARTESIAN_POINT ( 'NONE',  ( 2.635412756612939500, 0.02447007556284402918, -0.4199999999999998179 ) ) ;
#971 = ORIENTED_EDGE ( 'NONE', *, *, #2541, .F. ) ;
#972 = VECTOR ( 'NONE', #3871, 1000.000000000000000 ) ;
#973 = FACE_OUTER_BOUND ( 'NONE', #2366, .T. ) ;
#974 = ORIENTED_EDGE ( 'NONE', *, *, #960, .F. ) ;
#975 = ORIENTED_EDGE ( 'NONE', *, *, #1791, .F. ) ;
#976 = ORIENTED_EDGE ( 'NONE', *, *, #943, .T. ) ;
#977 = VECTOR ( 'NONE', #1467, 1000.000000000000000 ) ;
#978 = VECTOR ( 'NONE', #55, 1000.000000000000000 ) ;
#979 = DIRECTION ( 'NONE',  ( 0.06975647374411790558, 0.9975640502598247528, -0.000000000000000000 ) ) ;
#980 = DIRECTION ( 'NONE',  ( 1.000000000000000000, 0.000000000000000000, -0.000000000000000000 ) ) ;
#981 = DIRECTION ( 'NONE',  ( -1.000000000000000000, 0.000000000000000000, 0.000000000000000000 ) ) ;
#982 = CARTESIAN_POINT ( 'NONE',  ( 2.569999999999970530, 0.7339347774647182465, -2.120000000000000107 ) ) ;
#983 = CIRCLE ( 'NONE', #2767, 0.08606522253529680366 ) ;
#984 = DIRECTION ( 'NONE',  ( -0.9862856015372319929, -0.1650476058606743790, 0.000000000000000000 ) ) ;
#985 = EDGE_CURVE ( 'NONE', #214, #1235, #3684, .T. ) ;
#986 = ADVANCED_FACE ( 'NONE', ( #3953 ), #1123, .T. ) ;
#987 = AXIS2_PLACEMENT_3D ( 'NONE', #1651, #1331, #2601 ) ;
#988 = CARTESIAN_POINT ( 'NONE',  ( -2.656065222535267445, 0.3198140980962017044, 0.8500000000000003109 ) ) ;
#989 = ADVANCED_FACE ( 'NONE', ( #490 ), #2936, .T. ) ;
#990 = ORIENTED_EDGE ( 'NONE', *, *, #551, .T. ) ;
#991 = CARTESIAN_POINT ( 'NONE',  ( 2.985351140513737178, -3.890381395410000956E-16, -0.4199999999999998179 ) ) ;
#992 = DIRECTION ( 'NONE',  ( 0.000000000000000000, -0.000000000000000000, 1.000000000000000000 ) ) ;
#993 = DIRECTION ( 'NONE',  ( -0.000000000000000000, -0.000000000000000000, -1.000000000000000000 ) ) ;
#994 = EDGE_CURVE ( 'NONE', #2797, #661, #2632, .T. ) ;
#995 = ORIENTED_EDGE ( 'NONE', *, *, #3495, .T. ) ;
#996 = CARTESIAN_POINT ( 'NONE',  ( -2.650061616099202322, 0.2339585261173780240, -0.4199999999999998179 ) ) ;
#997 = ORIENTED_EDGE ( 'NONE', *, *, #296, .F. ) ;
#998 = VERTEX_POINT ( 'NONE', #3555 ) ;
#999 = VERTEX_POINT ( 'NONE', #406 ) ;
#1000 = AXIS2_PLACEMENT_3D ( 'NONE', #952, #3768, #3158 ) ;
#1001 = DIRECTION ( 'NONE',  ( 1.000000000000000000, 0.000000000000000000, -0.000000000000000000 ) ) ;
#1002 = FACE_OUTER_BOUND ( 'NONE', #1050, .T. ) ;
#1003 = DIRECTION ( 'NONE',  ( -0.000000000000000000, -0.000000000000000000, -1.000000000000000000 ) ) ;
#1004 = FACE_OUTER_BOUND ( 'NONE', #841, .T. ) ;
#1005 = CARTESIAN_POINT ( 'NONE',  ( -2.273934777464703405, 0.8200000000000149392, 0.8500000000000003109 ) ) ;
#1006 = VECTOR ( 'NONE', #4, 1000.000000000000000 ) ;
#1007 = LINE ( 'NONE', #1336, #175 ) ;
#1008 = EDGE_CURVE ( 'NONE', #583, #185, #3932, .T. ) ;
#1009 = CARTESIAN_POINT ( 'NONE',  ( -2.985351140513737178, -3.890381395410000956E-16, 2.120000000000000551 ) ) ;
#1010 = ADVANCED_FACE ( 'NONE', ( #3949 ), #3706, .F. ) ;
#1011 = VERTEX_POINT ( 'NONE', #238 ) ;
#1012 = DIRECTION ( 'NONE',  ( 1.000000000000000000, 0.000000000000000000, 0.000000000000000000 ) ) ;
#1013 = ORIENTED_EDGE ( 'NONE', *, *, #1626, .F. ) ;
#1014 = ORIENTED_EDGE ( 'NONE', *, *, #1338, .T. ) ;
#1015 = ORIENTED_EDGE ( 'NONE', *, *, #2584, .F. ) ;
#1016 = CARTESIAN_POINT ( 'NONE',  ( 2.360000000000000320, 0.3198140980962017044, -1.689999999999999947 ) ) ;
#1017 = FACE_OUTER_BOUND ( 'NONE', #3824, .T. ) ;
#1018 = CARTESIAN_POINT ( 'NONE',  ( -2.650061616099202322, 0.2339585261173780240, 2.120000000000000551 ) ) ;
#1019 = DIRECTION ( 'NONE',  ( -0.000000000000000000, -0.000000000000000000, -1.000000000000000000 ) ) ;
#1020 = CYLINDRICAL_SURFACE ( 'NONE', #1184, 0.08606522253529680366 ) ;
#1021 = VECTOR ( 'NONE', #3454, 1000.000000000000114 ) ;
#1022 = CARTESIAN_POINT ( 'NONE',  ( -2.273934777464703405, 0.8200000000000149392, 0.8500000000000003109 ) ) ;
#1023 = DIRECTION ( 'NONE',  ( -0.9862856015372319929, 0.1650476058606742957, 0.000000000000000000 ) ) ;
#1024 = LINE ( 'NONE', #3275, #4045 ) ;
#1025 = PLANE ( 'NONE',  #1767 ) ;
#1026 = ORIENTED_EDGE ( 'NONE', *, *, #2637, .F. ) ;
#1027 = CARTESIAN_POINT ( 'NONE',  ( -2.985351140513737178, -3.890381395410000956E-16, 0.4200000000000002620 ) ) ;
#1028 = DIRECTION ( 'NONE',  ( 0.000000000000000000, 0.000000000000000000, 1.000000000000000000 ) ) ;
#1029 = ORIENTED_EDGE ( 'NONE', *, *, #1926, .T. ) ;
#1030 = EDGE_LOOP ( 'NONE', ( #3553, #1757, #2265, #786 ) ) ;
#1031 = ORIENTED_EDGE ( 'NONE', *, *, #1138, .T. ) ;
#1032 = DIRECTION ( 'NONE',  ( -1.000000000000000000, -6.693953523428911913E-16, 0.000000000000000000 ) ) ;
#1033 = CARTESIAN_POINT ( 'NONE',  ( -2.360000000000000320, 0.3198140980962017044, 0.4200000000000002620 ) ) ;
#1034 = VECTOR ( 'NONE', #3955, 1000.000000000000114 ) ;
#1035 = EDGE_CURVE ( 'NONE', #2391, #3703, #2158, .T. ) ;
#1036 = VECTOR ( 'NONE', #2326, 1000.000000000000114 ) ;
#1037 = EDGE_CURVE ( 'NONE', #863, #3214, #516, .T. ) ;
#1038 = CARTESIAN_POINT ( 'NONE',  ( 0.000000000000000000, 0.1000000000000000056, 0.000000000000000000 ) ) ;
#1039 =( NAMED_UNIT ( * ) PLANE_ANGLE_UNIT ( ) SI_UNIT ( $, .RADIAN. ) );
#1040 = VECTOR ( 'NONE', #1955, 1000.000000000000000 ) ;
#1041 = VECTOR ( 'NONE', #2691, 1000.000000000000000 ) ;
#1042 = CARTESIAN_POINT ( 'NONE',  ( -3.000000000000000000, 0.2094884505545331899, 0.8500000000000003109 ) ) ;
#1043 = VECTOR ( 'NONE', #101, 1000.000000000000000 ) ;
#1044 = FILL_AREA_STYLE ('',( #3878 ) ) ;
#1045 = DIRECTION ( 'NONE',  ( -0.000000000000000000, -0.000000000000000000, -1.000000000000000000 ) ) ;
#1046 = CARTESIAN_POINT ( 'NONE',  ( -1.950000000000000400, 1.029999999999985816, 2.120000000000000551 ) ) ;
#1047 = DIRECTION ( 'NONE',  ( -0.000000000000000000, -0.000000000000000000, -1.000000000000000000 ) ) ;
#1048 = AXIS2_PLACEMENT_3D ( 'NONE', #3058, #2386, #1180 ) ;
#1049 = PRESENTATION_STYLE_ASSIGNMENT (( #1355 ) ) ;
#1050 = EDGE_LOOP ( 'NONE', ( #1054, #556, #3403, #1836 ) ) ;
#1051 = LINE ( 'NONE', #2929, #1274 ) ;
#1052 = CARTESIAN_POINT ( 'NONE',  ( -1.950000000000000400, 0.8200000000000151612, 0.8500000000000003109 ) ) ;
#1053 = VERTEX_POINT ( 'NONE', #3990 ) ;
#1054 = ORIENTED_EDGE ( 'NONE', *, *, #2865, .T. ) ;
#1055 = LINE ( 'NONE', #2864, #910 ) ;
#1056 = EDGE_LOOP ( 'NONE', ( #3262, #3163, #3119, #2332 ) ) ;
#1057 = AXIS2_PLACEMENT_3D ( 'NONE', #2906, #1375, #3207 ) ;
#1058 = EDGE_CURVE ( 'NONE', #565, #3519, #1157, .T. ) ;
#1059 = ADVANCED_FACE ( 'NONE', ( #2070 ), #3409, .F. ) ;
#1060 = EDGE_CURVE ( 'NONE', #2578, #3343, #826, .T. ) ;
#1061 = PLANE ( 'NONE',  #2123 ) ;
#1062 = AXIS2_PLACEMENT_3D ( 'NONE', #685, #2269, #3849 ) ;
#1063 =( NAMED_UNIT ( * ) SI_UNIT ( $, .STERADIAN. ) SOLID_ANGLE_UNIT ( ) );
#1064 = ORIENTED_EDGE ( 'NONE', *, *, #1490, .T. ) ;
#1065 = EDGE_CURVE ( 'NONE', #2995, #731, #1139, .T. ) ;
#1066 = DIRECTION ( 'NONE',  ( 0.000000000000000000, -0.000000000000000000, 1.000000000000000000 ) ) ;
#1067 = PRESENTATION_STYLE_ASSIGNMENT (( #2943 ) ) ;
#1068 = FACE_BOUND ( 'NONE', #3228, .T. ) ;
#1069 = EDGE_CURVE ( 'NONE', #521, #3965, #3325, .T. ) ;
#1070 = CARTESIAN_POINT ( 'NONE',  ( 2.273934777464703405, 0.7339347774647182465, 1.690000000000000169 ) ) ;
#1071 = DIRECTION ( 'NONE',  ( 0.000000000000000000, 0.000000000000000000, 1.000000000000000000 ) ) ;
#1072 = VECTOR ( 'NONE', #302, 1000.000000000000000 ) ;
#1073 = ORIENTED_EDGE ( 'NONE', *, *, #748, .T. ) ;
#1074 = FACE_OUTER_BOUND ( 'NONE', #3302, .T. ) ;
#1075 = COLOUR_RGB ( '',0.7921568627450980005, 0.8196078431372548767, 0.9333333333333333481 ) ;
#1076 = CARTESIAN_POINT ( 'NONE',  ( -3.000000000000000000, 0.2094884505545331899, -2.120000000000000107 ) ) ;
#1077 = ORIENTED_EDGE ( 'NONE', *, *, #1473, .F. ) ;
#1078 = CARTESIAN_POINT ( 'NONE',  ( -1.950000000000000400, 1.029999999999985816, 0.8500000000000003109 ) ) ;
#1079 = VERTEX_POINT ( 'NONE', #1779 ) ;
#1080 = LINE ( 'NONE', #450, #3557 ) ;
#1081 = DIRECTION ( 'NONE',  ( -0.9975640502598247528, 0.06975647374411890478, 0.000000000000000000 ) ) ;
#1082 = VERTEX_POINT ( 'NONE', #1759 ) ;
#1083 = LINE ( 'NONE', #3957, #105 ) ;
#1084 = PRODUCT_DEFINITION_SHAPE ( 'NONE', 'NONE',  #1974 ) ;
#1085 = DIRECTION ( 'NONE',  ( 1.000000000000000000, 0.000000000000000000, 0.000000000000000000 ) ) ;
#1086 = EDGE_LOOP ( 'NONE', ( #1701, #2223, #1483, #411 ) ) ;
#1087 = COLOUR_RGB ( '',0.7921568627450980005, 0.8196078431372548767, 0.9333333333333333481 ) ;
#1088 = DIRECTION ( 'NONE',  ( 1.000000000000000000, 0.000000000000000000, 0.000000000000000000 ) ) ;
#1089 = LINE ( 'NONE', #3696, #1174 ) ;
#1090 = EDGE_CURVE ( 'NONE', #216, #2119, #1514, .T. ) ;
#1091 = ORIENTED_EDGE ( 'NONE', *, *, #2815, .F. ) ;
#1092 = DIRECTION ( 'NONE',  ( -0.000000000000000000, -0.000000000000000000, -1.000000000000000000 ) ) ;
#1093 = ORIENTED_EDGE ( 'NONE', *, *, #3437, .T. ) ;
#1094 = CARTESIAN_POINT ( 'NONE',  ( -2.273934777464703405, 1.029999999999985594, 2.120000000000000551 ) ) ;
#1095 = ORIENTED_EDGE ( 'NONE', *, *, #3793, .T. ) ;
#1096 = ORIENTED_EDGE ( 'NONE', *, *, #2684, .F. ) ;
#1097 = PLANE ( 'NONE',  #876 ) ;
#1098 = DIRECTION ( 'NONE',  ( 0.000000000000000000, 0.000000000000000000, 1.000000000000000000 ) ) ;
#1099 = DIRECTION ( 'NONE',  ( 1.000000000000000000, -0.000000000000000000, -0.000000000000000000 ) ) ;
#1100 = ORIENTED_EDGE ( 'NONE', *, *, #3132, .F. ) ;
#1101 = VECTOR ( 'NONE', #3973, 1000.000000000000000 ) ;
#1102 = VECTOR ( 'NONE', #2802, 1000.000000000000114 ) ;
#1103 = DIRECTION ( 'NONE',  ( -1.000000000000000000, -6.693953523428911913E-16, 0.000000000000000000 ) ) ;
#1104 = CARTESIAN_POINT ( 'NONE',  ( -2.569999999999970530, 0.7339347774647182465, 0.8500000000000003109 ) ) ;
#1105 = DIRECTION ( 'NONE',  ( 1.000000000000000000, 0.000000000000000000, 0.000000000000000000 ) ) ;
#1106 = CIRCLE ( 'NONE', #707, 0.08606522253529635957 ) ;
#1107 = PLANE ( 'NONE',  #3821 ) ;
#1108 = ADVANCED_FACE ( 'NONE', ( #849 ), #204, .F. ) ;
#1109 = DIRECTION ( 'NONE',  ( 1.047233066591874073E-15, 1.000000000000000000, 0.000000000000000000 ) ) ;
#1110 = EDGE_CURVE ( 'NONE', #1604, #1940, #3724, .T. ) ;
#1111 = EDGE_CURVE ( 'NONE', #2876, #2391, #923, .T. ) ;
#1112 = CARTESIAN_POINT ( 'NONE',  ( 2.650061616099202322, 0.2339585261173780240, -0.4199999999999998179 ) ) ;
#1113 = ORIENTED_EDGE ( 'NONE', *, *, #2998, .T. ) ;
#1114 = PLANE ( 'NONE',  #3580 ) ;
#1115 = STYLED_ITEM ( 'NONE', ( #1049 ), #147 ) ;
#1116 = ADVANCED_FACE ( 'NONE', ( #181 ), #3076, .T. ) ;
#1117 = CARTESIAN_POINT ( 'NONE',  ( 3.000000000000000000, 0.2094884505545331899, -2.120000000000000107 ) ) ;
#1118 = ORIENTED_EDGE ( 'NONE', *, *, #2846, .T. ) ;
#1119 = LINE ( 'NONE', #2134, #1041 ) ;
#1120 = CARTESIAN_POINT ( 'NONE',  ( -2.273934777464703405, 0.8200000000000151612, 0.4200000000000002620 ) ) ;
#1121 = ORIENTED_EDGE ( 'NONE', *, *, #2311, .F. ) ;
#1122 = ORIENTED_EDGE ( 'NONE', *, *, #2311, .T. ) ;
#1123 = PLANE ( 'NONE',  #2771 ) ;
#1124 = LINE ( 'NONE', #1726, #531 ) ;
#1125 = VERTEX_POINT ( 'NONE', #2752 ) ;
#1126 = FACE_OUTER_BOUND ( 'NONE', #2730, .T. ) ;
#1127 = DIRECTION ( 'NONE',  ( -0.000000000000000000, -0.000000000000000000, -1.000000000000000000 ) ) ;
#1128 = VECTOR ( 'NONE', #410, 1000.000000000000000 ) ;
#1129 = CARTESIAN_POINT ( 'NONE',  ( -2.656065222535267445, 0.3198140980962017044, -1.689999999999999947 ) ) ;
#1130 = ORIENTED_EDGE ( 'NONE', *, *, #1676, .T. ) ;
#1131 = DIRECTION ( 'NONE',  ( 0.000000000000000000, 0.000000000000000000, 1.000000000000000000 ) ) ;
#1132 = CARTESIAN_POINT ( 'NONE',  ( -2.569999999999970530, 0.7339347774647182465, -0.4199999999999998179 ) ) ;
#1133 = ORIENTED_EDGE ( 'NONE', *, *, #3743, .F. ) ;
#1134 = CARTESIAN_POINT ( 'NONE',  ( -1.950000000000000400, 0.8200000000000151612, 0.4200000000000002620 ) ) ;
#1135 = ORIENTED_EDGE ( 'NONE', *, *, #994, .F. ) ;
#1136 = EDGE_CURVE ( 'NONE', #3450, #721, #2428, .T. ) ;
#1137 = DIRECTION ( 'NONE',  ( 0.000000000000000000, 0.000000000000000000, 1.000000000000000000 ) ) ;
#1138 = EDGE_CURVE ( 'NONE', #2701, #660, #1456, .T. ) ;
#1139 = LINE ( 'NONE', #3639, #376 ) ;
#1140 = VECTOR ( 'NONE', #3803, 1000.000000000000000 ) ;
#1141 = VERTEX_POINT ( 'NONE', #1433 ) ;
#1142 = FACE_OUTER_BOUND ( 'NONE', #138, .T. ) ;
#1143 = ORIENTED_EDGE ( 'NONE', *, *, #2927, .F. ) ;
#1144 = LINE ( 'NONE', #522, #2888 ) ;
#1145 = CARTESIAN_POINT ( 'NONE',  ( -2.360000000000000320, 0.3198140980962017044, -1.689999999999999947 ) ) ;
#1146 = SURFACE_STYLE_FILL_AREA ( #1443 ) ;
#1147 = EDGE_LOOP ( 'NONE', ( #1596, #3305, #3059, #580 ) ) ;
#1148 = FACE_OUTER_BOUND ( 'NONE', #24, .T. ) ;
#1149 = VERTEX_POINT ( 'NONE', #536 ) ;
#1150 = CARTESIAN_POINT ( 'NONE',  ( 2.985351140513737178, -3.890381395410000956E-16, -0.4199999999999998179 ) ) ;
#1151 = ORIENTED_EDGE ( 'NONE', *, *, #2961, .F. ) ;
#1152 = CARTESIAN_POINT ( 'NONE',  ( -2.569999999999970530, 0.7339347774647182465, -1.689999999999999947 ) ) ;
#1153 = CARTESIAN_POINT ( 'NONE',  ( 2.360000000000000320, 0.3198140980962017044, -0.8499999999999998668 ) ) ;
#1154 = ORIENTED_EDGE ( 'NONE', *, *, #56, .T. ) ;
#1155 = DIRECTION ( 'NONE',  ( 1.000000000000000000, 0.000000000000000000, 0.000000000000000000 ) ) ;
#1156 = AXIS2_PLACEMENT_3D ( 'NONE', #1176, #929, #594 ) ;
#1157 = LINE ( 'NONE', #3680, #2705 ) ;
#1158 = VERTEX_POINT ( 'NONE', #3970 ) ;
#1159 = EDGE_CURVE ( 'NONE', #3499, #2687, #1806, .T. ) ;
#1160 = ORIENTED_EDGE ( 'NONE', *, *, #2353, .F. ) ;
#1161 = DIRECTION ( 'NONE',  ( 1.000000000000000000, 0.000000000000000000, 0.000000000000000000 ) ) ;
#1162 = EDGE_CURVE ( 'NONE', #1564, #1476, #3829, .T. ) ;
#1163 = ADVANCED_FACE ( 'NONE', ( #3160 ), #1864, .T. ) ;
#1164 = FACE_OUTER_BOUND ( 'NONE', #2941, .T. ) ;
#1165 = DIRECTION ( 'NONE',  ( 2.094466133183748935E-15, 1.000000000000000000, 0.000000000000000000 ) ) ;
#1166 = PRESENTATION_STYLE_ASSIGNMENT (( #836 ) ) ;
#1167 = VECTOR ( 'NONE', #957, 1000.000000000000000 ) ;
#1168 = CARTESIAN_POINT ( 'NONE',  ( 2.360000000000000320, 0.3198140980962017044, -2.120000000000000107 ) ) ;
#1169 = VECTOR ( 'NONE', #1859, 1000.000000000000000 ) ;
#1170 = AXIS2_PLACEMENT_3D ( 'NONE', #346, #1019, #1630 ) ;
#1171 = VERTEX_POINT ( 'NONE', #2858 ) ;
#1172 = DIRECTION ( 'NONE',  ( -0.06975647374411889090, -0.9975640502598246417, 0.000000000000000000 ) ) ;
#1173 = VERTEX_POINT ( 'NONE', #2515 ) ;
#1174 = VECTOR ( 'NONE', #2358, 1000.000000000000000 ) ;
#1175 = DIRECTION ( 'NONE',  ( -1.000000000000000000, -6.693953523428911913E-16, 0.000000000000000000 ) ) ;
#1176 = CARTESIAN_POINT ( 'NONE',  ( -2.273934777464703405, 0.7339347774647182465, -1.689999999999999947 ) ) ;
#1177 = CARTESIAN_POINT ( 'NONE',  ( -2.650061616099202322, 0.2339585261173781627, -1.689999999999999947 ) ) ;
#1178 = EDGE_LOOP ( 'NONE', ( #2922, #2052, #1657, #2149 ) ) ;
#1179 = VECTOR ( 'NONE', #3715, 1000.000000000000000 ) ;
#1180 = DIRECTION ( 'NONE',  ( -1.000000000000000000, 0.000000000000000000, 0.000000000000000000 ) ) ;
#1181 = ORIENTED_EDGE ( 'NONE', *, *, #2285, .F. ) ;
#1182 = VERTEX_POINT ( 'NONE', #2264 ) ;
#1183 = CARTESIAN_POINT ( 'NONE',  ( -3.000000000000000000, 0.2094884505545331899, -0.8499999999999998668 ) ) ;
#1184 = AXIS2_PLACEMENT_3D ( 'NONE', #392, #3847, #2288 ) ;
#1185 = CARTESIAN_POINT ( 'NONE',  ( -1.950000000000000400, 0.8200000000000151612, 2.449999999999998845 ) ) ;
#1186 = ADVANCED_FACE ( 'NONE', ( #3517 ), #321, .F. ) ;
#1187 = LINE ( 'NONE', #266, #33 ) ;
#1188 = ADVANCED_FACE ( 'NONE', ( #616 ), #2244, .F. ) ;
#1189 = ADVANCED_FACE ( 'NONE', ( #279 ), #934, .F. ) ;
#1190 = LINE ( 'NONE', #329, #3506 ) ;
#1191 = CARTESIAN_POINT ( 'NONE',  ( 2.273934777464703405, 0.8200000000000151612, 0.8500000000000003109 ) ) ;
#1192 = ORIENTED_EDGE ( 'NONE', *, *, #2155, .T. ) ;
#1193 = EDGE_CURVE ( 'NONE', #1736, #2612, #1884, .T. ) ;
#1194 = CARTESIAN_POINT ( 'NONE',  ( 2.650061616099202322, 0.2339585261173780240, -1.689999999999999947 ) ) ;
#1195 = ORIENTED_EDGE ( 'NONE', *, *, #1058, .F. ) ;
#1196 = VECTOR ( 'NONE', #946, 1000.000000000000000 ) ;
#1197 = DIRECTION ( 'NONE',  ( -0.000000000000000000, -1.000000000000000000, -0.000000000000000000 ) ) ;
#1198 = LINE ( 'NONE', #1800, #3732 ) ;
#1199 = LINE ( 'NONE', #3391, #1966 ) ;
#1200 = DIRECTION ( 'NONE',  ( -0.000000000000000000, -0.000000000000000000, -1.000000000000000000 ) ) ;
#1201 = ORIENTED_EDGE ( 'NONE', *, *, #3795, .T. ) ;
#1202 = ORIENTED_EDGE ( 'NONE', *, *, #1545, .F. ) ;
#1203 = ORIENTED_EDGE ( 'NONE', *, *, #803, .F. ) ;
#1204 = DIRECTION ( 'NONE',  ( 0.7071067811865513475, 0.7071067811865437980, 0.000000000000000000 ) ) ;
#1205 = DIRECTION ( 'NONE',  ( -0.000000000000000000, -0.000000000000000000, -1.000000000000000000 ) ) ;
#1206 = CIRCLE ( 'NONE', #1540, 0.2960652225352670142 ) ;
#1207 = CARTESIAN_POINT ( 'NONE',  ( -1.525593373776094941, 1.749999999999999778, -2.329513321461380126 ) ) ;
#1208 = LINE ( 'NONE', #3086, #3195 ) ;
#1209 = DIRECTION ( 'NONE',  ( -0.000000000000000000, -0.000000000000000000, -1.000000000000000000 ) ) ;
#1210 = ORIENTED_EDGE ( 'NONE', *, *, #3815, .T. ) ;
#1211 = CARTESIAN_POINT ( 'NONE',  ( -2.650061616099202322, 0.2339585261173781627, -2.120000000000000107 ) ) ;
#1212 = ORIENTED_EDGE ( 'NONE', *, *, #2232, .F. ) ;
#1213 = DIRECTION ( 'NONE',  ( -0.9975640502598247528, 0.06975647374411890478, 0.000000000000000000 ) ) ;
#1214 = ORIENTED_EDGE ( 'NONE', *, *, #4043, .T. ) ;
#1215 = CARTESIAN_POINT ( 'NONE',  ( -3.000000000000000000, 0.2094884505545331899, 0.8500000000000003109 ) ) ;
#1216 = CARTESIAN_POINT ( 'NONE',  ( 1.829513321461377240, 0.1000000000000000056, 2.329513321461376574 ) ) ;
#1217 = DIRECTION ( 'NONE',  ( 0.000000000000000000, 1.000000000000000000, 0.000000000000000000 ) ) ;
#1218 = EDGE_CURVE ( 'NONE', #2623, #4075, #2796, .T. ) ;
#1219 = AXIS2_PLACEMENT_3D ( 'NONE', #2343, #1028, #47 ) ;
#1220 = EDGE_LOOP ( 'NONE', ( #3039, #3591, #2408, #3100 ) ) ;
#1221 = CARTESIAN_POINT ( 'NONE',  ( -2.650061616099202322, 0.2339585261173780240, 1.690000000000000169 ) ) ;
#1222 = ORIENTED_EDGE ( 'NONE', *, *, #3132, .T. ) ;
#1223 = VERTEX_POINT ( 'NONE', #913 ) ;
#1224 = AXIS2_PLACEMENT_3D ( 'NONE', #1827, #2803, #1520 ) ;
#1225 = ORIENTED_EDGE ( 'NONE', *, *, #2487, .T. ) ;
#1226 = VECTOR ( 'NONE', #1916, 1000.000000000000000 ) ;
#1227 = CARTESIAN_POINT ( 'NONE',  ( 2.273934777464703405, 0.7339347774647182465, -0.8499999999999998668 ) ) ;
#1228 = UNCERTAINTY_MEASURE_WITH_UNIT (LENGTH_MEASURE( 1.000000000000000082E-05 ), #2627, 'distance_accuracy_value', 'NONE');
#1229 = PLANE ( 'NONE',  #2167 ) ;
#1230 = LINE ( 'NONE', #2501, #1425 ) ;
#1231 = LINE ( 'NONE', #2825, #866 ) ;
#1232 = LINE ( 'NONE', #648, #1934 ) ;
#1233 = DIRECTION ( 'NONE',  ( 0.000000000000000000, 1.000000000000000000, 0.000000000000000000 ) ) ;
#1234 = PLANE ( 'NONE',  #1504 ) ;
#1235 = VERTEX_POINT ( 'NONE', #4056 ) ;
#1236 = DIRECTION ( 'NONE',  ( -1.000000000000000000, 0.000000000000000000, 0.000000000000000000 ) ) ;
#1237 = EDGE_CURVE ( 'NONE', #4001, #1171, #3458, .T. ) ;
#1238 = CARTESIAN_POINT ( 'NONE',  ( -2.569999999999970530, 0.7339347774647182465, -0.8499999999999998668 ) ) ;
#1239 = AXIS2_PLACEMENT_3D ( 'NONE', #2085, #2443, #1172 ) ;
#1240 = LINE ( 'NONE', #44, #139 ) ;
#1241 = VECTOR ( 'NONE', #2741, 1000.000000000000000 ) ;
#1242 = CARTESIAN_POINT ( 'NONE',  ( 1.950000000000000400, 0.8200000000000151612, -1.689999999999999947 ) ) ;
#1243 = ADVANCED_FACE ( 'NONE', ( #2219 ), #2841, .F. ) ;
#1244 = EDGE_CURVE ( 'NONE', #2317, #2744, #953, .T. ) ;
#1245 = VECTOR ( 'NONE', #1047, 1000.000000000000000 ) ;
#1246 = VECTOR ( 'NONE', #202, 1000.000000000000000 ) ;
#1247 = EDGE_CURVE ( 'NONE', #2651, #2558, #3788, .T. ) ;
#1248 = DIRECTION ( 'NONE',  ( -0.06975647374411889090, 0.9975640502598246417, 0.000000000000000000 ) ) ;
#1249 = ORIENTED_EDGE ( 'NONE', *, *, #636, .T. ) ;
#1250 = VERTEX_POINT ( 'NONE', #3477 ) ;
#1251 = AXIS2_PLACEMENT_3D ( 'NONE', #409, #2333, #3585 ) ;
#1252 = ORIENTED_EDGE ( 'NONE', *, *, #802, .F. ) ;
#1253 = CARTESIAN_POINT ( 'NONE',  ( -2.569999999999970530, 0.7339347774647182465, -0.4199999999999998179 ) ) ;
#1254 = ADVANCED_FACE ( 'NONE', ( #3117 ), #1560, .T. ) ;
#1255 = CARTESIAN_POINT ( 'NONE',  ( 2.656065222535267445, 0.3198140980962017044, -0.4199999999999998179 ) ) ;
#1256 = DIRECTION ( 'NONE',  ( 0.000000000000000000, 1.000000000000000000, 0.000000000000000000 ) ) ;
#1257 = VECTOR ( 'NONE', #2698, 1000.000000000000000 ) ;
#1258 = DIRECTION ( 'NONE',  ( -2.094466133183748935E-15, -1.000000000000000000, 0.000000000000000000 ) ) ;
#1259 = FACE_OUTER_BOUND ( 'NONE', #933, .T. ) ;
#1260 = DIRECTION ( 'NONE',  ( 1.047233066591874073E-15, 1.000000000000000000, 0.000000000000000000 ) ) ;
#1261 = ORIENTED_EDGE ( 'NONE', *, *, #1237, .F. ) ;
#1262 = APPLICATION_CONTEXT ( 'automotive_design' ) ;
#1263 = CARTESIAN_POINT ( 'NONE',  ( -1.150000000000000355, 1.700000000000000178, -1.775000000000002354 ) ) ;
#1264 = VECTOR ( 'NONE', #1258, 1000.000000000000000 ) ;
#1265 = EDGE_CURVE ( 'NONE', #3789, #2088, #1600, .T. ) ;
#1266 = DIRECTION ( 'NONE',  ( -0.000000000000000000, -0.000000000000000000, 1.000000000000000000 ) ) ;
#1267 = ORIENTED_EDGE ( 'NONE', *, *, #1794, .F. ) ;
#1268 = ORIENTED_EDGE ( 'NONE', *, *, #2881, .F. ) ;
#1269 = ORIENTED_EDGE ( 'NONE', *, *, #1370, .T. ) ;
#1270 = DIRECTION ( 'NONE',  ( 0.9975640502598247528, -0.06975647374411790558, -0.000000000000000000 ) ) ;
#1271 = CLOSED_SHELL ( 'NONE', ( #1288, #1793, #2963, #1824 ) ) ;
#1272 = CYLINDRICAL_SURFACE ( 'NONE', #768, 0.2960652225352670142 ) ;
#1273 = CARTESIAN_POINT ( 'NONE',  ( -2.273934777464703405, 0.8200000000000151612, -1.689999999999999947 ) ) ;
#1274 = VECTOR ( 'NONE', #1697, 1000.000000000000227 ) ;
#1275 = FILL_AREA_STYLE ('',( #1893 ) ) ;
#1276 = CARTESIAN_POINT ( 'NONE',  ( 2.569999999999970530, 0.7339347774647182465, 0.4200000000000002620 ) ) ;
#1277 = PLANE ( 'NONE',  #335 ) ;
#1278 = LINE ( 'NONE', #3490, #236 ) ;
#1279 = ORIENTED_EDGE ( 'NONE', *, *, #496, .F. ) ;
#1280 = CARTESIAN_POINT ( 'NONE',  ( -2.273934777464703405, 1.029999999999985594, -0.4199999999999998179 ) ) ;
#1281 = SURFACE_SIDE_STYLE ('',( #2150 ) ) ;
#1282 = DIRECTION ( 'NONE',  ( -0.000000000000000000, -0.000000000000000000, -1.000000000000000000 ) ) ;
#1283 = DIRECTION ( 'NONE',  ( 0.9975640502598247528, 0.06975647374411890478, -0.000000000000000000 ) ) ;
#1284 = ORIENTED_EDGE ( 'NONE', *, *, #1035, .T. ) ;
#1285 = EDGE_LOOP ( 'NONE', ( #3963, #1434, #164, #3669 ) ) ;
#1286 = ORIENTED_EDGE ( 'NONE', *, *, #320, .F. ) ;
#1287 = CARTESIAN_POINT ( 'NONE',  ( 2.360000000000000320, 0.3198140980962017044, 2.120000000000000551 ) ) ;
#1288 = ADVANCED_FACE ( 'NONE', ( #973 ), #2873, .T. ) ;
#1289 = PLANE ( 'NONE',  #840 ) ;
#1290 = ADVANCED_FACE ( 'NONE', ( #1928 ), #1305, .F. ) ;
#1291 = PRESENTATION_LAYER_ASSIGNMENT (  '', '', ( #2900 ) ) ;
#1292 = CARTESIAN_POINT ( 'NONE',  ( 2.656065222535267445, 0.3198140980962017044, 2.120000000000000551 ) ) ;
#1293 = ADVANCED_FACE ( 'NONE', ( #2974 ), #1698, .T. ) ;
#1294 = EDGE_CURVE ( 'NONE', #3519, #358, #155, .T. ) ;
#1295 = DIRECTION ( 'NONE',  ( 0.000000000000000000, 0.000000000000000000, 1.000000000000000000 ) ) ;
#1296 = ORIENTED_EDGE ( 'NONE', *, *, #1358, .F. ) ;
#1297 = FACE_OUTER_BOUND ( 'NONE', #2014, .T. ) ;
#1298 = ORIENTED_EDGE ( 'NONE', *, *, #3998, .T. ) ;
#1299 = CARTESIAN_POINT ( 'NONE',  ( 3.000000000000000000, 0.2094884505545331899, -0.8499999999999998668 ) ) ;
#1300 = DIRECTION ( 'NONE',  ( 0.000000000000000000, 0.000000000000000000, -1.000000000000000000 ) ) ;
#1301 = CARTESIAN_POINT ( 'NONE',  ( 1.949999999999999512, 1.029999999999985816, -2.450000000000001510 ) ) ;
#1302 = ORIENTED_EDGE ( 'NONE', *, *, #1423, .F. ) ;
#1303 = VECTOR ( 'NONE', #3777, 1000.000000000000000 ) ;
#1304 = CIRCLE ( 'NONE', #1579, 0.2960652225352670142 ) ;
#1305 = PLANE ( 'NONE',  #2146 ) ;
#1306 = ORIENTED_EDGE ( 'NONE', *, *, #3153, .F. ) ;
#1307 = ORIENTED_EDGE ( 'NONE', *, *, #1315, .F. ) ;
#1308 = EDGE_LOOP ( 'NONE', ( #2770, #2809, #2394, #3378 ) ) ;
#1309 = AXIS2_PLACEMENT_3D ( 'NONE', #610, #2488, #3189 ) ;
#1310 = VECTOR ( 'NONE', #3493, 1000.000000000000000 ) ;
#1311 = PLANE ( 'NONE',  #4007 ) ;
#1312 = CARTESIAN_POINT ( 'NONE',  ( 1.950000000000000400, 1.029999999999985816, -2.120000000000000107 ) ) ;
#1313 = EDGE_CURVE ( 'NONE', #3578, #1818, #1406, .T. ) ;
#1314 = AXIS2_PLACEMENT_3D ( 'NONE', #3599, #387, #1413 ) ;
#1315 = EDGE_CURVE ( 'NONE', #2027, #3216, #379, .T. ) ;
#1316 = EDGE_CURVE ( 'NONE', #2417, #2833, #3729, .T. ) ;
#1317 = LINE ( 'NONE', #3524, #978 ) ;
#1318 = CARTESIAN_POINT ( 'NONE',  ( -2.273934777464703405, 0.8200000000000151612, -0.4199999999999998179 ) ) ;
#1319 = DIRECTION ( 'NONE',  ( -0.9975640502598246417, 0.06975647374411909907, -0.000000000000000000 ) ) ;
#1320 = CARTESIAN_POINT ( 'NONE',  ( -1.150000000000000355, 1.750000000000000000, -2.125000000000001776 ) ) ;
#1321 = ORIENTED_EDGE ( 'NONE', *, *, #499, .T. ) ;
#1322 = DIRECTION ( 'NONE',  ( 0.000000000000000000, 0.000000000000000000, 1.000000000000000000 ) ) ;
#1323 = ORIENTED_EDGE ( 'NONE', *, *, #3634, .F. ) ;
#1324 = ORIENTED_EDGE ( 'NONE', *, *, #940, .F. ) ;
#1325 = ORIENTED_EDGE ( 'NONE', *, *, #315, .F. ) ;
#1326 = VECTOR ( 'NONE', #188, 1000.000000000000000 ) ;
#1327 = DIRECTION ( 'NONE',  ( -1.000000000000000000, -6.693953523428911913E-16, 0.000000000000000000 ) ) ;
#1328 = PLANE ( 'NONE',  #1994 ) ;
#1329 = LINE ( 'NONE', #1647, #2872 ) ;
#1330 = CARTESIAN_POINT ( 'NONE',  ( -1.150000000000000355, 1.750000000000000000, -1.950000000000002176 ) ) ;
#1331 = DIRECTION ( 'NONE',  ( 0.000000000000000000, 0.000000000000000000, 1.000000000000000000 ) ) ;
#1332 = VECTOR ( 'NONE', #1692, 1000.000000000000000 ) ;
#1333 = DIRECTION ( 'NONE',  ( 2.094466133183748935E-15, 1.000000000000000000, 0.000000000000000000 ) ) ;
#1334 = CARTESIAN_POINT ( 'NONE',  ( -2.569999999999970974, 0.3198140980962019264, 0.4200000000000002620 ) ) ;
#1335 = AXIS2_PLACEMENT_3D ( 'NONE', #1797, #2066, #3013 ) ;
#1336 = CARTESIAN_POINT ( 'NONE',  ( -1.950000000000000400, 0.8200000000000151612, -0.4199999999999998179 ) ) ;
#1337 = ORIENTED_EDGE ( 'NONE', *, *, #1499, .F. ) ;
#1338 = EDGE_CURVE ( 'NONE', #3178, #718, #1419, .T. ) ;
#1339 = DIRECTION ( 'NONE',  ( 0.9975640502598247528, -0.06975647374411790558, -0.000000000000000000 ) ) ;
#1340 = VERTEX_POINT ( 'NONE', #1052 ) ;
#1341 = EDGE_LOOP ( 'NONE', ( #3993, #3434, #2949, #2749, #1792, #903, #2708, #4041, #1866, #1621, #333, #7 ) ) ;
#1342 = ORIENTED_EDGE ( 'NONE', *, *, #1550, .T. ) ;
#1343 = DIRECTION ( 'NONE',  ( -0.000000000000000000, -0.000000000000000000, -1.000000000000000000 ) ) ;
#1344 = CARTESIAN_POINT ( 'NONE',  ( 2.985351140513737178, -3.890381395410000956E-16, 0.8500000000000003109 ) ) ;
#1345 = DIRECTION ( 'NONE',  ( -0.000000000000000000, -0.000000000000000000, -1.000000000000000000 ) ) ;
#1346 = DIRECTION ( 'NONE',  ( -0.000000000000000000, -0.000000000000000000, -1.000000000000000000 ) ) ;
#1347 = MECHANICAL_DESIGN_GEOMETRIC_PRESENTATION_REPRESENTATION (  '', ( #3266 ), #1558 ) ;
#1348 = CARTESIAN_POINT ( 'NONE',  ( -2.985351140513737178, -3.890381395410000956E-16, -0.4199999999999998179 ) ) ;
#1349 = FILL_AREA_STYLE ('',( #79 ) ) ;
#1350 = VECTOR ( 'NONE', #4028, 1000.000000000000000 ) ;
#1351 = DIRECTION ( 'NONE',  ( -0.9975640502598246417, 0.06975647374411909907, -0.000000000000000000 ) ) ;
#1352 = LINE ( 'NONE', #2002, #3381 ) ;
#1353 = CARTESIAN_POINT ( 'NONE',  ( -2.273934777464703405, 0.7339347774647182465, 2.120000000000000551 ) ) ;
#1354 = DIRECTION ( 'NONE',  ( 1.000000000000000000, -0.000000000000000000, -0.000000000000000000 ) ) ;
#1355 = SURFACE_STYLE_USAGE ( .BOTH. , #2062 ) ;
#1356 = VERTEX_POINT ( 'NONE', #114 ) ;
#1357 = CARTESIAN_POINT ( 'NONE',  ( -2.360000000000000320, 0.3198140980962017044, -0.4199999999999998179 ) ) ;
#1358 = EDGE_CURVE ( 'NONE', #3118, #3622, #2592, .T. ) ;
#1359 = ORIENTED_EDGE ( 'NONE', *, *, #1065, .T. ) ;
#1360 = ADVANCED_FACE ( 'NONE', ( #2361 ), #3260, .F. ) ;
#1361 = ORIENTED_EDGE ( 'NONE', *, *, #3382, .T. ) ;
#1362 = CARTESIAN_POINT ( 'NONE',  ( -2.273934777464703405, 0.8200000000000149392, 0.4200000000000002620 ) ) ;
#1363 = EDGE_CURVE ( 'NONE', #1601, #927, #345, .T. ) ;
#1364 = ORIENTED_EDGE ( 'NONE', *, *, #3693, .T. ) ;
#1365 = DIRECTION ( 'NONE',  ( 1.000000000000000000, -0.000000000000000000, 0.000000000000000000 ) ) ;
#1366 = EDGE_CURVE ( 'NONE', #783, #214, #2484, .T. ) ;
#1367 = AXIS2_PLACEMENT_3D ( 'NONE', #3910, #1081, #2996 ) ;
#1368 = AXIS2_PLACEMENT_3D ( 'NONE', #350, #1213, #1574 ) ;
#1369 = CIRCLE ( 'NONE', #1704, 0.2960652225352674027 ) ;
#1370 = EDGE_CURVE ( 'NONE', #106, #1158, #3842, .T. ) ;
#1371 = LINE ( 'NONE', #2638, #3171 ) ;
#1372 = ORIENTED_EDGE ( 'NONE', *, *, #3564, .F. ) ;
#1373 = DIRECTION ( 'NONE',  ( 0.000000000000000000, 0.000000000000000000, 1.000000000000000000 ) ) ;
#1374 = AXIS2_PLACEMENT_3D ( 'NONE', #38, #1295, #747 ) ;
#1375 = DIRECTION ( 'NONE',  ( 0.000000000000000000, 0.000000000000000000, 1.000000000000000000 ) ) ;
#1376 = ORIENTED_EDGE ( 'NONE', *, *, #3638, .F. ) ;
#1377 = DIRECTION ( 'NONE',  ( -2.094466133183748935E-15, -1.000000000000000000, 0.000000000000000000 ) ) ;
#1378 = DIRECTION ( 'NONE',  ( -1.047233066591874073E-15, 1.000000000000000000, 0.000000000000000000 ) ) ;
#1379 = DIRECTION ( 'NONE',  ( -2.094466133183748935E-15, -1.000000000000000000, 0.000000000000000000 ) ) ;
#1380 = AXIS2_PLACEMENT_3D ( 'NONE', #1475, #1200, #161 ) ;
#1381 = DIRECTION ( 'NONE',  ( -0.000000000000000000, -0.000000000000000000, -1.000000000000000000 ) ) ;
#1382 = EDGE_LOOP ( 'NONE', ( #3640, #1323, #2266, #3613 ) ) ;
#1383 = LINE ( 'NONE', #2647, #1735 ) ;
#1384 = CARTESIAN_POINT ( 'NONE',  ( -1.767738509381682421, -0.2691517206454027145, -2.267738509381683532 ) ) ;
#1385 = ORIENTED_EDGE ( 'NONE', *, *, #2760, .F. ) ;
#1386 = CARTESIAN_POINT ( 'NONE',  ( -2.273934777464703405, 0.7339347774647182465, -1.689999999999999947 ) ) ;
#1387 = ORIENTED_EDGE ( 'NONE', *, *, #442, .T. ) ;
#1388 = EDGE_CURVE ( 'NONE', #3597, #3005, #2994, .T. ) ;
#1389 = STYLED_ITEM ( 'NONE', ( #1166 ), #2895 ) ;
#1390 = ORIENTED_EDGE ( 'NONE', *, *, #1676, .F. ) ;
#1391 = LINE ( 'NONE', #3291, #3159 ) ;
#1392 = CARTESIAN_POINT ( 'NONE',  ( 2.273934777464703405, 1.029999999999985372, -0.8499999999999998668 ) ) ;
#1393 = AXIS2_PLACEMENT_3D ( 'NONE', #3625, #2433, #3641 ) ;
#1394 = ORIENTED_EDGE ( 'NONE', *, *, #4042, .T. ) ;
#1395 = EDGE_CURVE ( 'NONE', #3349, #280, #621, .T. ) ;
#1396 = DIRECTION ( 'NONE',  ( 1.000000000000000000, 0.000000000000000000, 0.000000000000000000 ) ) ;
#1397 = PRESENTATION_STYLE_ASSIGNMENT (( #3247 ) ) ;
#1398 = LINE ( 'NONE', #3917, #1987 ) ;
#1399 = ORIENTED_EDGE ( 'NONE', *, *, #3495, .F. ) ;
#1400 = PLANE ( 'NONE',  #2661 ) ;
#1401 = DIRECTION ( 'NONE',  ( -0.000000000000000000, -0.000000000000000000, -1.000000000000000000 ) ) ;
#1402 = CLOSED_SHELL ( 'NONE', ( #3861, #2307, #2278, #3934, #2405, #3248, #1189, #574, #1720, #1491, #244, #2656, #2337, #3590 ) ) ;
#1403 = DIRECTION ( 'NONE',  ( -1.000000000000000000, 0.000000000000000000, 0.000000000000000000 ) ) ;
#1404 = VECTOR ( 'NONE', #3388, 1000.000000000000000 ) ;
#1405 = VERTEX_POINT ( 'NONE', #758 ) ;
#1406 = LINE ( 'NONE', #2931, #1688 ) ;
#1407 = VERTEX_POINT ( 'NONE', #1960 ) ;
#1408 = DIRECTION ( 'NONE',  ( -0.000000000000000000, -1.000000000000000000, -0.000000000000000000 ) ) ;
#1409 = VERTEX_POINT ( 'NONE', #2281 ) ;
#1410 = MANIFOLD_SOLID_BREP ( 'LPattern1[2]', #2331 ) ;
#1411 = CARTESIAN_POINT ( 'NONE',  ( 1.950000000000000400, 0.8200000000000151612, 0.8500000000000003109 ) ) ;
#1412 = DIRECTION ( 'NONE',  ( 0.000000000000000000, 1.000000000000000000, 0.000000000000000000 ) ) ;
#1413 = DIRECTION ( 'NONE',  ( -1.047233066591874073E-15, 1.000000000000000000, 0.000000000000000000 ) ) ;
#1414 = ORIENTED_EDGE ( 'NONE', *, *, #751, .F. ) ;
#1415 = EDGE_CURVE ( 'NONE', #2324, #3600, #3551, .T. ) ;
#1416 = DIRECTION ( 'NONE',  ( 1.000000000000000000, 0.000000000000000000, 0.000000000000000000 ) ) ;
#1417 = CARTESIAN_POINT ( 'NONE',  ( -2.273934777464703405, 0.7339347774647182465, 0.8500000000000003109 ) ) ;
#1418 = EDGE_CURVE ( 'NONE', #2029, #2173, #1484, .T. ) ;
#1419 = CIRCLE ( 'NONE', #2673, 0.2960652225352674027 ) ;
#1420 =( LENGTH_UNIT ( ) NAMED_UNIT ( * ) SI_UNIT ( .MILLI., .METRE. ) );
#1421 = EDGE_LOOP ( 'NONE', ( #2777, #261, #3667, #3429 ) ) ;
#1422 = MANIFOLD_SOLID_BREP ( 'LPattern1[3]', #3579 ) ;
#1423 = EDGE_CURVE ( 'NONE', #777, #292, #3635, .T. ) ;
#1424 = AXIS2_PLACEMENT_3D ( 'NONE', #625, #3293, #77 ) ;
#1425 = VECTOR ( 'NONE', #3756, 1000.000000000000000 ) ;
#1426 = DIRECTION ( 'NONE',  ( -0.1628445083463880283, 0.9731204099199886048, -0.1628445083463880283 ) ) ;
#1427 = CARTESIAN_POINT ( 'NONE',  ( 1.950000000000000400, 1.029999999999985816, 0.8500000000000003109 ) ) ;
#1428 = CARTESIAN_POINT ( 'NONE',  ( 2.569999999999970530, 0.7339347774647182465, -0.8499999999999998668 ) ) ;
#1429 = VERTEX_POINT ( 'NONE', #2047 ) ;
#1430 = DIRECTION ( 'NONE',  ( -0.000000000000000000, -0.000000000000000000, -1.000000000000000000 ) ) ;
#1431 = VERTEX_POINT ( 'NONE', #3014 ) ;
#1432 = FACE_OUTER_BOUND ( 'NONE', #2023, .T. ) ;
#1433 = CARTESIAN_POINT ( 'NONE',  ( 2.650061616099202322, 0.2339585261173780240, -0.8499999999999998668 ) ) ;
#1434 = ORIENTED_EDGE ( 'NONE', *, *, #3307, .T. ) ;
#1435 = LINE ( 'NONE', #2350, #1034 ) ;
#1436 = ORIENTED_EDGE ( 'NONE', *, *, #828, .F. ) ;
#1437 = AXIS2_PLACEMENT_3D ( 'NONE', #1809, #3061, #2581 ) ;
#1438 = AXIS2_PLACEMENT_3D ( 'NONE', #877, #3062, #945 ) ;
#1439 = DIRECTION ( 'NONE',  ( -0.000000000000000000, 1.000000000000000000, -0.000000000000000000 ) ) ;
#1440 = DIRECTION ( 'NONE',  ( -0.000000000000000000, -0.000000000000000000, -1.000000000000000000 ) ) ;
#1441 = VECTOR ( 'NONE', #336, 1000.000000000000000 ) ;
#1442 = ADVANCED_FACE ( 'NONE', ( #200 ), #177, .F. ) ;
#1443 = FILL_AREA_STYLE ('',( #2104 ) ) ;
#1444 = VECTOR ( 'NONE', #2089, 1000.000000000000000 ) ;
#1445 = ORIENTED_EDGE ( 'NONE', *, *, #3938, .F. ) ;
#1446 =( NAMED_UNIT ( * ) SI_UNIT ( $, .STERADIAN. ) SOLID_ANGLE_UNIT ( ) );
#1447 = ADVANCED_FACE ( 'NONE', ( #2468 ), #2087, .F. ) ;
#1448 = AXIS2_PLACEMENT_3D ( 'NONE', #1330, #2641, #3894 ) ;
#1449 = CARTESIAN_POINT ( 'NONE',  ( 2.360000000000000320, 0.7339347774647182465, -1.689999999999999947 ) ) ;
#1450 = CARTESIAN_POINT ( 'NONE',  ( -2.569999999999970974, 0.3198140980962019264, 0.8500000000000003109 ) ) ;
#1451 = ORIENTED_EDGE ( 'NONE', *, *, #3815, .F. ) ;
#1452 = VECTOR ( 'NONE', #1534, 1000.000000000000227 ) ;
#1453 = ORIENTED_EDGE ( 'NONE', *, *, #3937, .T. ) ;
#1454 = FACE_OUTER_BOUND ( 'NONE', #2754, .T. ) ;
#1455 = ORIENTED_EDGE ( 'NONE', *, *, #140, .F. ) ;
#1456 = LINE ( 'NONE', #219, #1649 ) ;
#1457 = ORIENTED_EDGE ( 'NONE', *, *, #1849, .T. ) ;
#1458 = LINE ( 'NONE', #2724, #1101 ) ;
#1459 = ORIENTED_EDGE ( 'NONE', *, *, #3466, .T. ) ;
#1460 = VECTOR ( 'NONE', #1591, 1000.000000000000227 ) ;
#1461 = FACE_OUTER_BOUND ( 'NONE', #489, .T. ) ;
#1462 = AXIS2_PLACEMENT_3D ( 'NONE', #20, #1646, #2330 ) ;
#1463 = CARTESIAN_POINT ( 'NONE',  ( -2.569999999999970530, 0.7339347774647182465, 2.120000000000000551 ) ) ;
#1464 = ORIENTED_EDGE ( 'NONE', *, *, #1551, .T. ) ;
#1465 = DIRECTION ( 'NONE',  ( -0.9975640502598247528, -0.06975647374411790558, 0.000000000000000000 ) ) ;
#1466 = ORIENTED_EDGE ( 'NONE', *, *, #2715, .T. ) ;
#1467 = DIRECTION ( 'NONE',  ( 1.000000000000000000, 0.000000000000000000, 0.000000000000000000 ) ) ;
#1468 = ORIENTED_EDGE ( 'NONE', *, *, #2857, .F. ) ;
#1469 = EDGE_CURVE ( 'NONE', #720, #678, #1775, .T. ) ;
#1470 = LINE ( 'NONE', #1117, #3418 ) ;
#1471 = EDGE_LOOP ( 'NONE', ( #2038, #1821, #3155, #659 ) ) ;
#1472 = FACE_OUTER_BOUND ( 'NONE', #1220, .T. ) ;
#1473 = EDGE_CURVE ( 'NONE', #798, #2065, #2689, .T. ) ;
#1474 = EDGE_CURVE ( 'NONE', #678, #2682, #1470, .T. ) ;
#1475 = CARTESIAN_POINT ( 'NONE',  ( 2.656065222535267445, 0.3198140980962017044, 2.120000000000000551 ) ) ;
#1476 = VERTEX_POINT ( 'NONE', #2733 ) ;
#1477 = CARTESIAN_POINT ( 'NONE',  ( 2.273934777464703405, 0.7339347774647182465, 0.8500000000000003109 ) ) ;
#1478 = CARTESIAN_POINT ( 'NONE',  ( 2.656065222535267445, 0.3198140980962017044, -0.4199999999999998179 ) ) ;
#1479 = DIRECTION ( 'NONE',  ( -0.000000000000000000, -0.000000000000000000, -1.000000000000000000 ) ) ;
#1480 = CARTESIAN_POINT ( 'NONE',  ( 2.273934777464703405, 1.029999999999985372, 0.8500000000000003109 ) ) ;
#1481 = ORIENTED_EDGE ( 'NONE', *, *, #2714, .F. ) ;
#1482 = LINE ( 'NONE', #2748, #3346 ) ;
#1483 = ORIENTED_EDGE ( 'NONE', *, *, #2607, .F. ) ;
#1484 = CIRCLE ( 'NONE', #2013, 0.08606522253529635957 ) ;
#1485 = CARTESIAN_POINT ( 'NONE',  ( 2.985351140513737178, -3.890381395410000956E-16, -1.689999999999999947 ) ) ;
#1486 = CARTESIAN_POINT ( 'NONE',  ( 2.985351140513737178, -3.890381395410000956E-16, -0.8499999999999998668 ) ) ;
#1487 = DIRECTION ( 'NONE',  ( -0.000000000000000000, -0.000000000000000000, -1.000000000000000000 ) ) ;
#1488 = AXIS2_PLACEMENT_3D ( 'NONE', #3445, #3421, #2480 ) ;
#1489 = EDGE_CURVE ( 'NONE', #521, #1079, #3984, .T. ) ;
#1490 = EDGE_CURVE ( 'NONE', #125, #3371, #844, .T. ) ;
#1491 = ADVANCED_FACE ( 'NONE', ( #2446 ), #867, .T. ) ;
#1492 = CARTESIAN_POINT ( 'NONE',  ( -2.569999999999970530, 0.7339347774647182465, -0.4199999999999998179 ) ) ;
#1493 = ORIENTED_EDGE ( 'NONE', *, *, #1159, .T. ) ;
#1494 = ADVANCED_FACE ( 'NONE', ( #1617 ), #2870, .F. ) ;
#1495 = EDGE_CURVE ( 'NONE', #2578, #1409, #4093, .T. ) ;
#1496 = DIRECTION ( 'NONE',  ( -0.000000000000000000, -0.000000000000000000, -1.000000000000000000 ) ) ;
#1497 = CARTESIAN_POINT ( 'NONE',  ( -2.273934777464703405, 0.8200000000000151612, 2.120000000000000551 ) ) ;
#1498 = LINE ( 'NONE', #2078, #3802 ) ;
#1499 = EDGE_CURVE ( 'NONE', #935, #3411, #25, .T. ) ;
#1500 = CARTESIAN_POINT ( 'NONE',  ( -3.000000000000000000, 0.2094884505545331899, 2.120000000000000551 ) ) ;
#1501 = ORIENTED_EDGE ( 'NONE', *, *, #3253, .F. ) ;
#1502 = AXIS2_PLACEMENT_3D ( 'NONE', #1478, #3000, #1396 ) ;
#1503 = CARTESIAN_POINT ( 'NONE',  ( 2.360000000000000320, 0.7339347774647182465, 2.120000000000000551 ) ) ;
#1504 = AXIS2_PLACEMENT_3D ( 'NONE', #3133, #1939, #3154 ) ;
#1505 = ORIENTED_EDGE ( 'NONE', *, *, #804, .T. ) ;
#1506 = FACE_OUTER_BOUND ( 'NONE', #1086, .T. ) ;
#1507 = VERTEX_POINT ( 'NONE', #1900 ) ;
#1508 = LINE ( 'NONE', #2509, #2270 ) ;
#1509 = VECTOR ( 'NONE', #1674, 1000.000000000000000 ) ;
#1510 = DIRECTION ( 'NONE',  ( -0.06975647374411889090, 0.9975640502598246417, 0.000000000000000000 ) ) ;
#1511 = CARTESIAN_POINT ( 'NONE',  ( -1.950000000000000400, 0.8200000000000151612, 0.8500000000000003109 ) ) ;
#1512 = ORIENTED_EDGE ( 'NONE', *, *, #754, .F. ) ;
#1513 = LINE ( 'NONE', #2773, #1444 ) ;
#1514 = LINE ( 'NONE', #2137, #3295 ) ;
#1515 = ORIENTED_EDGE ( 'NONE', *, *, #1970, .T. ) ;
#1516 = ORIENTED_EDGE ( 'NONE', *, *, #2710, .F. ) ;
#1517 = ORIENTED_EDGE ( 'NONE', *, *, #2757, .T. ) ;
#1518 = DIRECTION ( 'NONE',  ( 6.693953523428912899E-16, -1.000000000000000000, 0.000000000000000000 ) ) ;
#1519 = DIRECTION ( 'NONE',  ( 1.000000000000000000, 0.000000000000000000, 0.000000000000000000 ) ) ;
#1520 = DIRECTION ( 'NONE',  ( -1.000000000000000000, 0.000000000000000000, 0.000000000000000000 ) ) ;
#1521 = LINE ( 'NONE', #2458, #725 ) ;
#1522 = MANIFOLD_SOLID_BREP ( 'Boss-Extrude3[2]', #3907 ) ;
#1523 = ADVANCED_FACE ( 'NONE', ( #968 ), #3452, .F. ) ;
#1524 = DIRECTION ( 'NONE',  ( 1.000000000000000000, -6.693953523428912899E-16, 0.000000000000000000 ) ) ;
#1525 = LINE ( 'NONE', #3425, #672 ) ;
#1526 = PRESENTATION_LAYER_ASSIGNMENT (  '', '', ( #1389 ) ) ;
#1527 = ORIENTED_EDGE ( 'NONE', *, *, #631, .T. ) ;
#1528 = DIRECTION ( 'NONE',  ( -0.000000000000000000, -0.000000000000000000, -1.000000000000000000 ) ) ;
#1529 = ORIENTED_EDGE ( 'NONE', *, *, #683, .T. ) ;
#1530 = FILL_AREA_STYLE ('',( #314 ) ) ;
#1531 = CARTESIAN_POINT ( 'NONE',  ( -2.985351140513737178, -3.890381395410000956E-16, 0.8500000000000003109 ) ) ;
#1532 = ORIENTED_EDGE ( 'NONE', *, *, #2179, .F. ) ;
#1533 = FACE_OUTER_BOUND ( 'NONE', #1681, .T. ) ;
#1534 = DIRECTION ( 'NONE',  ( -0.9975640502598246417, -0.06975647374411909907, 0.000000000000000000 ) ) ;
#1535 = VERTEX_POINT ( 'NONE', #1299 ) ;
#1536 = ORIENTED_EDGE ( 'NONE', *, *, #884, .T. ) ;
#1537 = EDGE_LOOP ( 'NONE', ( #1635, #619, #3239, #3338 ) ) ;
#1538 = MANIFOLD_SOLID_BREP ( 'Boss-Extrude2', #1271 ) ;
#1539 = CARTESIAN_POINT ( 'NONE',  ( -2.635412756612939500, 0.02447007556284402918, 0.4200000000000002620 ) ) ;
#1540 = AXIS2_PLACEMENT_3D ( 'NONE', #2606, #3858, #1984 ) ;
#1541 = CARTESIAN_POINT ( 'NONE',  ( -2.985351140513737178, -3.890381395410000956E-16, 1.690000000000000169 ) ) ;
#1542 = CARTESIAN_POINT ( 'NONE',  ( 2.650061616099202322, 0.2339585261173780240, -2.120000000000000107 ) ) ;
#1543 = EDGE_CURVE ( 'NONE', #3650, #1141, #3430, .T. ) ;
#1544 = CARTESIAN_POINT ( 'NONE',  ( 2.273934777464703405, 1.029999999999985372, 2.120000000000000551 ) ) ;
#1545 = EDGE_CURVE ( 'NONE', #3460, #2344, #2236, .T. ) ;
#1546 = ADVANCED_FACE ( 'NONE', ( #3112 ), #274, .T. ) ;
#1547 = EDGE_CURVE ( 'NONE', #3885, #3324, #85, .T. ) ;
#1548 = LINE ( 'NONE', #2145, #2312 ) ;
#1549 = CARTESIAN_POINT ( 'NONE',  ( -1.950000000000000400, 0.8200000000000151612, 2.120000000000000551 ) ) ;
#1550 = EDGE_CURVE ( 'NONE', #1431, #3845, #2258, .T. ) ;
#1551 = EDGE_CURVE ( 'NONE', #3216, #3479, #3254, .T. ) ;
#1552 = PLANE ( 'NONE',  #839 ) ;
#1553 = ORIENTED_EDGE ( 'NONE', *, *, #760, .F. ) ;
#1554 = CARTESIAN_POINT ( 'NONE',  ( -1.150000000000000355, 1.700000000000000178, -1.950000000000002176 ) ) ;
#1555 = DIRECTION ( 'NONE',  ( -0.000000000000000000, -0.000000000000000000, -1.000000000000000000 ) ) ;
#1556 = EDGE_LOOP ( 'NONE', ( #3790, #2495, #1390, #1268 ) ) ;
#1557 = CARTESIAN_POINT ( 'NONE',  ( 1.829513321461377462, 1.750000000000000000, 0.000000000000000000 ) ) ;
#1558 =( GEOMETRIC_REPRESENTATION_CONTEXT ( 3 ) GLOBAL_UNCERTAINTY_ASSIGNED_CONTEXT ( ( #1228 ) ) GLOBAL_UNIT_ASSIGNED_CONTEXT ( ( #2627, #739, #1817 ) ) REPRESENTATION_CONTEXT ( 'NONE', 'WORKASPACE' ) );
#1559 = ORIENTED_EDGE ( 'NONE', *, *, #2784, .T. ) ;
#1560 = PLANE ( 'NONE',  #84 ) ;
#1561 = ORIENTED_EDGE ( 'NONE', *, *, #1550, .F. ) ;
#1562 = EDGE_LOOP ( 'NONE', ( #3396, #3387, #1135, #3313 ) ) ;
#1563 = VECTOR ( 'NONE', #2375, 1000.000000000000000 ) ;
#1564 = VERTEX_POINT ( 'NONE', #3529 ) ;
#1565 = DIRECTION ( 'NONE',  ( -0.000000000000000000, -0.000000000000000000, -1.000000000000000000 ) ) ;
#1566 = LINE ( 'NONE', #3711, #4012 ) ;
#1567 = CARTESIAN_POINT ( 'NONE',  ( -2.273934777464703405, 0.8200000000000151612, 2.120000000000000551 ) ) ;
#1568 = CARTESIAN_POINT ( 'NONE',  ( -2.273934777464703405, 0.7339347774647182465, -0.8499999999999998668 ) ) ;
#1569 = DIRECTION ( 'NONE',  ( -1.000000000000000000, 0.000000000000000000, 0.000000000000000000 ) ) ;
#1570 = CARTESIAN_POINT ( 'NONE',  ( 1.950000000000000400, 1.029999999999985816, -0.4199999999999998179 ) ) ;
#1571 = EDGE_CURVE ( 'NONE', #2108, #2797, #1007, .T. ) ;
#1572 = VECTOR ( 'NONE', #1995, 1000.000000000000000 ) ;
#1573 = EDGE_CURVE ( 'NONE', #2246, #1640, #62, .T. ) ;
#1574 = DIRECTION ( 'NONE',  ( -0.06975647374411889090, -0.9975640502598246417, 0.000000000000000000 ) ) ;
#1575 = ORIENTED_EDGE ( 'NONE', *, *, #1933, .T. ) ;
#1576 = DIRECTION ( 'NONE',  ( 0.06975647374411790558, 0.9975640502598247528, -0.000000000000000000 ) ) ;
#1577 = PLANE ( 'NONE',  #2292 ) ;
#1578 = VECTOR ( 'NONE', #1528, 1000.000000000000000 ) ;
#1579 = AXIS2_PLACEMENT_3D ( 'NONE', #431, #3997, #3027 ) ;
#1580 = DIRECTION ( 'NONE',  ( -0.000000000000000000, -1.000000000000000000, -0.000000000000000000 ) ) ;
#1581 = AXIS2_PLACEMENT_3D ( 'NONE', #1634, #2910, #2004 ) ;
#1582 = DIRECTION ( 'NONE',  ( 0.06975647374411911295, -0.9975640502598247528, 0.000000000000000000 ) ) ;
#1583 = ORIENTED_EDGE ( 'NONE', *, *, #1897, .T. ) ;
#1584 = VERTEX_POINT ( 'NONE', #1320 ) ;
#1585 = AXIS2_PLACEMENT_3D ( 'NONE', #4024, #3402, #3424 ) ;
#1586 = ORIENTED_EDGE ( 'NONE', *, *, #2228, .T. ) ;
#1587 = DIRECTION ( 'NONE',  ( -0.000000000000000000, -0.000000000000000000, -1.000000000000000000 ) ) ;
#1588 = CARTESIAN_POINT ( 'NONE',  ( -1.950000000000000400, 0.8200000000000151612, 2.120000000000000551 ) ) ;
#1589 = DIRECTION ( 'NONE',  ( -1.000000000000000000, -2.094466133183748935E-15, 0.000000000000000000 ) ) ;
#1590 = AXIS2_PLACEMENT_3D ( 'NONE', #2557, #2201, #3772 ) ;
#1591 = DIRECTION ( 'NONE',  ( -0.9975640502598246417, -0.06975647374411909907, 0.000000000000000000 ) ) ;
#1592 = CARTESIAN_POINT ( 'NONE',  ( 2.273934777464703405, 1.029999999999985372, -0.4199999999999998179 ) ) ;
#1593 = PLANE ( 'NONE',  #180 ) ;
#1594 = LINE ( 'NONE', #2851, #1006 ) ;
#1595 = CYLINDRICAL_SURFACE ( 'NONE', #4011, 0.2960652225352670142 ) ;
#1596 = ORIENTED_EDGE ( 'NONE', *, *, #1294, .T. ) ;
#1597 = SURFACE_STYLE_USAGE ( .BOTH. , #1281 ) ;
#1598 = DIRECTION ( 'NONE',  ( 1.000000000000000000, 0.000000000000000000, -0.000000000000000000 ) ) ;
#1599 = CARTESIAN_POINT ( 'NONE',  ( 2.656065222535267445, 0.3198140980962017044, -0.4199999999999998179 ) ) ;
#1600 = LINE ( 'NONE', #1619, #2807 ) ;
#1601 = VERTEX_POINT ( 'NONE', #374 ) ;
#1602 = ADVANCED_FACE ( 'NONE', ( #352 ), #3899, .T. ) ;
#1603 = VERTEX_POINT ( 'NONE', #3882 ) ;
#1604 = VERTEX_POINT ( 'NONE', #735 ) ;
#1605 = ADVANCED_FACE ( 'NONE', ( #1656 ), #673, .F. ) ;
#1606 = EDGE_CURVE ( 'NONE', #1158, #1633, #415, .T. ) ;
#1607 = CARTESIAN_POINT ( 'NONE',  ( -2.359999999999999876, 0.7339347774647182465, -1.689999999999999947 ) ) ;
#1608 = CLOSED_SHELL ( 'NONE', ( #343, #3256, #507, #1602, #2785, #947, #3257, #1442, #861, #3439, #1188, #2653, #195, #2586 ) ) ;
#1609 = CARTESIAN_POINT ( 'NONE',  ( 3.000000000000000000, 0.2094884505545331899, 0.4200000000000002620 ) ) ;
#1610 = DIRECTION ( 'NONE',  ( 0.06975647374411889090, 0.9975640502598246417, -0.000000000000000000 ) ) ;
#1611 = VECTOR ( 'NONE', #3451, 1000.000000000000000 ) ;
#1612 =( GEOMETRIC_REPRESENTATION_CONTEXT ( 3 ) GLOBAL_UNCERTAINTY_ASSIGNED_CONTEXT ( ( #3753 ) ) GLOBAL_UNIT_ASSIGNED_CONTEXT ( ( #2663, #41, #690 ) ) REPRESENTATION_CONTEXT ( 'NONE', 'WORKASPACE' ) );
#1613 = FACE_OUTER_BOUND ( 'NONE', #3721, .T. ) ;
#1614 = DIRECTION ( 'NONE',  ( -0.000000000000000000, 1.000000000000000000, -0.000000000000000000 ) ) ;
#1615 = LINE ( 'NONE', #3784, #2571 ) ;
#1616 = ORIENTED_EDGE ( 'NONE', *, *, #1926, .F. ) ;
#1617 = FACE_OUTER_BOUND ( 'NONE', #240, .T. ) ;
#1618 =( LENGTH_UNIT ( ) NAMED_UNIT ( * ) SI_UNIT ( .MILLI., .METRE. ) );
#1619 = CARTESIAN_POINT ( 'NONE',  ( -2.360000000000000320, 0.3198140980962017044, 2.120000000000000551 ) ) ;
#1620 = VERTEX_POINT ( 'NONE', #2604 ) ;
#1621 = ORIENTED_EDGE ( 'NONE', *, *, #760, .T. ) ;
#1622 = ORIENTED_EDGE ( 'NONE', *, *, #1547, .T. ) ;
#1623 = EDGE_CURVE ( 'NONE', #3435, #3290, #912, .T. ) ;
#1624 = MECHANICAL_DESIGN_GEOMETRIC_PRESENTATION_REPRESENTATION (  '', ( #3399 ), #2675 ) ;
#1625 = DIRECTION ( 'NONE',  ( 1.000000000000000000, 1.047233066591874073E-15, -0.000000000000000000 ) ) ;
#1626 = EDGE_CURVE ( 'NONE', #660, #3459, #1941, .T. ) ;
#1627 = EDGE_CURVE ( 'NONE', #1235, #4027, #3857, .T. ) ;
#1628 = CARTESIAN_POINT ( 'NONE',  ( -2.569999999999970530, 0.7339347774647182465, -1.689999999999999947 ) ) ;
#1629 = SURFACE_STYLE_USAGE ( .BOTH. , #3168 ) ;
#1630 = DIRECTION ( 'NONE',  ( -1.000000000000000000, 0.000000000000000000, 0.000000000000000000 ) ) ;
#1631 = DIRECTION ( 'NONE',  ( 1.000000000000000000, -2.094466133183748935E-15, 0.000000000000000000 ) ) ;
#1632 = LINE ( 'NONE', #2212, #3816 ) ;
#1633 = VERTEX_POINT ( 'NONE', #2621 ) ;
#1634 = CARTESIAN_POINT ( 'NONE',  ( 2.273934777464703405, 0.8200000000000151612, -1.689999999999999947 ) ) ;
#1635 = ORIENTED_EDGE ( 'NONE', *, *, #1606, .T. ) ;
#1636 = AXIS2_PLACEMENT_3D ( 'NONE', #2162, #1565, #2821 ) ;
#1637 = AXIS2_PLACEMENT_3D ( 'NONE', #1386, #2009, #782 ) ;
#1638 = DIRECTION ( 'NONE',  ( -1.000000000000000000, 0.000000000000000000, 0.000000000000000000 ) ) ;
#1639 = ORIENTED_EDGE ( 'NONE', *, *, #751, .T. ) ;
#1640 = VERTEX_POINT ( 'NONE', #3825 ) ;
#1641 = ORIENTED_EDGE ( 'NONE', *, *, #2634, .F. ) ;
#1642 =( GEOMETRIC_REPRESENTATION_CONTEXT ( 3 ) GLOBAL_UNCERTAINTY_ASSIGNED_CONTEXT ( ( #2521 ) ) GLOBAL_UNIT_ASSIGNED_CONTEXT ( ( #3765, #907, #1838 ) ) REPRESENTATION_CONTEXT ( 'NONE', 'WORKASPACE' ) );
#1643 = DIRECTION ( 'NONE',  ( -1.000000000000000000, 0.000000000000000000, 0.000000000000000000 ) ) ;
#1644 = AXIS2_PLACEMENT_3D ( 'NONE', #4054, #1217, #596 ) ;
#1645 = DIRECTION ( 'NONE',  ( -1.000000000000000000, 0.000000000000000000, 0.000000000000000000 ) ) ;
#1646 = DIRECTION ( 'NONE',  ( -1.000000000000000000, 0.000000000000000000, 0.000000000000000000 ) ) ;
#1647 = CARTESIAN_POINT ( 'NONE',  ( 2.273934777464703405, 0.8200000000000151612, 1.690000000000000169 ) ) ;
#1648 = VECTOR ( 'NONE', #1753, 1000.000000000000000 ) ;
#1649 = VECTOR ( 'NONE', #1844, 1000.000000000000114 ) ;
#1650 = CARTESIAN_POINT ( 'NONE',  ( -2.359999999999999876, 0.7339347774647182465, 2.120000000000000551 ) ) ;
#1651 = CARTESIAN_POINT ( 'NONE',  ( 2.273934777464703405, 0.7339347774647182465, -0.4199999999999998179 ) ) ;
#1652 = FACE_OUTER_BOUND ( 'NONE', #2639, .T. ) ;
#1653 = EDGE_CURVE ( 'NONE', #2612, #3310, #3547, .T. ) ;
#1654 = DIRECTION ( 'NONE',  ( 0.06975647374411889090, 0.9975640502598246417, -0.000000000000000000 ) ) ;
#1655 = DIRECTION ( 'NONE',  ( -0.000000000000000000, 0.000000000000000000, -1.000000000000000000 ) ) ;
#1656 = FACE_OUTER_BOUND ( 'NONE', #2537, .T. ) ;
#1657 = ORIENTED_EDGE ( 'NONE', *, *, #3987, .F. ) ;
#1658 = FACE_OUTER_BOUND ( 'NONE', #1471, .T. ) ;
#1659 = DIRECTION ( 'NONE',  ( -1.000000000000000000, 0.000000000000000000, 0.000000000000000000 ) ) ;
#1660 = ORIENTED_EDGE ( 'NONE', *, *, #607, .T. ) ;
#1661 = ORIENTED_EDGE ( 'NONE', *, *, #800, .T. ) ;
#1662 = ORIENTED_EDGE ( 'NONE', *, *, #3822, .F. ) ;
#1663 = VECTOR ( 'NONE', #693, 1000.000000000000114 ) ;
#1664 = DIRECTION ( 'NONE',  ( -1.047233066591874073E-15, 1.000000000000000000, 0.000000000000000000 ) ) ;
#1665 = CARTESIAN_POINT ( 'NONE',  ( -3.000000000000000000, 0.2094884505545331899, 0.4200000000000002620 ) ) ;
#1666 = LINE ( 'NONE', #3223, #554 ) ;
#1667 = CYLINDRICAL_SURFACE ( 'NONE', #2962, 0.2960652225352674027 ) ;
#1668 = ADVANCED_FACE ( 'NONE', ( #691 ), #2320, .F. ) ;
#1669 = PLANE ( 'NONE',  #3369 ) ;
#1670 = ORIENTED_EDGE ( 'NONE', *, *, #319, .T. ) ;
#1671 = DIRECTION ( 'NONE',  ( 2.094466133183748935E-15, -1.000000000000000000, 0.000000000000000000 ) ) ;
#1672 = ADVANCED_FACE ( 'NONE', ( #2021 ), #1025, .T. ) ;
#1673 = EDGE_CURVE ( 'NONE', #1942, #1182, #2340, .T. ) ;
#1674 = DIRECTION ( 'NONE',  ( 0.000000000000000000, -0.000000000000000000, 1.000000000000000000 ) ) ;
#1675 = EDGE_CURVE ( 'NONE', #3436, #1881, #3350, .T. ) ;
#1676 = EDGE_CURVE ( 'NONE', #806, #3364, #3031, .T. ) ;
#1677 = FILL_AREA_STYLE_COLOUR ( '', #3951 ) ;
#1678 = ORIENTED_EDGE ( 'NONE', *, *, #1162, .T. ) ;
#1679 = DIRECTION ( 'NONE',  ( 1.000000000000000000, 0.000000000000000000, 0.000000000000000000 ) ) ;
#1680 = VERTEX_POINT ( 'NONE', #1480 ) ;
#1681 = EDGE_LOOP ( 'NONE', ( #382, #1561, #1532, #2819 ) ) ;
#1682 = EDGE_CURVE ( 'NONE', #3343, #1429, #3980, .T. ) ;
#1683 = LINE ( 'NONE', #2225, #368 ) ;
#1684 = ORIENTED_EDGE ( 'NONE', *, *, #1159, .F. ) ;
#1685 = CARTESIAN_POINT ( 'NONE',  ( -2.273934777464703405, 0.7339347774647182465, -0.8499999999999998668 ) ) ;
#1686 = DIRECTION ( 'NONE',  ( 1.000000000000000000, 0.000000000000000000, -0.000000000000000000 ) ) ;
#1687 = CARTESIAN_POINT ( 'NONE',  ( -2.650061616099202322, 0.2339585261173780240, 0.8500000000000003109 ) ) ;
#1688 = VECTOR ( 'NONE', #1339, 1000.000000000000114 ) ;
#1689 = LINE ( 'NONE', #1042, #1043 ) ;
#1690 = VECTOR ( 'NONE', #1555, 1000.000000000000000 ) ;
#1691 = SURFACE_STYLE_FILL_AREA ( #1044 ) ;
#1692 = DIRECTION ( 'NONE',  ( -0.000000000000000000, -0.000000000000000000, -1.000000000000000000 ) ) ;
#1693 = CARTESIAN_POINT ( 'NONE',  ( 2.360000000000000320, 0.3198140980962017044, 2.120000000000000551 ) ) ;
#1694 = CARTESIAN_POINT ( 'NONE',  ( -2.650061616099202322, 0.2339585261173780240, -1.689999999999999947 ) ) ;
#1695 = ADVANCED_FACE ( 'NONE', ( #3922 ), #817, .F. ) ;
#1696 = ORIENTED_EDGE ( 'NONE', *, *, #3488, .F. ) ;
#1697 = DIRECTION ( 'NONE',  ( -0.9975640502598246417, 0.06975647374411909907, -0.000000000000000000 ) ) ;
#1698 = CYLINDRICAL_SURFACE ( 'NONE', #2613, 0.2960652225352674027 ) ;
#1699 = ORIENTED_EDGE ( 'NONE', *, *, #2385, .T. ) ;
#1700 = DIRECTION ( 'NONE',  ( -0.000000000000000000, -0.000000000000000000, -1.000000000000000000 ) ) ;
#1701 = ORIENTED_EDGE ( 'NONE', *, *, #318, .T. ) ;
#1702 = VECTOR ( 'NONE', #3810, 1000.000000000000000 ) ;
#1703 = CIRCLE ( 'NONE', #2237, 0.2960652225352674027 ) ;
#1704 = AXIS2_PLACEMENT_3D ( 'NONE', #1255, #921, #2142 ) ;
#1705 = CARTESIAN_POINT ( 'NONE',  ( 1.950000000000000400, 1.029999999999985816, -1.689999999999999947 ) ) ;
#1706 = CARTESIAN_POINT ( 'NONE',  ( 3.000000000000000000, 0.2094884505545331899, 2.120000000000000551 ) ) ;
#1707 = VECTOR ( 'NONE', #2729, 1000.000000000000000 ) ;
#1708 = EDGE_LOOP ( 'NONE', ( #1885, #966, #1325, #464 ) ) ;
#1709 = CARTESIAN_POINT ( 'NONE',  ( -1.950000000000000400, 0.8200000000000151612, -0.4199999999999998179 ) ) ;
#1710 = DIRECTION ( 'NONE',  ( -0.9975640502598246417, -0.06975647374411909907, 0.000000000000000000 ) ) ;
#1711 = ORIENTED_EDGE ( 'NONE', *, *, #3443, .F. ) ;
#1712 = LINE ( 'NONE', #2585, #2097 ) ;
#1713 = CARTESIAN_POINT ( 'NONE',  ( 2.985351140513737178, -3.890381395410000956E-16, -0.4199999999999998179 ) ) ;
#1714 = VECTOR ( 'NONE', #3348, 1000.000000000000000 ) ;
#1715 = ORIENTED_EDGE ( 'NONE', *, *, #3307, .F. ) ;
#1716 = CARTESIAN_POINT ( 'NONE',  ( 2.273934777464703405, 0.7339347774647182465, -1.689999999999999947 ) ) ;
#1717 = VERTEX_POINT ( 'NONE', #543 ) ;
#1718 = DIRECTION ( 'NONE',  ( -2.094466133183748935E-15, 1.000000000000000000, -0.000000000000000000 ) ) ;
#1719 = EDGE_CURVE ( 'NONE', #3026, #3411, #3287, .T. ) ;
#1720 = ADVANCED_FACE ( 'NONE', ( #2666 ), #1107, .F. ) ;
#1721 = EDGE_CURVE ( 'NONE', #3265, #3789, #109, .T. ) ;
#1722 = ORIENTED_EDGE ( 'NONE', *, *, #1653, .T. ) ;
#1723 = VECTOR ( 'NONE', #1787, 1000.000000000000114 ) ;
#1724 = DIRECTION ( 'NONE',  ( -1.000000000000000000, -6.693953523428911913E-16, 0.000000000000000000 ) ) ;
#1725 = EDGE_CURVE ( 'NONE', #514, #2475, #3067, .T. ) ;
#1726 = CARTESIAN_POINT ( 'NONE',  ( -1.780997676330971169, 2.039918063287773808, -2.280997676330972279 ) ) ;
#1727 = AXIS2_PLACEMENT_3D ( 'NONE', #1568, #2208, #3467 ) ;
#1728 =( LENGTH_UNIT ( ) NAMED_UNIT ( * ) SI_UNIT ( .MILLI., .METRE. ) );
#1729 = VERTEX_POINT ( 'NONE', #3010 ) ;
#1730 = DIRECTION ( 'NONE',  ( -0.9975640502598246417, 0.06975647374411909907, -0.000000000000000000 ) ) ;
#1731 = CARTESIAN_POINT ( 'NONE',  ( 2.273934777464703405, 1.029999999999985372, -1.689999999999999947 ) ) ;
#1732 = LINE ( 'NONE', #3605, #418 ) ;
#1733 = LINE ( 'NONE', #2988, #1707 ) ;
#1734 = LINE ( 'NONE', #3940, #2376 ) ;
#1735 = VECTOR ( 'NONE', #3902, 1000.000000000000000 ) ;
#1736 = VERTEX_POINT ( 'NONE', #152 ) ;
#1737 = SURFACE_STYLE_USAGE ( .BOTH. , #3653 ) ;
#1738 = EDGE_LOOP ( 'NONE', ( #1527, #2956, #1662, #1865 ) ) ;
#1739 = CARTESIAN_POINT ( 'NONE',  ( 2.650061616099202322, 0.2339585261173780240, 1.690000000000000169 ) ) ;
#1740 = ORIENTED_EDGE ( 'NONE', *, *, #1725, .T. ) ;
#1741 = EDGE_CURVE ( 'NONE', #1788, #2682, #1089, .T. ) ;
#1742 = ORIENTED_EDGE ( 'NONE', *, *, #143, .F. ) ;
#1743 = CARTESIAN_POINT ( 'NONE',  ( -2.569999999999970530, 0.7339347774647182465, 0.8500000000000003109 ) ) ;
#1744 = EDGE_CURVE ( 'NONE', #718, #1149, #1733, .T. ) ;
#1745 = PLANE ( 'NONE',  #1895 ) ;
#1746 = ORIENTED_EDGE ( 'NONE', *, *, #918, .F. ) ;
#1747 = DIRECTION ( 'NONE',  ( 0.000000000000000000, 0.000000000000000000, 1.000000000000000000 ) ) ;
#1748 = CARTESIAN_POINT ( 'NONE',  ( -2.635412756612939500, 0.02447007556284402918, 0.8500000000000003109 ) ) ;
#1749 = DIRECTION ( 'NONE',  ( -1.000000000000000000, 0.000000000000000000, 0.000000000000000000 ) ) ;
#1750 = ORIENTED_EDGE ( 'NONE', *, *, #3126, .F. ) ;
#1751 = VECTOR ( 'NONE', #2823, 1000.000000000000000 ) ;
#1752 = CARTESIAN_POINT ( 'NONE',  ( 2.273934777464703405, 0.7339347774647182465, -0.4199999999999998179 ) ) ;
#1753 = DIRECTION ( 'NONE',  ( 1.047233066591874073E-15, 1.000000000000000000, 0.000000000000000000 ) ) ;
#1754 = CARTESIAN_POINT ( 'NONE',  ( 2.273934777464703405, 0.7339347774647182465, -1.689999999999999947 ) ) ;
#1755 = ORIENTED_EDGE ( 'NONE', *, *, #3538, .F. ) ;
#1756 =( NAMED_UNIT ( * ) PLANE_ANGLE_UNIT ( ) SI_UNIT ( $, .RADIAN. ) );
#1757 = ORIENTED_EDGE ( 'NONE', *, *, #444, .F. ) ;
#1758 = CYLINDRICAL_SURFACE ( 'NONE', #2697, 0.08606522253529635957 ) ;
#1759 = CARTESIAN_POINT ( 'NONE',  ( -2.635412756612939500, 0.02447007556284402918, 1.690000000000000169 ) ) ;
#1760 = ORIENTED_EDGE ( 'NONE', *, *, #3057, .T. ) ;
#1761 = LINE ( 'NONE', #811, #2886 ) ;
#1762 = VERTEX_POINT ( 'NONE', #3668 ) ;
#1763 = AXIS2_PLACEMENT_3D ( 'NONE', #2268, #360, #2877 ) ;
#1764 = AXIS2_PLACEMENT_3D ( 'NONE', #2412, #3627, #148 ) ;
#1765 = PLANE ( 'NONE',  #643 ) ;
#1766 = CARTESIAN_POINT ( 'NONE',  ( 2.985351140513737178, -3.890381395410000956E-16, 0.8500000000000003109 ) ) ;
#1767 = AXIS2_PLACEMENT_3D ( 'NONE', #2644, #439, #1071 ) ;
#1768 = LINE ( 'NONE', #1463, #53 ) ;
#1769 = CIRCLE ( 'NONE', #3884, 0.08606522253529680366 ) ;
#1770 = DIRECTION ( 'NONE',  ( -0.000000000000000000, -0.000000000000000000, -1.000000000000000000 ) ) ;
#1771 = EDGE_CURVE ( 'NONE', #3499, #399, #2441, .T. ) ;
#1772 = ORIENTED_EDGE ( 'NONE', *, *, #1090, .T. ) ;
#1773 = DIRECTION ( 'NONE',  ( -1.000000000000000000, 0.000000000000000000, 0.000000000000000000 ) ) ;
#1774 = EDGE_LOOP ( 'NONE', ( #2972, #539, #212, #4014 ) ) ;
#1775 = LINE ( 'NONE', #1485, #220 ) ;
#1776 = VECTOR ( 'NONE', #1109, 1000.000000000000000 ) ;
#1777 = ORIENTED_EDGE ( 'NONE', *, *, #2290, .F. ) ;
#1778 = CARTESIAN_POINT ( 'NONE',  ( -2.273934777464703405, 0.8200000000000151612, 0.8500000000000003109 ) ) ;
#1779 = CARTESIAN_POINT ( 'NONE',  ( -2.569999999999970530, 0.7339347774647182465, -2.120000000000000107 ) ) ;
#1780 = ORIENTED_EDGE ( 'NONE', *, *, #1489, .F. ) ;
#1781 = EDGE_LOOP ( 'NONE', ( #3196, #2329, #178, #253, #1302, #469, #1755, #3355, #3636, #2400, #1100, #2111 ) ) ;
#1782 = FACE_OUTER_BOUND ( 'NONE', #741, .T. ) ;
#1783 = VECTOR ( 'NONE', #689, 1000.000000000000000 ) ;
#1784 = CARTESIAN_POINT ( 'NONE',  ( -1.829513321461378128, 0.1000000000000000056, 2.329513321461376574 ) ) ;
#1785 = DIRECTION ( 'NONE',  ( -1.047233066591874073E-15, -1.000000000000000000, 0.000000000000000000 ) ) ;
#1786 = VECTOR ( 'NONE', #308, 1000.000000000000000 ) ;
#1787 = DIRECTION ( 'NONE',  ( 0.06975647374411889090, 0.9975640502598246417, -0.000000000000000000 ) ) ;
#1788 = VERTEX_POINT ( 'NONE', #3630 ) ;
#1789 = PRESENTATION_STYLE_ASSIGNMENT (( #3008 ) ) ;
#1790 = DIRECTION ( 'NONE',  ( 1.000000000000000000, 0.000000000000000000, 0.000000000000000000 ) ) ;
#1791 = EDGE_CURVE ( 'NONE', #324, #506, #189, .T. ) ;
#1792 = ORIENTED_EDGE ( 'NONE', *, *, #3491, .T. ) ;
#1793 = ADVANCED_FACE ( 'NONE', ( #1148 ), #2746, .T. ) ;
#1794 = EDGE_CURVE ( 'NONE', #2558, #299, #3318, .T. ) ;
#1795 = DIRECTION ( 'NONE',  ( -0.9975640502598246417, 0.06975647374411909907, -0.000000000000000000 ) ) ;
#1796 = ORIENTED_EDGE ( 'NONE', *, *, #1111, .T. ) ;
#1797 = CARTESIAN_POINT ( 'NONE',  ( -1.150000000000000355, 1.700000000000000178, -1.950000000000002176 ) ) ;
#1798 = ADVANCED_FACE ( 'NONE', ( #3649 ), #3379, .T. ) ;
#1799 = CARTESIAN_POINT ( 'NONE',  ( 2.656065222535267445, 0.3198140980962017044, -2.120000000000000107 ) ) ;
#1800 = CARTESIAN_POINT ( 'NONE',  ( 1.950000000000000400, 1.029999999999985816, 1.690000000000000169 ) ) ;
#1801 = VERTEX_POINT ( 'NONE', #1449 ) ;
#1802 = LINE ( 'NONE', #3055, #2368 ) ;
#1803 = CIRCLE ( 'NONE', #3908, 0.2960652225352674027 ) ;
#1804 = AXIS2_PLACEMENT_3D ( 'NONE', #501, #1131, #477 ) ;
#1805 = EDGE_CURVE ( 'NONE', #2687, #2623, #3549, .T. ) ;
#1806 = LINE ( 'NONE', #1492, #3954 ) ;
#1807 = VERTEX_POINT ( 'NONE', #503 ) ;
#1808 = ORIENTED_EDGE ( 'NONE', *, *, #1388, .T. ) ;
#1809 = CARTESIAN_POINT ( 'NONE',  ( 2.273934777464703405, 0.7339347774647182465, -2.120000000000000107 ) ) ;
#1810 = PLANE ( 'NONE',  #1438 ) ;
#1811 = FACE_OUTER_BOUND ( 'NONE', #954, .T. ) ;
#1812 = DIRECTION ( 'NONE',  ( 0.9862856015372319929, -0.1650476058606743790, 0.000000000000000000 ) ) ;
#1813 = LINE ( 'NONE', #3064, #331 ) ;
#1814 = DIRECTION ( 'NONE',  ( -0.000000000000000000, -0.000000000000000000, -1.000000000000000000 ) ) ;
#1815 = DIRECTION ( 'NONE',  ( 0.000000000000000000, 0.000000000000000000, -1.000000000000000000 ) ) ;
#1816 = ORIENTED_EDGE ( 'NONE', *, *, #3288, .F. ) ;
#1817 =( NAMED_UNIT ( * ) SI_UNIT ( $, .STERADIAN. ) SOLID_ANGLE_UNIT ( ) );
#1818 = VERTEX_POINT ( 'NONE', #4000 ) ;
#1819 = CARTESIAN_POINT ( 'NONE',  ( -1.950000000000000400, 0.1000000000000000056, 2.329513321461376574 ) ) ;
#1820 = DIRECTION ( 'NONE',  ( -1.000000000000000000, 0.000000000000000000, 0.000000000000000000 ) ) ;
#1821 = ORIENTED_EDGE ( 'NONE', *, *, #1972, .F. ) ;
#1822 = ORIENTED_EDGE ( 'NONE', *, *, #61, .F. ) ;
#1823 = VERTEX_POINT ( 'NONE', #608 ) ;
#1824 = ADVANCED_FACE ( 'NONE', ( #3 ), #1593, .T. ) ;
#1825 = CARTESIAN_POINT ( 'NONE',  ( 2.360000000000000320, 0.3198140980962017044, 0.8500000000000003109 ) ) ;
#1826 = CARTESIAN_POINT ( 'NONE',  ( 2.360000000000000320, 0.7339347774647182465, 0.8500000000000003109 ) ) ;
#1827 = CARTESIAN_POINT ( 'NONE',  ( 2.656065222535267445, 0.3198140980962017044, 1.690000000000000169 ) ) ;
#1828 = LINE ( 'NONE', #1273, #3372 ) ;
#1829 = VECTOR ( 'NONE', #305, 1000.000000000000000 ) ;
#1830 = VECTOR ( 'NONE', #1519, 1000.000000000000000 ) ;
#1831 = LINE ( 'NONE', #904, #3354 ) ;
#1832 = CIRCLE ( 'NONE', #2033, 0.08606522253529680366 ) ;
#1833 = AXIS2_PLACEMENT_3D ( 'NONE', #2403, #1137, #513 ) ;
#1834 = ORIENTED_EDGE ( 'NONE', *, *, #2105, .T. ) ;
#1835 = DIRECTION ( 'NONE',  ( -0.000000000000000000, -0.000000000000000000, -1.000000000000000000 ) ) ;
#1836 = ORIENTED_EDGE ( 'NONE', *, *, #2543, .T. ) ;
#1837 = COLOUR_RGB ( '',0.7921568627450980005, 0.8196078431372548767, 0.9333333333333333481 ) ;
#1838 =( NAMED_UNIT ( * ) SI_UNIT ( $, .STERADIAN. ) SOLID_ANGLE_UNIT ( ) );
#1839 = CARTESIAN_POINT ( 'NONE',  ( 3.000000000000000000, 0.2094884505545331899, -0.4199999999999998179 ) ) ;
#1840 = EDGE_LOOP ( 'NONE', ( #1284, #3181, #950, #1321 ) ) ;
#1841 = DIRECTION ( 'NONE',  ( -0.000000000000000000, -0.000000000000000000, -1.000000000000000000 ) ) ;
#1842 = AXIS2_PLACEMENT_3D ( 'NONE', #2036, #145, #2597 ) ;
#1843 = EDGE_LOOP ( 'NONE', ( #2327, #3478, #1931, #1846 ) ) ;
#1844 = DIRECTION ( 'NONE',  ( 0.9975640502598247528, -0.06975647374411790558, -0.000000000000000000 ) ) ;
#1845 = ORIENTED_EDGE ( 'NONE', *, *, #291, .T. ) ;
#1846 = ORIENTED_EDGE ( 'NONE', *, *, #3691, .T. ) ;
#1847 = ADVANCED_FACE ( 'NONE', ( #1259 ), #2766, .F. ) ;
#1848 = DIRECTION ( 'NONE',  ( -0.000000000000000000, -0.000000000000000000, -1.000000000000000000 ) ) ;
#1849 = EDGE_CURVE ( 'NONE', #423, #2995, #1831, .T. ) ;
#1850 = EDGE_CURVE ( 'NONE', #614, #423, #1769, .T. ) ;
#1851 = EDGE_CURVE ( 'NONE', #3775, #3509, #2527, .T. ) ;
#1852 = ADVANCED_FACE ( 'NONE', ( #3487 ), #270, .F. ) ;
#1853 = PLANE ( 'NONE',  #2365 ) ;
#1854 = CARTESIAN_POINT ( 'NONE',  ( -2.985351140513737178, -3.890381395410000956E-16, -1.689999999999999947 ) ) ;
#1855 = CARTESIAN_POINT ( 'NONE',  ( 2.656065222535267445, 0.3198140980962017044, 0.8500000000000003109 ) ) ;
#1856 = DIRECTION ( 'NONE',  ( -6.693953523428912899E-16, -1.000000000000000000, 0.000000000000000000 ) ) ;
#1857 = CARTESIAN_POINT ( 'NONE',  ( 1.950000000000000400, 1.029999999999985816, -0.8499999999999998668 ) ) ;
#1858 = VERTEX_POINT ( 'NONE', #3448 ) ;
#1859 = DIRECTION ( 'NONE',  ( 1.000000000000000000, -0.000000000000000000, -0.000000000000000000 ) ) ;
#1860 = ORIENTED_EDGE ( 'NONE', *, *, #327, .F. ) ;
#1861 = DIRECTION ( 'NONE',  ( 1.000000000000000000, -0.000000000000000000, -0.000000000000000000 ) ) ;
#1862 = DIRECTION ( 'NONE',  ( -0.1628445083463880838, 0.9731204099199883828, 0.1628445083463883336 ) ) ;
#1863 = CARTESIAN_POINT ( 'NONE',  ( 2.635412756612939500, 0.02447007556284402918, -0.4199999999999998179 ) ) ;
#1864 = PLANE ( 'NONE',  #3220 ) ;
#1865 = ORIENTED_EDGE ( 'NONE', *, *, #1265, .T. ) ;
#1866 = ORIENTED_EDGE ( 'NONE', *, *, #2710, .T. ) ;
#1867 = EDGE_LOOP ( 'NONE', ( #3333, #99, #3805, #781 ) ) ;
#1868 = CARTESIAN_POINT ( 'NONE',  ( -2.650061616099202322, 0.2339585261173781627, 2.120000000000000551 ) ) ;
#1869 = CARTESIAN_POINT ( 'NONE',  ( -2.360000000000000320, 0.3198140980962017044, -2.120000000000000107 ) ) ;
#1870 = AXIS2_PLACEMENT_3D ( 'NONE', #890, #2153, #2855 ) ;
#1871 = EDGE_CURVE ( 'NONE', #157, #2246, #2504, .T. ) ;
#1872 = CARTESIAN_POINT ( 'NONE',  ( 2.569999999999970530, 0.7339347774647182465, 0.8500000000000003109 ) ) ;
#1873 = CARTESIAN_POINT ( 'NONE',  ( -1.950000000000000400, 0.8200000000000151612, 0.4200000000000002620 ) ) ;
#1874 = EDGE_CURVE ( 'NONE', #759, #3471, #2168, .T. ) ;
#1875 = CARTESIAN_POINT ( 'NONE',  ( 3.000000000000000000, 0.2094884505545331899, -0.8499999999999998668 ) ) ;
#1876 = CARTESIAN_POINT ( 'NONE',  ( -1.150000000000000355, 1.750000000000000000, -1.950000000000002176 ) ) ;
#1877 = CARTESIAN_POINT ( 'NONE',  ( -2.650061616099202322, 0.2339585261173781627, -0.8499999999999998668 ) ) ;
#1878 = CARTESIAN_POINT ( 'NONE',  ( -2.360000000000000320, 0.3198140980962017044, 2.120000000000000551 ) ) ;
#1879 = ORIENTED_EDGE ( 'NONE', *, *, #940, .T. ) ;
#1880 = LINE ( 'NONE', #1511, #3135 ) ;
#1881 = VERTEX_POINT ( 'NONE', #1211 ) ;
#1882 = DIRECTION ( 'NONE',  ( -1.000000000000000000, 0.000000000000000000, 0.000000000000000000 ) ) ;
#1883 = VECTOR ( 'NONE', #134, 1000.000000000000114 ) ;
#1884 = LINE ( 'NONE', #3497, #3890 ) ;
#1885 = ORIENTED_EDGE ( 'NONE', *, *, #2927, .T. ) ;
#1886 = VERTEX_POINT ( 'NONE', #3108 ) ;
#1887 = AXIS2_PLACEMENT_3D ( 'NONE', #474, #2413, #814 ) ;
#1888 = ORIENTED_EDGE ( 'NONE', *, *, #2544, .T. ) ;
#1889 = CARTESIAN_POINT ( 'NONE',  ( -2.273934777464703405, 0.7339347774647182465, -2.120000000000000107 ) ) ;
#1890 = UNCERTAINTY_MEASURE_WITH_UNIT (LENGTH_MEASURE( 1.000000000000000082E-05 ), #1420, 'distance_accuracy_value', 'NONE');
#1891 = CARTESIAN_POINT ( 'NONE',  ( 2.273934777464703405, 1.029999999999985372, 1.690000000000000169 ) ) ;
#1892 = CARTESIAN_POINT ( 'NONE',  ( -1.150000000000000355, 1.700000000000000178, -2.125000000000001776 ) ) ;
#1893 = FILL_AREA_STYLE_COLOUR ( '', #1087 ) ;
#1894 = DIRECTION ( 'NONE',  ( 0.000000000000000000, 0.1650476058606742957, -0.9862856015372319929 ) ) ;
#1895 = AXIS2_PLACEMENT_3D ( 'NONE', #2035, #2964, #3292 ) ;
#1896 = CARTESIAN_POINT ( 'NONE',  ( 2.635412756612939500, 0.02447007556284402918, -0.8499999999999998668 ) ) ;
#1897 = EDGE_CURVE ( 'NONE', #2420, #3371, #2828, .T. ) ;
#1898 = ORIENTED_EDGE ( 'NONE', *, *, #140, .T. ) ;
#1899 = CARTESIAN_POINT ( 'NONE',  ( -2.985351140513737178, -3.890381395410000956E-16, -1.689999999999999947 ) ) ;
#1900 = CARTESIAN_POINT ( 'NONE',  ( 2.360000000000000320, 0.3198140980962017044, -0.4199999999999998179 ) ) ;
#1901 = AXIS2_PLACEMENT_3D ( 'NONE', #1150, #2711, #2421 ) ;
#1902 = LINE ( 'NONE', #2177, #2599 ) ;
#1903 = VERTEX_POINT ( 'NONE', #3759 ) ;
#1904 = AXIS2_PLACEMENT_3D ( 'NONE', #3505, #666, #3187 ) ;
#1905 = DIRECTION ( 'NONE',  ( -0.000000000000000000, -0.000000000000000000, -1.000000000000000000 ) ) ;
#1906 = ADVANCED_FACE ( 'NONE', ( #948 ), #629, .T. ) ;
#1907 = AXIS2_PLACEMENT_3D ( 'NONE', #3300, #1814, #3939 ) ;
#1908 = DIRECTION ( 'NONE',  ( 1.000000000000000000, 0.000000000000000000, 0.000000000000000000 ) ) ;
#1909 = ORIENTED_EDGE ( 'NONE', *, *, #3056, .T. ) ;
#1910 = ORIENTED_EDGE ( 'NONE', *, *, #1136, .F. ) ;
#1911 = ORIENTED_EDGE ( 'NONE', *, *, #3612, .T. ) ;
#1912 = CARTESIAN_POINT ( 'NONE',  ( 2.656065222535267445, 0.3198140980962017044, -0.8499999999999998668 ) ) ;
#1913 = CARTESIAN_POINT ( 'NONE',  ( -2.985351140513737178, -3.890381395410000956E-16, 0.8500000000000003109 ) ) ;
#1914 = VECTOR ( 'NONE', #598, 1000.000000000000227 ) ;
#1915 = LINE ( 'NONE', #2144, #1264 ) ;
#1916 = DIRECTION ( 'NONE',  ( -2.094466133183748935E-15, 1.000000000000000000, -0.000000000000000000 ) ) ;
#1917 = CARTESIAN_POINT ( 'NONE',  ( 1.950000000000000400, 1.029999999999985816, 0.4200000000000002620 ) ) ;
#1918 = LINE ( 'NONE', #3172, #3427 ) ;
#1919 = CARTESIAN_POINT ( 'NONE',  ( 2.985351140513737178, -3.890381395410000956E-16, -1.689999999999999947 ) ) ;
#1920 = ORIENTED_EDGE ( 'NONE', *, *, #2207, .F. ) ;
#1921 = VECTOR ( 'NONE', #150, 1000.000000000000114 ) ;
#1922 = CARTESIAN_POINT ( 'NONE',  ( 2.985351140513737178, -3.890381395410000956E-16, -1.689999999999999947 ) ) ;
#1923 = EDGE_CURVE ( 'NONE', #4047, #1717, #1548, .T. ) ;
#1924 = PRESENTATION_STYLE_ASSIGNMENT (( #3513 ) ) ;
#1925 = EDGE_CURVE ( 'NONE', #488, #2383, #4088, .T. ) ;
#1926 = EDGE_CURVE ( 'NONE', #2844, #1584, #646, .T. ) ;
#1927 = AXIS2_PLACEMENT_3D ( 'NONE', #2370, #1412, #1098 ) ;
#1928 = FACE_OUTER_BOUND ( 'NONE', #1056, .T. ) ;
#1929 = ORIENTED_EDGE ( 'NONE', *, *, #1551, .F. ) ;
#1930 = ORIENTED_EDGE ( 'NONE', *, *, #884, .F. ) ;
#1931 = ORIENTED_EDGE ( 'NONE', *, *, #3560, .F. ) ;
#1932 = DIRECTION ( 'NONE',  ( -0.000000000000000000, -0.000000000000000000, -1.000000000000000000 ) ) ;
#1933 = EDGE_CURVE ( 'NONE', #481, #567, #1969, .T. ) ;
#1934 = VECTOR ( 'NONE', #2526, 1000.000000000000000 ) ;
#1935 = FACE_OUTER_BOUND ( 'NONE', #930, .T. ) ;
#1936 = VECTOR ( 'NONE', #289, 1000.000000000000000 ) ;
#1937 = CARTESIAN_POINT ( 'NONE',  ( -1.950000000000000400, 1.029999999999985816, 2.449999999999998845 ) ) ;
#1938 = DIRECTION ( 'NONE',  ( 0.000000000000000000, 0.000000000000000000, 1.000000000000000000 ) ) ;
#1939 = DIRECTION ( 'NONE',  ( 0.06975647374411790558, 0.9975640502598247528, -0.000000000000000000 ) ) ;
#1940 = VERTEX_POINT ( 'NONE', #2193 ) ;
#1941 = LINE ( 'NONE', #1713, #1245 ) ;
#1942 = VERTEX_POINT ( 'NONE', #1191 ) ;
#1943 = DIRECTION ( 'NONE',  ( -1.000000000000000000, 0.000000000000000000, 0.000000000000000000 ) ) ;
#1944 = ORIENTED_EDGE ( 'NONE', *, *, #2839, .T. ) ;
#1945 = EDGE_LOOP ( 'NONE', ( #3626, #2471, #4049, #3700 ) ) ;
#1946 = VERTEX_POINT ( 'NONE', #288 ) ;
#1947 = AXIS2_PLACEMENT_3D ( 'NONE', #27, #658, #4074 ) ;
#1948 = CARTESIAN_POINT ( 'NONE',  ( 2.360000000000000320, 0.7339347774647182465, 0.4200000000000002620 ) ) ;
#1949 = EDGE_CURVE ( 'NONE', #3785, #1818, #881, .T. ) ;
#1950 = CARTESIAN_POINT ( 'NONE',  ( 2.985351140513737178, -3.890381395410000956E-16, 2.120000000000000551 ) ) ;
#1951 = LINE ( 'NONE', #3820, #3544 ) ;
#1952 = CARTESIAN_POINT ( 'NONE',  ( 1.950000000000000400, 1.029999999999985816, 0.8500000000000003109 ) ) ;
#1953 = DIRECTION ( 'NONE',  ( -0.000000000000000000, -0.000000000000000000, -1.000000000000000000 ) ) ;
#1954 = DIRECTION ( 'NONE',  ( -1.000000000000000000, 0.000000000000000000, 0.000000000000000000 ) ) ;
#1955 = DIRECTION ( 'NONE',  ( -2.094466133183748935E-15, -1.000000000000000000, 0.000000000000000000 ) ) ;
#1956 = PLANE ( 'NONE',  #3566 ) ;
#1957 = ORIENTED_EDGE ( 'NONE', *, *, #246, .F. ) ;
#1958 = CIRCLE ( 'NONE', #3146, 0.08606522253529635957 ) ;
#1959 = VECTOR ( 'NONE', #1718, 1000.000000000000000 ) ;
#1960 = CARTESIAN_POINT ( 'NONE',  ( 1.829513321461377240, 0.1000000000000000056, -2.329513321461379238 ) ) ;
#1961 = VERTEX_POINT ( 'NONE', #1503 ) ;
#1962 = VERTEX_POINT ( 'NONE', #2211 ) ;
#1963 = ORIENTED_EDGE ( 'NONE', *, *, #2761, .T. ) ;
#1964 = VECTOR ( 'NONE', #593, 1000.000000000000000 ) ;
#1965 = CARTESIAN_POINT ( 'NONE',  ( -2.650061616099202322, 0.2339585261173781627, 0.8500000000000003109 ) ) ;
#1966 = VECTOR ( 'NONE', #535, 1000.000000000000000 ) ;
#1967 = CARTESIAN_POINT ( 'NONE',  ( 3.000000000000000000, 0.2094884505545331899, -0.4199999999999998179 ) ) ;
#1968 = ADVANCED_FACE ( 'NONE', ( #3150 ), #1667, .T. ) ;
#1969 = CIRCLE ( 'NONE', #371, 0.1749999999999998224 ) ;
#1970 = EDGE_CURVE ( 'NONE', #3450, #2092, #1689, .T. ) ;
#1971 = EDGE_CURVE ( 'NONE', #4035, #3509, #3540, .T. ) ;
#1972 = EDGE_CURVE ( 'NONE', #759, #347, #2271, .T. ) ;
#1973 = FACE_OUTER_BOUND ( 'NONE', #3109, .T. ) ;
#1974 = PRODUCT_DEFINITION ( 'UNKNOWN', '', #3453, #3670 ) ;
#1975 = ADVANCED_FACE ( 'NONE', ( #1613 ), #3876, .F. ) ;
#1976 = AXIS2_PLACEMENT_3D ( 'NONE', #677, #1283, #1248 ) ;
#1977 = FACE_OUTER_BOUND ( 'NONE', #2200, .T. ) ;
#1978 =( NAMED_UNIT ( * ) SI_UNIT ( $, .STERADIAN. ) SOLID_ANGLE_UNIT ( ) );
#1979 = CARTESIAN_POINT ( 'NONE',  ( -2.359999999999999876, 0.7339347774647182465, 0.4200000000000002620 ) ) ;
#1980 = ORIENTED_EDGE ( 'NONE', *, *, #2125, .T. ) ;
#1981 = PLANE ( 'NONE',  #3581 ) ;
#1982 = EDGE_CURVE ( 'NONE', #280, #1356, #3169, .T. ) ;
#1983 = CARTESIAN_POINT ( 'NONE',  ( -2.569999999999970530, 0.7339347774647182465, 1.690000000000000169 ) ) ;
#1984 = DIRECTION ( 'NONE',  ( -1.000000000000000000, 0.000000000000000000, 0.000000000000000000 ) ) ;
#1985 = DIRECTION ( 'NONE',  ( -1.000000000000000000, 0.000000000000000000, 0.000000000000000000 ) ) ;
#1986 = ORIENTED_EDGE ( 'NONE', *, *, #1982, .F. ) ;
#1987 = VECTOR ( 'NONE', #1319, 1000.000000000000227 ) ;
#1988 = DIRECTION ( 'NONE',  ( 0.000000000000000000, -0.000000000000000000, 1.000000000000000000 ) ) ;
#1989 = SURFACE_SIDE_STYLE ('',( #719 ) ) ;
#1990 = ORIENTED_EDGE ( 'NONE', *, *, #1719, .T. ) ;
#1991 = ORIENTED_EDGE ( 'NONE', *, *, #918, .T. ) ;
#1992 = DIRECTION ( 'NONE',  ( 0.000000000000000000, 0.000000000000000000, 1.000000000000000000 ) ) ;
#1993 = ORIENTED_EDGE ( 'NONE', *, *, #2210, .T. ) ;
#1994 = AXIS2_PLACEMENT_3D ( 'NONE', #1018, #3222, #3244 ) ;
#1995 = DIRECTION ( 'NONE',  ( 1.000000000000000000, -0.000000000000000000, -0.000000000000000000 ) ) ;
#1996 = CARTESIAN_POINT ( 'NONE',  ( -1.950000000000000400, 0.8200000000000151612, -2.450000000000001510 ) ) ;
#1997 = ADVANCED_FACE ( 'NONE', ( #22 ), #2315, .T. ) ;
#1998 = FACE_OUTER_BOUND ( 'NONE', #162, .T. ) ;
#1999 = SURFACE_STYLE_FILL_AREA ( #1349 ) ;
#2000 = CARTESIAN_POINT ( 'NONE',  ( -2.360000000000000320, 0.3198140980962017044, -1.689999999999999947 ) ) ;
#2001 = ORIENTED_EDGE ( 'NONE', *, *, #3687, .T. ) ;
#2002 = CARTESIAN_POINT ( 'NONE',  ( -1.950000000000000400, 0.8200000000000151612, -0.8499999999999998668 ) ) ;
#2003 = DIRECTION ( 'NONE',  ( 1.000000000000000000, 6.693953523428912899E-16, 0.000000000000000000 ) ) ;
#2004 = DIRECTION ( 'NONE',  ( 0.000000000000000000, 0.000000000000000000, 1.000000000000000000 ) ) ;
#2005 = VERTEX_POINT ( 'NONE', #728 ) ;
#2006 = CARTESIAN_POINT ( 'NONE',  ( 2.656065222535267445, 0.3198140980962017044, 0.8500000000000003109 ) ) ;
#2007 = ORIENTED_EDGE ( 'NONE', *, *, #1849, .F. ) ;
#2008 = ORIENTED_EDGE ( 'NONE', *, *, #369, .F. ) ;
#2009 = DIRECTION ( 'NONE',  ( -0.000000000000000000, -0.000000000000000000, -1.000000000000000000 ) ) ;
#2010 = ORIENTED_EDGE ( 'NONE', *, *, #1244, .F. ) ;
#2011 = PLANE ( 'NONE',  #3182 ) ;
#2012 = DIRECTION ( 'NONE',  ( -0.000000000000000000, -0.000000000000000000, -1.000000000000000000 ) ) ;
#2013 = AXIS2_PLACEMENT_3D ( 'NONE', #1799, #3071, #3341 ) ;
#2014 = EDGE_LOOP ( 'NONE', ( #93, #1252, #3931, #2159 ) ) ;
#2015 = PLANE ( 'NONE',  #3751 ) ;
#2016 =( GEOMETRIC_REPRESENTATION_CONTEXT ( 3 ) GLOBAL_UNCERTAINTY_ASSIGNED_CONTEXT ( ( #603 ) ) GLOBAL_UNIT_ASSIGNED_CONTEXT ( ( #3915, #3586, #432 ) ) REPRESENTATION_CONTEXT ( 'NONE', 'WORKASPACE' ) );
#2017 = CARTESIAN_POINT ( 'NONE',  ( 2.635412756612939500, 0.02447007556284402918, 2.120000000000000551 ) ) ;
#2018 = LINE ( 'NONE', #412, #2367 ) ;
#2019 = FACE_OUTER_BOUND ( 'NONE', #3801, .T. ) ;
#2020 = EDGE_CURVE ( 'NONE', #441, #3719, #848, .T. ) ;
#2021 = FACE_OUTER_BOUND ( 'NONE', #3767, .T. ) ;
#2022 = ADVANCED_FACE ( 'NONE', ( #1998 ), #3224, .F. ) ;
#2023 = EDGE_LOOP ( 'NONE', ( #2739, #2552, #1026, #3020 ) ) ;
#2024 = EDGE_CURVE ( 'NONE', #757, #1149, #3156, .T. ) ;
#2025 = EDGE_CURVE ( 'NONE', #1011, #2344, #1951, .T. ) ;
#2026 = CARTESIAN_POINT ( 'NONE',  ( 2.656065222535267445, 0.3198140980962017044, -1.689999999999999947 ) ) ;
#2027 = VERTEX_POINT ( 'NONE', #2565 ) ;
#2028 = CARTESIAN_POINT ( 'NONE',  ( -2.656065222535267445, 0.3198140980962017044, 1.690000000000000169 ) ) ;
#2029 = VERTEX_POINT ( 'NONE', #390 ) ;
#2030 = VECTOR ( 'NONE', #2561, 1000.000000000000000 ) ;
#2031 = VECTOR ( 'NONE', #1730, 1000.000000000000227 ) ;
#2032 = VERTEX_POINT ( 'NONE', #708 ) ;
#2033 = AXIS2_PLACEMENT_3D ( 'NONE', #632, #2172, #3428 ) ;
#2034 = CARTESIAN_POINT ( 'NONE',  ( -2.985351140513737178, -3.890381395410000956E-16, 2.120000000000000551 ) ) ;
#2035 = CARTESIAN_POINT ( 'NONE',  ( 2.273934777464703405, 0.8200000000000151612, -0.4199999999999998179 ) ) ;
#2036 = CARTESIAN_POINT ( 'NONE',  ( -1.150000000000000355, 1.700000000000000178, -1.950000000000002176 ) ) ;
#2037 = AXIS2_PLACEMENT_3D ( 'NONE', #3193, #2275, #396 ) ;
#2038 = ORIENTED_EDGE ( 'NONE', *, *, #2904, .T. ) ;
#2039 = LINE ( 'NONE', #2077, #2031 ) ;
#2040 = EDGE_LOOP ( 'NONE', ( #69, #227, #3534, #618 ) ) ;
#2041 = DIRECTION ( 'NONE',  ( 1.000000000000000000, 0.000000000000000000, 0.000000000000000000 ) ) ;
#2042 = LINE ( 'NONE', #3009, #2538 ) ;
#2043 = CARTESIAN_POINT ( 'NONE',  ( 2.273934777464703405, 0.7339347774647182465, 2.120000000000000551 ) ) ;
#2044 = LINE ( 'NONE', #2685, #1648 ) ;
#2045 = ORIENTED_EDGE ( 'NONE', *, *, #2463, .F. ) ;
#2046 = EDGE_CURVE ( 'NONE', #806, #3410, #2252, .T. ) ;
#2047 = CARTESIAN_POINT ( 'NONE',  ( 1.950000000000000400, 0.8200000000000151612, 1.690000000000000169 ) ) ;
#2048 = EDGE_CURVE ( 'NONE', #2032, #1961, #3679, .T. ) ;
#2049 = ORIENTED_EDGE ( 'NONE', *, *, #553, .T. ) ;
#2050 = CARTESIAN_POINT ( 'NONE',  ( -2.569999999999970974, 0.3198140980962019264, -1.689999999999999947 ) ) ;
#2051 = EDGE_CURVE ( 'NONE', #1640, #1564, #434, .T. ) ;
#2052 = ORIENTED_EDGE ( 'NONE', *, *, #882, .F. ) ;
#2053 = COLOUR_RGB ( '',0.7921568627450980005, 0.8196078431372548767, 0.9333333333333333481 ) ;
#2054 = ORIENTED_EDGE ( 'NONE', *, *, #3795, .F. ) ;
#2055 = LINE ( 'NONE', #3685, #570 ) ;
#2056 = ORIENTED_EDGE ( 'NONE', *, *, #2998, .F. ) ;
#2057 = DIRECTION ( 'NONE',  ( -1.000000000000000000, 0.000000000000000000, 0.000000000000000000 ) ) ;
#2058 = DIRECTION ( 'NONE',  ( -1.000000000000000000, 0.000000000000000000, 0.000000000000000000 ) ) ;
#2059 = DIRECTION ( 'NONE',  ( -0.000000000000000000, -0.000000000000000000, -1.000000000000000000 ) ) ;
#2060 = ORIENTED_EDGE ( 'NONE', *, *, #1162, .F. ) ;
#2061 = CARTESIAN_POINT ( 'NONE',  ( 1.767738509381681977, 2.119151720645401582, 2.267738509381681311 ) ) ;
#2062 = SURFACE_SIDE_STYLE ('',( #88 ) ) ;
#2063 = CARTESIAN_POINT ( 'NONE',  ( 2.656065222535267445, 0.3198140980962017044, -1.689999999999999947 ) ) ;
#2064 = VECTOR ( 'NONE', #2169, 1000.000000000000000 ) ;
#2065 = VERTEX_POINT ( 'NONE', #2883 ) ;
#2066 = DIRECTION ( 'NONE',  ( -0.000000000000000000, 1.000000000000000000, -0.000000000000000000 ) ) ;
#2067 = DIRECTION ( 'NONE',  ( 0.06975647374411889090, 0.9975640502598246417, -0.000000000000000000 ) ) ;
#2068 = ORIENTED_EDGE ( 'NONE', *, *, #1008, .T. ) ;
#2069 = LINE ( 'NONE', #3677, #237 ) ;
#2070 = FACE_OUTER_BOUND ( 'NONE', #2559, .T. ) ;
#2071 = ORIENTED_EDGE ( 'NONE', *, *, #1925, .T. ) ;
#2072 = EDGE_LOOP ( 'NONE', ( #4029, #3320, #2717, #1091 ) ) ;
#2073 = DIRECTION ( 'NONE',  ( 0.000000000000000000, 0.1650476058606742957, 0.9862856015372319929 ) ) ;
#2074 = DIRECTION ( 'NONE',  ( -1.000000000000000000, 0.000000000000000000, 0.000000000000000000 ) ) ;
#2075 = ORIENTED_EDGE ( 'NONE', *, *, #3743, .T. ) ;
#2076 = EDGE_CURVE ( 'NONE', #927, #863, #1317, .T. ) ;
#2077 = CARTESIAN_POINT ( 'NONE',  ( 2.650061616099202322, 0.2339585261173780240, 2.120000000000000551 ) ) ;
#2078 = CARTESIAN_POINT ( 'NONE',  ( -2.360000000000000320, 0.3198140980962017044, -1.689999999999999947 ) ) ;
#2079 = VECTOR ( 'NONE', #422, 1000.000000000000000 ) ;
#2080 = DIRECTION ( 'NONE',  ( -2.094466133183748935E-15, -1.000000000000000000, 0.000000000000000000 ) ) ;
#2081 = FILL_AREA_STYLE_COLOUR ( '', #1075 ) ;
#2082 = VECTOR ( 'NONE', #3406, 1000.000000000000000 ) ;
#2083 = CARTESIAN_POINT ( 'NONE',  ( -2.656065222535267445, 0.3198140980962017044, -0.4199999999999998179 ) ) ;
#2084 = ORIENTED_EDGE ( 'NONE', *, *, #3987, .T. ) ;
#2085 = CARTESIAN_POINT ( 'NONE',  ( 3.000000000000000000, 0.2094884505545331899, 2.120000000000000551 ) ) ;
#2086 = ORIENTED_EDGE ( 'NONE', *, *, #56, .F. ) ;
#2087 = PLANE ( 'NONE',  #2217 ) ;
#2088 = VERTEX_POINT ( 'NONE', #687 ) ;
#2089 = DIRECTION ( 'NONE',  ( -0.000000000000000000, -0.000000000000000000, -1.000000000000000000 ) ) ;
#2090 = DIRECTION ( 'NONE',  ( -0.000000000000000000, -1.000000000000000000, -0.000000000000000000 ) ) ;
#2091 = ORIENTED_EDGE ( 'NONE', *, *, #3007, .T. ) ;
#2092 = VERTEX_POINT ( 'NONE', #3205 ) ;
#2093 = AXIS2_PLACEMENT_3D ( 'NONE', #2380, #3632, #213 ) ;
#2094 = DIRECTION ( 'NONE',  ( -0.000000000000000000, -0.000000000000000000, -1.000000000000000000 ) ) ;
#2095 = ORIENTED_EDGE ( 'NONE', *, *, #218, .T. ) ;
#2096 = EDGE_CURVE ( 'NONE', #1053, #3026, #370, .T. ) ;
#2097 = VECTOR ( 'NONE', #1654, 1000.000000000000114 ) ;
#2098 = AXIS2_PLACEMENT_3D ( 'NONE', #2782, #2762, #2121 ) ;
#2099 = LINE ( 'NONE', #3271, #1241 ) ;
#2100 = DIRECTION ( 'NONE',  ( -1.000000000000000000, 1.047233066591874073E-15, 0.000000000000000000 ) ) ;
#2101 = ADVANCED_FACE ( 'NONE', ( #1977 ), #78, .F. ) ;
#2102 = EDGE_CURVE ( 'NONE', #3410, #1729, #813, .T. ) ;
#2103 = VECTOR ( 'NONE', #1426, 999.9999999999998863 ) ;
#2104 = FILL_AREA_STYLE_COLOUR ( '', #2053 ) ;
#2105 = EDGE_CURVE ( 'NONE', #2420, #157, #1304, .T. ) ;
#2106 = AXIS2_PLACEMENT_3D ( 'NONE', #2549, #1856, #1524 ) ;
#2107 = CARTESIAN_POINT ( 'NONE',  ( -3.000000000000000000, 0.2094884505545331899, -1.689999999999999947 ) ) ;
#2108 = VERTEX_POINT ( 'NONE', #1709 ) ;
#2109 = EDGE_CURVE ( 'NONE', #1940, #1886, #505, .T. ) ;
#2110 = DIRECTION ( 'NONE',  ( -1.000000000000000000, 0.000000000000000000, 0.000000000000000000 ) ) ;
#2111 = ORIENTED_EDGE ( 'NONE', *, *, #442, .F. ) ;
#2112 = DIRECTION ( 'NONE',  ( -0.000000000000000000, -0.000000000000000000, -1.000000000000000000 ) ) ;
#2113 = AXIS2_PLACEMENT_3D ( 'NONE', #3868, #1365, #3242 ) ;
#2114 = EDGE_LOOP ( 'NONE', ( #1364, #3985, #2894, #2196 ) ) ;
#2115 = LINE ( 'NONE', #3968, #1246 ) ;
#2116 = EDGE_LOOP ( 'NONE', ( #3830, #3373, #2791, #3942 ) ) ;
#2117 = DIRECTION ( 'NONE',  ( 0.06975647374411889090, -0.9975640502598246417, 0.000000000000000000 ) ) ;
#2118 = ORIENTED_EDGE ( 'NONE', *, *, #1060, .T. ) ;
#2119 = VERTEX_POINT ( 'NONE', #769 ) ;
#2120 = CARTESIAN_POINT ( 'NONE',  ( 2.569999999999970530, 0.7339347774647182465, -2.120000000000000107 ) ) ;
#2121 = DIRECTION ( 'NONE',  ( 1.000000000000000000, 0.000000000000000000, 0.000000000000000000 ) ) ;
#2122 = CARTESIAN_POINT ( 'NONE',  ( -2.650061616099202322, 0.2339585261173781627, -1.689999999999999947 ) ) ;
#2123 = AXIS2_PLACEMENT_3D ( 'NONE', #1628, #2293, #3503 ) ;
#2124 = ORIENTED_EDGE ( 'NONE', *, *, #2760, .T. ) ;
#2125 = EDGE_CURVE ( 'NONE', #1125, #3460, #2099, .T. ) ;
#2126 = CARTESIAN_POINT ( 'NONE',  ( 1.950000000000000400, 0.8200000000000151612, 2.120000000000000551 ) ) ;
#2127 = ORIENTED_EDGE ( 'NONE', *, *, #4043, .F. ) ;
#2128 = PLANE ( 'NONE',  #2952 ) ;
#2129 = ORIENTED_EDGE ( 'NONE', *, *, #3515, .F. ) ;
#2130 = CLOSED_SHELL ( 'NONE', ( #3030, #2183, #3494, #447, #3179, #122, #1668, #1186, #858, #2930, #248, #2406, #2835, #1447 ) ) ;
#2131 = CARTESIAN_POINT ( 'NONE',  ( -2.360000000000000320, 0.3198140980962017044, 1.690000000000000169 ) ) ;
#2132 = CARTESIAN_POINT ( 'NONE',  ( -2.656065222535267445, 0.3198140980962017044, -0.4199999999999998179 ) ) ;
#2133 = CARTESIAN_POINT ( 'NONE',  ( 3.000000000000000000, 0.2094884505545331899, 2.120000000000000551 ) ) ;
#2134 = CARTESIAN_POINT ( 'NONE',  ( 2.569999999999970530, 0.7339347774647182465, -0.4199999999999998179 ) ) ;
#2135 = EDGE_CURVE ( 'NONE', #783, #681, #1083, .T. ) ;
#2136 = CIRCLE ( 'NONE', #2862, 0.2960652225352674027 ) ;
#2137 = CARTESIAN_POINT ( 'NONE',  ( -2.360000000000000320, 0.3198140980962017044, -0.8499999999999998668 ) ) ;
#2138 = ORIENTED_EDGE ( 'NONE', *, *, #3938, .T. ) ;
#2139 = EDGE_LOOP ( 'NONE', ( #405, #785, #1455, #1249 ) ) ;
#2140 = ORIENTED_EDGE ( 'NONE', *, *, #551, .F. ) ;
#2141 = CARTESIAN_POINT ( 'NONE',  ( -1.950000000000000400, 1.029999999999985816, -1.689999999999999947 ) ) ;
#2142 = DIRECTION ( 'NONE',  ( -1.000000000000000000, 0.000000000000000000, 0.000000000000000000 ) ) ;
#2143 = DIRECTION ( 'NONE',  ( 1.047233066591874073E-15, -1.000000000000000000, -0.000000000000000000 ) ) ;
#2144 = CARTESIAN_POINT ( 'NONE',  ( -2.569999999999970530, 0.7339347774647182465, -0.8499999999999998668 ) ) ;
#2145 = CARTESIAN_POINT ( 'NONE',  ( -1.890593373776094710, 1.385000000000003784, -2.450000000000001510 ) ) ;
#2146 = AXIS2_PLACEMENT_3D ( 'NONE', #695, #3862, #2323 ) ;
#2147 = PRESENTATION_LAYER_ASSIGNMENT (  '', '', ( #3399 ) ) ;
#2148 = LINE ( 'NONE', #3049, #1578 ) ;
#2149 = ORIENTED_EDGE ( 'NONE', *, *, #985, .T. ) ;
#2150 = SURFACE_STYLE_FILL_AREA ( #1530 ) ;
#2151 = ADVANCED_FACE ( 'NONE', ( #1164 ), #790, .F. ) ;
#2152 = CARTESIAN_POINT ( 'NONE',  ( -2.360000000000000320, 0.3198140980962017044, 0.4200000000000002620 ) ) ;
#2153 = DIRECTION ( 'NONE',  ( -0.000000000000000000, -0.000000000000000000, -1.000000000000000000 ) ) ;
#2154 = LINE ( 'NONE', #1819, #2572 ) ;
#2155 = EDGE_CURVE ( 'NONE', #575, #3351, #3347, .T. ) ;
#2156 = ORIENTED_EDGE ( 'NONE', *, *, #3359, .T. ) ;
#2157 = EDGE_CURVE ( 'NONE', #1223, #750, #2392, .T. ) ;
#2158 = LINE ( 'NONE', #1120, #1714 ) ;
#2159 = ORIENTED_EDGE ( 'NONE', *, *, #1791, .T. ) ;
#2160 = ORIENTED_EDGE ( 'NONE', *, *, #1982, .T. ) ;
#2161 = ORIENTED_EDGE ( 'NONE', *, *, #1971, .T. ) ;
#2162 = CARTESIAN_POINT ( 'NONE',  ( 2.656065222535267445, 0.3198140980962017044, -1.689999999999999947 ) ) ;
#2163 = DIRECTION ( 'NONE',  ( -1.000000000000000000, 0.000000000000000000, 0.000000000000000000 ) ) ;
#2164 = DIRECTION ( 'NONE',  ( 0.9975640502598247528, 0.06975647374411790558, 0.000000000000000000 ) ) ;
#2165 = LINE ( 'NONE', #3423, #1786 ) ;
#2166 = AXIS2_PLACEMENT_3D ( 'NONE', #1754, #1835, #2731 ) ;
#2167 = AXIS2_PLACEMENT_3D ( 'NONE', #284, #2822, #3285 ) ;
#2168 = LINE ( 'NONE', #649, #2174 ) ;
#2169 = DIRECTION ( 'NONE',  ( -2.094466133183748935E-15, -1.000000000000000000, 0.000000000000000000 ) ) ;
#2170 = VECTOR ( 'NONE', #2589, 1000.000000000000000 ) ;
#2171 = AXIS2_PLACEMENT_3D ( 'NONE', #3367, #573, #3947 ) ;
#2172 = DIRECTION ( 'NONE',  ( -0.000000000000000000, -0.000000000000000000, -1.000000000000000000 ) ) ;
#2173 = VERTEX_POINT ( 'NONE', #126 ) ;
#2174 = VECTOR ( 'NONE', #2461, 1000.000000000000114 ) ;
#2175 = CARTESIAN_POINT ( 'NONE',  ( -2.273934777464703405, 0.8200000000000149392, 2.120000000000000551 ) ) ;
#2176 = FACE_OUTER_BOUND ( 'NONE', #2610, .T. ) ;
#2177 = CARTESIAN_POINT ( 'NONE',  ( 2.569999999999970530, 0.7339347774647182465, 0.8500000000000003109 ) ) ;
#2178 = CARTESIAN_POINT ( 'NONE',  ( -3.000000000000000000, 0.2094884505545331899, -0.4199999999999998179 ) ) ;
#2179 = EDGE_CURVE ( 'NONE', #3650, #1431, #3610, .T. ) ;
#2180 = VECTOR ( 'NONE', #2989, 999.9999999999998863 ) ;
#2181 = ORIENTED_EDGE ( 'NONE', *, *, #493, .T. ) ;
#2182 = VECTOR ( 'NONE', #1032, 1000.000000000000000 ) ;
#2183 = ADVANCED_FACE ( 'NONE', ( #1461 ), #3914, .F. ) ;
#2184 = DIRECTION ( 'NONE',  ( 0.000000000000000000, 1.000000000000000000, 0.000000000000000000 ) ) ;
#2185 = ORIENTED_EDGE ( 'NONE', *, *, #804, .F. ) ;
#2186 = ORIENTED_EDGE ( 'NONE', *, *, #552, .T. ) ;
#2187 = ORIENTED_EDGE ( 'NONE', *, *, #1874, .F. ) ;
#2188 = CARTESIAN_POINT ( 'NONE',  ( -1.150000000000000355, 1.750000000000000000, -1.950000000000002176 ) ) ;
#2189 = UNCERTAINTY_MEASURE_WITH_UNIT (LENGTH_MEASURE( 1.000000000000000082E-05 ), #1728, 'distance_accuracy_value', 'NONE');
#2190 = LINE ( 'NONE', #1497, #1830 ) ;
#2191 = CARTESIAN_POINT ( 'NONE',  ( 2.360000000000000320, 0.7339347774647182465, -0.8499999999999998668 ) ) ;
#2192 = CARTESIAN_POINT ( 'NONE',  ( -2.656065222535267445, 0.3198140980962017044, 2.120000000000000551 ) ) ;
#2193 = CARTESIAN_POINT ( 'NONE',  ( 2.650061616099202322, 0.2339585261173780240, 0.8500000000000003109 ) ) ;
#2194 = COLOUR_RGB ( '',0.7921568627450980005, 0.8196078431372548767, 0.9333333333333333481 ) ;
#2195 = DIRECTION ( 'NONE',  ( -0.000000000000000000, -0.000000000000000000, -1.000000000000000000 ) ) ;
#2196 = ORIENTED_EDGE ( 'NONE', *, *, #862, .T. ) ;
#2197 = LINE ( 'NONE', #1899, #1611 ) ;
#2198 = DIRECTION ( 'NONE',  ( 1.000000000000000000, 0.000000000000000000, 0.000000000000000000 ) ) ;
#2199 = LINE ( 'NONE', #1263, #259 ) ;
#2200 = EDGE_LOOP ( 'NONE', ( #3928, #1991, #2493, #3015 ) ) ;
#2201 = DIRECTION ( 'NONE',  ( -1.000000000000000000, 1.047233066591874073E-15, 0.000000000000000000 ) ) ;
#2202 = ORIENTED_EDGE ( 'NONE', *, *, #548, .T. ) ;
#2203 = ORIENTED_EDGE ( 'NONE', *, *, #4100, .T. ) ;
#2204 = VERTEX_POINT ( 'NONE', #1784 ) ;
#2205 = LINE ( 'NONE', #3462, #1829 ) ;
#2206 = DIRECTION ( 'NONE',  ( 0.000000000000000000, 0.000000000000000000, 1.000000000000000000 ) ) ;
#2207 = EDGE_CURVE ( 'NONE', #2464, #575, #2039, .T. ) ;
#2208 = DIRECTION ( 'NONE',  ( 0.000000000000000000, 0.000000000000000000, 1.000000000000000000 ) ) ;
#2209 = LINE ( 'NONE', #982, #1226 ) ;
#2210 = EDGE_CURVE ( 'NONE', #1881, #106, #3644, .T. ) ;
#2211 = CARTESIAN_POINT ( 'NONE',  ( 1.950000000000000400, 0.8200000000000151612, 0.4200000000000002620 ) ) ;
#2212 = CARTESIAN_POINT ( 'NONE',  ( 1.949999999999999512, -6.262587324740470862, -2.450000000000001510 ) ) ;
#2213 = ORIENTED_EDGE ( 'NONE', *, *, #4023, .T. ) ;
#2214 = PRESENTATION_STYLE_ASSIGNMENT (( #1597 ) ) ;
#2215 = ORIENTED_EDGE ( 'NONE', *, *, #3919, .T. ) ;
#2216 = CARTESIAN_POINT ( 'NONE',  ( -3.000000000000000000, 0.2094884505545331899, 1.690000000000000169 ) ) ;
#2217 = AXIS2_PLACEMENT_3D ( 'NONE', #511, #780, #4005 ) ;
#2218 = ORIENTED_EDGE ( 'NONE', *, *, #1851, .T. ) ;
#2219 = FACE_OUTER_BOUND ( 'NONE', #2965, .T. ) ;
#2220 = EDGE_LOOP ( 'NONE', ( #1909, #4092, #1481, #1639 ) ) ;
#2221 = ORIENTED_EDGE ( 'NONE', *, *, #3201, .T. ) ;
#2222 = VECTOR ( 'NONE', #2946, 1000.000000000000227 ) ;
#2223 = ORIENTED_EDGE ( 'NONE', *, *, #3442, .F. ) ;
#2224 = DIRECTION ( 'NONE',  ( 0.9975640502598247528, 0.06975647374411911295, 0.000000000000000000 ) ) ;
#2225 = CARTESIAN_POINT ( 'NONE',  ( 1.829513321461377240, 0.1000000000000000056, 2.449999999999998845 ) ) ;
#2226 = CARTESIAN_POINT ( 'NONE',  ( 1.950000000000000400, 0.8200000000000151612, 1.690000000000000169 ) ) ;
#2227 = ADVANCED_FACE ( 'NONE', ( #3334 ), #1765, .F. ) ;
#2228 = EDGE_CURVE ( 'NONE', #2612, #1807, #834, .T. ) ;
#2229 = ADVANCED_FACE ( 'NONE', ( #1126 ), #2015, .T. ) ;
#2230 = CARTESIAN_POINT ( 'NONE',  ( -2.273934777464703405, 0.7339347774647182465, -2.120000000000000107 ) ) ;
#2231 = CARTESIAN_POINT ( 'NONE',  ( -1.890593373776094710, 1.385000000000003784, -2.450000000000001510 ) ) ;
#2232 = EDGE_CURVE ( 'NONE', #1603, #1903, #1144, .T. ) ;
#2233 = AXIS2_PLACEMENT_3D ( 'NONE', #1889, #620, #3417 ) ;
#2234 = DIRECTION ( 'NONE',  ( 0.000000000000000000, 0.000000000000000000, 1.000000000000000000 ) ) ;
#2235 = ORIENTED_EDGE ( 'NONE', *, *, #2605, .F. ) ;
#2236 = LINE ( 'NONE', #3175, #3422 ) ;
#2237 = AXIS2_PLACEMENT_3D ( 'NONE', #988, #2234, #2254 ) ;
#2238 = CARTESIAN_POINT ( 'NONE',  ( 2.360000000000000320, 0.3198140980962017044, 0.4200000000000002620 ) ) ;
#2239 = AXIS2_PLACEMENT_3D ( 'NONE', #4038, #3730, #2206 ) ;
#2240 = LINE ( 'NONE', #2216, #2453 ) ;
#2241 = ADVANCED_FACE ( 'NONE', ( #208 ), #3375, .F. ) ;
#2242 = VECTOR ( 'NONE', #3276, 1000.000000000000000 ) ;
#2243 = ORIENTED_EDGE ( 'NONE', *, *, #3511, .T. ) ;
#2244 = PLANE ( 'NONE',  #1590 ) ;
#2245 = ORIENTED_EDGE ( 'NONE', *, *, #3769, .T. ) ;
#2246 = VERTEX_POINT ( 'NONE', #542 ) ;
#2247 = ORIENTED_EDGE ( 'NONE', *, *, #2414, .T. ) ;
#2248 = LINE ( 'NONE', #1967, #767 ) ;
#2249 = DIRECTION ( 'NONE',  ( -0.000000000000000000, -0.000000000000000000, -1.000000000000000000 ) ) ;
#2250 = VECTOR ( 'NONE', #2474, 1000.000000000000000 ) ;
#2251 = DIRECTION ( 'NONE',  ( -0.9975640502598246417, -0.06975647374411909907, 0.000000000000000000 ) ) ;
#2252 = LINE ( 'NONE', #1937, #3208 ) ;
#2253 =( LENGTH_UNIT ( ) NAMED_UNIT ( * ) SI_UNIT ( .MILLI., .METRE. ) );
#2254 = DIRECTION ( 'NONE',  ( 1.000000000000000000, 0.000000000000000000, 0.000000000000000000 ) ) ;
#2255 = ORIENTED_EDGE ( 'NONE', *, *, #3661, .F. ) ;
#2256 = DIRECTION ( 'NONE',  ( 0.000000000000000000, 0.000000000000000000, 1.000000000000000000 ) ) ;
#2257 = AXIS2_PLACEMENT_3D ( 'NONE', #3336, #1479, #1085 ) ;
#2258 = LINE ( 'NONE', #110, #2242 ) ;
#2259 = LINE ( 'NONE', #3512, #73 ) ;
#2260 = FILL_AREA_STYLE ('',( #3476 ) ) ;
#2261 = VECTOR ( 'NONE', #3523, 1000.000000000000000 ) ;
#2262 = ORIENTED_EDGE ( 'NONE', *, *, #3488, .T. ) ;
#2263 = EDGE_CURVE ( 'NONE', #1507, #2701, #1369, .T. ) ;
#2264 = CARTESIAN_POINT ( 'NONE',  ( 2.273934777464703405, 0.8200000000000151612, 0.4200000000000002620 ) ) ;
#2265 = ORIENTED_EDGE ( 'NONE', *, *, #3382, .F. ) ;
#2266 = ORIENTED_EDGE ( 'NONE', *, *, #193, .F. ) ;
#2267 = ORIENTED_EDGE ( 'NONE', *, *, #2567, .F. ) ;
#2268 = CARTESIAN_POINT ( 'NONE',  ( 2.273934777464703405, 0.7339347774647182465, -0.8499999999999998668 ) ) ;
#2269 = DIRECTION ( 'NONE',  ( -0.000000000000000000, -0.000000000000000000, -1.000000000000000000 ) ) ;
#2270 = VECTOR ( 'NONE', #3764, 1000.000000000000000 ) ;
#2271 = LINE ( 'NONE', #1348, #3757 ) ;
#2272 = DIRECTION ( 'NONE',  ( 1.000000000000000000, 0.000000000000000000, 0.000000000000000000 ) ) ;
#2273 = SURFACE_SIDE_STYLE ('',( #1691 ) ) ;
#2274 = CARTESIAN_POINT ( 'NONE',  ( 2.656065222535267445, 0.3198140980962017044, -0.4199999999999998179 ) ) ;
#2275 = DIRECTION ( 'NONE',  ( -0.000000000000000000, -0.000000000000000000, -1.000000000000000000 ) ) ;
#2276 = LINE ( 'NONE', #416, #541 ) ;
#2277 =( NAMED_UNIT ( * ) SI_UNIT ( $, .STERADIAN. ) SOLID_ANGLE_UNIT ( ) );
#2278 = ADVANCED_FACE ( 'NONE', ( #1 ), #1853, .F. ) ;
#2279 = ORIENTED_EDGE ( 'NONE', *, *, #2664, .F. ) ;
#2280 = ADVANCED_FACE ( 'NONE', ( #2500 ), #1810, .F. ) ;
#2281 = CARTESIAN_POINT ( 'NONE',  ( 1.950000000000000400, 1.029999999999985816, 1.690000000000000169 ) ) ;
#2282 = ORIENTED_EDGE ( 'NONE', *, *, #1851, .F. ) ;
#2283 = ADVANCED_FACE ( 'NONE', ( #224 ), #2454, .F. ) ;
#2284 = EDGE_LOOP ( 'NONE', ( #3284, #174, #640, #1622 ) ) ;
#2285 = EDGE_CURVE ( 'NONE', #3214, #3460, #1566, .T. ) ;
#2286 = EDGE_LOOP ( 'NONE', ( #3035, #971, #301, #2535 ) ) ;
#2287 = VECTOR ( 'NONE', #2896, 1000.000000000000114 ) ;
#2288 = DIRECTION ( 'NONE',  ( -1.000000000000000000, 0.000000000000000000, 0.000000000000000000 ) ) ;
#2289 = EDGE_CURVE ( 'NONE', #4075, #759, #604, .T. ) ;
#2290 = EDGE_CURVE ( 'NONE', #3371, #2246, #572, .T. ) ;
#2291 = DIRECTION ( 'NONE',  ( -0.9975640502598247528, 0.06975647374411790558, 0.000000000000000000 ) ) ;
#2292 = AXIS2_PLACEMENT_3D ( 'NONE', #1215, #2491, #908 ) ;
#2293 = DIRECTION ( 'NONE',  ( 1.000000000000000000, -2.094466133183748935E-15, 0.000000000000000000 ) ) ;
#2294 = DIRECTION ( 'NONE',  ( 0.000000000000000000, 1.000000000000000000, -0.000000000000000000 ) ) ;
#2295 = PLANE ( 'NONE',  #2849 ) ;
#2296 = CARTESIAN_POINT ( 'NONE',  ( -2.273934777464703405, 0.7339347774647182465, 0.4200000000000002620 ) ) ;
#2297 = DIRECTION ( 'NONE',  ( 0.9975640502598247528, 0.06975647374411911295, 0.000000000000000000 ) ) ;
#2298 = PLANE ( 'NONE',  #375 ) ;
#2299 = ORIENTED_EDGE ( 'NONE', *, *, #3327, .T. ) ;
#2300 = CARTESIAN_POINT ( 'NONE',  ( 2.650061616099202322, 0.2339585261173780240, 2.120000000000000551 ) ) ;
#2301 = VECTOR ( 'NONE', #2699, 1000.000000000000114 ) ;
#2302 = DIRECTION ( 'NONE',  ( 0.000000000000000000, 0.000000000000000000, 1.000000000000000000 ) ) ;
#2303 = EDGE_LOOP ( 'NONE', ( #3860, #2672, #239, #1586 ) ) ;
#2304 = ORIENTED_EDGE ( 'NONE', *, *, #2487, .F. ) ;
#2305 = ORIENTED_EDGE ( 'NONE', *, *, #3074, .F. ) ;
#2306 = PRESENTATION_LAYER_ASSIGNMENT (  '', '', ( #582 ) ) ;
#2307 = ADVANCED_FACE ( 'NONE', ( #307 ), #3123, .F. ) ;
#2308 = DIRECTION ( 'NONE',  ( -1.047233066591874073E-15, 1.000000000000000000, 0.000000000000000000 ) ) ;
#2309 = AXIS2_PLACEMENT_3D ( 'NONE', #1557, #2492, #911 ) ;
#2310 = DIRECTION ( 'NONE',  ( -0.000000000000000000, -0.000000000000000000, -1.000000000000000000 ) ) ;
#2311 = EDGE_CURVE ( 'NONE', #935, #798, #2190, .T. ) ;
#2312 = VECTOR ( 'NONE', #2483, 1000.000000000000000 ) ;
#2313 = DIRECTION ( 'NONE',  ( 0.000000000000000000, -0.000000000000000000, 1.000000000000000000 ) ) ;
#2314 = AXIS2_PLACEMENT_3D ( 'NONE', #74, #383, #2308 ) ;
#2315 = PLANE ( 'NONE',  #3213 ) ;
#2316 = CARTESIAN_POINT ( 'NONE',  ( -2.273934777464703405, 0.7339347774647182465, -1.689999999999999947 ) ) ;
#2317 = VERTEX_POINT ( 'NONE', #1207 ) ;
#2318 = CARTESIAN_POINT ( 'NONE',  ( 2.569999999999970530, 0.7339347774647182465, 0.8500000000000003109 ) ) ;
#2319 = DIRECTION ( 'NONE',  ( 6.693953523428912899E-16, -1.000000000000000000, 0.000000000000000000 ) ) ;
#2320 = PLANE ( 'NONE',  #438 ) ;
#2321 = ORIENTED_EDGE ( 'NONE', *, *, #3584, .F. ) ;
#2322 = STYLED_ITEM ( 'NONE', ( #1924 ), #2781 ) ;
#2323 = DIRECTION ( 'NONE',  ( 0.000000000000000000, 0.000000000000000000, 1.000000000000000000 ) ) ;
#2324 = VERTEX_POINT ( 'NONE', #1826 ) ;
#2325 = VERTEX_POINT ( 'NONE', #1891 ) ;
#2326 = DIRECTION ( 'NONE',  ( 0.06975647374411889090, 0.9975640502598246417, -0.000000000000000000 ) ) ;
#2327 = ORIENTED_EDGE ( 'NONE', *, *, #1423, .T. ) ;
#2328 = CIRCLE ( 'NONE', #1727, 0.2960652225352670142 ) ;
#2329 = ORIENTED_EDGE ( 'NONE', *, *, #364, .F. ) ;
#2330 = DIRECTION ( 'NONE',  ( 0.000000000000000000, 0.000000000000000000, 1.000000000000000000 ) ) ;
#2331 = CLOSED_SHELL ( 'NONE', ( #701, #3690, #3913, #1847, #2548, #2241, #2334, #119, #191, #1975, #1494, #944, #3075, #1116 ) ) ;
#2332 = ORIENTED_EDGE ( 'NONE', *, *, #1682, .T. ) ;
#2333 = DIRECTION ( 'NONE',  ( -6.693953523428912899E-16, -1.000000000000000000, 0.000000000000000000 ) ) ;
#2334 = ADVANCED_FACE ( 'NONE', ( #4019 ), #1272, .T. ) ;
#2335 = VECTOR ( 'NONE', #3739, 1000.000000000000000 ) ;
#2336 = LINE ( 'NONE', #3507, #2973 ) ;
#2337 = ADVANCED_FACE ( 'NONE', ( #3465 ), #3145, .T. ) ;
#2338 = DIRECTION ( 'NONE',  ( 0.000000000000000000, -1.000000000000000000, 0.000000000000000000 ) ) ;
#2339 = CARTESIAN_POINT ( 'NONE',  ( -1.950000000000000400, 0.8200000000000151612, 1.690000000000000169 ) ) ;
#2340 = LINE ( 'NONE', #3589, #2764 ) ;
#2341 = DIRECTION ( 'NONE',  ( -1.000000000000000000, 0.000000000000000000, -0.000000000000000000 ) ) ;
#2342 = ORIENTED_EDGE ( 'NONE', *, *, #729, .T. ) ;
#2343 = CARTESIAN_POINT ( 'NONE',  ( 2.273934777464703405, 0.7339347774647182465, 2.120000000000000551 ) ) ;
#2344 = VERTEX_POINT ( 'NONE', #854 ) ;
#2345 = CARTESIAN_POINT ( 'NONE',  ( 1.950000000000000400, 1.029999999999985816, 0.4200000000000002620 ) ) ;
#2346 = EDGE_LOOP ( 'NONE', ( #454, #872, #427, #1699 ) ) ;
#2347 = PRODUCT ( 'ICE2QS03G', 'ICE2QS03G', '', ( #3979 ) ) ;
#2348 = ORIENTED_EDGE ( 'NONE', *, *, #388, .F. ) ;
#2349 = DIRECTION ( 'NONE',  ( -0.000000000000000000, -0.000000000000000000, -1.000000000000000000 ) ) ;
#2350 = CARTESIAN_POINT ( 'NONE',  ( -2.985351140513737178, -3.890381395410000956E-16, -1.689999999999999947 ) ) ;
#2351 = EDGE_LOOP ( 'NONE', ( #2305, #135, #81, #1143, #509, #3120, #339, #3831, #528, #3041, #3054, #3972 ) ) ;
#2352 = CARTESIAN_POINT ( 'NONE',  ( -1.950000000000000400, 0.8200000000000151612, -1.689999999999999947 ) ) ;
#2353 = EDGE_CURVE ( 'NONE', #1946, #806, #1187, .T. ) ;
#2354 = DIRECTION ( 'NONE',  ( 0.000000000000000000, 1.000000000000000000, 0.000000000000000000 ) ) ;
#2355 = CARTESIAN_POINT ( 'NONE',  ( 0.000000000000000000, 1.750000000000000000, 0.000000000000000000 ) ) ;
#2356 = EDGE_CURVE ( 'NONE', #3324, #1082, #622, .T. ) ;
#2357 = ADVANCED_FACE ( 'NONE', ( #2522 ), #1229, .F. ) ;
#2358 = DIRECTION ( 'NONE',  ( -0.000000000000000000, -0.000000000000000000, -1.000000000000000000 ) ) ;
#2359 = CARTESIAN_POINT ( 'NONE',  ( -1.950000000000000400, 1.029999999999985816, 1.690000000000000169 ) ) ;
#2360 = ORIENTED_EDGE ( 'NONE', *, *, #552, .F. ) ;
#2361 = FACE_OUTER_BOUND ( 'NONE', #3261, .T. ) ;
#2362 = VERTEX_POINT ( 'NONE', #3905 ) ;
#2363 = LINE ( 'NONE', #3502, #2693 ) ;
#2364 = CIRCLE ( 'NONE', #2948, 0.1749999999999998224 ) ;
#2365 = AXIS2_PLACEMENT_3D ( 'NONE', #249, #4084, #561 ) ;
#2366 = EDGE_LOOP ( 'NONE', ( #1575, #2138, #3498, #2911 ) ) ;
#2367 = VECTOR ( 'NONE', #1045, 1000.000000000000000 ) ;
#2368 = VECTOR ( 'NONE', #891, 1000.000000000000114 ) ;
#2369 = DIRECTION ( 'NONE',  ( -0.06975647374411790558, 0.9975640502598247528, 0.000000000000000000 ) ) ;
#2370 = CARTESIAN_POINT ( 'NONE',  ( -1.150000000000000355, 1.700000000000000178, -1.950000000000002176 ) ) ;
#2371 = PLANE ( 'NONE',  #1314 ) ;
#2372 = PRESENTATION_LAYER_ASSIGNMENT (  '', '', ( #4015 ) ) ;
#2373 = VERTEX_POINT ( 'NONE', #3620 ) ;
#2374 = DIRECTION ( 'NONE',  ( 0.000000000000000000, 0.000000000000000000, -1.000000000000000000 ) ) ;
#2375 = DIRECTION ( 'NONE',  ( -0.000000000000000000, -0.000000000000000000, -1.000000000000000000 ) ) ;
#2376 = VECTOR ( 'NONE', #795, 1000.000000000000000 ) ;
#2377 = CYLINDRICAL_SURFACE ( 'NONE', #792, 0.2960652225352674027 ) ;
#2378 = DIRECTION ( 'NONE',  ( -0.000000000000000000, -0.000000000000000000, -1.000000000000000000 ) ) ;
#2379 = FILL_AREA_STYLE ('',( #1677 ) ) ;
#2380 = CARTESIAN_POINT ( 'NONE',  ( -2.656065222535267445, 0.3198140980962017044, 0.8500000000000003109 ) ) ;
#2381 = ORIENTED_EDGE ( 'NONE', *, *, #2637, .T. ) ;
#2382 = CARTESIAN_POINT ( 'NONE',  ( -2.273934777464703405, 0.8200000000000151612, 0.8500000000000003109 ) ) ;
#2383 = VERTEX_POINT ( 'NONE', #2345 ) ;
#2384 = FACE_OUTER_BOUND ( 'NONE', #13, .T. ) ;
#2385 = EDGE_CURVE ( 'NONE', #3092, #1633, #2992, .T. ) ;
#2386 = DIRECTION ( 'NONE',  ( -0.000000000000000000, -0.000000000000000000, -1.000000000000000000 ) ) ;
#2387 = ORIENTED_EDGE ( 'NONE', *, *, #241, .F. ) ;
#2388 = VECTOR ( 'NONE', #3249, 1000.000000000000000 ) ;
#2389 = ORIENTED_EDGE ( 'NONE', *, *, #3822, .T. ) ;
#2390 = CARTESIAN_POINT ( 'NONE',  ( 2.360000000000000320, 0.3198140980962017044, 2.120000000000000551 ) ) ;
#2391 = VERTEX_POINT ( 'NONE', #1362 ) ;
#2392 = LINE ( 'NONE', #2967, #2759 ) ;
#2393 = DIRECTION ( 'NONE',  ( 0.000000000000000000, 0.000000000000000000, 1.000000000000000000 ) ) ;
#2394 = ORIENTED_EDGE ( 'NONE', *, *, #2432, .F. ) ;
#2395 = DIRECTION ( 'NONE',  ( 0.000000000000000000, 0.000000000000000000, 1.000000000000000000 ) ) ;
#2396 = STYLED_ITEM ( 'NONE', ( #1789 ), #2667 ) ;
#2397 = ORIENTED_EDGE ( 'NONE', *, *, #679, .T. ) ;
#2398 = FACE_OUTER_BOUND ( 'NONE', #1341, .T. ) ;
#2399 = AXIS2_PLACEMENT_3D ( 'NONE', #1046, #2319, #2003 ) ;
#2400 = ORIENTED_EDGE ( 'NONE', *, *, #607, .F. ) ;
#2401 = CARTESIAN_POINT ( 'NONE',  ( -3.000000000000000000, 0.2094884505545331899, 2.120000000000000551 ) ) ;
#2402 = ORIENTED_EDGE ( 'NONE', *, *, #2903, .F. ) ;
#2403 = CARTESIAN_POINT ( 'NONE',  ( -2.656065222535267445, 0.3198140980962017044, -1.689999999999999947 ) ) ;
#2404 = EDGE_CURVE ( 'NONE', #2932, #1601, #328, .T. ) ;
#2405 = ADVANCED_FACE ( 'NONE', ( #95 ), #3927, .F. ) ;
#2406 = ADVANCED_FACE ( 'NONE', ( #136 ), #2630, .F. ) ;
#2407 = DIRECTION ( 'NONE',  ( 1.000000000000000000, -6.693953523428912899E-16, 0.000000000000000000 ) ) ;
#2408 = ORIENTED_EDGE ( 'NONE', *, *, #2109, .F. ) ;
#2409 = EDGE_CURVE ( 'NONE', #2383, #1962, #742, .T. ) ;
#2410 = CARTESIAN_POINT ( 'NONE',  ( -2.656065222535267445, 0.3198140980962017044, 2.120000000000000551 ) ) ;
#2411 = ORIENTED_EDGE ( 'NONE', *, *, #3029, .T. ) ;
#2412 = CARTESIAN_POINT ( 'NONE',  ( 2.656065222535267445, 0.3198140980962017044, 0.8500000000000003109 ) ) ;
#2413 = DIRECTION ( 'NONE',  ( 1.000000000000000000, 0.000000000000000000, 0.000000000000000000 ) ) ;
#2414 = EDGE_CURVE ( 'NONE', #419, #3216, #3306, .T. ) ;
#2415 = AXIS2_PLACEMENT_3D ( 'NONE', #355, #1092, #2954 ) ;
#2416 = LINE ( 'NONE', #3666, #1723 ) ;
#2417 = VERTEX_POINT ( 'NONE', #3888 ) ;
#2418 = VECTOR ( 'NONE', #3431, 1000.000000000000000 ) ;
#2419 = DIRECTION ( 'NONE',  ( -0.06975647374411790558, 0.9975640502598247528, 0.000000000000000000 ) ) ;
#2420 = VERTEX_POINT ( 'NONE', #1094 ) ;
#2421 = DIRECTION ( 'NONE',  ( -0.9975640502598247528, 0.06975647374411790558, 0.000000000000000000 ) ) ;
#2422 = ORIENTED_EDGE ( 'NONE', *, *, #3511, .F. ) ;
#2423 = DIRECTION ( 'NONE',  ( 0.000000000000000000, 1.000000000000000000, 0.000000000000000000 ) ) ;
#2424 = CARTESIAN_POINT ( 'NONE',  ( -2.656065222535267445, 0.3198140980962017044, -1.689999999999999947 ) ) ;
#2425 = ORIENTED_EDGE ( 'NONE', *, *, #3617, .T. ) ;
#2426 = DIRECTION ( 'NONE',  ( -1.000000000000000000, -6.693953523428911913E-16, 0.000000000000000000 ) ) ;
#2427 = ORIENTED_EDGE ( 'NONE', *, *, #2882, .T. ) ;
#2428 = LINE ( 'NONE', #894, #716 ) ;
#2429 = ORIENTED_EDGE ( 'NONE', *, *, #143, .T. ) ;
#2430 = ORIENTED_EDGE ( 'NONE', *, *, #808, .F. ) ;
#2431 = AXIS2_PLACEMENT_3D ( 'NONE', #2410, #3660, #832 ) ;
#2432 = EDGE_CURVE ( 'NONE', #2928, #3885, #1055, .T. ) ;
#2433 = DIRECTION ( 'NONE',  ( 0.000000000000000000, 0.000000000000000000, 1.000000000000000000 ) ) ;
#2434 = VECTOR ( 'NONE', #1795, 1000.000000000000227 ) ;
#2435 = AXIS2_PLACEMENT_3D ( 'NONE', #455, #2436, #2057 ) ;
#2436 = DIRECTION ( 'NONE',  ( -0.000000000000000000, -0.000000000000000000, -1.000000000000000000 ) ) ;
#2437 = AXIS2_PLACEMENT_3D ( 'NONE', #461, #3360, #1790 ) ;
#2438 = CARTESIAN_POINT ( 'NONE',  ( -3.000000000000000000, 0.2094884505545331899, -0.8499999999999998668 ) ) ;
#2439 = EDGE_LOOP ( 'NONE', ( #1279, #3960, #3111, #1130, #2875 ) ) ;
#2440 = AXIS2_PLACEMENT_3D ( 'NONE', #3798, #1894, #2850 ) ;
#2441 = LINE ( 'NONE', #1132, #242 ) ;
#2442 = ORIENTED_EDGE ( 'NONE', *, *, #472, .T. ) ;
#2443 = DIRECTION ( 'NONE',  ( -0.9975640502598247528, 0.06975647374411890478, 0.000000000000000000 ) ) ;
#2444 = ORIENTED_EDGE ( 'NONE', *, *, #3564, .T. ) ;
#2445 = DIRECTION ( 'NONE',  ( -0.000000000000000000, -0.000000000000000000, -1.000000000000000000 ) ) ;
#2446 = FACE_OUTER_BOUND ( 'NONE', #1708, .T. ) ;
#2447 = AXIS2_PLACEMENT_3D ( 'NONE', #338, #11, #2494 ) ;
#2448 = CARTESIAN_POINT ( 'NONE',  ( -3.000000000000000000, 0.2094884505545331899, -1.689999999999999947 ) ) ;
#2449 = DIRECTION ( 'NONE',  ( 0.9975640502598247528, 0.06975647374411790558, 0.000000000000000000 ) ) ;
#2450 = ORIENTED_EDGE ( 'NONE', *, *, #3311, .F. ) ;
#2451 = ORIENTED_EDGE ( 'NONE', *, *, #808, .T. ) ;
#2452 = LINE ( 'NONE', #3728, #504 ) ;
#2453 = VECTOR ( 'NONE', #2533, 1000.000000000000114 ) ;
#2454 = PLANE ( 'NONE',  #3813 ) ;
#2455 = PLANE ( 'NONE',  #825 ) ;
#2456 = AXIS2_PLACEMENT_3D ( 'NONE', #3125, #647, #606 ) ;
#2457 = ADVANCED_FACE ( 'NONE', ( #3811 ), #3264, .T. ) ;
#2458 = CARTESIAN_POINT ( 'NONE',  ( 2.569999999999970974, 0.3198140980962019264, 0.8500000000000003109 ) ) ;
#2459 = ADVANCED_FACE ( 'NONE', ( #1432 ), #404, .F. ) ;
#2460 = EDGE_CURVE ( 'NONE', #2362, #4102, #3165, .T. ) ;
#2461 = DIRECTION ( 'NONE',  ( 0.9975640502598247528, 0.06975647374411790558, 0.000000000000000000 ) ) ;
#2462 = EDGE_CURVE ( 'NONE', #3265, #1082, #2363, .T. ) ;
#2463 = EDGE_CURVE ( 'NONE', #3965, #3436, #761, .T. ) ;
#2464 = VERTEX_POINT ( 'NONE', #3577 ) ;
#2465 = DIRECTION ( 'NONE',  ( -1.000000000000000000, 0.000000000000000000, 0.000000000000000000 ) ) ;
#2466 = ORIENTED_EDGE ( 'NONE', *, *, #4066, .T. ) ;
#2467 = CLOSED_SHELL ( 'NONE', ( #577, #142, #2485, #628, #203, #2539, #3440, #421, #2459, #3742, #2227, #172, #699, #2840 ) ) ;
#2468 = FACE_OUTER_BOUND ( 'NONE', #869, .T. ) ;
#2469 = LINE ( 'NONE', #845, #1350 ) ;
#2470 = FACE_OUTER_BOUND ( 'NONE', #2040, .T. ) ;
#2471 = ORIENTED_EDGE ( 'NONE', *, *, #1244, .T. ) ;
#2472 = PLANE ( 'NONE',  #2171 ) ;
#2473 = VECTOR ( 'NONE', #967, 1000.000000000000000 ) ;
#2474 = DIRECTION ( 'NONE',  ( -2.094466133183748935E-15, -1.000000000000000000, 0.000000000000000000 ) ) ;
#2475 = VERTEX_POINT ( 'NONE', #959 ) ;
#2476 = EDGE_LOOP ( 'NONE', ( #1095, #975, #2915, #2645 ) ) ;
#2477 = EDGE_LOOP ( 'NONE', ( #2397, #1929, #1307, #883 ) ) ;
#2478 = DIRECTION ( 'NONE',  ( 0.000000000000000000, 0.000000000000000000, 1.000000000000000000 ) ) ;
#2479 = DIRECTION ( 'NONE',  ( -1.000000000000000000, -2.094466133183748935E-15, 0.000000000000000000 ) ) ;
#2480 = DIRECTION ( 'NONE',  ( 1.000000000000000000, 0.000000000000000000, 0.000000000000000000 ) ) ;
#2481 = CARTESIAN_POINT ( 'NONE',  ( -2.273934777464703405, 0.8200000000000151612, -1.689999999999999947 ) ) ;
#2482 = ORIENTED_EDGE ( 'NONE', *, *, #2736, .F. ) ;
#2483 = DIRECTION ( 'NONE',  ( -0.000000000000000000, -0.000000000000000000, 1.000000000000000000 ) ) ;
#2484 = CIRCLE ( 'NONE', #686, 0.2960652225352670142 ) ;
#2485 = ADVANCED_FACE ( 'NONE', ( #2957 ), #1289, .F. ) ;
#2486 = EDGE_LOOP ( 'NONE', ( #2262, #974, #3328, #3492 ) ) ;
#2487 = EDGE_CURVE ( 'NONE', #1082, #2088, #3149, .T. ) ;
#2488 = DIRECTION ( 'NONE',  ( -0.9975640502598247528, 0.06975647374411890478, 0.000000000000000000 ) ) ;
#2489 = ORIENTED_EDGE ( 'NONE', *, *, #71, .F. ) ;
#2490 = CIRCLE ( 'NONE', #1488, 0.2960652225352674027 ) ;
#2491 = DIRECTION ( 'NONE',  ( 0.9975640502598247528, 0.06975647374411890478, -0.000000000000000000 ) ) ;
#2492 = DIRECTION ( 'NONE',  ( 0.9862856015372319929, 0.1650476058606742957, -0.000000000000000000 ) ) ;
#2493 = ORIENTED_EDGE ( 'NONE', *, *, #2684, .T. ) ;
#2494 = DIRECTION ( 'NONE',  ( -1.000000000000000000, 0.000000000000000000, 0.000000000000000000 ) ) ;
#2495 = ORIENTED_EDGE ( 'NONE', *, *, #657, .F. ) ;
#2496 = ORIENTED_EDGE ( 'NONE', *, *, #1573, .F. ) ;
#2497 = ORIENTED_EDGE ( 'NONE', *, *, #960, .T. ) ;
#2498 = LINE ( 'NONE', #1868, #2660 ) ;
#2499 = CARTESIAN_POINT ( 'NONE',  ( -2.635412756612939500, 0.02447007556284402918, -0.4199999999999998179 ) ) ;
#2500 = FACE_OUTER_BOUND ( 'NONE', #1843, .T. ) ;
#2501 = CARTESIAN_POINT ( 'NONE',  ( -1.950000000000000400, -6.262587324740470862, -2.450000000000001510 ) ) ;
#2502 = LINE ( 'NONE', #3796, #3040 ) ;
#2503 = AXIS2_PLACEMENT_3D ( 'NONE', #1913, #425, #446 ) ;
#2504 = LINE ( 'NONE', #3089, #4086 ) ;
#2505 = AXIS2_PLACEMENT_3D ( 'NONE', #753, #2570, #3232 ) ;
#2506 = VECTOR ( 'NONE', #2426, 1000.000000000000000 ) ;
#2507 = DIRECTION ( 'NONE',  ( 0.000000000000000000, 0.000000000000000000, 1.000000000000000000 ) ) ;
#2508 = ORIENTED_EDGE ( 'NONE', *, *, #752, .F. ) ;
#2509 = CARTESIAN_POINT ( 'NONE',  ( -2.360000000000000320, 0.3198140980962017044, 0.8500000000000003109 ) ) ;
#2510 = AXIS2_PLACEMENT_3D ( 'NONE', #4044, #2789, #589 ) ;
#2511 = CARTESIAN_POINT ( 'NONE',  ( 1.950000000000000400, 1.029999999999985816, 2.120000000000000551 ) ) ;
#2512 = CARTESIAN_POINT ( 'NONE',  ( 2.569999999999970530, 0.7339347774647182465, 2.120000000000000551 ) ) ;
#2513 = ORIENTED_EDGE ( 'NONE', *, *, #1418, .F. ) ;
#2514 = VECTOR ( 'NONE', #3140, 1000.000000000000227 ) ;
#2515 = CARTESIAN_POINT ( 'NONE',  ( 3.000000000000000000, 0.2094884505545331899, 1.690000000000000169 ) ) ;
#2516 = ORIENTED_EDGE ( 'NONE', *, *, #2409, .T. ) ;
#2517 = ORIENTED_EDGE ( 'NONE', *, *, #2736, .T. ) ;
#2518 = VERTEX_POINT ( 'NONE', #1739 ) ;
#2519 = EDGE_CURVE ( 'NONE', #1407, #697, #1683, .T. ) ;
#2520 = LINE ( 'NONE', #4037, #2692 ) ;
#2521 = UNCERTAINTY_MEASURE_WITH_UNIT (LENGTH_MEASURE( 1.000000000000000082E-05 ), #3765, 'distance_accuracy_value', 'NONE');
#2522 = FACE_OUTER_BOUND ( 'NONE', #600, .T. ) ;
#2523 = DIRECTION ( 'NONE',  ( 0.000000000000000000, -0.000000000000000000, 1.000000000000000000 ) ) ;
#2524 = DIRECTION ( 'NONE',  ( -1.000000000000000000, 0.000000000000000000, 0.000000000000000000 ) ) ;
#2525 = VECTOR ( 'NONE', #4064, 1000.000000000000114 ) ;
#2526 = DIRECTION ( 'NONE',  ( -0.000000000000000000, -0.000000000000000000, -1.000000000000000000 ) ) ;
#2527 = LINE ( 'NONE', #1276, #112 ) ;
#2528 = VECTOR ( 'NONE', #98, 1000.000000000000000 ) ;
#2529 = ORIENTED_EDGE ( 'NONE', *, *, #2879, .T. ) ;
#2530 = LINE ( 'NONE', #2868, #1169 ) ;
#2531 = ORIENTED_EDGE ( 'NONE', *, *, #3361, .T. ) ;
#2532 = SURFACE_STYLE_FILL_AREA ( #3786 ) ;
#2533 = DIRECTION ( 'NONE',  ( 0.06975647374411889090, -0.9975640502598246417, 0.000000000000000000 ) ) ;
#2534 = CARTESIAN_POINT ( 'NONE',  ( 2.656065222535267445, 0.3198140980962017044, 1.690000000000000169 ) ) ;
#2535 = ORIENTED_EDGE ( 'NONE', *, *, #3634, .T. ) ;
#2536 = ORIENTED_EDGE ( 'NONE', *, *, #318, .F. ) ;
#2537 = EDGE_LOOP ( 'NONE', ( #3461, #816, #1553, #1980 ) ) ;
#2538 = VECTOR ( 'NONE', #3695, 1000.000000000000000 ) ;
#2539 = ADVANCED_FACE ( 'NONE', ( #1454 ), #1758, .F. ) ;
#2540 = DIRECTION ( 'NONE',  ( 1.000000000000000000, 6.693953523428912899E-16, 0.000000000000000000 ) ) ;
#2541 = EDGE_CURVE ( 'NONE', #3290, #423, #2115, .T. ) ;
#2542 = EDGE_CURVE ( 'NONE', #3092, #1405, #3023, .T. ) ;
#2543 = EDGE_CURVE ( 'NONE', #697, #2204, #2154, .T. ) ;
#2544 = EDGE_CURVE ( 'NONE', #2833, #1340, #3704, .T. ) ;
#2545 = CARTESIAN_POINT ( 'NONE',  ( 2.273934777464703405, 0.7339347774647182465, 0.8500000000000003109 ) ) ;
#2546 = CARTESIAN_POINT ( 'NONE',  ( 1.950000000000000400, 1.029999999999985816, 2.120000000000000551 ) ) ;
#2547 = SURFACE_STYLE_FILL_AREA ( #1275 ) ;
#2548 = ADVANCED_FACE ( 'NONE', ( #1472 ), #3722, .F. ) ;
#2549 = CARTESIAN_POINT ( 'NONE',  ( 1.950000000000000400, 1.029999999999985816, 2.120000000000000551 ) ) ;
#2550 = CARTESIAN_POINT ( 'NONE',  ( 2.656065222535267445, 0.3198140980962017044, -2.120000000000000107 ) ) ;
#2551 = PLANE ( 'NONE',  #1368 ) ;
#2552 = ORIENTED_EDGE ( 'NONE', *, *, #199, .F. ) ;
#2553 =( NAMED_UNIT ( * ) PLANE_ANGLE_UNIT ( ) SI_UNIT ( $, .RADIAN. ) );
#2554 = CARTESIAN_POINT ( 'NONE',  ( -1.950000000000000400, 1.029999999999985816, 0.8500000000000003109 ) ) ;
#2555 = CYLINDRICAL_SURFACE ( 'NONE', #3754, 0.08606522253529635957 ) ;
#2556 = VECTOR ( 'NONE', #2423, 1000.000000000000000 ) ;
#2557 = CARTESIAN_POINT ( 'NONE',  ( -2.360000000000000320, 0.3198140980962017044, 2.120000000000000551 ) ) ;
#2558 = VERTEX_POINT ( 'NONE', #2448 ) ;
#2559 = EDGE_LOOP ( 'NONE', ( #2993, #2991, #2668, #4025 ) ) ;
#2560 = ORIENTED_EDGE ( 'NONE', *, *, #1069, .F. ) ;
#2561 = DIRECTION ( 'NONE',  ( 1.047233066591874073E-15, 1.000000000000000000, 0.000000000000000000 ) ) ;
#2562 = CARTESIAN_POINT ( 'NONE',  ( 1.950000000000000400, 0.8200000000000151612, 0.4200000000000002620 ) ) ;
#2563 = DIRECTION ( 'NONE',  ( -0.000000000000000000, -0.000000000000000000, -1.000000000000000000 ) ) ;
#2564 = DIRECTION ( 'NONE',  ( -0.000000000000000000, -0.000000000000000000, -1.000000000000000000 ) ) ;
#2565 = CARTESIAN_POINT ( 'NONE',  ( -1.829513321461378128, 0.1000000000000000056, -2.329513321461379238 ) ) ;
#2566 = CIRCLE ( 'NONE', #3206, 0.08606522253529635957 ) ;
#2567 = EDGE_CURVE ( 'NONE', #2816, #2383, #4009, .T. ) ;
#2568 = LINE ( 'NONE', #1919, #770 ) ;
#2569 = EDGE_LOOP ( 'NONE', ( #995, #1780, #3405, #3676 ) ) ;
#2570 = DIRECTION ( 'NONE',  ( -0.000000000000000000, -0.000000000000000000, -1.000000000000000000 ) ) ;
#2571 = VECTOR ( 'NONE', #3800, 1000.000000000000114 ) ;
#2572 = VECTOR ( 'NONE', #3637, 1000.000000000000000 ) ;
#2573 = CARTESIAN_POINT ( 'NONE',  ( 3.000000000000000000, 0.2094884505545331899, -2.120000000000000107 ) ) ;
#2574 = VECTOR ( 'NONE', #3962, 1000.000000000000000 ) ;
#2575 = ORIENTED_EDGE ( 'NONE', *, *, #938, .T. ) ;
#2576 = DIRECTION ( 'NONE',  ( 0.9975640502598247528, 0.06975647374411911295, 0.000000000000000000 ) ) ;
#2577 = EDGE_LOOP ( 'NONE', ( #2071, #2267, #2086, #2843 ) ) ;
#2578 = VERTEX_POINT ( 'NONE', #823 ) ;
#2579 = ORIENTED_EDGE ( 'NONE', *, *, #784, .F. ) ;
#2580 =( GEOMETRIC_REPRESENTATION_CONTEXT ( 3 ) GLOBAL_UNCERTAINTY_ASSIGNED_CONTEXT ( ( #2801 ) ) GLOBAL_UNIT_ASSIGNED_CONTEXT ( ( #3851, #4094, #1978 ) ) REPRESENTATION_CONTEXT ( 'NONE', 'WORKASPACE' ) );
#2581 = DIRECTION ( 'NONE',  ( 1.000000000000000000, 0.000000000000000000, 0.000000000000000000 ) ) ;
#2582 = FACE_OUTER_BOUND ( 'NONE', #3070, .T. ) ;
#2583 = DIRECTION ( 'NONE',  ( -1.000000000000000000, 0.000000000000000000, 0.000000000000000000 ) ) ;
#2584 = EDGE_CURVE ( 'NONE', #3747, #681, #870, .T. ) ;
#2585 = CARTESIAN_POINT ( 'NONE',  ( 3.000000000000000000, 0.2094884505545331899, -1.689999999999999947 ) ) ;
#2586 = ADVANCED_FACE ( 'NONE', ( #3986 ), #2472, .F. ) ;
#2587 = LINE ( 'NONE', #2643, #3846 ) ;
#2588 = CIRCLE ( 'NONE', #325, 0.2960652225352674027 ) ;
#2589 = DIRECTION ( 'NONE',  ( -0.000000000000000000, -0.000000000000000000, -1.000000000000000000 ) ) ;
#2590 = EDGE_CURVE ( 'NONE', #1431, #3118, #1119, .T. ) ;
#2591 = ORIENTED_EDGE ( 'NONE', *, *, #3359, .F. ) ;
#2592 = LINE ( 'NONE', #3283, #2079 ) ;
#2593 = EDGE_LOOP ( 'NONE', ( #2255, #356, #2595, #3218, #1715 ) ) ;
#2594 = ORIENTED_EDGE ( 'NONE', *, *, #3003, .T. ) ;
#2595 = ORIENTED_EDGE ( 'NONE', *, *, #3818, .F. ) ;
#2596 = PLANE ( 'NONE',  #3080 ) ;
#2597 = DIRECTION ( 'NONE',  ( 0.000000000000000000, 0.000000000000000000, 1.000000000000000000 ) ) ;
#2598 = CARTESIAN_POINT ( 'NONE',  ( 2.360000000000000320, 0.3198140980962017044, 0.8500000000000003109 ) ) ;
#2599 = VECTOR ( 'NONE', #595, 1000.000000000000000 ) ;
#2600 = DIRECTION ( 'NONE',  ( -0.000000000000000000, -0.000000000000000000, -1.000000000000000000 ) ) ;
#2601 = DIRECTION ( 'NONE',  ( -1.000000000000000000, 0.000000000000000000, 0.000000000000000000 ) ) ;
#2602 = CARTESIAN_POINT ( 'NONE',  ( -1.950000000000000400, 1.029999999999985816, -0.4199999999999998179 ) ) ;
#2603 = CARTESIAN_POINT ( 'NONE',  ( 2.273934777464703405, 0.8200000000000151612, 2.120000000000000551 ) ) ;
#2604 = CARTESIAN_POINT ( 'NONE',  ( -2.569999999999970974, 0.3198140980962019264, -0.8499999999999998668 ) ) ;
#2605 = EDGE_CURVE ( 'NONE', #2797, #1223, #1513, .T. ) ;
#2606 = CARTESIAN_POINT ( 'NONE',  ( 2.273934777464703405, 0.7339347774647182465, 1.690000000000000169 ) ) ;
#2607 = EDGE_CURVE ( 'NONE', #1788, #3531, #2069, .T. ) ;
#2608 = ORIENTED_EDGE ( 'NONE', *, *, #3447, .T. ) ;
#2609 = DIRECTION ( 'NONE',  ( 0.000000000000000000, 0.000000000000000000, 1.000000000000000000 ) ) ;
#2610 = EDGE_LOOP ( 'NONE', ( #351, #874, #1910, #1515 ) ) ;
#2611 = ORIENTED_EDGE ( 'NONE', *, *, #1370, .F. ) ;
#2612 = VERTEX_POINT ( 'NONE', #847 ) ;
#2613 = AXIS2_PLACEMENT_3D ( 'NONE', #2669, #3215, #3593 ) ;
#2614 = FACE_OUTER_BOUND ( 'NONE', #3918, .T. ) ;
#2615 = FACE_OUTER_BOUND ( 'NONE', #117, .T. ) ;
#2616 = FACE_OUTER_BOUND ( 'NONE', #3426, .T. ) ;
#2617 = DIRECTION ( 'NONE',  ( -1.000000000000000000, 6.693953523428911913E-16, -0.000000000000000000 ) ) ;
#2618 = CARTESIAN_POINT ( 'NONE',  ( -1.829513321461378128, 0.1000000000000000056, 0.000000000000000000 ) ) ;
#2619 = CARTESIAN_POINT ( 'NONE',  ( 2.569999999999970974, 0.3198140980962019264, 1.690000000000000169 ) ) ;
#2620 = FACE_OUTER_BOUND ( 'NONE', #341, .T. ) ;
#2621 = CARTESIAN_POINT ( 'NONE',  ( -2.635412756612939500, 0.02447007556284402918, -2.120000000000000107 ) ) ;
#2622 = CIRCLE ( 'NONE', #1763, 0.08606522253529680366 ) ;
#2623 = VERTEX_POINT ( 'NONE', #4030 ) ;
#2624 = CARTESIAN_POINT ( 'NONE',  ( -2.359999999999999876, 0.7339347774647182465, -2.120000000000000107 ) ) ;
#2625 = VECTOR ( 'NONE', #1260, 1000.000000000000000 ) ;
#2626 = VECTOR ( 'NONE', #1700, 1000.000000000000000 ) ;
#2627 =( LENGTH_UNIT ( ) NAMED_UNIT ( * ) SI_UNIT ( .MILLI., .METRE. ) );
#2628 = ORIENTED_EDGE ( 'NONE', *, *, #1193, .T. ) ;
#2629 = ORIENTED_EDGE ( 'NONE', *, *, #885, .F. ) ;
#2630 = CYLINDRICAL_SURFACE ( 'NONE', #1637, 0.08606522253529680366 ) ;
#2631 = ORIENTED_EDGE ( 'NONE', *, *, #18, .T. ) ;
#2632 = LINE ( 'NONE', #723, #2182 ) ;
#2633 = VECTOR ( 'NONE', #3607, 1000.000000000000000 ) ;
#2634 = EDGE_CURVE ( 'NONE', #3809, #1640, #1199, .T. ) ;
#2635 = VECTOR ( 'NONE', #1003, 1000.000000000000000 ) ;
#2636 = ORIENTED_EDGE ( 'NONE', *, *, #268, .T. ) ;
#2637 = EDGE_CURVE ( 'NONE', #721, #3235, #1802, .T. ) ;
#2638 = CARTESIAN_POINT ( 'NONE',  ( -1.950000000000000400, 1.029999999999985816, -1.689999999999999947 ) ) ;
#2639 = EDGE_LOOP ( 'NONE', ( #2884, #2913, #914, #581, #1195, #1306, #233, #1133, #3141, #281, #1015, #1860 ) ) ;
#2640 = VECTOR ( 'NONE', #2184, 1000.000000000000000 ) ;
#2641 = DIRECTION ( 'NONE',  ( 0.000000000000000000, 1.000000000000000000, 0.000000000000000000 ) ) ;
#2642 = DIRECTION ( 'NONE',  ( -1.000000000000000000, 0.000000000000000000, 0.000000000000000000 ) ) ;
#2643 = CARTESIAN_POINT ( 'NONE',  ( 2.273934777464703405, 1.029999999999985372, 2.120000000000000551 ) ) ;
#2644 = CARTESIAN_POINT ( 'NONE',  ( -1.950000000000000400, -6.262587324740470862, 2.449999999999998845 ) ) ;
#2645 = ORIENTED_EDGE ( 'NONE', *, *, #828, .T. ) ;
#2646 =( GEOMETRIC_REPRESENTATION_CONTEXT ( 3 ) GLOBAL_UNCERTAINTY_ASSIGNED_CONTEXT ( ( #1890 ) ) GLOBAL_UNIT_ASSIGNED_CONTEXT ( ( #1420, #225, #2743 ) ) REPRESENTATION_CONTEXT ( 'NONE', 'WORKASPACE' ) );
#2647 = CARTESIAN_POINT ( 'NONE',  ( -2.273934777464703405, 0.8200000000000151612, 1.690000000000000169 ) ) ;
#2648 = DIRECTION ( 'NONE',  ( -0.06975647374411911295, -0.9975640502598247528, 0.000000000000000000 ) ) ;
#2649 = ORIENTED_EDGE ( 'NONE', *, *, #3661, .T. ) ;
#2650 = DIRECTION ( 'NONE',  ( 1.000000000000000000, 6.693953523428912899E-16, 0.000000000000000000 ) ) ;
#2651 = VERTEX_POINT ( 'NONE', #1177 ) ;
#2652 = CIRCLE ( 'NONE', #1393, 0.2960652225352670142 ) ;
#2653 = ADVANCED_FACE ( 'NONE', ( #2384 ), #3097, .F. ) ;
#2654 = DIRECTION ( 'NONE',  ( -0.000000000000000000, -0.000000000000000000, -1.000000000000000000 ) ) ;
#2655 = EDGE_CURVE ( 'NONE', #583, #216, #799, .T. ) ;
#2656 = ADVANCED_FACE ( 'NONE', ( #3016 ), #179, .F. ) ;
#2657 = PLANE ( 'NONE',  #1367 ) ;
#2658 = ORIENTED_EDGE ( 'NONE', *, *, #831, .T. ) ;
#2659 = CARTESIAN_POINT ( 'NONE',  ( -1.950000000000000400, 1.029999999999985816, -2.450000000000001510 ) ) ;
#2660 = VECTOR ( 'NONE', #1587, 1000.000000000000000 ) ;
#2661 = AXIS2_PLACEMENT_3D ( 'NONE', #2355, #2338, #3588 ) ;
#2662 = CARTESIAN_POINT ( 'NONE',  ( -1.150000000000000355, 1.750000000000000000, -1.775000000000002354 ) ) ;
#2663 =( LENGTH_UNIT ( ) NAMED_UNIT ( * ) SI_UNIT ( .MILLI., .METRE. ) );
#2664 = EDGE_CURVE ( 'NONE', #4075, #827, #615, .T. ) ;
#2665 = CARTESIAN_POINT ( 'NONE',  ( -0.7733297129614162824, 2.502263660814670665, 2.203627557743513155 ) ) ;
#2666 = FACE_OUTER_BOUND ( 'NONE', #402, .T. ) ;
#2667 = ADVANCED_BREP_SHAPE_REPRESENTATION ( 'ICE2QS03G', ( #2781, #1538, #37, #1522, #2895, #1410, #1422, #147, #2885, #160, #1804 ), #1612 ) ;
#2668 = ORIENTED_EDGE ( 'NONE', *, *, #2076, .F. ) ;
#2669 = CARTESIAN_POINT ( 'NONE',  ( 2.656065222535267445, 0.3198140980962017044, -1.689999999999999947 ) ) ;
#2670 = ORIENTED_EDGE ( 'NONE', *, *, #2839, .F. ) ;
#2671 = CARTESIAN_POINT ( 'NONE',  ( -1.950000000000000400, 0.8200000000000150502, -2.450000000000001510 ) ) ;
#2672 = ORIENTED_EDGE ( 'NONE', *, *, #3437, .F. ) ;
#2673 = AXIS2_PLACEMENT_3D ( 'NONE', #2006, #2609, #1638 ) ;
#2674 = DIRECTION ( 'NONE',  ( -0.9975640502598247528, -0.06975647374411790558, 0.000000000000000000 ) ) ;
#2675 =( GEOMETRIC_REPRESENTATION_CONTEXT ( 3 ) GLOBAL_UNCERTAINTY_ASSIGNED_CONTEXT ( ( #2189 ) ) GLOBAL_UNIT_ASSIGNED_CONTEXT ( ( #1728, #1039, #1063 ) ) REPRESENTATION_CONTEXT ( 'NONE', 'WORKASPACE' ) );
#2676 = CARTESIAN_POINT ( 'NONE',  ( 1.950000000000000400, 0.8200000000000151612, 2.120000000000000551 ) ) ;
#2677 = CIRCLE ( 'NONE', #3267, 0.08606522253529635957 ) ;
#2678 = ORIENTED_EDGE ( 'NONE', *, *, #3538, .T. ) ;
#2679 = DIRECTION ( 'NONE',  ( -1.047233066591874073E-15, -1.000000000000000000, 0.000000000000000000 ) ) ;
#2680 = DIRECTION ( 'NONE',  ( -0.000000000000000000, -0.000000000000000000, -1.000000000000000000 ) ) ;
#2681 =( NAMED_UNIT ( * ) SI_UNIT ( $, .STERADIAN. ) SOLID_ANGLE_UNIT ( ) );
#2682 = VERTEX_POINT ( 'NONE', #2573 ) ;
#2683 = DIRECTION ( 'NONE',  ( -0.000000000000000000, -0.000000000000000000, -1.000000000000000000 ) ) ;
#2684 = EDGE_CURVE ( 'NONE', #1584, #2844, #576, .T. ) ;
#2685 = CARTESIAN_POINT ( 'NONE',  ( -2.360000000000000320, 0.3198140980962017044, 0.8500000000000003109 ) ) ;
#2686 = LINE ( 'NONE', #1607, #32 ) ;
#2687 = VERTEX_POINT ( 'NONE', #3115 ) ;
#2688 = FACE_OUTER_BOUND ( 'NONE', #1840, .T. ) ;
#2689 = LINE ( 'NONE', #3945, #2556 ) ;
#2690 = VERTEX_POINT ( 'NONE', #1301 ) ;
#2691 = DIRECTION ( 'NONE',  ( -2.094466133183748935E-15, 1.000000000000000000, -0.000000000000000000 ) ) ;
#2692 = VECTOR ( 'NONE', #3752, 1000.000000000000000 ) ;
#2693 = VECTOR ( 'NONE', #2249, 1000.000000000000000 ) ;
#2694 = CARTESIAN_POINT ( 'NONE',  ( -2.273934777464703405, 0.7339347774647182465, 0.4200000000000002620 ) ) ;
#2695 = VECTOR ( 'NONE', #951, 1000.000000000000000 ) ;
#2696 = EDGE_LOOP ( 'NONE', ( #1122, #3134, #1453, #1834, #2990, #617, #1118, #601, #1559, #3844, #2389, #1113 ) ) ;
#2697 = AXIS2_PLACEMENT_3D ( 'NONE', #550, #3072, #2751 ) ;
#2698 = DIRECTION ( 'NONE',  ( -0.000000000000000000, -0.000000000000000000, -1.000000000000000000 ) ) ;
#2699 = DIRECTION ( 'NONE',  ( 0.06975647374411889090, 0.9975640502598246417, -0.000000000000000000 ) ) ;
#2700 = VECTOR ( 'NONE', #330, 1000.000000000000000 ) ;
#2701 = VERTEX_POINT ( 'NONE', #1863 ) ;
#2702 = CARTESIAN_POINT ( 'NONE',  ( -2.650061616099202322, 0.2339585261173780240, -2.120000000000000107 ) ) ;
#2703 = AXIS2_PLACEMENT_3D ( 'NONE', #462, #1985, #398 ) ;
#2704 = LINE ( 'NONE', #3647, #1326 ) ;
#2705 = VECTOR ( 'NONE', #2449, 1000.000000000000114 ) ;
#2706 = DIRECTION ( 'NONE',  ( 1.047233066591874073E-15, -1.000000000000000000, -0.000000000000000000 ) ) ;
#2707 = ADVANCED_FACE ( 'NONE', ( #1533 ), #2555, .F. ) ;
#2708 = ORIENTED_EDGE ( 'NONE', *, *, #1363, .T. ) ;
#2709 = EDGE_CURVE ( 'NONE', #661, #3499, #36, .T. ) ;
#2710 = EDGE_CURVE ( 'NONE', #863, #1125, #3826, .T. ) ;
#2711 = DIRECTION ( 'NONE',  ( 0.06975647374411790558, 0.9975640502598247528, -0.000000000000000000 ) ) ;
#2712 = ORIENTED_EDGE ( 'NONE', *, *, #3560, .T. ) ;
#2713 = LINE ( 'NONE', #2131, #1404 ) ;
#2714 = EDGE_CURVE ( 'NONE', #3351, #3597, #10, .T. ) ;
#2715 = EDGE_CURVE ( 'NONE', #2518, #4101, #1106, .T. ) ;
#2716 = CARTESIAN_POINT ( 'NONE',  ( 1.950000000000000400, 0.8200000000000151612, -0.8499999999999998668 ) ) ;
#2717 = ORIENTED_EDGE ( 'NONE', *, *, #3006, .T. ) ;
#2718 = DIRECTION ( 'NONE',  ( 0.000000000000000000, 0.000000000000000000, 1.000000000000000000 ) ) ;
#2719 = ADVANCED_FACE ( 'NONE', ( #4096 ), #3138, .T. ) ;
#2720 = DIRECTION ( 'NONE',  ( -6.693953523428912899E-16, -1.000000000000000000, 0.000000000000000000 ) ) ;
#2721 = ORIENTED_EDGE ( 'NONE', *, *, #1972, .T. ) ;
#2722 = MECHANICAL_DESIGN_GEOMETRIC_PRESENTATION_REPRESENTATION (  '', ( #1389 ), #2646 ) ;
#2723 = ORIENTED_EDGE ( 'NONE', *, *, #2590, .T. ) ;
#2724 = CARTESIAN_POINT ( 'NONE',  ( 2.360000000000000320, 0.7339347774647182465, -0.4199999999999998179 ) ) ;
#2725 = ORIENTED_EDGE ( 'NONE', *, *, #369, .T. ) ;
#2726 = DIRECTION ( 'NONE',  ( -0.000000000000000000, 0.000000000000000000, -1.000000000000000000 ) ) ;
#2727 = FACE_OUTER_BOUND ( 'NONE', #1178, .T. ) ;
#2728 = PLANE ( 'NONE',  #190 ) ;
#2729 = DIRECTION ( 'NONE',  ( -0.000000000000000000, -0.000000000000000000, -1.000000000000000000 ) ) ;
#2730 = EDGE_LOOP ( 'NONE', ( #1203, #403, #1372, #1202, #1181, #3583, #3068, #29, #2513, #2536, #2794, #2591 ) ) ;
#2731 = DIRECTION ( 'NONE',  ( -1.000000000000000000, 0.000000000000000000, 0.000000000000000000 ) ) ;
#2732 = ORIENTED_EDGE ( 'NONE', *, *, #2020, .T. ) ;
#2733 = CARTESIAN_POINT ( 'NONE',  ( -3.000000000000000000, 0.2094884505545331899, 1.690000000000000169 ) ) ;
#2734 = ORIENTED_EDGE ( 'NONE', *, *, #1871, .F. ) ;
#2735 = DIRECTION ( 'NONE',  ( -0.000000000000000000, -0.000000000000000000, -1.000000000000000000 ) ) ;
#2736 = EDGE_CURVE ( 'NONE', #3479, #3410, #295, .T. ) ;
#2737 = CARTESIAN_POINT ( 'NONE',  ( 2.656065222535267445, 0.3198140980962017044, 0.4200000000000002620 ) ) ;
#2738 = VERTEX_POINT ( 'NONE', #3804 ) ;
#2739 = ORIENTED_EDGE ( 'NONE', *, *, #1058, .T. ) ;
#2740 = CARTESIAN_POINT ( 'NONE',  ( 1.829513321461377462, 1.750000000000000000, 2.329513321461377018 ) ) ;
#2741 = DIRECTION ( 'NONE',  ( -0.000000000000000000, -0.000000000000000000, -1.000000000000000000 ) ) ;
#2742 = VECTOR ( 'NONE', #1197, 1000.000000000000000 ) ;
#2743 =( NAMED_UNIT ( * ) SI_UNIT ( $, .STERADIAN. ) SOLID_ANGLE_UNIT ( ) );
#2744 = VERTEX_POINT ( 'NONE', #337 ) ;
#2745 = VECTOR ( 'NONE', #1401, 1000.000000000000000 ) ;
#2746 = CYLINDRICAL_SURFACE ( 'NONE', #3686, 0.1749999999999998224 ) ;
#2747 = ORIENTED_EDGE ( 'NONE', *, *, #2958, .F. ) ;
#2748 = CARTESIAN_POINT ( 'NONE',  ( 2.360000000000000320, 0.3198140980962017044, -0.4199999999999998179 ) ) ;
#2749 = ORIENTED_EDGE ( 'NONE', *, *, #2607, .T. ) ;
#2750 =( LENGTH_UNIT ( ) NAMED_UNIT ( * ) SI_UNIT ( .MILLI., .METRE. ) );
#2751 = DIRECTION ( 'NONE',  ( -1.000000000000000000, 0.000000000000000000, 0.000000000000000000 ) ) ;
#2752 = CARTESIAN_POINT ( 'NONE',  ( 1.950000000000000400, 0.8200000000000151612, -1.689999999999999947 ) ) ;
#2753 = ORIENTED_EDGE ( 'NONE', *, *, #2179, .T. ) ;
#2754 = EDGE_LOOP ( 'NONE', ( #2075, #151, #3770, #3683 ) ) ;
#2755 = CIRCLE ( 'NONE', #2233, 0.2960652225352670142 ) ;
#2756 = CARTESIAN_POINT ( 'NONE',  ( -2.635412756612939500, 0.02447007556284402918, -0.4199999999999998179 ) ) ;
#2757 = EDGE_CURVE ( 'NONE', #2701, #3886, #931, .T. ) ;
#2758 = AXIS2_PLACEMENT_3D ( 'NONE', #3568, #3545, #1671 ) ;
#2759 = VECTOR ( 'NONE', #1103, 1000.000000000000000 ) ;
#2760 = EDGE_CURVE ( 'NONE', #3603, #807, #4103, .T. ) ;
#2761 = EDGE_CURVE ( 'NONE', #746, #2844, #2199, .T. ) ;
#2762 = DIRECTION ( 'NONE',  ( 0.000000000000000000, 0.000000000000000000, 1.000000000000000000 ) ) ;
#2763 = DIRECTION ( 'NONE',  ( 1.047233066591874073E-15, 1.000000000000000000, 0.000000000000000000 ) ) ;
#2764 = VECTOR ( 'NONE', #2971, 1000.000000000000000 ) ;
#2765 = CARTESIAN_POINT ( 'NONE',  ( -1.150000000000000355, 1.700000000000000178, -1.950000000000002176 ) ) ;
#2766 = PLANE ( 'NONE',  #1585 ) ;
#2767 = AXIS2_PLACEMENT_3D ( 'NONE', #2981, #3874, #3563 ) ;
#2768 = ORIENTED_EDGE ( 'NONE', *, *, #1008, .F. ) ;
#2769 = FACE_OUTER_BOUND ( 'NONE', #3077, .T. ) ;
#2770 = ORIENTED_EDGE ( 'NONE', *, *, #2780, .T. ) ;
#2771 = AXIS2_PLACEMENT_3D ( 'NONE', #810, #2073, #3329 ) ;
#2772 = DIRECTION ( 'NONE',  ( 0.000000000000000000, 1.000000000000000000, 0.000000000000000000 ) ) ;
#2773 = CARTESIAN_POINT ( 'NONE',  ( -1.950000000000000400, 1.029999999999985816, -0.4199999999999998179 ) ) ;
#2774 = CARTESIAN_POINT ( 'NONE',  ( 1.950000000000000400, 0.8200000000000151612, 2.120000000000000551 ) ) ;
#2775 = ORIENTED_EDGE ( 'NONE', *, *, #2983, .T. ) ;
#2776 = ORIENTED_EDGE ( 'NONE', *, *, #3870, .T. ) ;
#2777 = ORIENTED_EDGE ( 'NONE', *, *, #748, .F. ) ;
#2778 = CARTESIAN_POINT ( 'NONE',  ( 1.950000000000000400, 0.8200000000000151612, -2.120000000000000107 ) ) ;
#2779 = AXIS2_PLACEMENT_3D ( 'NONE', #57, #711, #3272 ) ;
#2780 = EDGE_CURVE ( 'NONE', #1476, #3324, #2240, .T. ) ;
#2781 = MANIFOLD_SOLID_BREP ( 'Cut-Extrude2', #5 ) ;
#2782 = CARTESIAN_POINT ( 'NONE',  ( -2.273934777464703405, 0.7339347774647182465, 1.690000000000000169 ) ) ;
#2783 = LINE ( 'NONE', #1542, #486 ) ;
#2784 = EDGE_CURVE ( 'NONE', #3885, #3265, #2893, .T. ) ;
#2785 = ADVANCED_FACE ( 'NONE', ( #3787 ), #1956, .F. ) ;
#2786 = VECTOR ( 'NONE', #344, 1000.000000000000000 ) ;
#2787 = DIRECTION ( 'NONE',  ( 0.000000000000000000, 1.000000000000000000, 0.000000000000000000 ) ) ;
#2788 = ORIENTED_EDGE ( 'NONE', *, *, #1495, .T. ) ;
#2789 = DIRECTION ( 'NONE',  ( 0.000000000000000000, 1.000000000000000000, 0.000000000000000000 ) ) ;
#2790 = CARTESIAN_POINT ( 'NONE',  ( 1.767738509381681755, 2.119151720645402026, -2.267738509381683976 ) ) ;
#2791 = ORIENTED_EDGE ( 'NONE', *, *, #1363, .F. ) ;
#2792 = DIRECTION ( 'NONE',  ( -0.9975640502598247528, 0.06975647374411790558, 0.000000000000000000 ) ) ;
#2793 = CARTESIAN_POINT ( 'NONE',  ( -1.150000000000000355, 1.700000000000000178, -1.775000000000002354 ) ) ;
#2794 = ORIENTED_EDGE ( 'NONE', *, *, #1474, .F. ) ;
#2795 = DIRECTION ( 'NONE',  ( -1.000000000000000000, 0.000000000000000000, 0.000000000000000000 ) ) ;
#2796 = LINE ( 'NONE', #3177, #2514 ) ;
#2797 = VERTEX_POINT ( 'NONE', #2602 ) ;
#2798 = ORIENTED_EDGE ( 'NONE', *, *, #3514, .F. ) ;
#2799 = ORIENTED_EDGE ( 'NONE', *, *, #2096, .T. ) ;
#2800 = CARTESIAN_POINT ( 'NONE',  ( 2.273934777464703405, 1.029999999999985372, 0.8500000000000003109 ) ) ;
#2801 = UNCERTAINTY_MEASURE_WITH_UNIT (LENGTH_MEASURE( 1.000000000000000082E-05 ), #3851, 'distance_accuracy_value', 'NONE');
#2802 = DIRECTION ( 'NONE',  ( 0.9975640502598247528, 0.06975647374411790558, 0.000000000000000000 ) ) ;
#2803 = DIRECTION ( 'NONE',  ( 0.000000000000000000, 0.000000000000000000, 1.000000000000000000 ) ) ;
#2804 = DIRECTION ( 'NONE',  ( -0.000000000000000000, -0.000000000000000000, -1.000000000000000000 ) ) ;
#2805 = CARTESIAN_POINT ( 'NONE',  ( -1.150000000000000355, 1.700000000000000178, -1.950000000000002176 ) ) ;
#2806 = DIRECTION ( 'NONE',  ( 0.000000000000000000, 0.000000000000000000, 1.000000000000000000 ) ) ;
#2807 = VECTOR ( 'NONE', #2817, 1000.000000000000000 ) ;
#2808 = DIRECTION ( 'NONE',  ( 0.000000000000000000, 1.000000000000000000, 0.000000000000000000 ) ) ;
#2809 = ORIENTED_EDGE ( 'NONE', *, *, #1547, .F. ) ;
#2810 = VECTOR ( 'NONE', #1127, 1000.000000000000000 ) ;
#2811 = DIRECTION ( 'NONE',  ( -0.000000000000000000, -0.000000000000000000, -1.000000000000000000 ) ) ;
#2812 = CARTESIAN_POINT ( 'NONE',  ( 2.569999999999970530, 0.7339347774647182465, -1.689999999999999947 ) ) ;
#2813 = CARTESIAN_POINT ( 'NONE',  ( -2.273934777464703405, 0.7339347774647182465, 0.8500000000000003109 ) ) ;
#2814 = DIRECTION ( 'NONE',  ( 0.000000000000000000, 0.000000000000000000, 1.000000000000000000 ) ) ;
#2815 = EDGE_CURVE ( 'NONE', #2027, #1407, #3853, .T. ) ;
#2816 = VERTEX_POINT ( 'NONE', #1952 ) ;
#2817 = DIRECTION ( 'NONE',  ( -0.000000000000000000, -0.000000000000000000, -1.000000000000000000 ) ) ;
#2818 = ORIENTED_EDGE ( 'NONE', *, *, #784, .T. ) ;
#2819 = ORIENTED_EDGE ( 'NONE', *, *, #1543, .T. ) ;
#2820 = ORIENTED_EDGE ( 'NONE', *, *, #1366, .F. ) ;
#2821 = DIRECTION ( 'NONE',  ( 1.000000000000000000, 0.000000000000000000, 0.000000000000000000 ) ) ;
#2822 = DIRECTION ( 'NONE',  ( -0.06975647374411911295, -0.9975640502598247528, 0.000000000000000000 ) ) ;
#2823 = DIRECTION ( 'NONE',  ( 0.000000000000000000, 1.000000000000000000, 0.000000000000000000 ) ) ;
#2824 = VECTOR ( 'NONE', #1327, 1000.000000000000000 ) ;
#2825 = CARTESIAN_POINT ( 'NONE',  ( 2.569999999999970530, 0.7339347774647182465, 1.690000000000000169 ) ) ;
#2826 = VECTOR ( 'NONE', #1932, 1000.000000000000000 ) ;
#2827 = AXIS2_PLACEMENT_3D ( 'NONE', #2352, #3601, #3314 ) ;
#2828 = LINE ( 'NONE', #963, #1179 ) ;
#2829 = CARTESIAN_POINT ( 'NONE',  ( -2.569999999999970530, 0.7339347774647182465, -2.120000000000000107 ) ) ;
#2830 = VECTOR ( 'NONE', #1379, 1000.000000000000000 ) ;
#2831 = VECTOR ( 'NONE', #2735, 1000.000000000000000 ) ;
#2832 = PLANE ( 'NONE',  #1309 ) ;
#2833 = VERTEX_POINT ( 'NONE', #1022 ) ;
#2834 = AXIS2_PLACEMENT_3D ( 'NONE', #2083, #211, #3337 ) ;
#2835 = ADVANCED_FACE ( 'NONE', ( #372 ), #2295, .T. ) ;
#2836 = CARTESIAN_POINT ( 'NONE',  ( -1.150000000000000355, 1.750000000000000000, -2.125000000000001776 ) ) ;
#2837 = CARTESIAN_POINT ( 'NONE',  ( 2.656065222535267445, 0.3198140980962017044, 1.690000000000000169 ) ) ;
#2838 = EDGE_CURVE ( 'NONE', #1405, #3552, #128, .T. ) ;
#2839 = EDGE_CURVE ( 'NONE', #807, #3578, #730, .T. ) ;
#2840 = ADVANCED_FACE ( 'NONE', ( #1652 ), #3227, .F. ) ;
#2841 = PLANE ( 'NONE',  #2447 ) ;
#2842 = ORIENTED_EDGE ( 'NONE', *, *, #1721, .F. ) ;
#2843 = ORIENTED_EDGE ( 'NONE', *, *, #3514, .T. ) ;
#2844 = VERTEX_POINT ( 'NONE', #2662 ) ;
#2845 = DIRECTION ( 'NONE',  ( -0.000000000000000000, -0.000000000000000000, -1.000000000000000000 ) ) ;
#2846 = EDGE_CURVE ( 'NONE', #3906, #2928, #2887, .T. ) ;
#2847 = DIRECTION ( 'NONE',  ( 2.094466133183748935E-15, -1.000000000000000000, 0.000000000000000000 ) ) ;
#2848 = PLANE ( 'NONE',  #663 ) ;
#2849 = AXIS2_PLACEMENT_3D ( 'NONE', #2316, #1938, #749 ) ;
#2850 = DIRECTION ( 'NONE',  ( 1.000000000000000000, 0.000000000000000000, 0.000000000000000000 ) ) ;
#2851 = CARTESIAN_POINT ( 'NONE',  ( 2.360000000000000320, 0.3198140980962017044, -0.4199999999999998179 ) ) ;
#2852 = VECTOR ( 'NONE', #1345, 1000.000000000000000 ) ;
#2853 = LINE ( 'NONE', #6, #3083 ) ;
#2854 = EDGE_LOOP ( 'NONE', ( #698, #4076, #2959, #1214 ) ) ;
#2855 = DIRECTION ( 'NONE',  ( -1.000000000000000000, 0.000000000000000000, 0.000000000000000000 ) ) ;
#2856 = CARTESIAN_POINT ( 'NONE',  ( -2.273934777464703405, 0.7339347774647182465, -0.4199999999999998179 ) ) ;
#2857 = EDGE_CURVE ( 'NONE', #3509, #488, #3705, .T. ) ;
#2858 = CARTESIAN_POINT ( 'NONE',  ( -1.950000000000000400, 1.029999999999985816, -1.689999999999999947 ) ) ;
#2859 = ORIENTED_EDGE ( 'NONE', *, *, #1805, .F. ) ;
#2860 = ORIENTED_EDGE ( 'NONE', *, *, #2210, .F. ) ;
#2861 = ORIENTED_EDGE ( 'NONE', *, *, #2715, .F. ) ;
#2862 = AXIS2_PLACEMENT_3D ( 'NONE', #2550, #2806, #3760 ) ;
#2863 = DIRECTION ( 'NONE',  ( -0.7022077926585306162, -0.7022077926585231777, -0.1175092841407792965 ) ) ;
#2864 = CARTESIAN_POINT ( 'NONE',  ( -3.000000000000000000, 0.2094884505545331899, 2.120000000000000551 ) ) ;
#2865 = EDGE_CURVE ( 'NONE', #2204, #2027, #104, .T. ) ;
#2866 = PLANE ( 'NONE',  #4106 ) ;
#2867 = DIRECTION ( 'NONE',  ( -0.000000000000000000, -0.000000000000000000, -1.000000000000000000 ) ) ;
#2868 = CARTESIAN_POINT ( 'NONE',  ( 2.273934777464703405, 0.8200000000000151612, 2.120000000000000551 ) ) ;
#2869 = EDGE_LOOP ( 'NONE', ( #2649, #3952, #3143, #2010 ) ) ;
#2870 = CYLINDRICAL_SURFACE ( 'NONE', #367, 0.08606522253529680366 ) ;
#2871 = DIRECTION ( 'NONE',  ( 1.000000000000000000, 0.000000000000000000, 0.000000000000000000 ) ) ;
#2872 = VECTOR ( 'NONE', #1099, 1000.000000000000000 ) ;
#2873 = CYLINDRICAL_SURFACE ( 'NONE', #1947, 0.1749999999999998224 ) ;
#2874 = ORIENTED_EDGE ( 'NONE', *, *, #2285, .T. ) ;
#2875 = ORIENTED_EDGE ( 'NONE', *, *, #3263, .F. ) ;
#2876 = VERTEX_POINT ( 'NONE', #1979 ) ;
#2877 = DIRECTION ( 'NONE',  ( 1.000000000000000000, 0.000000000000000000, 0.000000000000000000 ) ) ;
#2878 = ADVANCED_FACE ( 'NONE', ( #393 ), #1669, .F. ) ;
#2879 = EDGE_CURVE ( 'NONE', #4102, #3088, #2921, .T. ) ;
#2880 = LINE ( 'NONE', #1665, #3778 ) ;
#2881 = EDGE_CURVE ( 'NONE', #2690, #806, #2336, .T. ) ;
#2882 = EDGE_CURVE ( 'NONE', #1173, #2518, #1398, .T. ) ;
#2883 = CARTESIAN_POINT ( 'NONE',  ( -1.950000000000000400, 1.029999999999985816, 2.120000000000000551 ) ) ;
#2884 = ORIENTED_EDGE ( 'NONE', *, *, #1035, .F. ) ;
#2885 = MANIFOLD_SOLID_BREP ( 'LPattern1[5]', #2467 ) ;
#2886 = VECTOR ( 'NONE', #2074, 1000.000000000000000 ) ;
#2887 = LINE ( 'NONE', #3543, #932 ) ;
#2888 = VECTOR ( 'NONE', #3043, 1000.000000000000000 ) ;
#2889 = FACE_OUTER_BOUND ( 'NONE', #243, .T. ) ;
#2890 = LINE ( 'NONE', #276, #3316 ) ;
#2891 = CARTESIAN_POINT ( 'NONE',  ( -2.569999999999970530, 0.7339347774647182465, 0.4200000000000002620 ) ) ;
#2892 = VECTOR ( 'NONE', #1580, 1000.000000000000000 ) ;
#2893 = LINE ( 'NONE', #1009, #1663 ) ;
#2894 = ORIENTED_EDGE ( 'NONE', *, *, #1193, .F. ) ;
#2895 = MANIFOLD_SOLID_BREP ( 'LPattern1[1]', #538 ) ;
#2896 = DIRECTION ( 'NONE',  ( 0.06975647374411889090, -0.9975640502598246417, 0.000000000000000000 ) ) ;
#2897 = ORIENTED_EDGE ( 'NONE', *, *, #2857, .T. ) ;
#2898 = ORIENTED_EDGE ( 'NONE', *, *, #444, .T. ) ;
#2899 = ORIENTED_EDGE ( 'NONE', *, *, #885, .T. ) ;
#2900 = STYLED_ITEM ( 'NONE', ( #1397 ), #160 ) ;
#2901 = LINE ( 'NONE', #1033, #2030 ) ;
#2902 = CARTESIAN_POINT ( 'NONE',  ( 1.949999999999999512, 1.029999999999985816, -2.450000000000001510 ) ) ;
#2903 = EDGE_CURVE ( 'NONE', #2687, #1620, #3935, .T. ) ;
#2904 = EDGE_CURVE ( 'NONE', #827, #347, #210, .T. ) ;
#2905 = CARTESIAN_POINT ( 'NONE',  ( 2.656065222535267445, 0.3198140980962017044, -0.4199999999999998179 ) ) ;
#2906 = CARTESIAN_POINT ( 'NONE',  ( -2.273934777464703405, 0.7339347774647182465, 0.4200000000000002620 ) ) ;
#2907 = CARTESIAN_POINT ( 'NONE',  ( -1.950000000000000400, 1.029999999999985816, 0.8500000000000003109 ) ) ;
#2908 = CARTESIAN_POINT ( 'NONE',  ( 2.360000000000000320, 0.3198140980962017044, 1.690000000000000169 ) ) ;
#2909 = CIRCLE ( 'NONE', #2257, 0.08606522253529680366 ) ;
#2910 = DIRECTION ( 'NONE',  ( 0.000000000000000000, 1.000000000000000000, -0.000000000000000000 ) ) ;
#2911 = ORIENTED_EDGE ( 'NONE', *, *, #389, .F. ) ;
#2912 = FILL_AREA_STYLE_COLOUR ( '', #3799 ) ;
#2913 = ORIENTED_EDGE ( 'NONE', *, *, #1111, .F. ) ;
#2914 = ORIENTED_EDGE ( 'NONE', *, *, #1474, .T. ) ;
#2915 = ORIENTED_EDGE ( 'NONE', *, *, #3919, .F. ) ;
#2916 = FACE_OUTER_BOUND ( 'NONE', #3983, .T. ) ;
#2917 = CARTESIAN_POINT ( 'NONE',  ( 2.273934777464703405, 0.8200000000000151612, -0.8499999999999998668 ) ) ;
#2918 = LINE ( 'NONE', #704, #2528 ) ;
#2919 = AXIS2_PLACEMENT_3D ( 'NONE', #3236, #92, #400 ) ;
#2920 = DIRECTION ( 'NONE',  ( -1.000000000000000000, 0.000000000000000000, 0.000000000000000000 ) ) ;
#2921 = LINE ( 'NONE', #80, #3231 ) ;
#2922 = ORIENTED_EDGE ( 'NONE', *, *, #1627, .T. ) ;
#2923 = CARTESIAN_POINT ( 'NONE',  ( -2.273934777464703405, 0.7339347774647182465, -1.689999999999999947 ) ) ;
#2924 = LINE ( 'NONE', #373, #3996 ) ;
#2925 = CARTESIAN_POINT ( 'NONE',  ( -2.985351140513737178, -3.890381395410000956E-16, -2.120000000000000107 ) ) ;
#2926 = CARTESIAN_POINT ( 'NONE',  ( -1.950000000000000400, -6.262587324740470862, -2.450000000000001510 ) ) ;
#2927 = EDGE_CURVE ( 'NONE', #998, #216, #2588, .T. ) ;
#2928 = VERTEX_POINT ( 'NONE', #1500 ) ;
#2929 = CARTESIAN_POINT ( 'NONE',  ( 2.650061616099202322, 0.2339585261173780240, -0.8499999999999998668 ) ) ;
#2930 = ADVANCED_FACE ( 'NONE', ( #524 ), #2377, .T. ) ;
#2931 = CARTESIAN_POINT ( 'NONE',  ( 2.985351140513737178, -3.890381395410000956E-16, 1.690000000000000169 ) ) ;
#2932 = VERTEX_POINT ( 'NONE', #475 ) ;
#2933 = ORIENTED_EDGE ( 'NONE', *, *, #1358, .T. ) ;
#2934 = CARTESIAN_POINT ( 'NONE',  ( -2.569999999999970530, 0.7339347774647182465, -0.4199999999999998179 ) ) ;
#2935 = ORIENTED_EDGE ( 'NONE', *, *, #2879, .F. ) ;
#2936 = PLANE ( 'NONE',  #2113 ) ;
#2937 = STYLED_ITEM ( 'NONE', ( #3304 ), #1422 ) ;
#2938 = LINE ( 'NONE', #326, #1702 ) ;
#2939 = AXIS2_PLACEMENT_3D ( 'NONE', #3390, #2198, #3114 ) ;
#2940 = CARTESIAN_POINT ( 'NONE',  ( -2.635412756612939500, 0.02447007556284402918, 2.120000000000000551 ) ) ;
#2941 = EDGE_LOOP ( 'NONE', ( #2444, #3594, #2489, #3174 ) ) ;
#2942 = CARTESIAN_POINT ( 'NONE',  ( 2.569999999999970530, 0.7339347774647182465, 0.8500000000000003109 ) ) ;
#2943 = SURFACE_STYLE_USAGE ( .BOTH. , #2273 ) ;
#2944 = EDGE_LOOP ( 'NONE', ( #3270, #1641, #2747, #797 ) ) ;
#2945 = CARTESIAN_POINT ( 'NONE',  ( -1.829513321461378350, 1.750000000000000000, -0.000000000000000000 ) ) ;
#2946 = DIRECTION ( 'NONE',  ( 0.7022077926585306162, 0.7022077926585231777, -0.1175092841407792965 ) ) ;
#2947 = DIRECTION ( 'NONE',  ( 0.06975647374411911295, -0.9975640502598247528, 0.000000000000000000 ) ) ;
#2948 = AXIS2_PLACEMENT_3D ( 'NONE', #2188, #3082, #2478 ) ;
#2949 = ORIENTED_EDGE ( 'NONE', *, *, #3994, .T. ) ;
#2950 = DIRECTION ( 'NONE',  ( -0.06975647374411889090, 0.9975640502598246417, 0.000000000000000000 ) ) ;
#2951 = ADVANCED_FACE ( 'NONE', ( #3004 ), #3629, .T. ) ;
#2952 = AXIS2_PLACEMENT_3D ( 'NONE', #3386, #544, #1815 ) ;
#2953 = AXIS2_PLACEMENT_3D ( 'NONE', #3688, #186, #1416 ) ;
#2954 = DIRECTION ( 'NONE',  ( -1.000000000000000000, 0.000000000000000000, 0.000000000000000000 ) ) ;
#2955 = EDGE_CURVE ( 'NONE', #999, #545, #2704, .T. ) ;
#2956 = ORIENTED_EDGE ( 'NONE', *, *, #2096, .F. ) ;
#2957 = FACE_OUTER_BOUND ( 'NONE', #3412, .T. ) ;
#2958 = EDGE_CURVE ( 'NONE', #157, #3809, #1768, .T. ) ;
#2959 = ORIENTED_EDGE ( 'NONE', *, *, #526, .F. ) ;
#2960 = VECTOR ( 'NONE', #2706, 1000.000000000000000 ) ;
#2961 = EDGE_CURVE ( 'NONE', #1182, #3600, #2909, .T. ) ;
#2962 = AXIS2_PLACEMENT_3D ( 'NONE', #2905, #2600, #2583 ) ;
#2963 = ADVANCED_FACE ( 'NONE', ( #498 ), #2728, .F. ) ;
#2964 = DIRECTION ( 'NONE',  ( 0.000000000000000000, 1.000000000000000000, -0.000000000000000000 ) ) ;
#2965 = EDGE_LOOP ( 'NONE', ( #2124, #3929, #1361, #3368, #1192, #3480, #1808, #3791, #2118, #3518, #4055, #484 ) ) ;
#2966 = CIRCLE ( 'NONE', #987, 0.2960652225352670142 ) ;
#2967 = CARTESIAN_POINT ( 'NONE',  ( -1.950000000000000400, 1.029999999999985816, -0.8499999999999998668 ) ) ;
#2968 = DIRECTION ( 'NONE',  ( 0.000000000000000000, 0.000000000000000000, 1.000000000000000000 ) ) ;
#2969 = ORIENTED_EDGE ( 'NONE', *, *, #1415, .F. ) ;
#2970 = DIRECTION ( 'NONE',  ( -0.000000000000000000, -0.000000000000000000, -1.000000000000000000 ) ) ;
#2971 = DIRECTION ( 'NONE',  ( -0.000000000000000000, -0.000000000000000000, -1.000000000000000000 ) ) ;
#2972 = ORIENTED_EDGE ( 'NONE', *, *, #752, .T. ) ;
#2973 = VECTOR ( 'NONE', #2968, 1000.000000000000000 ) ;
#2974 = FACE_OUTER_BOUND ( 'NONE', #4059, .T. ) ;
#2975 = ORIENTED_EDGE ( 'NONE', *, *, #3872, .F. ) ;
#2976 = DIRECTION ( 'NONE',  ( 2.094466133183748935E-15, 1.000000000000000000, 0.000000000000000000 ) ) ;
#2977 = VECTOR ( 'NONE', #1610, 1000.000000000000114 ) ;
#2978 = ORIENTED_EDGE ( 'NONE', *, *, #676, .F. ) ;
#2979 = CARTESIAN_POINT ( 'NONE',  ( -2.985351140513737178, -3.890381395410000956E-16, -1.689999999999999947 ) ) ;
#2980 = FACE_OUTER_BOUND ( 'NONE', #2114, .T. ) ;
#2981 = CARTESIAN_POINT ( 'NONE',  ( 2.273934777464703405, 0.7339347774647182465, -1.689999999999999947 ) ) ;
#2982 = ORIENTED_EDGE ( 'NONE', *, *, #1265, .F. ) ;
#2983 = EDGE_CURVE ( 'NONE', #2997, #1604, #2416, .T. ) ;
#2984 = DIRECTION ( 'NONE',  ( -1.000000000000000000, 1.047233066591874073E-15, 0.000000000000000000 ) ) ;
#2985 = LINE ( 'NONE', #1748, #2810 ) ;
#2986 = VECTOR ( 'NONE', #4089, 1000.000000000000000 ) ;
#2987 = PLANE ( 'NONE',  #2399 ) ;
#2988 = CARTESIAN_POINT ( 'NONE',  ( 2.635412756612939500, 0.02447007556284402918, 0.8500000000000003109 ) ) ;
#2989 = DIRECTION ( 'NONE',  ( -0.1628445083463880283, -0.9731204099199886048, 0.1628445083463880283 ) ) ;
#2990 = ORIENTED_EDGE ( 'NONE', *, *, #2958, .T. ) ;
#2991 = ORIENTED_EDGE ( 'NONE', *, *, #1037, .F. ) ;
#2992 = LINE ( 'NONE', #116, #4079 ) ;
#2993 = ORIENTED_EDGE ( 'NONE', *, *, #3251, .T. ) ;
#2994 = CIRCLE ( 'NONE', #1219, 0.2960652225352670142 ) ;
#2995 = VERTEX_POINT ( 'NONE', #3602 ) ;
#2996 = DIRECTION ( 'NONE',  ( -0.06975647374411889090, -0.9975640502598246417, 0.000000000000000000 ) ) ;
#2997 = VERTEX_POINT ( 'NONE', #771 ) ;
#2998 = EDGE_CURVE ( 'NONE', #1053, #935, #4031, .T. ) ;
#2999 = CARTESIAN_POINT ( 'NONE',  ( -2.360000000000000320, 0.3198140980962017044, -0.4199999999999998179 ) ) ;
#3000 = DIRECTION ( 'NONE',  ( -0.000000000000000000, -0.000000000000000000, -1.000000000000000000 ) ) ;
#3001 = DIRECTION ( 'NONE',  ( -1.047233066591874073E-15, -1.000000000000000000, 0.000000000000000000 ) ) ;
#3002 = EDGE_CURVE ( 'NONE', #3809, #3906, #3226, .T. ) ;
#3003 = EDGE_CURVE ( 'NONE', #2738, #2092, #879, .T. ) ;
#3004 = FACE_OUTER_BOUND ( 'NONE', #3912, .T. ) ;
#3005 = VERTEX_POINT ( 'NONE', #1544 ) ;
#3006 = EDGE_CURVE ( 'NONE', #419, #1407, #962, .T. ) ;
#3007 = EDGE_CURVE ( 'NONE', #1886, #3775, #1521, .T. ) ;
#3008 = SURFACE_STYLE_USAGE ( .BOTH. , #525 ) ;
#3009 = CARTESIAN_POINT ( 'NONE',  ( -2.273934777464703405, 1.029999999999985594, -0.4199999999999998179 ) ) ;
#3010 = CARTESIAN_POINT ( 'NONE',  ( -1.950000000000000400, 1.029999999999985816, -2.450000000000001510 ) ) ;
#3011 = CYLINDRICAL_SURFACE ( 'NONE', #2093, 0.2960652225352674027 ) ;
#3012 = VERTEX_POINT ( 'NONE', #1892 ) ;
#3013 = DIRECTION ( 'NONE',  ( 0.000000000000000000, 0.000000000000000000, 1.000000000000000000 ) ) ;
#3014 = CARTESIAN_POINT ( 'NONE',  ( 2.569999999999970974, 0.3198140980962019264, -0.4199999999999998179 ) ) ;
#3015 = ORIENTED_EDGE ( 'NONE', *, *, #2761, .F. ) ;
#3016 = FACE_OUTER_BOUND ( 'NONE', #2476, .T. ) ;
#3017 = AXIS2_PLACEMENT_3D ( 'NONE', #1227, #3438, #602 ) ;
#3018 = AXIS2_PLACEMENT_3D ( 'NONE', #3420, #586, #3779 ) ;
#3019 = CARTESIAN_POINT ( 'NONE',  ( 2.650061616099202322, 0.2339585261173780240, 0.8500000000000003109 ) ) ;
#3020 = ORIENTED_EDGE ( 'NONE', *, *, #15, .T. ) ;
#3021 = AXIS2_PLACEMENT_3D ( 'NONE', #1353, #3548, #3839 ) ;
#3022 = ORIENTED_EDGE ( 'NONE', *, *, #1469, .T. ) ;
#3023 = CIRCLE ( 'NONE', #1833, 0.2960652225352674027 ) ;
#3024 = CARTESIAN_POINT ( 'NONE',  ( -3.000000000000000000, 0.2094884505545331899, -1.689999999999999947 ) ) ;
#3025 = AXIS2_PLACEMENT_3D ( 'NONE', #3835, #2294, #1373 ) ;
#3026 = VERTEX_POINT ( 'NONE', #563 ) ;
#3027 = DIRECTION ( 'NONE',  ( 1.000000000000000000, 0.000000000000000000, 0.000000000000000000 ) ) ;
#3028 = DIRECTION ( 'NONE',  ( 0.9975640502598247528, -0.06975647374411790558, -0.000000000000000000 ) ) ;
#3029 = EDGE_CURVE ( 'NONE', #3290, #4001, #1828, .T. ) ;
#3030 = ADVANCED_FACE ( 'NONE', ( #2 ), #2848, .F. ) ;
#3031 = LINE ( 'NONE', #2061, #2103 ) ;
#3032 = ORIENTED_EDGE ( 'NONE', *, *, #3183, .T. ) ;
#3033 = PLANE ( 'NONE',  #1239 ) ;
#3034 = ORIENTED_EDGE ( 'NONE', *, *, #59, .F. ) ;
#3035 = ORIENTED_EDGE ( 'NONE', *, *, #1850, .T. ) ;
#3036 = CARTESIAN_POINT ( 'NONE',  ( -1.950000000000000400, 1.029999999999985816, 0.4200000000000002620 ) ) ;
#3037 =( GEOMETRIC_REPRESENTATION_CONTEXT ( 3 ) GLOBAL_UNCERTAINTY_ASSIGNED_CONTEXT ( ( #3463 ) ) GLOBAL_UNIT_ASSIGNED_CONTEXT ( ( #1618, #353, #2277 ) ) REPRESENTATION_CONTEXT ( 'NONE', 'WORKASPACE' ) );
#3038 = CARTESIAN_POINT ( 'NONE',  ( 1.950000000000000400, 1.029999999999985816, -1.689999999999999947 ) ) ;
#3039 = ORIENTED_EDGE ( 'NONE', *, *, #3443, .T. ) ;
#3040 = VECTOR ( 'NONE', #1209, 1000.000000000000000 ) ;
#3041 = ORIENTED_EDGE ( 'NONE', *, *, #3139, .F. ) ;
#3042 = PLANE ( 'NONE',  #637 ) ;
#3043 = DIRECTION ( 'NONE',  ( -0.000000000000000000, -0.000000000000000000, -1.000000000000000000 ) ) ;
#3044 = CARTESIAN_POINT ( 'NONE',  ( -1.950000000000000400, 1.029999999999985816, 2.120000000000000551 ) ) ;
#3045 = DIRECTION ( 'NONE',  ( -1.000000000000000000, 0.000000000000000000, 0.000000000000000000 ) ) ;
#3046 = CIRCLE ( 'NONE', #2919, 0.1749999999999998224 ) ;
#3047 = VECTOR ( 'NONE', #2970, 1000.000000000000000 ) ;
#3048 = ORIENTED_EDGE ( 'NONE', *, *, #1850, .F. ) ;
#3049 = CARTESIAN_POINT ( 'NONE',  ( 3.000000000000000000, 0.2094884505545331899, 0.8500000000000003109 ) ) ;
#3050 = EDGE_LOOP ( 'NONE', ( #1678, #3749, #3198, #2658 ) ) ;
#3051 = FACE_OUTER_BOUND ( 'NONE', #887, .T. ) ;
#3052 =( NAMED_UNIT ( * ) SI_UNIT ( $, .STERADIAN. ) SOLID_ANGLE_UNIT ( ) );
#3053 = LINE ( 'NONE', #1486, #1021 ) ;
#3054 = ORIENTED_EDGE ( 'NONE', *, *, #2157, .F. ) ;
#3055 = CARTESIAN_POINT ( 'NONE',  ( -2.985351140513737178, -3.890381395410000956E-16, 0.8500000000000003109 ) ) ;
#3056 = EDGE_CURVE ( 'NONE', #4101, #1762, #1231, .T. ) ;
#3057 = EDGE_CURVE ( 'NONE', #399, #1620, #1915, .T. ) ;
#3058 = CARTESIAN_POINT ( 'NONE',  ( 2.656065222535267445, 0.3198140980962017044, -1.689999999999999947 ) ) ;
#3059 = ORIENTED_EDGE ( 'NONE', *, *, #3969, .F. ) ;
#3060 = ORIENTED_EDGE ( 'NONE', *, *, #3841, .T. ) ;
#3061 = DIRECTION ( 'NONE',  ( -0.000000000000000000, -0.000000000000000000, -1.000000000000000000 ) ) ;
#3062 = DIRECTION ( 'NONE',  ( 1.000000000000000000, 0.000000000000000000, 0.000000000000000000 ) ) ;
#3063 = SURFACE_SIDE_STYLE ('',( #1146 ) ) ;
#3064 = CARTESIAN_POINT ( 'NONE',  ( -2.985351140513737178, -3.890381395410000956E-16, 0.8500000000000003109 ) ) ;
#3065 =( LENGTH_UNIT ( ) NAMED_UNIT ( * ) SI_UNIT ( .MILLI., .METRE. ) );
#3066 = VECTOR ( 'NONE', #231, 1000.000000000000000 ) ;
#3067 = LINE ( 'NONE', #1168, #2960 ) ;
#3068 = ORIENTED_EDGE ( 'NONE', *, *, #3308, .F. ) ;
#3069 = LINE ( 'NONE', #1878, #2625 ) ;
#3070 = EDGE_LOOP ( 'NONE', ( #1670, #2670, #1385, #2299 ) ) ;
#3071 = DIRECTION ( 'NONE',  ( -0.000000000000000000, -0.000000000000000000, -1.000000000000000000 ) ) ;
#3072 = DIRECTION ( 'NONE',  ( -0.000000000000000000, -0.000000000000000000, -1.000000000000000000 ) ) ;
#3073 = EDGE_CURVE ( 'NONE', #3005, #2578, #902, .T. ) ;
#3074 = EDGE_CURVE ( 'NONE', #506, #1250, #2165, .T. ) ;
#3075 = ADVANCED_FACE ( 'NONE', ( #3166 ), #3484, .F. ) ;
#3076 = PLANE ( 'NONE',  #3761 ) ;
#3077 = EDGE_LOOP ( 'NONE', ( #1387, #1013, #534, #1517 ) ) ;
#3078 = ORIENTED_EDGE ( 'NONE', *, *, #1673, .T. ) ;
#3079 = ORIENTED_EDGE ( 'NONE', *, *, #319, .F. ) ;
#3080 = AXIS2_PLACEMENT_3D ( 'NONE', #1344, #979, #2291 ) ;
#3081 = AXIS2_PLACEMENT_3D ( 'NONE', #3296, #1439, #1747 ) ;
#3082 = DIRECTION ( 'NONE',  ( 0.000000000000000000, 1.000000000000000000, 0.000000000000000000 ) ) ;
#3083 = VECTOR ( 'NONE', #3823, 1000.000000000000000 ) ;
#3084 = AXIS2_PLACEMENT_3D ( 'NONE', #258, #1487, #3344 ) ;
#3085 = DIRECTION ( 'NONE',  ( 2.094466133183748935E-15, -1.000000000000000000, 0.000000000000000000 ) ) ;
#3086 = CARTESIAN_POINT ( 'NONE',  ( 2.360000000000000320, 0.3198140980962017044, -1.689999999999999947 ) ) ;
#3087 = CARTESIAN_POINT ( 'NONE',  ( -2.650061616099202322, 0.2339585261173780240, 0.4200000000000002620 ) ) ;
#3088 = VERTEX_POINT ( 'NONE', #4040 ) ;
#3089 = CARTESIAN_POINT ( 'NONE',  ( -2.569999999999970530, 0.7339347774647182465, 2.120000000000000551 ) ) ;
#3090 = LINE ( 'NONE', #2829, #2064 ) ;
#3091 = VECTOR ( 'NONE', #453, 1000.000000000000227 ) ;
#3092 = VERTEX_POINT ( 'NONE', #269 ) ;
#3093 = FACE_OUTER_BOUND ( 'NONE', #2116, .T. ) ;
#3094 = ORIENTED_EDGE ( 'NONE', *, *, #1794, .T. ) ;
#3095 = DIRECTION ( 'NONE',  ( 0.000000000000000000, 1.000000000000000000, 0.000000000000000000 ) ) ;
#3096 = CYLINDRICAL_SURFACE ( 'NONE', #1870, 0.2960652225352674027 ) ;
#3097 = CYLINDRICAL_SURFACE ( 'NONE', #3084, 0.08606522253529680366 ) ;
#3098 = DIRECTION ( 'NONE',  ( 1.000000000000000000, -0.000000000000000000, -0.000000000000000000 ) ) ;
#3099 = ORIENTED_EDGE ( 'NONE', *, *, #2102, .T. ) ;
#3100 = ORIENTED_EDGE ( 'NONE', *, *, #388, .T. ) ;
#3101 = ORIENTED_EDGE ( 'NONE', *, *, #1925, .F. ) ;
#3102 = DIRECTION ( 'NONE',  ( 0.06975647374411911295, -0.9975640502598247528, 0.000000000000000000 ) ) ;
#3103 = MECHANICAL_DESIGN_GEOMETRIC_PRESENTATION_REPRESENTATION (  '', ( #3167 ), #3776 ) ;
#3104 = CARTESIAN_POINT ( 'NONE',  ( -3.000000000000000000, 0.2094884505545331899, -0.4199999999999998179 ) ) ;
#3105 = DIRECTION ( 'NONE',  ( -0.000000000000000000, -0.000000000000000000, -1.000000000000000000 ) ) ;
#3106 = DIRECTION ( 'NONE',  ( -0.000000000000000000, 0.000000000000000000, -1.000000000000000000 ) ) ;
#3107 = EDGE_CURVE ( 'NONE', #2417, #2876, #2502, .T. ) ;
#3108 = CARTESIAN_POINT ( 'NONE',  ( 2.569999999999970974, 0.3198140980962019264, 0.8500000000000003109 ) ) ;
#3109 = EDGE_LOOP ( 'NONE', ( #990, #1957, #1077, #3357 ) ) ;
#3110 = DIRECTION ( 'NONE',  ( 0.000000000000000000, -0.000000000000000000, 1.000000000000000000 ) ) ;
#3111 = ORIENTED_EDGE ( 'NONE', *, *, #2046, .F. ) ;
#3112 = FACE_OUTER_BOUND ( 'NONE', #3726, .T. ) ;
#3113 = PRESENTATION_LAYER_ASSIGNMENT (  '', '', ( #2396 ) ) ;
#3114 = DIRECTION ( 'NONE',  ( 0.000000000000000000, 0.000000000000000000, -1.000000000000000000 ) ) ;
#3115 = CARTESIAN_POINT ( 'NONE',  ( -2.569999999999970974, 0.3198140980962019264, -0.4199999999999998179 ) ) ;
#3116 = AXIS2_PLACEMENT_3D ( 'NONE', #3574, #3259, #2950 ) ;
#3117 = FACE_OUTER_BOUND ( 'NONE', #1421, .T. ) ;
#3118 = VERTEX_POINT ( 'NONE', #3758 ) ;
#3119 = ORIENTED_EDGE ( 'NONE', *, *, #3864, .F. ) ;
#3120 = ORIENTED_EDGE ( 'NONE', *, *, #2904, .F. ) ;
#3121 = DIRECTION ( 'NONE',  ( -0.000000000000000000, -0.000000000000000000, -1.000000000000000000 ) ) ;
#3122 = UNCERTAINTY_MEASURE_WITH_UNIT (LENGTH_MEASURE( 1.000000000000000082E-05 ), #2253, 'distance_accuracy_value', 'NONE');
#3123 = PLANE ( 'NONE',  #2239 ) ;
#3124 = FACE_OUTER_BOUND ( 'NONE', #592, .T. ) ;
#3125 = CARTESIAN_POINT ( 'NONE',  ( 2.656065222535267445, 0.3198140980962017044, -0.8499999999999998668 ) ) ;
#3126 = EDGE_CURVE ( 'NONE', #1409, #1429, #924, .T. ) ;
#3127 = ADVANCED_FACE ( 'NONE', ( #3713 ), #3446, .T. ) ;
#3128 = EDGE_CURVE ( 'NONE', #3340, #777, #1190, .T. ) ;
#3129 = DIRECTION ( 'NONE',  ( -2.094466133183748935E-15, 1.000000000000000000, -0.000000000000000000 ) ) ;
#3130 = CARTESIAN_POINT ( 'NONE',  ( 2.360000000000000320, 0.3198140980962017044, 0.8500000000000003109 ) ) ;
#3131 = PRESENTATION_LAYER_ASSIGNMENT (  '', '', ( #2937 ) ) ;
#3132 = EDGE_CURVE ( 'NONE', #3459, #1535, #251, .T. ) ;
#3133 = CARTESIAN_POINT ( 'NONE',  ( 2.985351140513737178, -3.890381395410000956E-16, 2.120000000000000551 ) ) ;
#3134 = ORIENTED_EDGE ( 'NONE', *, *, #1473, .T. ) ;
#3135 = VECTOR ( 'NONE', #2772, 1000.000000000000000 ) ;
#3136 = SURFACE_STYLE_USAGE ( .BOTH. , #3157 ) ;
#3137 = LINE ( 'NONE', #2793, #3332 ) ;
#3138 = PLANE ( 'NONE',  #2309 ) ;
#3139 = EDGE_CURVE ( 'NONE', #750, #399, #2328, .T. ) ;
#3140 = DIRECTION ( 'NONE',  ( -0.9975640502598246417, -0.06975647374411909907, 0.000000000000000000 ) ) ;
#3141 = ORIENTED_EDGE ( 'NONE', *, *, #1627, .F. ) ;
#3142 = ORIENTED_EDGE ( 'NONE', *, *, #497, .F. ) ;
#3143 = ORIENTED_EDGE ( 'NONE', *, *, #496, .T. ) ;
#3144 = LINE ( 'NONE', #2756, #1303 ) ;
#3145 = PLANE ( 'NONE',  #3018 ) ;
#3146 = AXIS2_PLACEMENT_3D ( 'NONE', #540, #1205, #245 ) ;
#3147 = DIRECTION ( 'NONE',  ( 1.000000000000000000, 0.000000000000000000, 0.000000000000000000 ) ) ;
#3148 = CIRCLE ( 'NONE', #3485, 0.2960652225352670142 ) ;
#3149 = CIRCLE ( 'NONE', #3615, 0.2960652225352674027 ) ;
#3150 = FACE_OUTER_BOUND ( 'NONE', #3362, .T. ) ;
#3151 = CARTESIAN_POINT ( 'NONE',  ( 1.949999999999999512, 1.029999999999985816, 2.449999999999998845 ) ) ;
#3152 = AXIS2_PLACEMENT_3D ( 'NONE', #2043, #1770, #527 ) ;
#3153 = EDGE_CURVE ( 'NONE', #2092, #565, #2880, .T. ) ;
#3154 = DIRECTION ( 'NONE',  ( -0.9975640502598247528, 0.06975647374411790558, 0.000000000000000000 ) ) ;
#3155 = ORIENTED_EDGE ( 'NONE', *, *, #2289, .F. ) ;
#3156 = CIRCLE ( 'NONE', #1374, 0.2960652225352674027 ) ;
#3157 = SURFACE_SIDE_STYLE ('',( #2532 ) ) ;
#3158 = DIRECTION ( 'NONE',  ( -1.000000000000000000, 0.000000000000000000, 0.000000000000000000 ) ) ;
#3159 = VECTOR ( 'NONE', #2654, 1000.000000000000000 ) ;
#3160 = FACE_OUTER_BOUND ( 'NONE', #3654, .T. ) ;
#3161 = VERTEX_POINT ( 'NONE', #3814 ) ;
#3162 = ORIENTED_EDGE ( 'NONE', *, *, #3559, .T. ) ;
#3163 = ORIENTED_EDGE ( 'NONE', *, *, #4042, .F. ) ;
#3164 = DIRECTION ( 'NONE',  ( 0.000000000000000000, 0.000000000000000000, 1.000000000000000000 ) ) ;
#3165 = LINE ( 'NONE', #1609, #1036 ) ;
#3166 = FACE_OUTER_BOUND ( 'NONE', #3200, .T. ) ;
#3167 = STYLED_ITEM ( 'NONE', ( #1067 ), #2885 ) ;
#3168 = SURFACE_SIDE_STYLE ('',( #2547 ) ) ;
#3169 = LINE ( 'NONE', #3565, #2700 ) ;
#3170 = CARTESIAN_POINT ( 'NONE',  ( -2.273934777464703405, 1.029999999999985594, 0.8500000000000003109 ) ) ;
#3171 = VECTOR ( 'NONE', #2012, 1000.000000000000000 ) ;
#3172 = CARTESIAN_POINT ( 'NONE',  ( -1.150000000000000355, 1.700000000000000178, -2.125000000000001776 ) ) ;
#3173 = DIRECTION ( 'NONE',  ( -0.000000000000000000, -0.000000000000000000, -1.000000000000000000 ) ) ;
#3174 = ORIENTED_EDGE ( 'NONE', *, *, #2025, .T. ) ;
#3175 = CARTESIAN_POINT ( 'NONE',  ( 2.273934777464703405, 0.8200000000000151612, -2.120000000000000107 ) ) ;
#3176 = ADVANCED_FACE ( 'NONE', ( #2582 ), #3834, .T. ) ;
#3177 = CARTESIAN_POINT ( 'NONE',  ( -2.650061616099202322, 0.2339585261173780240, -0.4199999999999998179 ) ) ;
#3178 = VERTEX_POINT ( 'NONE', #2598 ) ;
#3179 = ADVANCED_FACE ( 'NONE', ( #2616 ), #1061, .F. ) ;
#3180 = ORIENTED_EDGE ( 'NONE', *, *, #241, .T. ) ;
#3181 = ORIENTED_EDGE ( 'NONE', *, *, #3870, .F. ) ;
#3182 = AXIS2_PLACEMENT_3D ( 'NONE', #2034, #121, #2674 ) ;
#3183 = EDGE_CURVE ( 'NONE', #766, #827, #3204, .T. ) ;
#3184 = EDGE_CURVE ( 'NONE', #2932, #2173, #745, .T. ) ;
#3185 = LINE ( 'NONE', #3522, #972 ) ;
#3186 = LINE ( 'NONE', #665, #2786 ) ;
#3187 = DIRECTION ( 'NONE',  ( 1.000000000000000000, 0.000000000000000000, 0.000000000000000000 ) ) ;
#3188 = CARTESIAN_POINT ( 'NONE',  ( -2.273934777464703405, 0.8200000000000149392, 2.120000000000000551 ) ) ;
#3189 = DIRECTION ( 'NONE',  ( -0.06975647374411889090, -0.9975640502598246417, 0.000000000000000000 ) ) ;
#3190 = ORIENTED_EDGE ( 'NONE', *, *, #2109, .T. ) ;
#3191 = CARTESIAN_POINT ( 'NONE',  ( 2.985351140513737178, -3.890381395410000956E-16, -2.120000000000000107 ) ) ;
#3192 = AXIS2_PLACEMENT_3D ( 'NONE', #3925, #443, #1012 ) ;
#3193 = CARTESIAN_POINT ( 'NONE',  ( 2.273934777464703405, 0.7339347774647182465, -0.4199999999999998179 ) ) ;
#3194 = CIRCLE ( 'NONE', #1424, 0.08606522253529635957 ) ;
#3195 = VECTOR ( 'NONE', #587, 1000.000000000000000 ) ;
#3196 = ORIENTED_EDGE ( 'NONE', *, *, #3612, .F. ) ;
#3197 = DIRECTION ( 'NONE',  ( 0.000000000000000000, 0.000000000000000000, 1.000000000000000000 ) ) ;
#3198 = ORIENTED_EDGE ( 'NONE', *, *, #2846, .F. ) ;
#3199 = ORIENTED_EDGE ( 'NONE', *, *, #65, .F. ) ;
#3200 = EDGE_LOOP ( 'NONE', ( #1014, #2095, #2775, #3241, #3190, #1529, #898, #1154, #2899, #2243, #3322, #1661 ) ) ;
#3201 = EDGE_CURVE ( 'NONE', #1729, #2690, #34, .T. ) ;
#3202 = CARTESIAN_POINT ( 'NONE',  ( -0.7733297129614162824, 2.502263660814670665, -2.203627557743515375 ) ) ;
#3203 = ADVANCED_FACE ( 'NONE', ( #1002 ), #2866, .F. ) ;
#3204 = LINE ( 'NONE', #76, #460 ) ;
#3205 = CARTESIAN_POINT ( 'NONE',  ( -3.000000000000000000, 0.2094884505545331899, 0.4200000000000002620 ) ) ;
#3206 = AXIS2_PLACEMENT_3D ( 'NONE', #939, #3121, #4080 ) ;
#3207 = DIRECTION ( 'NONE',  ( 1.000000000000000000, 0.000000000000000000, -0.000000000000000000 ) ) ;
#3208 = VECTOR ( 'NONE', #2920, 1000.000000000000000 ) ;
#3209 = DIRECTION ( 'NONE',  ( 0.000000000000000000, 0.000000000000000000, -1.000000000000000000 ) ) ;
#3210 = CARTESIAN_POINT ( 'NONE',  ( -1.150000000000000355, 1.700000000000000178, -1.775000000000002354 ) ) ;
#3211 = CARTESIAN_POINT ( 'NONE',  ( -2.985351140513737178, -3.890381395410000956E-16, 2.120000000000000551 ) ) ;
#3212 = AXIS2_PLACEMENT_3D ( 'NONE', #2856, #2814, #2871 ) ;
#3213 = AXIS2_PLACEMENT_3D ( 'NONE', #2618, #984, #1066 ) ;
#3214 = VERTEX_POINT ( 'NONE', #1312 ) ;
#3215 = DIRECTION ( 'NONE',  ( -0.000000000000000000, -0.000000000000000000, -1.000000000000000000 ) ) ;
#3216 = VERTEX_POINT ( 'NONE', #1996 ) ;
#3217 = ORIENTED_EDGE ( 'NONE', *, *, #3288, .T. ) ;
#3218 = ORIENTED_EDGE ( 'NONE', *, *, #3201, .F. ) ;
#3219 = DIRECTION ( 'NONE',  ( -0.000000000000000000, -0.000000000000000000, -1.000000000000000000 ) ) ;
#3220 = AXIS2_PLACEMENT_3D ( 'NONE', #2534, #3746, #260 ) ;
#3221 = CARTESIAN_POINT ( 'NONE',  ( 1.950000000000000400, 1.029999999999985816, -0.4199999999999998179 ) ) ;
#3222 = DIRECTION ( 'NONE',  ( 0.06975647374411911295, -0.9975640502598247528, 0.000000000000000000 ) ) ;
#3223 = CARTESIAN_POINT ( 'NONE',  ( 1.950000000000000400, 1.029999999999985816, 0.8500000000000003109 ) ) ;
#3224 = PLANE ( 'NONE',  #1251 ) ;
#3225 = CARTESIAN_POINT ( 'NONE',  ( -2.569999999999970530, 0.7339347774647182465, 2.120000000000000551 ) ) ;
#3226 = CIRCLE ( 'NONE', #928, 0.08606522253529635957 ) ;
#3227 = PLANE ( 'NONE',  #1057 ) ;
#3228 = EDGE_LOOP ( 'NONE', ( #1616, #1096 ) ) ;
#3229 = EDGE_CURVE ( 'NONE', #3597, #1762, #3186, .T. ) ;
#3230 = CARTESIAN_POINT ( 'NONE',  ( 2.360000000000000320, 0.7339347774647182465, 2.120000000000000551 ) ) ;
#3231 = VECTOR ( 'NONE', #1351, 1000.000000000000227 ) ;
#3232 = DIRECTION ( 'NONE',  ( -1.000000000000000000, 0.000000000000000000, 0.000000000000000000 ) ) ;
#3233 = CARTESIAN_POINT ( 'NONE',  ( 2.360000000000000320, 0.3198140980962017044, 0.4200000000000002620 ) ) ;
#3234 = FACE_OUTER_BOUND ( 'NONE', #3662, .T. ) ;
#3235 = VERTEX_POINT ( 'NONE', #3892 ) ;
#3236 = CARTESIAN_POINT ( 'NONE',  ( -1.150000000000000355, 1.700000000000000178, -1.950000000000002176 ) ) ;
#3237 = SURFACE_STYLE_USAGE ( .BOTH. , #1989 ) ;
#3238 = EDGE_LOOP ( 'NONE', ( #2482, #2245, #737, #322 ) ) ;
#3239 = ORIENTED_EDGE ( 'NONE', *, *, #3416, .F. ) ;
#3240 = DIRECTION ( 'NONE',  ( 0.06975647374411889090, -0.9975640502598246417, 0.000000000000000000 ) ) ;
#3241 = ORIENTED_EDGE ( 'NONE', *, *, #1110, .T. ) ;
#3242 = DIRECTION ( 'NONE',  ( 0.000000000000000000, 0.000000000000000000, -1.000000000000000000 ) ) ;
#3243 = FACE_OUTER_BOUND ( 'NONE', #1030, .T. ) ;
#3244 = DIRECTION ( 'NONE',  ( 0.9975640502598247528, 0.06975647374411911295, 0.000000000000000000 ) ) ;
#3245 = LINE ( 'NONE', #765, #247 ) ;
#3246 = DIRECTION ( 'NONE',  ( -0.000000000000000000, -0.000000000000000000, -1.000000000000000000 ) ) ;
#3247 = SURFACE_STYLE_USAGE ( .BOTH. , #102 ) ;
#3248 = ADVANCED_FACE ( 'NONE', ( #1935 ), #408, .F. ) ;
#3249 = DIRECTION ( 'NONE',  ( 1.000000000000000000, 0.000000000000000000, 0.000000000000000000 ) ) ;
#3250 = LINE ( 'NONE', #1731, #35 ) ;
#3251 = EDGE_CURVE ( 'NONE', #381, #3214, #2918, .T. ) ;
#3252 = CARTESIAN_POINT ( 'NONE',  ( 2.360000000000000320, 0.7339347774647182465, -2.120000000000000107 ) ) ;
#3253 = EDGE_CURVE ( 'NONE', #807, #3785, #3562, .T. ) ;
#3254 = LINE ( 'NONE', #42, #1509 ) ;
#3255 = DIRECTION ( 'NONE',  ( -0.1628445083463880838, -0.9731204099199883828, -0.1628445083463883336 ) ) ;
#3256 = ADVANCED_FACE ( 'NONE', ( #1973 ), #366, .F. ) ;
#3257 = ADVANCED_FACE ( 'NONE', ( #3582 ), #1328, .F. ) ;
#3258 = ORIENTED_EDGE ( 'NONE', *, *, #2780, .F. ) ;
#3259 = DIRECTION ( 'NONE',  ( 0.9975640502598247528, 0.06975647374411890478, -0.000000000000000000 ) ) ;
#3260 = PLANE ( 'NONE',  #958 ) ;
#3261 = EDGE_LOOP ( 'NONE', ( #1660, #3475, #2054, #1298 ) ) ;
#3262 = ORIENTED_EDGE ( 'NONE', *, *, #59, .T. ) ;
#3263 = EDGE_CURVE ( 'NONE', #2744, #3364, #385, .T. ) ;
#3264 = PLANE ( 'NONE',  #363 ) ;
#3265 = VERTEX_POINT ( 'NONE', #2940 ) ;
#3266 = STYLED_ITEM ( 'NONE', ( #401 ), #1410 ) ;
#3267 = AXIS2_PLACEMENT_3D ( 'NONE', #4039, #3105, #267 ) ;
#3268 = CARTESIAN_POINT ( 'NONE',  ( 1.950000000000000400, 0.8200000000000151612, -0.4199999999999998179 ) ) ;
#3269 = DIRECTION ( 'NONE',  ( 0.06975647374411889090, -0.9975640502598246417, 0.000000000000000000 ) ) ;
#3270 = ORIENTED_EDGE ( 'NONE', *, *, #1573, .T. ) ;
#3271 = CARTESIAN_POINT ( 'NONE',  ( 1.950000000000000400, 0.8200000000000151612, -1.689999999999999947 ) ) ;
#3272 = DIRECTION ( 'NONE',  ( -1.000000000000000000, 0.000000000000000000, 0.000000000000000000 ) ) ;
#3273 = ORIENTED_EDGE ( 'NONE', *, *, #499, .F. ) ;
#3274 = DIRECTION ( 'NONE',  ( 1.000000000000000000, 0.000000000000000000, 0.000000000000000000 ) ) ;
#3275 = CARTESIAN_POINT ( 'NONE',  ( 2.360000000000000320, 0.3198140980962017044, 2.120000000000000551 ) ) ;
#3276 = DIRECTION ( 'NONE',  ( -0.000000000000000000, -0.000000000000000000, -1.000000000000000000 ) ) ;
#3277 = CIRCLE ( 'NONE', #1437, 0.08606522253529680366 ) ;
#3278 = VECTOR ( 'NONE', #3850, 1000.000000000000000 ) ;
#3279 = LINE ( 'NONE', #440, #2180 ) ;
#3280 = EDGE_LOOP ( 'NONE', ( #2575, #3707, #917, #3956, #1493, #822, #696, #4099, #4095, #633, #2068, #2215 ) ) ;
#3281 = CIRCLE ( 'NONE', #103, 0.08606522253529680366 ) ;
#3282 = VECTOR ( 'NONE', #2374, 1000.000000000000000 ) ;
#3283 = CARTESIAN_POINT ( 'NONE',  ( 2.569999999999970530, 0.7339347774647182465, -0.4199999999999998179 ) ) ;
#3284 = ORIENTED_EDGE ( 'NONE', *, *, #2356, .T. ) ;
#3285 = DIRECTION ( 'NONE',  ( 0.9975640502598247528, -0.06975647374411911295, 0.000000000000000000 ) ) ;
#3286 = ORIENTED_EDGE ( 'NONE', *, *, #2155, .F. ) ;
#3287 = CIRCLE ( 'NONE', #1907, 0.08606522253529680366 ) ;
#3288 = EDGE_CURVE ( 'NONE', #1171, #731, #1371, .T. ) ;
#3289 = MECHANICAL_DESIGN_GEOMETRIC_PRESENTATION_REPRESENTATION (  '', ( #1115 ), #2580 ) ;
#3290 = VERTEX_POINT ( 'NONE', #428 ) ;
#3291 = CARTESIAN_POINT ( 'NONE',  ( -2.569999999999970974, 0.3198140980962019264, 0.8500000000000003109 ) ) ;
#3292 = DIRECTION ( 'NONE',  ( 0.000000000000000000, 0.000000000000000000, 1.000000000000000000 ) ) ;
#3293 = DIRECTION ( 'NONE',  ( -0.000000000000000000, -0.000000000000000000, -1.000000000000000000 ) ) ;
#3294 = VERTEX_POINT ( 'NONE', #2120 ) ;
#3295 = VECTOR ( 'NONE', #3393, 1000.000000000000000 ) ;
#3296 = CARTESIAN_POINT ( 'NONE',  ( -1.150000000000000355, 1.700000000000000178, -1.950000000000002176 ) ) ;
#3297 = CARTESIAN_POINT ( 'NONE',  ( -2.273934777464703405, 0.7339347774647182465, 2.120000000000000551 ) ) ;
#3298 = ORIENTED_EDGE ( 'NONE', *, *, #365, .T. ) ;
#3299 = FACE_OUTER_BOUND ( 'NONE', #1945, .T. ) ;
#3300 = CARTESIAN_POINT ( 'NONE',  ( -2.273934777464703405, 0.7339347774647182465, 1.690000000000000169 ) ) ;
#3301 = PLANE ( 'NONE',  #2703 ) ;
#3302 = EDGE_LOOP ( 'NONE', ( #1746, #182, #1963, #1029 ) ) ;
#3303 = PRESENTATION_LAYER_ASSIGNMENT (  '', '', ( #2322 ) ) ;
#3304 = PRESENTATION_STYLE_ASSIGNMENT (( #1737 ) ) ;
#3305 = ORIENTED_EDGE ( 'NONE', *, *, #636, .F. ) ;
#3306 = LINE ( 'NONE', #2671, #3415 ) ;
#3307 = EDGE_CURVE ( 'NONE', #4047, #1729, #1124, .T. ) ;
#3308 = EDGE_CURVE ( 'NONE', #3294, #381, #2652, .T. ) ;
#3309 = ORIENTED_EDGE ( 'NONE', *, *, #3184, .F. ) ;
#3310 = VERTEX_POINT ( 'NONE', #3374 ) ;
#3311 = EDGE_CURVE ( 'NONE', #567, #481, #3708, .T. ) ;
#3312 = DIRECTION ( 'NONE',  ( -0.1628445083463880283, -0.9731204099199886048, -0.1628445083463880283 ) ) ;
#3313 = ORIENTED_EDGE ( 'NONE', *, *, #2605, .T. ) ;
#3314 = DIRECTION ( 'NONE',  ( 0.000000000000000000, 0.000000000000000000, 1.000000000000000000 ) ) ;
#3315 = CARTESIAN_POINT ( 'NONE',  ( -2.360000000000000320, 0.3198140980962017044, -0.4199999999999998179 ) ) ;
#3316 = VECTOR ( 'NONE', #1862, 1000.000000000000114 ) ;
#3317 = EDGE_LOOP ( 'NONE', ( #3827, #113, #1501, #1944 ) ) ;
#3318 = LINE ( 'NONE', #2107, #916 ) ;
#3319 = DIRECTION ( 'NONE',  ( -0.000000000000000000, 0.000000000000000000, -1.000000000000000000 ) ) ;
#3320 = ORIENTED_EDGE ( 'NONE', *, *, #2414, .F. ) ;
#3321 = CARTESIAN_POINT ( 'NONE',  ( 2.360000000000000320, 0.7339347774647182465, 0.8500000000000003109 ) ) ;
#3322 = ORIENTED_EDGE ( 'NONE', *, *, #3392, .T. ) ;
#3323 = CARTESIAN_POINT ( 'NONE',  ( -2.360000000000000320, 0.3198140980962017044, -0.4199999999999998179 ) ) ;
#3324 = VERTEX_POINT ( 'NONE', #124 ) ;
#3325 = LINE ( 'NONE', #487, #2250 ) ;
#3326 = ORIENTED_EDGE ( 'NONE', *, *, #296, .T. ) ;
#3327 = EDGE_CURVE ( 'NONE', #3603, #545, #788, .T. ) ;
#3328 = ORIENTED_EDGE ( 'NONE', *, *, #218, .F. ) ;
#3329 = DIRECTION ( 'NONE',  ( -1.000000000000000000, 0.000000000000000000, 0.000000000000000000 ) ) ;
#3330 = EDGE_CURVE ( 'NONE', #1823, #2317, #1761, .T. ) ;
#3331 = DIRECTION ( 'NONE',  ( -0.000000000000000000, -0.000000000000000000, -1.000000000000000000 ) ) ;
#3332 = VECTOR ( 'NONE', #3095, 1000.000000000000000 ) ;
#3333 = ORIENTED_EDGE ( 'NONE', *, *, #21, .T. ) ;
#3334 = FACE_OUTER_BOUND ( 'NONE', #2139, .T. ) ;
#3335 = DIRECTION ( 'NONE',  ( 0.000000000000000000, 0.000000000000000000, 1.000000000000000000 ) ) ;
#3336 = CARTESIAN_POINT ( 'NONE',  ( 2.273934777464703405, 0.7339347774647182465, 0.4200000000000002620 ) ) ;
#3337 = DIRECTION ( 'NONE',  ( -1.000000000000000000, 0.000000000000000000, 0.000000000000000000 ) ) ;
#3338 = ORIENTED_EDGE ( 'NONE', *, *, #651, .T. ) ;
#3339 = LINE ( 'NONE', #173, #977 ) ;
#3340 = VERTEX_POINT ( 'NONE', #1392 ) ;
#3341 = DIRECTION ( 'NONE',  ( 1.000000000000000000, 0.000000000000000000, 0.000000000000000000 ) ) ;
#3342 = CIRCLE ( 'NONE', #430, 0.2960652225352674027 ) ;
#3343 = VERTEX_POINT ( 'NONE', #2676 ) ;
#3344 = DIRECTION ( 'NONE',  ( -1.000000000000000000, 0.000000000000000000, 0.000000000000000000 ) ) ;
#3345 = ORIENTED_EDGE ( 'NONE', *, *, #3561, .F. ) ;
#3346 = VECTOR ( 'NONE', #4002, 1000.000000000000000 ) ;
#3347 = CIRCLE ( 'NONE', #2953, 0.08606522253529635957 ) ;
#3348 = DIRECTION ( 'NONE',  ( 1.000000000000000000, 0.000000000000000000, 0.000000000000000000 ) ) ;
#3349 = VERTEX_POINT ( 'NONE', #3930 ) ;
#3350 = CIRCLE ( 'NONE', #3881, 0.08606522253529635957 ) ;
#3351 = VERTEX_POINT ( 'NONE', #207 ) ;
#3352 = DIRECTION ( 'NONE',  ( -0.000000000000000000, -0.000000000000000000, -1.000000000000000000 ) ) ;
#3353 = CYLINDRICAL_SURFACE ( 'NONE', #2431, 0.2960652225352674027 ) ;
#3354 = VECTOR ( 'NONE', #3735, 1000.000000000000000 ) ;
#3355 = ORIENTED_EDGE ( 'NONE', *, *, #3447, .F. ) ;
#3356 = CARTESIAN_POINT ( 'NONE',  ( 2.273934777464703405, 0.8200000000000151612, -0.4199999999999998179 ) ) ;
#3357 = ORIENTED_EDGE ( 'NONE', *, *, #3561, .T. ) ;
#3358 = VECTOR ( 'NONE', #805, 1000.000000000000000 ) ;
#3359 = EDGE_CURVE ( 'NONE', #1356, #678, #2055, .T. ) ;
#3360 = DIRECTION ( 'NONE',  ( 0.000000000000000000, 0.000000000000000000, 1.000000000000000000 ) ) ;
#3361 = EDGE_CURVE ( 'NONE', #2558, #106, #144, .T. ) ;
#3362 = EDGE_LOOP ( 'NONE', ( #1911, #762, #48, #2451 ) ) ;
#3363 = LINE ( 'NONE', #529, #2434 ) ;
#3364 = VERTEX_POINT ( 'NONE', #2740 ) ;
#3365 = CARTESIAN_POINT ( 'NONE',  ( 2.360000000000000320, 0.3198140980962017044, -0.8499999999999998668 ) ) ;
#3366 = ORIENTED_EDGE ( 'NONE', *, *, #417, .F. ) ;
#3367 = CARTESIAN_POINT ( 'NONE',  ( -2.273934777464703405, 0.7339347774647182465, 1.690000000000000169 ) ) ;
#3368 = ORIENTED_EDGE ( 'NONE', *, *, #2207, .T. ) ;
#3369 = AXIS2_PLACEMENT_3D ( 'NONE', #3895, #668, #3836 ) ;
#3370 = DIRECTION ( 'NONE',  ( -0.000000000000000000, 0.000000000000000000, -1.000000000000000000 ) ) ;
#3371 = VERTEX_POINT ( 'NONE', #470 ) ;
#3372 = VECTOR ( 'NONE', #3147, 1000.000000000000000 ) ;
#3373 = ORIENTED_EDGE ( 'NONE', *, *, #3989, .F. ) ;
#3374 = CARTESIAN_POINT ( 'NONE',  ( 2.360000000000000320, 0.7339347774647182465, -0.4199999999999998179 ) ) ;
#3375 = PLANE ( 'NONE',  #3486 ) ;
#3376 = PLANE ( 'NONE',  #3859 ) ;
#3377 = CARTESIAN_POINT ( 'NONE',  ( -2.569999999999970974, 0.3198140980962019264, -0.4199999999999998179 ) ) ;
#3378 = ORIENTED_EDGE ( 'NONE', *, *, #17, .T. ) ;
#3379 = CYLINDRICAL_SURFACE ( 'NONE', #3948, 0.2960652225352670142 ) ;
#3380 = AXIS2_PLACEMENT_3D ( 'NONE', #1070, #3921, #1088 ) ;
#3381 = VECTOR ( 'NONE', #3526, 1000.000000000000000 ) ;
#3382 = EDGE_CURVE ( 'NONE', #3785, #2464, #3598, .T. ) ;
#3383 = EDGE_LOOP ( 'NONE', ( #257, #4069, #873, #2788 ) ) ;
#3384 = ADVANCED_FACE ( 'NONE', ( #2980 ), #1745, .F. ) ;
#3385 = ADVANCED_FACE ( 'NONE', ( #452 ), #2657, .F. ) ;
#3386 = CARTESIAN_POINT ( 'NONE',  ( 1.950000000000000400, 0.8200000000000151612, 2.120000000000000551 ) ) ;
#3387 = ORIENTED_EDGE ( 'NONE', *, *, #553, .F. ) ;
#3388 = DIRECTION ( 'NONE',  ( 1.047233066591874073E-15, 1.000000000000000000, 0.000000000000000000 ) ) ;
#3389 = SURFACE_STYLE_FILL_AREA ( #483 ) ;
#3390 = CARTESIAN_POINT ( 'NONE',  ( 1.950000000000000400, 0.8200000000000151612, -1.689999999999999947 ) ) ;
#3391 = CARTESIAN_POINT ( 'NONE',  ( -2.569999999999970974, 0.3198140980962019264, 2.120000000000000551 ) ) ;
#3392 = EDGE_CURVE ( 'NONE', #1942, #2324, #3609, .T. ) ;
#3393 = DIRECTION ( 'NONE',  ( 1.047233066591874073E-15, 1.000000000000000000, 0.000000000000000000 ) ) ;
#3394 = ORIENTED_EDGE ( 'NONE', *, *, #1037, .T. ) ;
#3395 = ORIENTED_EDGE ( 'NONE', *, *, #1247, .F. ) ;
#3396 = ORIENTED_EDGE ( 'NONE', *, *, #2157, .T. ) ;
#3397 = LINE ( 'NONE', #1825, #3414 ) ;
#3399 = STYLED_ITEM ( 'NONE', ( #705 ), #37 ) ;
#3398 = DIRECTION ( 'NONE',  ( 0.06975647374411889090, -0.9975640502598246417, 0.000000000000000000 ) ) ;
#3400 = DIRECTION ( 'NONE',  ( -1.000000000000000000, 1.047233066591874073E-15, 0.000000000000000000 ) ) ;
#3401 = DIRECTION ( 'NONE',  ( -1.000000000000000000, 6.693953523428911913E-16, -0.000000000000000000 ) ) ;
#3402 = DIRECTION ( 'NONE',  ( -0.06975647374411911295, -0.9975640502598247528, 0.000000000000000000 ) ) ;
#3403 = ORIENTED_EDGE ( 'NONE', *, *, #2519, .T. ) ;
#3404 = DIRECTION ( 'NONE',  ( -0.06975647374411911295, -0.9975640502598247528, 0.000000000000000000 ) ) ;
#3405 = ORIENTED_EDGE ( 'NONE', *, *, #4066, .F. ) ;
#3406 = DIRECTION ( 'NONE',  ( 1.047233066591874073E-15, -1.000000000000000000, -0.000000000000000000 ) ) ;
#3407 = CARTESIAN_POINT ( 'NONE',  ( 2.635412756612939500, 0.02447007556284402918, 0.8500000000000003109 ) ) ;
#3408 = CARTESIAN_POINT ( 'NONE',  ( 2.656065222535267445, 0.3198140980962017044, 0.8500000000000003109 ) ) ;
#3409 = PLANE ( 'NONE',  #311 ) ;
#3410 = VERTEX_POINT ( 'NONE', #163 ) ;
#3411 = VERTEX_POINT ( 'NONE', #764 ) ;
#3412 = EDGE_LOOP ( 'NONE', ( #4097, #3652, #1930, #2342 ) ) ;
#3413 = LINE ( 'NONE', #559, #1072 ) ;
#3414 = VECTOR ( 'NONE', #2845, 1000.000000000000000 ) ;
#3415 = VECTOR ( 'NONE', #645, 1000.000000000000000 ) ;
#3416 = EDGE_CURVE ( 'NONE', #299, #3092, #1435, .T. ) ;
#3417 = DIRECTION ( 'NONE',  ( 1.000000000000000000, 0.000000000000000000, 0.000000000000000000 ) ) ;
#3418 = VECTOR ( 'NONE', #2067, 1000.000000000000114 ) ;
#3419 = VECTOR ( 'NONE', #3741, 1000.000000000000000 ) ;
#3420 = CARTESIAN_POINT ( 'NONE',  ( -2.273934777464703405, 0.7339347774647182465, -0.4199999999999998179 ) ) ;
#3421 = DIRECTION ( 'NONE',  ( 0.000000000000000000, 0.000000000000000000, 1.000000000000000000 ) ) ;
#3422 = VECTOR ( 'NONE', #1861, 1000.000000000000000 ) ;
#3423 = CARTESIAN_POINT ( 'NONE',  ( -2.273934777464703405, 0.8200000000000151612, -0.8499999999999998668 ) ) ;
#3424 = DIRECTION ( 'NONE',  ( 0.9975640502598247528, -0.06975647374411911295, 0.000000000000000000 ) ) ;
#3425 = CARTESIAN_POINT ( 'NONE',  ( -1.950000000000000400, 0.8200000000000151612, -0.4199999999999998179 ) ) ;
#3426 = EDGE_LOOP ( 'NONE', ( #2818, #2045, #2560, #3863 ) ) ;
#3427 = VECTOR ( 'NONE', #1614, 1000.000000000000000 ) ;
#3428 = DIRECTION ( 'NONE',  ( -1.000000000000000000, 0.000000000000000000, 0.000000000000000000 ) ) ;
#3429 = ORIENTED_EDGE ( 'NONE', *, *, #2543, .F. ) ;
#3430 = LINE ( 'NONE', #654, #1964 ) ;
#3431 = DIRECTION ( 'NONE',  ( -0.000000000000000000, -0.000000000000000000, -1.000000000000000000 ) ) ;
#3432 = DIRECTION ( 'NONE',  ( -0.000000000000000000, -0.000000000000000000, -1.000000000000000000 ) ) ;
#3433 = CARTESIAN_POINT ( 'NONE',  ( -2.650061616099202322, 0.2339585261173780240, -1.689999999999999947 ) ) ;
#3434 = ORIENTED_EDGE ( 'NONE', *, *, #3872, .T. ) ;
#3435 = VERTEX_POINT ( 'NONE', #491 ) ;
#3436 = VERTEX_POINT ( 'NONE', #184 ) ;
#3437 = EDGE_CURVE ( 'NONE', #3310, #277, #1458, .T. ) ;
#3438 = DIRECTION ( 'NONE',  ( 0.000000000000000000, 0.000000000000000000, 1.000000000000000000 ) ) ;
#3439 = ADVANCED_FACE ( 'NONE', ( #1142 ), #3353, .T. ) ;
#3440 = ADVANCED_FACE ( 'NONE', ( #1782 ), #3042, .F. ) ;
#3441 = PRESENTATION_LAYER_ASSIGNMENT (  '', '', ( #3167 ) ) ;
#3442 = EDGE_CURVE ( 'NONE', #3531, #2029, #4018, .T. ) ;
#3443 = EDGE_CURVE ( 'NONE', #3088, #3775, #1958, .T. ) ;
#3444 = DIRECTION ( 'NONE',  ( 0.000000000000000000, 1.000000000000000000, 0.000000000000000000 ) ) ;
#3445 = CARTESIAN_POINT ( 'NONE',  ( -2.656065222535267445, 0.3198140980962017044, -0.4199999999999998179 ) ) ;
#3446 = PLANE ( 'NONE',  #2456 ) ;
#3447 = EDGE_CURVE ( 'NONE', #3845, #3622, #919, .T. ) ;
#3448 = CARTESIAN_POINT ( 'NONE',  ( 1.950000000000000400, 1.029999999999985816, -0.4199999999999998179 ) ) ;
#3449 = DIRECTION ( 'NONE',  ( -1.000000000000000000, 0.000000000000000000, 0.000000000000000000 ) ) ;
#3450 = VERTEX_POINT ( 'NONE', #222 ) ;
#3451 = DIRECTION ( 'NONE',  ( -0.000000000000000000, -0.000000000000000000, -1.000000000000000000 ) ) ;
#3452 = PLANE ( 'NONE',  #3489 ) ;
#3453 = PRODUCT_DEFINITION_FORMATION_WITH_SPECIFIED_SOURCE ( 'ANY', '', #2347, .NOT_KNOWN. ) ;
#3454 = DIRECTION ( 'NONE',  ( 0.9975640502598247528, -0.06975647374411790558, -0.000000000000000000 ) ) ;
#3455 = APPLICATION_CONTEXT ( 'automotive_design' ) ;
#3456 = ORIENTED_EDGE ( 'NONE', *, *, #1366, .T. ) ;
#3457 = CARTESIAN_POINT ( 'NONE',  ( -2.273934777464703405, 0.7339347774647182465, -0.4199999999999998179 ) ) ;
#3458 = LINE ( 'NONE', #298, #2640 ) ;
#3459 = VERTEX_POINT ( 'NONE', #875 ) ;
#3460 = VERTEX_POINT ( 'NONE', #2778 ) ;
#3461 = ORIENTED_EDGE ( 'NONE', *, *, #1545, .T. ) ;
#3462 = CARTESIAN_POINT ( 'NONE',  ( 1.950000000000000400, 0.8200000000000151612, -0.4199999999999998179 ) ) ;
#3463 = UNCERTAINTY_MEASURE_WITH_UNIT (LENGTH_MEASURE( 1.000000000000000082E-05 ), #1618, 'distance_accuracy_value', 'NONE');
#3464 = EDGE_CURVE ( 'NONE', #3178, #757, #3397, .T. ) ;
#3465 = FACE_OUTER_BOUND ( 'NONE', #3280, .T. ) ;
#3466 = EDGE_CURVE ( 'NONE', #3719, #441, #2364, .T. ) ;
#3467 = DIRECTION ( 'NONE',  ( 1.000000000000000000, 0.000000000000000000, 0.000000000000000000 ) ) ;
#3468 = DIRECTION ( 'NONE',  ( -0.000000000000000000, -0.000000000000000000, -1.000000000000000000 ) ) ;
#3469 =( GEOMETRIC_REPRESENTATION_CONTEXT ( 3 ) GLOBAL_UNCERTAINTY_ASSIGNED_CONTEXT ( ( #4081 ) ) GLOBAL_UNIT_ASSIGNED_CONTEXT ( ( #2750, #1756, #3052 ) ) REPRESENTATION_CONTEXT ( 'NONE', 'WORKASPACE' ) );
#3470 = CARTESIAN_POINT ( 'NONE',  ( -2.985351140513737178, -3.890381395410000956E-16, 2.120000000000000551 ) ) ;
#3471 = VERTEX_POINT ( 'NONE', #2499 ) ;
#3472 = MECHANICAL_DESIGN_GEOMETRIC_PRESENTATION_REPRESENTATION (  '', ( #2900 ), #2016 ) ;
#3473 = FILL_AREA_STYLE_COLOUR ( '', #510 ) ;
#3474 = CARTESIAN_POINT ( 'NONE',  ( -2.273934777464703405, 1.029999999999985594, 0.4200000000000002620 ) ) ;
#3475 = ORIENTED_EDGE ( 'NONE', *, *, #1543, .F. ) ;
#3476 = FILL_AREA_STYLE_COLOUR ( '', #3966 ) ;
#3477 = CARTESIAN_POINT ( 'NONE',  ( -1.950000000000000400, 0.8200000000000151612, -0.8499999999999998668 ) ) ;
#3478 = ORIENTED_EDGE ( 'NONE', *, *, #862, .F. ) ;
#3479 = VERTEX_POINT ( 'NONE', #1185 ) ;
#3480 = ORIENTED_EDGE ( 'NONE', *, *, #2714, .T. ) ;
#3481 = CYLINDRICAL_SURFACE ( 'NONE', #3750, 0.2960652225352670142 ) ;
#3482 = CARTESIAN_POINT ( 'NONE',  ( 2.569999999999970530, 0.7339347774647182465, -1.689999999999999947 ) ) ;
#3483 = AXIS2_PLACEMENT_3D ( 'NONE', #1477, #3331, #1161 ) ;
#3484 = PLANE ( 'NONE',  #3898 ) ;
#3485 = AXIS2_PLACEMENT_3D ( 'NONE', #4091, #2507, #3736 ) ;
#3486 = AXIS2_PLACEMENT_3D ( 'NONE', #1872, #1589, #2847 ) ;
#3487 = FACE_OUTER_BOUND ( 'NONE', #380, .T. ) ;
#3488 = EDGE_CURVE ( 'NONE', #1149, #2362, #2452, .T. ) ;
#3489 = AXIS2_PLACEMENT_3D ( 'NONE', #1922, #1576, #2792 ) ;
#3490 = CARTESIAN_POINT ( 'NONE',  ( -1.150000000000000355, 1.700000000000000178, -2.125000000000001776 ) ) ;
#3491 = EDGE_CURVE ( 'NONE', #3531, #2932, #170, .T. ) ;
#3492 = ORIENTED_EDGE ( 'NONE', *, *, #1744, .T. ) ;
#3493 = DIRECTION ( 'NONE',  ( -0.000000000000000000, -0.000000000000000000, -1.000000000000000000 ) ) ;
#3494 = ADVANCED_FACE ( 'NONE', ( #3710 ), #560, .F. ) ;
#3495 = EDGE_CURVE ( 'NONE', #1903, #1079, #2755, .T. ) ;
#3496 = VECTOR ( 'NONE', #3352, 1000.000000000000000 ) ;
#3497 = CARTESIAN_POINT ( 'NONE',  ( 2.273934777464703405, 0.8200000000000151612, -0.4199999999999998179 ) ) ;
#3498 = ORIENTED_EDGE ( 'NONE', *, *, #3466, .F. ) ;
#3499 = VERTEX_POINT ( 'NONE', #1253 ) ;
#3500 = ORIENTED_EDGE ( 'NONE', *, *, #18, .F. ) ;
#3501 = LINE ( 'NONE', #3202, #3812 ) ;
#3502 = CARTESIAN_POINT ( 'NONE',  ( -2.635412756612939500, 0.02447007556284402918, 2.120000000000000551 ) ) ;
#3503 = DIRECTION ( 'NONE',  ( 2.094466133183748935E-15, 1.000000000000000000, 0.000000000000000000 ) ) ;
#3504 = VECTOR ( 'NONE', #1905, 1000.000000000000000 ) ;
#3505 = CARTESIAN_POINT ( 'NONE',  ( 2.273934777464703405, 0.7339347774647182465, 2.120000000000000551 ) ) ;
#3506 = VECTOR ( 'NONE', #3401, 1000.000000000000000 ) ;
#3507 = CARTESIAN_POINT ( 'NONE',  ( 1.949999999999999512, 1.029999999999985816, 2.449999999999998845 ) ) ;
#3508 = CARTESIAN_POINT ( 'NONE',  ( -2.569999999999970530, 0.7339347774647182465, 0.8500000000000003109 ) ) ;
#3509 = VERTEX_POINT ( 'NONE', #264 ) ;
#3510 = DIRECTION ( 'NONE',  ( 0.000000000000000000, 1.000000000000000000, 0.000000000000000000 ) ) ;
#3511 = EDGE_CURVE ( 'NONE', #2005, #1942, #2520, .T. ) ;
#3512 = CARTESIAN_POINT ( 'NONE',  ( 1.949999999999999512, 0.8200000000000151612, -2.450000000000001510 ) ) ;
#3513 = SURFACE_STYLE_USAGE ( .BOTH. , #656 ) ;
#3514 = EDGE_CURVE ( 'NONE', #1680, #488, #283, .T. ) ;
#3515 = EDGE_CURVE ( 'NONE', #3471, #998, #3144, .T. ) ;
#3516 = ORIENTED_EDGE ( 'NONE', *, *, #3311, .T. ) ;
#3517 = FACE_OUTER_BOUND ( 'NONE', #262, .T. ) ;
#3518 = ORIENTED_EDGE ( 'NONE', *, *, #3864, .T. ) ;
#3519 = VERTEX_POINT ( 'NONE', #1539 ) ;
#3520 = ORIENTED_EDGE ( 'NONE', *, *, #1490, .F. ) ;
#3521 = VECTOR ( 'NONE', #1354, 1000.000000000000000 ) ;
#3522 = CARTESIAN_POINT ( 'NONE',  ( -1.950000000000000400, 1.029999999999985816, -1.689999999999999947 ) ) ;
#3523 = DIRECTION ( 'NONE',  ( 1.000000000000000000, 0.000000000000000000, 0.000000000000000000 ) ) ;
#3524 = CARTESIAN_POINT ( 'NONE',  ( 1.950000000000000400, 1.029999999999985816, -1.689999999999999947 ) ) ;
#3525 = CARTESIAN_POINT ( 'NONE',  ( -1.829513321461378128, 0.1000000000000000056, -2.450000000000001510 ) ) ;
#3526 = DIRECTION ( 'NONE',  ( 0.000000000000000000, 1.000000000000000000, 0.000000000000000000 ) ) ;
#3527 = CARTESIAN_POINT ( 'NONE',  ( 2.273934777464703405, 1.029999999999985372, 0.4200000000000002620 ) ) ;
#3528 = PRESENTATION_LAYER_ASSIGNMENT (  '', '', ( #3266 ) ) ;
#3529 = CARTESIAN_POINT ( 'NONE',  ( -2.650061616099202322, 0.2339585261173781627, 1.690000000000000169 ) ) ;
#3530 = VECTOR ( 'NONE', #3028, 1000.000000000000114 ) ;
#3531 = VERTEX_POINT ( 'NONE', #4060 ) ;
#3532 = FILL_AREA_STYLE ('',( #2912 ) ) ;
#3533 = ORIENTED_EDGE ( 'NONE', *, *, #2961, .T. ) ;
#3534 = ORIENTED_EDGE ( 'NONE', *, *, #1338, .F. ) ;
#3535 = EDGE_LOOP ( 'NONE', ( #1457, #1742, #820, #72 ) ) ;
#3536 = LINE ( 'NONE', #1965, #519 ) ;
#3537 = CARTESIAN_POINT ( 'NONE',  ( 2.635412756612939500, 0.02447007556284402918, 1.690000000000000169 ) ) ;
#3538 = EDGE_CURVE ( 'NONE', #3622, #3340, #3675, .T. ) ;
#3539 = DIRECTION ( 'NONE',  ( 0.000000000000000000, 1.000000000000000000, 0.000000000000000000 ) ) ;
#3540 = LINE ( 'NONE', #2942, #2635 ) ;
#3541 = CARTESIAN_POINT ( 'NONE',  ( 2.273934777464703405, 1.029999999999985372, -0.4199999999999998179 ) ) ;
#3542 = AXIS2_PLACEMENT_3D ( 'NONE', #2141, #1518, #2540 ) ;
#3543 = CARTESIAN_POINT ( 'NONE',  ( -2.650061616099202322, 0.2339585261173780240, 2.120000000000000551 ) ) ;
#3544 = VECTOR ( 'NONE', #2867, 1000.000000000000000 ) ;
#3545 = DIRECTION ( 'NONE',  ( -1.000000000000000000, -2.094466133183748935E-15, 0.000000000000000000 ) ) ;
#3546 = PLANE ( 'NONE',  #736 ) ;
#3547 = CIRCLE ( 'NONE', #2037, 0.08606522253529680366 ) ;
#3548 = DIRECTION ( 'NONE',  ( -0.000000000000000000, -0.000000000000000000, -1.000000000000000000 ) ) ;
#3549 = CIRCLE ( 'NONE', #2834, 0.08606522253529635957 ) ;
#3550 = ORIENTED_EDGE ( 'NONE', *, *, #1395, .F. ) ;
#3551 = LINE ( 'NONE', #3321, #3856 ) ;
#3552 = VERTEX_POINT ( 'NONE', #1869 ) ;
#3553 = ORIENTED_EDGE ( 'NONE', *, *, #3920, .T. ) ;
#3554 = ORIENTED_EDGE ( 'NONE', *, *, #985, .F. ) ;
#3555 = CARTESIAN_POINT ( 'NONE',  ( -2.635412756612939500, 0.02447007556284402918, -0.8499999999999998668 ) ) ;
#3556 = CYLINDRICAL_SURFACE ( 'NONE', #4090, 0.08606522253529635957 ) ;
#3557 = VECTOR ( 'NONE', #1724, 1000.000000000000000 ) ;
#3558 = FACE_OUTER_BOUND ( 'NONE', #2351, .T. ) ;
#3559 = EDGE_CURVE ( 'NONE', #1620, #766, #2566, .T. ) ;
#3560 = EDGE_CURVE ( 'NONE', #1858, #1736, #2205, .T. ) ;
#3561 = EDGE_CURVE ( 'NONE', #798, #2373, #3792, .T. ) ;
#3562 = LINE ( 'NONE', #1950, #727 ) ;
#3563 = DIRECTION ( 'NONE',  ( 1.000000000000000000, 0.000000000000000000, 0.000000000000000000 ) ) ;
#3564 = EDGE_CURVE ( 'NONE', #2344, #514, #3277, .T. ) ;
#3565 = CARTESIAN_POINT ( 'NONE',  ( 2.635412756612939500, 0.02447007556284402918, -1.689999999999999947 ) ) ;
#3566 = AXIS2_PLACEMENT_3D ( 'NONE', #45, #1631, #1333 ) ;
#3567 = DIRECTION ( 'NONE',  ( -0.000000000000000000, -0.000000000000000000, -1.000000000000000000 ) ) ;
#3568 = CARTESIAN_POINT ( 'NONE',  ( 2.569999999999970530, 0.7339347774647182465, -0.4199999999999998179 ) ) ;
#3569 = EDGE_CURVE ( 'NONE', #1807, #277, #2622, .T. ) ;
#3570 = VECTOR ( 'NONE', #287, 1000.000000000000000 ) ;
#3571 = DIRECTION ( 'NONE',  ( 0.000000000000000000, 1.000000000000000000, 0.000000000000000000 ) ) ;
#3572 = CYLINDRICAL_SURFACE ( 'NONE', #920, 0.08606522253529635957 ) ;
#3573 = ORIENTED_EDGE ( 'NONE', *, *, #2024, .F. ) ;
#3574 = CARTESIAN_POINT ( 'NONE',  ( -3.000000000000000000, 0.2094884505545331899, -0.4199999999999998179 ) ) ;
#3575 = ORIENTED_EDGE ( 'NONE', *, *, #246, .T. ) ;
#3576 = ORIENTED_EDGE ( 'NONE', *, *, #2462, .T. ) ;
#3577 = CARTESIAN_POINT ( 'NONE',  ( 3.000000000000000000, 0.2094884505545331899, 2.120000000000000551 ) ) ;
#3578 = VERTEX_POINT ( 'NONE', #3537 ) ;
#3579 = CLOSED_SHELL ( 'NONE', ( #3176, #3866, #3698, #2357, #1108, #2283, #3616, #1852, #3819, #1290, #1695, #546, #1243, #1163 ) ) ;
#3580 = AXIS2_PLACEMENT_3D ( 'NONE', #2382, #420, #1988 ) ;
#3581 = AXIS2_PLACEMENT_3D ( 'NONE', #2945, #1023, #3209 ) ;
#3582 = FACE_OUTER_BOUND ( 'NONE', #3050, .T. ) ;
#3583 = ORIENTED_EDGE ( 'NONE', *, *, #3251, .F. ) ;
#3584 = EDGE_CURVE ( 'NONE', #1962, #1182, #2938, .T. ) ;
#3585 = DIRECTION ( 'NONE',  ( 1.000000000000000000, -6.693953523428912899E-16, 0.000000000000000000 ) ) ;
#3586 =( NAMED_UNIT ( * ) PLANE_ANGLE_UNIT ( ) SI_UNIT ( $, .RADIAN. ) );
#3587 = CARTESIAN_POINT ( 'NONE',  ( 1.949999999999999067, 0.1000000000000000056, -2.329513321461379238 ) ) ;
#3588 = DIRECTION ( 'NONE',  ( 0.000000000000000000, -0.000000000000000000, -1.000000000000000000 ) ) ;
#3589 = CARTESIAN_POINT ( 'NONE',  ( 2.273934777464703405, 0.8200000000000151612, 0.8500000000000003109 ) ) ;
#3590 = ADVANCED_FACE ( 'NONE', ( #3558 ), #31, .F. ) ;
#3591 = ORIENTED_EDGE ( 'NONE', *, *, #3007, .F. ) ;
#3592 = CYLINDRICAL_SURFACE ( 'NONE', #1335, 0.1749999999999998224 ) ;
#3593 = DIRECTION ( 'NONE',  ( -1.000000000000000000, 0.000000000000000000, 0.000000000000000000 ) ) ;
#3594 = ORIENTED_EDGE ( 'NONE', *, *, #472, .F. ) ;
#3595 = DIRECTION ( 'NONE',  ( 0.000000000000000000, 0.000000000000000000, 1.000000000000000000 ) ) ;
#3596 = ORIENTED_EDGE ( 'NONE', *, *, #2519, .F. ) ;
#3597 = VERTEX_POINT ( 'NONE', #3848 ) ;
#3598 = LINE ( 'NONE', #1706, #2301 ) ;
#3599 = CARTESIAN_POINT ( 'NONE',  ( 2.360000000000000320, 0.3198140980962017044, -0.4199999999999998179 ) ) ;
#3600 = VERTEX_POINT ( 'NONE', #1948 ) ;
#3601 = DIRECTION ( 'NONE',  ( -1.000000000000000000, 0.000000000000000000, 0.000000000000000000 ) ) ;
#3602 = CARTESIAN_POINT ( 'NONE',  ( -1.950000000000000400, 0.8200000000000151612, -2.120000000000000107 ) ) ;
#3603 = VERTEX_POINT ( 'NONE', #1287 ) ;
#3604 = FACE_OUTER_BOUND ( 'NONE', #1285, .T. ) ;
#3605 = CARTESIAN_POINT ( 'NONE',  ( -2.360000000000000320, 0.3198140980962017044, -2.120000000000000107 ) ) ;
#3606 = EDGE_CURVE ( 'NONE', #660, #740, #2248, .T. ) ;
#3607 = DIRECTION ( 'NONE',  ( -0.000000000000000000, -0.000000000000000000, -1.000000000000000000 ) ) ;
#3608 = ADVANCED_FACE ( 'NONE', ( #2615 ), #1311, .F. ) ;
#3609 = CIRCLE ( 'NONE', #3483, 0.08606522253529680366 ) ;
#3610 = CIRCLE ( 'NONE', #1502, 0.08606522253529635957 ) ;
#3611 = DIRECTION ( 'NONE',  ( -6.693953523428912899E-16, -1.000000000000000000, 0.000000000000000000 ) ) ;
#3612 = EDGE_CURVE ( 'NONE', #426, #3886, #3342, .T. ) ;
#3613 = ORIENTED_EDGE ( 'NONE', *, *, #2838, .T. ) ;
#3614 = VECTOR ( 'NONE', #3173, 1000.000000000000000 ) ;
#3615 = AXIS2_PLACEMENT_3D ( 'NONE', #2028, #1992, #664 ) ;
#3616 = ADVANCED_FACE ( 'NONE', ( #75 ), #3481, .T. ) ;
#3617 = EDGE_CURVE ( 'NONE', #1171, #1603, #3185, .T. ) ;
#3618 = CARTESIAN_POINT ( 'NONE',  ( 2.650061616099202322, 0.2339585261173780240, -0.4199999999999998179 ) ) ;
#3619 = ORIENTED_EDGE ( 'NONE', *, *, #3617, .F. ) ;
#3620 = CARTESIAN_POINT ( 'NONE',  ( -1.950000000000000400, 0.8200000000000151612, 1.690000000000000169 ) ) ;
#3621 = VECTOR ( 'NONE', #715, 1000.000000000000114 ) ;
#3622 = VERTEX_POINT ( 'NONE', #1428 ) ;
#3623 = CIRCLE ( 'NONE', #1842, 0.1749999999999998224 ) ;
#3624 = ORIENTED_EDGE ( 'NONE', *, *, #1136, .T. ) ;
#3625 = CARTESIAN_POINT ( 'NONE',  ( 2.273934777464703405, 0.7339347774647182465, -2.120000000000000107 ) ) ;
#3626 = ORIENTED_EDGE ( 'NONE', *, *, #3330, .T. ) ;
#3627 = DIRECTION ( 'NONE',  ( -0.000000000000000000, -0.000000000000000000, -1.000000000000000000 ) ) ;
#3628 = FACE_OUTER_BOUND ( 'NONE', #2696, .T. ) ;
#3629 = PLANE ( 'NONE',  #127 ) ;
#3630 = CARTESIAN_POINT ( 'NONE',  ( 3.000000000000000000, 0.2094884505545331899, -1.689999999999999947 ) ) ;
#3631 = CARTESIAN_POINT ( 'NONE',  ( -2.656065222535267445, 0.3198140980962017044, -1.689999999999999947 ) ) ;
#3632 = DIRECTION ( 'NONE',  ( -0.000000000000000000, -0.000000000000000000, -1.000000000000000000 ) ) ;
#3633 = ORIENTED_EDGE ( 'NONE', *, *, #493, .F. ) ;
#3634 = EDGE_CURVE ( 'NONE', #3435, #614, #2686, .T. ) ;
#3635 = LINE ( 'NONE', #2716, #2742 ) ;
#3636 = ORIENTED_EDGE ( 'NONE', *, *, #40, .F. ) ;
#3637 = DIRECTION ( 'NONE',  ( -1.000000000000000000, 0.000000000000000000, 0.000000000000000000 ) ) ;
#3638 = EDGE_CURVE ( 'NONE', #2005, #1962, #342, .T. ) ;
#3639 = CARTESIAN_POINT ( 'NONE',  ( -1.950000000000000400, 0.8200000000000151612, -2.120000000000000107 ) ) ;
#3640 = ORIENTED_EDGE ( 'NONE', *, *, #497, .T. ) ;
#3641 = DIRECTION ( 'NONE',  ( -1.000000000000000000, 0.000000000000000000, 0.000000000000000000 ) ) ;
#3642 = EDGE_LOOP ( 'NONE', ( #2678, #3500, #1324, #2933 ) ) ;
#3643 =( GEOMETRIC_REPRESENTATION_CONTEXT ( 3 ) GLOBAL_UNCERTAINTY_ASSIGNED_CONTEXT ( ( #194 ) ) GLOBAL_UNIT_ASSIGNED_CONTEXT ( ( #3065, #857, #1446 ) ) REPRESENTATION_CONTEXT ( 'NONE', 'WORKASPACE' ) );
#3644 = LINE ( 'NONE', #2702, #703 ) ;
#3645 = PLANE ( 'NONE',  #1887 ) ;
#3646 = AXIS2_PLACEMENT_3D ( 'NONE', #4004, #2445, #568 ) ;
#3647 = CARTESIAN_POINT ( 'NONE',  ( 2.360000000000000320, 0.3198140980962017044, 1.690000000000000169 ) ) ;
#3648 = ORIENTED_EDGE ( 'NONE', *, *, #1897, .F. ) ;
#3649 = FACE_OUTER_BOUND ( 'NONE', #3642, .T. ) ;
#3650 = VERTEX_POINT ( 'NONE', #1112 ) ;
#3651 = PLANE ( 'NONE',  #3678 ) ;
#3652 = ORIENTED_EDGE ( 'NONE', *, *, #2135, .F. ) ;
#3653 = SURFACE_SIDE_STYLE ('',( #3389 ) ) ;
#3654 = EDGE_LOOP ( 'NONE', ( #3079, #3893, #2360, #3034, #1750, #3366, #2508, #476, #2861, #282, #856, #3808 ) ) ;
#3655 = DIRECTION ( 'NONE',  ( -1.000000000000000000, 0.000000000000000000, 0.000000000000000000 ) ) ;
#3656 = CARTESIAN_POINT ( 'NONE',  ( 1.950000000000000400, 1.029999999999985816, -1.689999999999999947 ) ) ;
#3657 = ORIENTED_EDGE ( 'NONE', *, *, #65, .T. ) ;
#3658 = ORIENTED_EDGE ( 'NONE', *, *, #3584, .T. ) ;
#3659 = LINE ( 'NONE', #830, #3496 ) ;
#3660 = DIRECTION ( 'NONE',  ( -0.000000000000000000, -0.000000000000000000, -1.000000000000000000 ) ) ;
#3661 = EDGE_CURVE ( 'NONE', #2317, #4047, #3501, .T. ) ;
#3662 = EDGE_LOOP ( 'NONE', ( #3926, #2387, #357, #865 ) ) ;
#3663 = EDGE_CURVE ( 'NONE', #358, #2876, #2901, .T. ) ;
#3664 = DIRECTION ( 'NONE',  ( -0.000000000000000000, -0.000000000000000000, -1.000000000000000000 ) ) ;
#3665 = DIRECTION ( 'NONE',  ( 1.000000000000000000, 0.000000000000000000, -0.000000000000000000 ) ) ;
#3666 = CARTESIAN_POINT ( 'NONE',  ( 3.000000000000000000, 0.2094884505545331899, 0.8500000000000003109 ) ) ;
#3667 = ORIENTED_EDGE ( 'NONE', *, *, #679, .F. ) ;
#3668 = CARTESIAN_POINT ( 'NONE',  ( 2.569999999999970530, 0.7339347774647182465, 1.690000000000000169 ) ) ;
#3669 = ORIENTED_EDGE ( 'NONE', *, *, #123, .F. ) ;
#3670 = PRODUCT_DEFINITION_CONTEXT ( 'detailed design', #3455, 'design' ) ;
#3671 = CARTESIAN_POINT ( 'NONE',  ( 2.985351140513737178, -3.890381395410000956E-16, 2.120000000000000551 ) ) ;
#3672 = ORIENTED_EDGE ( 'NONE', *, *, #2655, .T. ) ;
#3673 = DIRECTION ( 'NONE',  ( -0.000000000000000000, -0.000000000000000000, -1.000000000000000000 ) ) ;
#3674 = LINE ( 'NONE', #2133, #2418 ) ;
#3675 = CIRCLE ( 'NONE', #3017, 0.2960652225352670142 ) ;
#3676 = ORIENTED_EDGE ( 'NONE', *, *, #2232, .T. ) ;
#3677 = CARTESIAN_POINT ( 'NONE',  ( 2.650061616099202322, 0.2339585261173780240, -1.689999999999999947 ) ) ;
#3678 = AXIS2_PLACEMENT_3D ( 'NONE', #1194, #3404, #480 ) ;
#3679 = CIRCLE ( 'NONE', #1904, 0.08606522253529680366 ) ;
#3680 = CARTESIAN_POINT ( 'NONE',  ( -2.985351140513737178, -3.890381395410000956E-16, 0.4200000000000002620 ) ) ;
#3681 = EDGE_LOOP ( 'NONE', ( #3573, #300, #1151, #2321, #229, #3101, #1468, #2282, #1711, #2935, #129, #1696 ) ) ;
#3682 = VECTOR ( 'NONE', #1175, 1000.000000000000000 ) ;
#3683 = ORIENTED_EDGE ( 'NONE', *, *, #882, .T. ) ;
#3684 = LINE ( 'NONE', #1743, #1257 ) ;
#3685 = CARTESIAN_POINT ( 'NONE',  ( 2.985351140513737178, -3.890381395410000956E-16, -2.120000000000000107 ) ) ;
#3686 = AXIS2_PLACEMENT_3D ( 'NONE', #838, #859, #2395 ) ;
#3687 = EDGE_CURVE ( 'NONE', #731, #1903, #51, .T. ) ;
#3688 = CARTESIAN_POINT ( 'NONE',  ( 2.656065222535267445, 0.3198140980962017044, 2.120000000000000551 ) ) ;
#3689 = FACE_OUTER_BOUND ( 'NONE', #3924, .T. ) ;
#3690 = ADVANCED_FACE ( 'NONE', ( #724 ), #2596, .F. ) ;
#3691 = EDGE_CURVE ( 'NONE', #1858, #777, #700, .T. ) ;
#3692 = ORIENTED_EDGE ( 'NONE', *, *, #729, .F. ) ;
#3693 = EDGE_CURVE ( 'NONE', #292, #1807, #384, .T. ) ;
#3694 = AXIS2_PLACEMENT_3D ( 'NONE', #2694, #579, #1820 ) ;
#3695 = DIRECTION ( 'NONE',  ( -0.000000000000000000, -0.000000000000000000, -1.000000000000000000 ) ) ;
#3696 = CARTESIAN_POINT ( 'NONE',  ( 3.000000000000000000, 0.2094884505545331899, -1.689999999999999947 ) ) ;
#3697 = EDGE_LOOP ( 'NONE', ( #1772, #1436, #2768, #3672 ) ) ;
#3698 = ADVANCED_FACE ( 'NONE', ( #3243 ), #3033, .F. ) ;
#3699 = LINE ( 'NONE', #2790, #642 ) ;
#3700 = ORIENTED_EDGE ( 'NONE', *, *, #657, .T. ) ;
#3701 = FILL_AREA_STYLE_COLOUR ( '', #821 ) ;
#3702 = FACE_OUTER_BOUND ( 'NONE', #3773, .T. ) ;
#3703 = VERTEX_POINT ( 'NONE', #1134 ) ;
#3704 = LINE ( 'NONE', #1778, #176 ) ;
#3705 = CIRCLE ( 'NONE', #2779, 0.2960652225352670142 ) ;
#3706 = CYLINDRICAL_SURFACE ( 'NONE', #1048, 0.08606522253529635957 ) ;
#3707 = ORIENTED_EDGE ( 'NONE', *, *, #1571, .T. ) ;
#3708 = CIRCLE ( 'NONE', #1927, 0.1749999999999998224 ) ;
#3709 = EDGE_LOOP ( 'NONE', ( #2001, #1212, #3619, #3217 ) ) ;
#3710 = FACE_OUTER_BOUND ( 'NONE', #3709, .T. ) ;
#3711 = CARTESIAN_POINT ( 'NONE',  ( 1.950000000000000400, 0.8200000000000151612, -2.120000000000000107 ) ) ;
#3712 = FACE_OUTER_BOUND ( 'NONE', #1382, .T. ) ;
#3713 = FACE_OUTER_BOUND ( 'NONE', #1781, .T. ) ;
#3714 = APPLICATION_PROTOCOL_DEFINITION ( 'draft international standard', 'automotive_design', 1998, #1262 ) ;
#3715 = DIRECTION ( 'NONE',  ( -0.000000000000000000, -0.000000000000000000, -1.000000000000000000 ) ) ;
#3716 = AXIS2_PLACEMENT_3D ( 'NONE', #2274, #1655, #1954 ) ;
#3717 = ORIENTED_EDGE ( 'NONE', *, *, #2105, .F. ) ;
#3718 = PLANE ( 'NONE',  #1901 ) ;
#3719 = VERTEX_POINT ( 'NONE', #196 ) ;
#3720 = CARTESIAN_POINT ( 'NONE',  ( 1.949999999999999512, 0.8200000000000151612, -2.450000000000001510 ) ) ;
#3721 = EDGE_LOOP ( 'NONE', ( #3658, #445, #2422, #70 ) ) ;
#3722 = CYLINDRICAL_SURFACE ( 'NONE', #772, 0.08606522253529635957 ) ;
#3723 = ADVANCED_FACE ( 'NONE', ( #3093 ), #228, .T. ) ;
#3724 = LINE ( 'NONE', #3019, #118 ) ;
#3725 = ORIENTED_EDGE ( 'NONE', *, *, #1719, .F. ) ;
#3726 = EDGE_LOOP ( 'NONE', ( #812, #192 ) ) ;
#3727 = ORIENTED_EDGE ( 'NONE', *, *, #732, .T. ) ;
#3728 = CARTESIAN_POINT ( 'NONE',  ( 2.985351140513737178, -3.890381395410000956E-16, 0.4200000000000002620 ) ) ;
#3729 = CIRCLE ( 'NONE', #2415, 0.08606522253529680366 ) ;
#3730 = DIRECTION ( 'NONE',  ( -1.000000000000000000, 0.000000000000000000, 0.000000000000000000 ) ) ;
#3731 = DIRECTION ( 'NONE',  ( -0.9975640502598246417, 0.06975647374411909907, -0.000000000000000000 ) ) ;
#3732 = VECTOR ( 'NONE', #4051, 1000.000000000000000 ) ;
#3733 = CARTESIAN_POINT ( 'NONE',  ( 1.767738509381681533, -0.2691517206454027145, -2.267738509381683532 ) ) ;
#3734 = DIRECTION ( 'NONE',  ( -0.000000000000000000, -0.000000000000000000, -1.000000000000000000 ) ) ;
#3735 = DIRECTION ( 'NONE',  ( 1.000000000000000000, 0.000000000000000000, 0.000000000000000000 ) ) ;
#3736 = DIRECTION ( 'NONE',  ( -1.000000000000000000, 0.000000000000000000, 0.000000000000000000 ) ) ;
#3737 = ORIENTED_EDGE ( 'NONE', *, *, #3998, .F. ) ;
#3738 = ADVANCED_FACE ( 'NONE', ( #2398 ), #796, .F. ) ;
#3739 = DIRECTION ( 'NONE',  ( 1.047233066591874073E-15, -1.000000000000000000, -0.000000000000000000 ) ) ;
#3740 = ORIENTED_EDGE ( 'NONE', *, *, #2048, .F. ) ;
#3741 = DIRECTION ( 'NONE',  ( 0.000000000000000000, 1.000000000000000000, 0.000000000000000000 ) ) ;
#3742 = ADVANCED_FACE ( 'NONE', ( #508 ), #3011, .T. ) ;
#3743 = EDGE_CURVE ( 'NONE', #4027, #2738, #702, .T. ) ;
#3744 = VERTEX_POINT ( 'NONE', #1450 ) ;
#3745 = ADVANCED_FACE ( 'NONE', ( #1506 ), #3651, .F. ) ;
#3746 = DIRECTION ( 'NONE',  ( -0.000000000000000000, 0.000000000000000000, -1.000000000000000000 ) ) ;
#3747 = VERTEX_POINT ( 'NONE', #819 ) ;
#3748 = ORIENTED_EDGE ( 'NONE', *, *, #1237, .T. ) ;
#3749 = ORIENTED_EDGE ( 'NONE', *, *, #17, .F. ) ;
#3750 = AXIS2_PLACEMENT_3D ( 'NONE', #16, #644, #1645 ) ;
#3751 = AXIS2_PLACEMENT_3D ( 'NONE', #494, #2726, #3976 ) ;
#3752 = DIRECTION ( 'NONE',  ( 1.000000000000000000, -0.000000000000000000, -0.000000000000000000 ) ) ;
#3753 = UNCERTAINTY_MEASURE_WITH_UNIT (LENGTH_MEASURE( 1.000000000000000082E-05 ), #2663, 'distance_accuracy_value', 'NONE');
#3754 = AXIS2_PLACEMENT_3D ( 'NONE', #1599, #1282, #1882 ) ;
#3755 = CARTESIAN_POINT ( 'NONE',  ( 2.569999999999970530, 0.7339347774647182465, 2.120000000000000551 ) ) ;
#3756 = DIRECTION ( 'NONE',  ( 0.000000000000000000, 1.000000000000000000, 0.000000000000000000 ) ) ;
#3757 = VECTOR ( 'NONE', #3246, 1000.000000000000000 ) ;
#3758 = CARTESIAN_POINT ( 'NONE',  ( 2.569999999999970530, 0.7339347774647182465, -0.4199999999999998179 ) ) ;
#3759 = CARTESIAN_POINT ( 'NONE',  ( -2.273934777464703405, 1.029999999999985594, -2.120000000000000107 ) ) ;
#3760 = DIRECTION ( 'NONE',  ( -1.000000000000000000, 0.000000000000000000, 0.000000000000000000 ) ) ;
#3761 = AXIS2_PLACEMENT_3D ( 'NONE', #2737, #3370, #4032 ) ;
#3762 = FACE_OUTER_BOUND ( 'NONE', #851, .T. ) ;
#3763 = ORIENTED_EDGE ( 'NONE', *, *, #1933, .F. ) ;
#3764 = DIRECTION ( 'NONE',  ( -0.000000000000000000, -0.000000000000000000, -1.000000000000000000 ) ) ;
#3765 =( LENGTH_UNIT ( ) NAMED_UNIT ( * ) SI_UNIT ( .MILLI., .METRE. ) );
#3766 = CYLINDRICAL_SURFACE ( 'NONE', #1156, 0.2960652225352670142 ) ;
#3767 = EDGE_LOOP ( 'NONE', ( #1286, #1464, #2517, #3099 ) ) ;
#3768 = DIRECTION ( 'NONE',  ( 0.000000000000000000, 0.000000000000000000, 1.000000000000000000 ) ) ;
#3769 = EDGE_CURVE ( 'NONE', #3479, #1946, #3339, .T. ) ;
#3770 = ORIENTED_EDGE ( 'NONE', *, *, #291, .F. ) ;
#3771 = ADVANCED_FACE ( 'NONE', ( #2769 ), #3718, .F. ) ;
#3772 = DIRECTION ( 'NONE',  ( -1.047233066591874073E-15, -1.000000000000000000, 0.000000000000000000 ) ) ;
#3773 = EDGE_LOOP ( 'NONE', ( #2874, #694, #1516, #3394 ) ) ;
#3774 = ORIENTED_EDGE ( 'NONE', *, *, #3937, .F. ) ;
#3775 = VERTEX_POINT ( 'NONE', #886 ) ;
#3776 =( GEOMETRIC_REPRESENTATION_CONTEXT ( 3 ) GLOBAL_UNCERTAINTY_ASSIGNED_CONTEXT ( ( #3122 ) ) GLOBAL_UNIT_ASSIGNED_CONTEXT ( ( #2253, #349, #2681 ) ) REPRESENTATION_CONTEXT ( 'NONE', 'WORKASPACE' ) );
#3777 = DIRECTION ( 'NONE',  ( -0.000000000000000000, -0.000000000000000000, -1.000000000000000000 ) ) ;
#3778 = VECTOR ( 'NONE', #3269, 1000.000000000000114 ) ;
#3779 = DIRECTION ( 'NONE',  ( 1.000000000000000000, 0.000000000000000000, -0.000000000000000000 ) ) ;
#3780 = DIRECTION ( 'NONE',  ( -1.000000000000000000, 0.000000000000000000, 0.000000000000000000 ) ) ;
#3781 = LINE ( 'NONE', #1592, #137 ) ;
#3782 = DIRECTION ( 'NONE',  ( -0.000000000000000000, -0.000000000000000000, -1.000000000000000000 ) ) ;
#3783 = LINE ( 'NONE', #3130, #1936 ) ;
#3784 = CARTESIAN_POINT ( 'NONE',  ( 3.000000000000000000, 0.2094884505545331899, 1.690000000000000169 ) ) ;
#3785 = VERTEX_POINT ( 'NONE', #3671 ) ;
#3786 = FILL_AREA_STYLE ('',( #3473 ) ) ;
#3787 = FACE_OUTER_BOUND ( 'NONE', #2944, .T. ) ;
#3788 = LINE ( 'NONE', #3433, #1914 ) ;
#3789 = VERTEX_POINT ( 'NONE', #3964 ) ;
#3790 = ORIENTED_EDGE ( 'NONE', *, *, #3818, .T. ) ;
#3791 = ORIENTED_EDGE ( 'NONE', *, *, #3073, .T. ) ;
#3792 = LINE ( 'NONE', #1588, #1167 ) ;
#3793 = EDGE_CURVE ( 'NONE', #2119, #506, #3281, .T. ) ;
#3794 = CARTESIAN_POINT ( 'NONE',  ( -1.950000000000000400, -6.262587324740470862, 2.449999999999998845 ) ) ;
#3795 = EDGE_CURVE ( 'NONE', #740, #3650, #3363, .T. ) ;
#3796 = CARTESIAN_POINT ( 'NONE',  ( -2.359999999999999876, 0.7339347774647182465, 0.8500000000000003109 ) ) ;
#3797 = EDGE_CURVE ( 'NONE', #1604, #4102, #2148, .T. ) ;
#3798 = CARTESIAN_POINT ( 'NONE',  ( 0.000000000000000000, 1.750000000000000000, -2.329513321461379682 ) ) ;
#3799 = COLOUR_RGB ( '',0.7921568627450980005, 0.8196078431372548767, 0.9333333333333333481 ) ;
#3800 = DIRECTION ( 'NONE',  ( 0.06975647374411889090, 0.9975640502598246417, -0.000000000000000000 ) ) ;
#3801 = EDGE_LOOP ( 'NONE', ( #1064, #3648, #3774, #3575 ) ) ;
#3802 = VECTOR ( 'NONE', #2763, 1000.000000000000000 ) ;
#3803 = DIRECTION ( 'NONE',  ( -0.000000000000000000, -0.000000000000000000, -1.000000000000000000 ) ) ;
#3804 = CARTESIAN_POINT ( 'NONE',  ( -2.650061616099202322, 0.2339585261173781627, 0.4200000000000002620 ) ) ;
#3805 = ORIENTED_EDGE ( 'NONE', *, *, #2404, .F. ) ;
#3806 = CARTESIAN_POINT ( 'NONE',  ( 0.000000000000000000, 0.1000000000000000056, 2.329513321461376574 ) ) ;
#3807 = ORIENTED_EDGE ( 'NONE', *, *, #2590, .F. ) ;
#3808 = ORIENTED_EDGE ( 'NONE', *, *, #1313, .F. ) ;
#3809 = VERTEX_POINT ( 'NONE', #566 ) ;
#3810 = DIRECTION ( 'NONE',  ( 1.000000000000000000, -0.000000000000000000, -0.000000000000000000 ) ) ;
#3811 = FACE_OUTER_BOUND ( 'NONE', #3238, .T. ) ;
#3812 = VECTOR ( 'NONE', #2863, 1000.000000000000227 ) ;
#3813 = AXIS2_PLACEMENT_3D ( 'NONE', #3755, #2479, #3085 ) ;
#3814 = CARTESIAN_POINT ( 'NONE',  ( 2.273934777464703405, 0.8200000000000151612, 1.690000000000000169 ) ) ;
#3815 = EDGE_CURVE ( 'NONE', #3310, #1507, #1482, .T. ) ;
#3816 = VECTOR ( 'NONE', #2808, 1000.000000000000000 ) ;
#3817 = VECTOR ( 'NONE', #485, 1000.000000000000000 ) ;
#3818 = EDGE_CURVE ( 'NONE', #2690, #1823, #3699, .T. ) ;
#3819 = ADVANCED_FACE ( 'NONE', ( #864 ), #2128, .F. ) ;
#3820 = CARTESIAN_POINT ( 'NONE',  ( 2.273934777464703405, 0.8200000000000151612, -1.689999999999999947 ) ) ;
#3821 = AXIS2_PLACEMENT_3D ( 'NONE', #775, #2419, #1465 ) ;
#3822 = EDGE_CURVE ( 'NONE', #3789, #1053, #3069, .T. ) ;
#3823 = DIRECTION ( 'NONE',  ( -1.000000000000000000, -6.693953523428911913E-16, 0.000000000000000000 ) ) ;
#3824 = EDGE_LOOP ( 'NONE', ( #3967, #2247, #936, #2221 ) ) ;
#3825 = CARTESIAN_POINT ( 'NONE',  ( -2.569999999999970974, 0.3198140980962019264, 1.690000000000000169 ) ) ;
#3826 = LINE ( 'NONE', #1242, #2892 ) ;
#3827 = ORIENTED_EDGE ( 'NONE', *, *, #1313, .T. ) ;
#3828 = VECTOR ( 'NONE', #2090, 1000.000000000000000 ) ;
#3829 = LINE ( 'NONE', #1221, #1452 ) ;
#3830 = ORIENTED_EDGE ( 'NONE', *, *, #3308, .T. ) ;
#3831 = ORIENTED_EDGE ( 'NONE', *, *, #3559, .F. ) ;
#3832 = ORIENTED_EDGE ( 'NONE', *, *, #1110, .F. ) ;
#3833 = DIRECTION ( 'NONE',  ( -1.000000000000000000, 0.000000000000000000, 0.000000000000000000 ) ) ;
#3834 = CYLINDRICAL_SURFACE ( 'NONE', #4034, 0.2960652225352674027 ) ;
#3835 = CARTESIAN_POINT ( 'NONE',  ( 2.273934777464703405, 0.8200000000000151612, 0.8500000000000003109 ) ) ;
#3836 = DIRECTION ( 'NONE',  ( 2.094466133183748935E-15, -1.000000000000000000, 0.000000000000000000 ) ) ;
#3837 = CARTESIAN_POINT ( 'NONE',  ( 0.000000000000000000, 0.1000000000000000056, -2.329513321461379238 ) ) ;
#3838 = LINE ( 'NONE', #2339, #609 ) ;
#3839 = DIRECTION ( 'NONE',  ( -1.000000000000000000, 0.000000000000000000, 0.000000000000000000 ) ) ;
#3840 = EDGE_LOOP ( 'NONE', ( #1760, #2402, #1684, #517 ) ) ;
#3841 = EDGE_CURVE ( 'NONE', #419, #2690, #1632, .T. ) ;
#3842 = LINE ( 'NONE', #1076, #2287 ) ;
#3843 = ORIENTED_EDGE ( 'NONE', *, *, #2290, .T. ) ;
#3844 = ORIENTED_EDGE ( 'NONE', *, *, #1721, .T. ) ;
#3845 = VERTEX_POINT ( 'NONE', #669 ) ;
#3846 = VECTOR ( 'NONE', #437, 1000.000000000000000 ) ;
#3847 = DIRECTION ( 'NONE',  ( -0.000000000000000000, -0.000000000000000000, -1.000000000000000000 ) ) ;
#3848 = CARTESIAN_POINT ( 'NONE',  ( 2.569999999999970530, 0.7339347774647182465, 2.120000000000000551 ) ) ;
#3849 = DIRECTION ( 'NONE',  ( -1.000000000000000000, 0.000000000000000000, 0.000000000000000000 ) ) ;
#3850 = DIRECTION ( 'NONE',  ( -0.000000000000000000, -0.000000000000000000, -1.000000000000000000 ) ) ;
#3851 =( LENGTH_UNIT ( ) NAMED_UNIT ( * ) SI_UNIT ( .MILLI., .METRE. ) );
#3852 = FACE_OUTER_BOUND ( 'NONE', #2303, .T. ) ;
#3853 = LINE ( 'NONE', #3587, #2388 ) ;
#3854 = LINE ( 'NONE', #2603, #3047 ) ;
#3855 = CARTESIAN_POINT ( 'NONE',  ( -2.569999999999970530, 0.7339347774647182465, -1.689999999999999947 ) ) ;
#3856 = VECTOR ( 'NONE', #2112, 1000.000000000000000 ) ;
#3857 = LINE ( 'NONE', #2891, #1040 ) ;
#3858 = DIRECTION ( 'NONE',  ( 0.000000000000000000, 0.000000000000000000, 1.000000000000000000 ) ) ;
#3859 = AXIS2_PLACEMENT_3D ( 'NONE', #3315, #3400, #3001 ) ;
#3860 = ORIENTED_EDGE ( 'NONE', *, *, #3569, .T. ) ;
#3861 = ADVANCED_FACE ( 'NONE', ( #1297 ), #1552, .F. ) ;
#3862 = DIRECTION ( 'NONE',  ( 0.000000000000000000, 1.000000000000000000, -0.000000000000000000 ) ) ;
#3863 = ORIENTED_EDGE ( 'NONE', *, *, #1489, .T. ) ;
#3864 = EDGE_CURVE ( 'NONE', #3343, #2032, #2530, .T. ) ;
#3865 = EDGE_LOOP ( 'NONE', ( #2914, #793, #96, #3022 ) ) ;
#3866 = ADVANCED_FACE ( 'NONE', ( #4068 ), #1234, .F. ) ;
#3867 = ORIENTED_EDGE ( 'NONE', *, *, #1771, .F. ) ;
#3868 = CARTESIAN_POINT ( 'NONE',  ( 1.949999999999999512, -6.262587324740470862, 2.449999999999998845 ) ) ;
#3869 = PLANE ( 'NONE',  #2314 ) ;
#3870 = EDGE_CURVE ( 'NONE', #1340, #3703, #290, .T. ) ;
#3871 = DIRECTION ( 'NONE',  ( -1.000000000000000000, -6.693953523428911913E-16, 0.000000000000000000 ) ) ;
#3872 = EDGE_CURVE ( 'NONE', #280, #720, #2568, .T. ) ;
#3873 = CARTESIAN_POINT ( 'NONE',  ( 2.569999999999970974, 0.3198140980962019264, -1.689999999999999947 ) ) ;
#3874 = DIRECTION ( 'NONE',  ( -0.000000000000000000, -0.000000000000000000, -1.000000000000000000 ) ) ;
#3875 = AXIS2_PLACEMENT_3D ( 'NONE', #3982, #254, #2465 ) ;
#3876 = PLANE ( 'NONE',  #3025 ) ;
#3877 = CIRCLE ( 'NONE', #303, 0.2960652225352670142 ) ;
#3878 = FILL_AREA_STYLE_COLOUR ( '', #2194 ) ;
#3879 = VECTOR ( 'NONE', #3933, 1000.000000000000000 ) ;
#3880 = PLANE ( 'NONE',  #2758 ) ;
#3881 = AXIS2_PLACEMENT_3D ( 'NONE', #132, #2683, #1403 ) ;
#3882 = CARTESIAN_POINT ( 'NONE',  ( -2.273934777464703405, 1.029999999999985594, -1.689999999999999947 ) ) ;
#3883 = CARTESIAN_POINT ( 'NONE',  ( -2.985351140513737178, -3.890381395410000956E-16, -0.4199999999999998179 ) ) ;
#3884 = AXIS2_PLACEMENT_3D ( 'NONE', #2230, #309, #1569 ) ;
#3885 = VERTEX_POINT ( 'NONE', #3470 ) ;
#3886 = VERTEX_POINT ( 'NONE', #1896 ) ;
#3887 = EDGE_LOOP ( 'NONE', ( #4008, #3725, #3971, #2304, #50, #3258, #2060, #205, #2496, #1777, #3520, #2140 ) ) ;
#3888 = CARTESIAN_POINT ( 'NONE',  ( -2.359999999999999876, 0.7339347774647182465, 0.8500000000000003109 ) ) ;
#3889 = ORIENTED_EDGE ( 'NONE', *, *, #3687, .F. ) ;
#3890 = VECTOR ( 'NONE', #3098, 1000.000000000000000 ) ;
#3891 = ADVANCED_FACE ( 'NONE', ( #2889 ), #2551, .F. ) ;
#3892 = CARTESIAN_POINT ( 'NONE',  ( -2.635412756612939500, 0.02447007556284402918, 0.8500000000000003109 ) ) ;
#3893 = ORIENTED_EDGE ( 'NONE', *, *, #2955, .F. ) ;
#3894 = DIRECTION ( 'NONE',  ( 0.000000000000000000, 0.000000000000000000, 1.000000000000000000 ) ) ;
#3895 = CARTESIAN_POINT ( 'NONE',  ( 2.569999999999970530, 0.7339347774647182465, -1.689999999999999947 ) ) ;
#3896 = CARTESIAN_POINT ( 'NONE',  ( 3.000000000000000000, 0.2094884505545331899, 0.4200000000000002620 ) ) ;
#3897 = DIRECTION ( 'NONE',  ( 0.000000000000000000, 1.000000000000000000, 0.000000000000000000 ) ) ;
#3898 = AXIS2_PLACEMENT_3D ( 'NONE', #1855, #3106, #2524 ) ;
#3899 = CYLINDRICAL_SURFACE ( 'NONE', #3021, 0.2960652225352670142 ) ;
#3900 = DIRECTION ( 'NONE',  ( 0.000000000000000000, 0.000000000000000000, -1.000000000000000000 ) ) ;
#3901 = EDGE_LOOP ( 'NONE', ( #3763, #2450 ) ) ;
#3902 = DIRECTION ( 'NONE',  ( 1.000000000000000000, 0.000000000000000000, 0.000000000000000000 ) ) ;
#3903 = CARTESIAN_POINT ( 'NONE',  ( -2.273934777464703405, 0.7339347774647182465, 0.8500000000000003109 ) ) ;
#3904 = ORIENTED_EDGE ( 'NONE', *, *, #800, .F. ) ;
#3905 = CARTESIAN_POINT ( 'NONE',  ( 2.985351140513737178, -3.890381395410000956E-16, 0.4200000000000002620 ) ) ;
#3906 = VERTEX_POINT ( 'NONE', #23 ) ;
#3907 = CLOSED_SHELL ( 'NONE', ( #1293, #1523, #3385, #3745, #1010, #2878, #3723, #1059, #451, #1605, #2151, #3608, #3738, #2229 ) ) ;
#3908 = AXIS2_PLACEMENT_3D ( 'NONE', #334, #2256, #671 ) ;
#3909 = FACE_OUTER_BOUND ( 'NONE', #1537, .T. ) ;
#3910 = CARTESIAN_POINT ( 'NONE',  ( 3.000000000000000000, 0.2094884505545331899, -1.689999999999999947 ) ) ;
#3911 = FACE_OUTER_BOUND ( 'NONE', #670, .T. ) ;
#3912 = EDGE_LOOP ( 'NONE', ( #1073, #3596, #466, #1512 ) ) ;
#3913 = ADVANCED_FACE ( 'NONE', ( #3762 ), #2832, .F. ) ;
#3914 = PLANE ( 'NONE',  #2827 ) ;
#3915 =( LENGTH_UNIT ( ) NAMED_UNIT ( * ) SI_UNIT ( .MILLI., .METRE. ) );
#3916 = EDGE_CURVE ( 'NONE', #4035, #1680, #3148, .T. ) ;
#3917 = CARTESIAN_POINT ( 'NONE',  ( 2.650061616099202322, 0.2339585261173780240, 1.690000000000000169 ) ) ;
#3918 = EDGE_LOOP ( 'NONE', ( #3727, #829, #3904, #255 ) ) ;
#3919 = EDGE_CURVE ( 'NONE', #185, #324, #1832, .T. ) ;
#3920 = EDGE_CURVE ( 'NONE', #1818, #1173, #1615, .T. ) ;
#3921 = DIRECTION ( 'NONE',  ( -0.000000000000000000, -0.000000000000000000, -1.000000000000000000 ) ) ;
#3922 = FACE_OUTER_BOUND ( 'NONE', #955, .T. ) ;
#3923 = PLANE ( 'NONE',  #43 ) ;
#3924 = EDGE_LOOP ( 'NONE', ( #2516, #1376, #2629, #4003 ) ) ;
#3925 = CARTESIAN_POINT ( 'NONE',  ( -2.656065222535267445, 0.3198140980962017044, 0.4200000000000002620 ) ) ;
#3926 = ORIENTED_EDGE ( 'NONE', *, *, #1675, .T. ) ;
#3927 = PLANE ( 'NONE',  #304 ) ;
#3928 = ORIENTED_EDGE ( 'NONE', *, *, #86, .F. ) ;
#3929 = ORIENTED_EDGE ( 'NONE', *, *, #3253, .T. ) ;
#3930 = CARTESIAN_POINT ( 'NONE',  ( 2.360000000000000320, 0.3198140980962017044, -1.689999999999999947 ) ) ;
#3931 = ORIENTED_EDGE ( 'NONE', *, *, #938, .F. ) ;
#3932 = LINE ( 'NONE', #2999, #1776 ) ;
#3933 = DIRECTION ( 'NONE',  ( -0.000000000000000000, -0.000000000000000000, -1.000000000000000000 ) ) ;
#3934 = ADVANCED_FACE ( 'NONE', ( #312 ), #1595, .T. ) ;
#3935 = LINE ( 'NONE', #3377, #386 ) ;
#3936 = SURFACE_STYLE_FILL_AREA ( #880 ) ;
#3937 = EDGE_CURVE ( 'NONE', #2065, #2420, #2853, .T. ) ;
#3938 = EDGE_CURVE ( 'NONE', #567, #441, #1278, .T. ) ;
#3939 = DIRECTION ( 'NONE',  ( -1.000000000000000000, 0.000000000000000000, 0.000000000000000000 ) ) ;
#3940 = CARTESIAN_POINT ( 'NONE',  ( -1.950000000000000400, 0.8200000000000151612, -1.689999999999999947 ) ) ;
#3941 = CARTESIAN_POINT ( 'NONE',  ( 1.950000000000000400, 0.8200000000000151612, 0.8500000000000003109 ) ) ;
#3942 = ORIENTED_EDGE ( 'NONE', *, *, #361, .T. ) ;
#3943 = MECHANICAL_DESIGN_GEOMETRIC_PRESENTATION_REPRESENTATION (  '', ( #582 ), #1642 ) ;
#3944 = VECTOR ( 'NONE', #674, 1000.000000000000000 ) ;
#3945 = CARTESIAN_POINT ( 'NONE',  ( -1.950000000000000400, 0.8200000000000151612, 2.120000000000000551 ) ) ;
#3946 = ORIENTED_EDGE ( 'NONE', *, *, #3361, .F. ) ;
#3947 = DIRECTION ( 'NONE',  ( 1.000000000000000000, 0.000000000000000000, -0.000000000000000000 ) ) ;
#3948 = AXIS2_PLACEMENT_3D ( 'NONE', #1752, #169, #3045 ) ;
#3949 = FACE_OUTER_BOUND ( 'NONE', #340, .T. ) ;
#3950 = ORIENTED_EDGE ( 'NONE', *, *, #2460, .T. ) ;
#3951 = COLOUR_RGB ( '',0.7921568627450980005, 0.8196078431372548767, 0.9333333333333333481 ) ;
#3952 = ORIENTED_EDGE ( 'NONE', *, *, #1923, .T. ) ;
#3953 = FACE_OUTER_BOUND ( 'NONE', #2439, .T. ) ;
#3954 = VECTOR ( 'NONE', #4013, 1000.000000000000000 ) ;
#3955 = DIRECTION ( 'NONE',  ( 0.9975640502598247528, 0.06975647374411790558, 0.000000000000000000 ) ) ;
#3956 = ORIENTED_EDGE ( 'NONE', *, *, #2709, .T. ) ;
#3957 = CARTESIAN_POINT ( 'NONE',  ( -2.273934777464703405, 1.029999999999985594, 0.8500000000000003109 ) ) ;
#3958 = PLANE ( 'NONE',  #756 ) ;
#3959 = DIRECTION ( 'NONE',  ( -0.000000000000000000, -0.000000000000000000, -1.000000000000000000 ) ) ;
#3960 = ORIENTED_EDGE ( 'NONE', *, *, #123, .T. ) ;
#3961 = SHAPE_DEFINITION_REPRESENTATION ( #1084, #2667 ) ;
#3962 = DIRECTION ( 'NONE',  ( -0.000000000000000000, -0.000000000000000000, -1.000000000000000000 ) ) ;
#3963 = ORIENTED_EDGE ( 'NONE', *, *, #1923, .F. ) ;
#3964 = CARTESIAN_POINT ( 'NONE',  ( -2.360000000000000320, 0.3198140980962017044, 2.120000000000000551 ) ) ;
#3965 = VERTEX_POINT ( 'NONE', #965 ) ;
#3966 = COLOUR_RGB ( '',0.2509803921568627416, 0.2509803921568627416, 0.2509803921568627416 ) ;
#3967 = ORIENTED_EDGE ( 'NONE', *, *, #3841, .F. ) ;
#3968 = CARTESIAN_POINT ( 'NONE',  ( -2.273934777464703405, 0.8200000000000149392, -1.689999999999999947 ) ) ;
#3969 = EDGE_CURVE ( 'NONE', #3235, #712, #1703, .T. ) ;
#3970 = CARTESIAN_POINT ( 'NONE',  ( -2.985351140513737178, -3.890381395410000956E-16, -2.120000000000000107 ) ) ;
#3971 = ORIENTED_EDGE ( 'NONE', *, *, #631, .F. ) ;
#3972 = ORIENTED_EDGE ( 'NONE', *, *, #4100, .F. ) ;
#3973 = DIRECTION ( 'NONE',  ( -0.000000000000000000, -0.000000000000000000, -1.000000000000000000 ) ) ;
#3974 = EDGE_LOOP ( 'NONE', ( #3843, #2734, #3717, #1583 ) ) ;
#3975 = MECHANICAL_DESIGN_GEOMETRIC_PRESENTATION_REPRESENTATION (  '', ( #2396 ), #3643 ) ;
#3976 = DIRECTION ( 'NONE',  ( -1.000000000000000000, 0.000000000000000000, 0.000000000000000000 ) ) ;
#3977 = PLANE ( 'NONE',  #4063 ) ;
#3978 = DIRECTION ( 'NONE',  ( 0.000000000000000000, -0.000000000000000000, 1.000000000000000000 ) ) ;
#3979 = PRODUCT_CONTEXT ( 'NONE', #1262, 'mechanical' ) ;
#3980 = LINE ( 'NONE', #2126, #2633 ) ;
#3981 = ORIENTED_EDGE ( 'NONE', *, *, #1571, .F. ) ;
#3982 = CARTESIAN_POINT ( 'NONE',  ( -2.656065222535267445, 0.3198140980962017044, 0.4200000000000002620 ) ) ;
#3983 = EDGE_LOOP ( 'NONE', ( #91, #221, #4053, #722 ) ) ;
#3984 = LINE ( 'NONE', #1152, #39 ) ;
#3985 = ORIENTED_EDGE ( 'NONE', *, *, #2228, .F. ) ;
#3986 = FACE_OUTER_BOUND ( 'NONE', #3887, .T. ) ;
#3987 = EDGE_CURVE ( 'NONE', #214, #3744, #591, .T. ) ;
#3988 = ADVANCED_FACE ( 'NONE', ( #1004 ), #3880, .F. ) ;
#3989 = EDGE_CURVE ( 'NONE', #927, #381, #3250, .T. ) ;
#3990 = CARTESIAN_POINT ( 'NONE',  ( -2.359999999999999876, 0.7339347774647182465, 2.120000000000000551 ) ) ;
#3991 = ORIENTED_EDGE ( 'NONE', *, *, #651, .F. ) ;
#3992 = AXIS2_PLACEMENT_3D ( 'NONE', #2401, #156, #1510 ) ;
#3993 = ORIENTED_EDGE ( 'NONE', *, *, #1395, .T. ) ;
#3994 = EDGE_CURVE ( 'NONE', #720, #1788, #1712, .T. ) ;
#3995 = CARTESIAN_POINT ( 'NONE',  ( -2.650061616099202322, 0.2339585261173780240, 0.8500000000000003109 ) ) ;
#3996 = VECTOR ( 'NONE', #734, 1000.000000000000000 ) ;
#3997 = DIRECTION ( 'NONE',  ( 0.000000000000000000, 0.000000000000000000, 1.000000000000000000 ) ) ;
#3998 = EDGE_CURVE ( 'NONE', #740, #1535, #2018, .T. ) ;
#3999 = CARTESIAN_POINT ( 'NONE',  ( -2.656065222535267445, 0.3198140980962017044, -0.8499999999999998668 ) ) ;
#4000 = CARTESIAN_POINT ( 'NONE',  ( 2.985351140513737178, -3.890381395410000956E-16, 1.690000000000000169 ) ) ;
#4001 = VERTEX_POINT ( 'NONE', #436 ) ;
#4002 = DIRECTION ( 'NONE',  ( 1.047233066591874073E-15, -1.000000000000000000, -0.000000000000000000 ) ) ;
#4003 = ORIENTED_EDGE ( 'NONE', *, *, #2567, .T. ) ;
#4004 = CARTESIAN_POINT ( 'NONE',  ( -2.273934777464703405, 0.7339347774647182465, 0.8500000000000003109 ) ) ;
#4005 = DIRECTION ( 'NONE',  ( 1.000000000000000000, 0.000000000000000000, -0.000000000000000000 ) ) ;
#4006 = FACE_OUTER_BOUND ( 'NONE', #2569, .T. ) ;
#4007 = AXIS2_PLACEMENT_3D ( 'NONE', #1016, #1625, #1664 ) ;
#4008 = ORIENTED_EDGE ( 'NONE', *, *, #626, .F. ) ;
#4009 = LINE ( 'NONE', #235, #2831 ) ;
#4010 = EDGE_LOOP ( 'NONE', ( #1888, #2725, #1536, #3456, #2084, #1845, #154, #3624, #2381, #120, #1898, #46 ) ) ;
#4011 = AXIS2_PLACEMENT_3D ( 'NONE', #926, #2195, #3449 ) ;
#4012 = VECTOR ( 'NONE', #4061, 1000.000000000000000 ) ;
#4013 = DIRECTION ( 'NONE',  ( -2.094466133183748935E-15, -1.000000000000000000, 0.000000000000000000 ) ) ;
#4014 = ORIENTED_EDGE ( 'NONE', *, *, #3229, .T. ) ;
#4015 = STYLED_ITEM ( 'NONE', ( #612 ), #1538 ) ;
#4016 = VERTEX_POINT ( 'NONE', #2907 ) ;
#4017 = DIRECTION ( 'NONE',  ( 0.7071067811865437980, -0.7071067811865513475, 0.000000000000000000 ) ) ;
#4018 = LINE ( 'NONE', #899, #4078 ) ;
#4019 = FACE_OUTER_BOUND ( 'NONE', #463, .T. ) ;
#4020 = CARTESIAN_POINT ( 'NONE',  ( -2.273934777464703405, 0.7339347774647182465, 2.120000000000000551 ) ) ;
#4021 = DIRECTION ( 'NONE',  ( -0.000000000000000000, -0.000000000000000000, -1.000000000000000000 ) ) ;
#4022 = VECTOR ( 'NONE', #2349, 1000.000000000000000 ) ;
#4023 = EDGE_CURVE ( 'NONE', #681, #1235, #3877, .T. ) ;
#4024 = CARTESIAN_POINT ( 'NONE',  ( 2.650061616099202322, 0.2339585261173780240, 0.8500000000000003109 ) ) ;
#4025 = ORIENTED_EDGE ( 'NONE', *, *, #3989, .T. ) ;
#4026 = CARTESIAN_POINT ( 'NONE',  ( -2.273934777464703405, 0.7339347774647182465, -0.8499999999999998668 ) ) ;
#4027 = VERTEX_POINT ( 'NONE', #1334 ) ;
#4028 = DIRECTION ( 'NONE',  ( -0.000000000000000000, -0.000000000000000000, -1.000000000000000000 ) ) ;
#4029 = ORIENTED_EDGE ( 'NONE', *, *, #1315, .T. ) ;
#4030 = CARTESIAN_POINT ( 'NONE',  ( -2.650061616099202322, 0.2339585261173781627, -0.4199999999999998179 ) ) ;
#4031 = CIRCLE ( 'NONE', #456, 0.08606522253529680366 ) ;
#4032 = DIRECTION ( 'NONE',  ( -1.000000000000000000, 0.000000000000000000, 0.000000000000000000 ) ) ;
#4033 = ORIENTED_EDGE ( 'NONE', *, *, #1065, .F. ) ;
#4034 = AXIS2_PLACEMENT_3D ( 'NONE', #1292, #2563, #981 ) ;
#4035 = VERTEX_POINT ( 'NONE', #2318 ) ;
#4036 = ORIENTED_EDGE ( 'NONE', *, *, #1499, .T. ) ;
#4037 = CARTESIAN_POINT ( 'NONE',  ( 2.273934777464703405, 0.8200000000000151612, 0.8500000000000003109 ) ) ;
#4038 = CARTESIAN_POINT ( 'NONE',  ( -1.950000000000000400, 0.8200000000000151612, -0.4199999999999998179 ) ) ;
#4039 = CARTESIAN_POINT ( 'NONE',  ( -2.656065222535267445, 0.3198140980962017044, 0.8500000000000003109 ) ) ;
#4040 = CARTESIAN_POINT ( 'NONE',  ( 2.650061616099202322, 0.2339585261173780240, 0.4200000000000002620 ) ) ;
#4041 = ORIENTED_EDGE ( 'NONE', *, *, #2076, .T. ) ;
#4042 = EDGE_CURVE ( 'NONE', #2032, #3161, #3854, .T. ) ;
#4043 = EDGE_CURVE ( 'NONE', #1961, #999, #394, .T. ) ;
#4044 = CARTESIAN_POINT ( 'NONE',  ( -1.150000000000000355, 1.750000000000000000, -1.950000000000002176 ) ) ;
#4045 = VECTOR ( 'NONE', #773, 1000.000000000000000 ) ;
#4046 = ADVANCED_FACE ( 'NONE', ( #3604 ), #1981, .T. ) ;
#4047 = VERTEX_POINT ( 'NONE', #733 ) ;
#4048 = DIRECTION ( 'NONE',  ( -0.1628445083463880283, 0.9731204099199886048, 0.1628445083463880283 ) ) ;
#4049 = ORIENTED_EDGE ( 'NONE', *, *, #3263, .T. ) ;
#4050 =( NAMED_UNIT ( * ) SI_UNIT ( $, .STERADIAN. ) SOLID_ANGLE_UNIT ( ) );
#4051 = DIRECTION ( 'NONE',  ( -1.000000000000000000, 6.693953523428911913E-16, -0.000000000000000000 ) ) ;
#4052 = CARTESIAN_POINT ( 'NONE',  ( 2.985351140513737178, -3.890381395410000956E-16, -1.689999999999999947 ) ) ;
#4053 = ORIENTED_EDGE ( 'NONE', *, *, #3002, .F. ) ;
#4054 = CARTESIAN_POINT ( 'NONE',  ( -1.150000000000000355, 1.750000000000000000, -1.950000000000002176 ) ) ;
#4055 = ORIENTED_EDGE ( 'NONE', *, *, #2048, .T. ) ;
#4056 = CARTESIAN_POINT ( 'NONE',  ( -2.569999999999970530, 0.7339347774647182465, 0.4200000000000002620 ) ) ;
#4057 = ORIENTED_EDGE ( 'NONE', *, *, #3073, .F. ) ;
#4058 = ORIENTED_EDGE ( 'NONE', *, *, #417, .T. ) ;
#4059 = EDGE_LOOP ( 'NONE', ( #518, #1986, #3550, #3326 ) ) ;
#4060 = CARTESIAN_POINT ( 'NONE',  ( 2.650061616099202322, 0.2339585261173780240, -1.689999999999999947 ) ) ;
#4061 = DIRECTION ( 'NONE',  ( -0.000000000000000000, -1.000000000000000000, -0.000000000000000000 ) ) ;
#4062 = CARTESIAN_POINT ( 'NONE',  ( 1.950000000000000400, 0.8200000000000151612, -0.8499999999999998668 ) ) ;
#4063 = AXIS2_PLACEMENT_3D ( 'NONE', #1145, #2100, #1785 ) ;
#4064 = DIRECTION ( 'NONE',  ( -0.1628445083463880838, -0.9731204099199883828, 0.1628445083463883336 ) ) ;
#4065 = DIRECTION ( 'NONE',  ( 0.000000000000000000, 1.000000000000000000, 0.000000000000000000 ) ) ;
#4066 = EDGE_CURVE ( 'NONE', #1603, #521, #738, .T. ) ;
#4067 = ADVANCED_FACE ( 'NONE', ( #107 ), #130, .T. ) ;
#4068 = FACE_OUTER_BOUND ( 'NONE', #3317, .T. ) ;
#4069 = ORIENTED_EDGE ( 'NONE', *, *, #1682, .F. ) ;
#4070 = DIRECTION ( 'NONE',  ( -1.000000000000000000, 0.000000000000000000, 0.000000000000000000 ) ) ;
#4071 = LINE ( 'NONE', #2812, #3066 ) ;
#4072 = PLANE ( 'NONE',  #468 ) ;
#4073 = CARTESIAN_POINT ( 'NONE',  ( -1.950000000000000400, -6.262587324740470862, 2.449999999999998845 ) ) ;
#4074 = DIRECTION ( 'NONE',  ( 0.000000000000000000, 0.000000000000000000, 1.000000000000000000 ) ) ;
#4075 = VERTEX_POINT ( 'NONE', #82 ) ;
#4076 = ORIENTED_EDGE ( 'NONE', *, *, #3327, .F. ) ;
#4077 = ORIENTED_EDGE ( 'NONE', *, *, #683, .F. ) ;
#4078 = VECTOR ( 'NONE', #1496, 1000.000000000000000 ) ;
#4079 = VECTOR ( 'NONE', #158, 1000.000000000000000 ) ;
#4080 = DIRECTION ( 'NONE',  ( -1.000000000000000000, 0.000000000000000000, 0.000000000000000000 ) ) ;
#4081 = UNCERTAINTY_MEASURE_WITH_UNIT (LENGTH_MEASURE( 1.000000000000000082E-05 ), #2750, 'distance_accuracy_value', 'NONE');
#4082 = AXIS2_PLACEMENT_3D ( 'NONE', #2132, #547, #4070 ) ;
#4083 = AXIS2_PLACEMENT_3D ( 'NONE', #3457, #3432, #2795 ) ;
#4084 = DIRECTION ( 'NONE',  ( 6.693953523428912899E-16, -1.000000000000000000, 0.000000000000000000 ) ) ;
#4085 = CARTESIAN_POINT ( 'NONE',  ( -2.985351140513737178, -3.890381395410000956E-16, -0.8499999999999998668 ) ) ;
#4086 = VECTOR ( 'NONE', #3468, 1000.000000000000000 ) ;
#4087 = DIRECTION ( 'NONE',  ( 0.000000000000000000, -0.000000000000000000, 1.000000000000000000 ) ) ;
#4088 = LINE ( 'NONE', #1917, #515 ) ;
#4089 = DIRECTION ( 'NONE',  ( -1.000000000000000000, 6.693953523428911913E-16, -0.000000000000000000 ) ) ;
#4090 = AXIS2_PLACEMENT_3D ( 'NONE', #359, #1343, #1643 ) ;
#4091 = CARTESIAN_POINT ( 'NONE',  ( 2.273934777464703405, 0.7339347774647182465, 0.8500000000000003109 ) ) ;
#4092 = ORIENTED_EDGE ( 'NONE', *, *, #3229, .F. ) ;
#4093 = LINE ( 'NONE', #2511, #1441 ) ;
#4094 =( NAMED_UNIT ( * ) PLANE_ANGLE_UNIT ( ) SI_UNIT ( $, .RADIAN. ) );
#4095 = ORIENTED_EDGE ( 'NONE', *, *, #1874, .T. ) ;
#4096 = FACE_OUTER_BOUND ( 'NONE', #1556, .T. ) ;
#4097 = ORIENTED_EDGE ( 'NONE', *, *, #2584, .T. ) ;
#4098 = CARTESIAN_POINT ( 'NONE',  ( -1.525593373776094719, 1.750000000000000000, -2.450000000000001510 ) ) ;
#4099 = ORIENTED_EDGE ( 'NONE', *, *, #2289, .T. ) ;
#4100 = EDGE_CURVE ( 'NONE', #1250, #1223, #1352, .T. ) ;
#4101 = VERTEX_POINT ( 'NONE', #2619 ) ;
#4102 = VERTEX_POINT ( 'NONE', #3896 ) ;
#4103 = CIRCLE ( 'NONE', #1000, 0.2960652225352674027 ) ;
#4104 = ADVANCED_FACE ( 'NONE', ( #1068, #3299 ), #1400, .F. ) ;
#4105 = DIRECTION ( 'NONE',  ( -2.094466133183748935E-15, 1.000000000000000000, -0.000000000000000000 ) ) ;
#4106 = AXIS2_PLACEMENT_3D ( 'NONE', #1038, #3539, #2313 ) ;
ENDSEC;
END-ISO-10303-21;
