ISO-10303-21;
HEADER;
FILE_DESCRIPTION (( 'STEP AP214' ),
    '1' );
FILE_NAME ('UCC21750.STEP',
    '2026-04-23T07:28:33',
    ( '' ),
    ( '' ),
    'SwSTEP 2.0',
    'SolidWorks 2021',
    '' );
FILE_SCHEMA (( 'AUTOMOTIVE_DESIGN' ));
ENDSEC;

DATA;
#1 = EDGE_CURVE ( 'NONE', #4136, #412, #6844, .T. ) ;
#2 = VECTOR ( 'NONE', #845, 1000.000000000000000 ) ;
#3 = FACE_OUTER_BOUND ( 'NONE', #3509, .T. ) ;
#4 = DIRECTION ( 'NONE',  ( -0.000000000000000000, -0.000000000000000000, -1.000000000000000000 ) ) ;
#5 = DIRECTION ( 'NONE',  ( -0.000000000000000000, 0.000000000000000000, -1.000000000000000000 ) ) ;
#6 = DIRECTION ( 'NONE',  ( -0.000000000000000000, -0.000000000000000000, -1.000000000000000000 ) ) ;
#7 = CARTESIAN_POINT ( 'NONE',  ( -3.943579639192182018, 1.292449942301011845, 0.8399999999999996358 ) ) ;
#8 = LINE ( 'NONE', #2586, #2491 ) ;
#9 = ORIENTED_EDGE ( 'NONE', *, *, #7798, .F. ) ;
#10 = ADVANCED_FACE ( 'NONE', ( #6802 ), #8181, .T. ) ;
#11 = EDGE_CURVE ( 'NONE', #1355, #801, #1002, .T. ) ;
#12 = ORIENTED_EDGE ( 'NONE', *, *, #6982, .F. ) ;
#13 = CARTESIAN_POINT ( 'NONE',  ( -3.943579639192182018, 1.292449942301011845, 0.8399999999999996358 ) ) ;
#14 = FACE_OUTER_BOUND ( 'NONE', #5266, .T. ) ;
#15 = CARTESIAN_POINT ( 'NONE',  ( -3.749997654931401581, 1.582516686030076558, 5.000968516274154396 ) ) ;
#16 = ORIENTED_EDGE ( 'NONE', *, *, #4232, .F. ) ;
#17 = FILL_AREA_STYLE_COLOUR ( '', #5159 ) ;
#18 = EDGE_CURVE ( 'NONE', #3778, #6366, #7480, .T. ) ;
#19 = DIRECTION ( 'NONE',  ( -0.000000000000000000, -0.000000000000000000, -1.000000000000000000 ) ) ;
#20 = CIRCLE ( 'NONE', #5957, 0.2901001153979786418 ) ;
#21 = ORIENTED_EDGE ( 'NONE', *, *, #4158, .F. ) ;
#22 = EDGE_CURVE ( 'NONE', #4759, #6457, #3037, .T. ) ;
#23 = ORIENTED_EDGE ( 'NONE', *, *, #6213, .T. ) ;
#24 = EDGE_LOOP ( 'NONE', ( #1157, #5621, #1813, #4500 ) ) ;
#25 = ORIENTED_EDGE ( 'NONE', *, *, #6440, .F. ) ;
#26 = VECTOR ( 'NONE', #6163, 1000.000000000000227 ) ;
#27 = CLOSED_SHELL ( 'NONE', ( #1713, #7883, #3775, #3689, #7402, #7989, #7249, #3859, #7215, #345, #2018, #2845, #1265, #7459 ) ) ;
#28 = CARTESIAN_POINT ( 'NONE',  ( -3.749992964849198085, 1.582550057698988821, -0.4300000000000007150 ) ) ;
#29 = LINE ( 'NONE', #7834, #5106 ) ;
#30 = DIRECTION ( 'NONE',  ( -5.782411586589358033E-15, 0.000000000000000000, -1.000000000000000000 ) ) ;
#31 = ORIENTED_EDGE ( 'NONE', *, *, #7614, .T. ) ;
#32 = DIRECTION ( 'NONE',  ( -0.000000000000000000, 0.000000000000000000, -1.000000000000000000 ) ) ;
#33 = AXIS2_PLACEMENT_3D ( 'NONE', #7718, #1827, #3832 ) ;
#34 = LINE ( 'NONE', #4054, #869 ) ;
#35 = ORIENTED_EDGE ( 'NONE', *, *, #6929, .F. ) ;
#36 = ORIENTED_EDGE ( 'NONE', *, *, #6617, .T. ) ;
#37 = DIRECTION ( 'NONE',  ( -0.9975640502598241977, -0.06975647374412528856, 0.000000000000000000 ) ) ;
#38 = EDGE_CURVE ( 'NONE', #7389, #5160, #3560, .T. ) ;
#39 = CARTESIAN_POINT ( 'NONE',  ( 3.943579639192182018, 1.292449942301011845, -1.700000000000000622 ) ) ;
#40 = CARTESIAN_POINT ( 'NONE',  ( -3.749992964849197641, 1.367449942301012022, 2.969999999999999751 ) ) ;
#41 = DIRECTION ( 'NONE',  ( 0.000000000000000000, 0.000000000000000000, -1.000000000000000000 ) ) ;
#42 = PRESENTATION_LAYER_ASSIGNMENT (  '', '', ( #6382 ) ) ;
#43 = ORIENTED_EDGE ( 'NONE', *, *, #6501, .F. ) ;
#44 = DIRECTION ( 'NONE',  ( -0.000000000000000000, -0.000000000000000000, -1.000000000000000000 ) ) ;
#45 = ORIENTED_EDGE ( 'NONE', *, *, #3647, .F. ) ;
#46 = DIRECTION ( 'NONE',  ( -0.000000000000000000, -0.000000000000000000, -1.000000000000000000 ) ) ;
#47 = CIRCLE ( 'NONE', #1125, 0.07500000000000128786 ) ;
#48 = DIRECTION ( 'NONE',  ( -0.000000000000000000, -0.000000000000000000, -1.000000000000000000 ) ) ;
#49 = CARTESIAN_POINT ( 'NONE',  ( -3.749992964849197641, 1.367449942301012022, 4.240000000000000213 ) ) ;
#50 = EDGE_CURVE ( 'NONE', #7899, #790, #4293, .T. ) ;
#51 = DIRECTION ( 'NONE',  ( -0.06975647374412764778, -0.9975640502598241977, 0.000000000000000000 ) ) ;
#52 = VECTOR ( 'NONE', #6543, 1000.000000000000000 ) ;
#53 = CARTESIAN_POINT ( 'NONE',  ( 3.943579639192182018, 1.367449942301011800, 3.379999999999999449 ) ) ;
#54 = ORIENTED_EDGE ( 'NONE', *, *, #5754, .T. ) ;
#55 = ORIENTED_EDGE ( 'NONE', *, *, #3469, .T. ) ;
#56 = DIRECTION ( 'NONE',  ( -0.000000000000000000, -0.000000000000000000, -1.000000000000000000 ) ) ;
#57 = VECTOR ( 'NONE', #3712, 1000.000000000000000 ) ;
#58 = CARTESIAN_POINT ( 'NONE',  ( 4.315000000000000391, 0.2500000000000000000, -0.4300000000000007150 ) ) ;
#59 = EDGE_CURVE ( 'NONE', #1826, #8264, #2292, .T. ) ;
#60 = DIRECTION ( 'NONE',  ( -0.000000000000000000, 0.000000000000000000, -1.000000000000000000 ) ) ;
#61 = FACE_OUTER_BOUND ( 'NONE', #3147, .T. ) ;
#62 = EDGE_LOOP ( 'NONE', ( #866, #5157, #4180, #3070 ) ) ;
#63 = DIRECTION ( 'NONE',  ( -1.000000000000000000, 0.000000000000000000, 0.000000000000000000 ) ) ;
#64 = PRESENTATION_LAYER_ASSIGNMENT (  '', '', ( #6409 ) ) ;
#65 = EDGE_LOOP ( 'NONE', ( #3051, #4226, #5524, #3081 ) ) ;
#66 = EDGE_LOOP ( 'NONE', ( #5632, #6734, #8268, #1820 ) ) ;
#67 = CARTESIAN_POINT ( 'NONE',  ( 5.134995374447882455, 0.000000000000000000, -1.700000000000000622 ) ) ;
#68 = EDGE_CURVE ( 'NONE', #4229, #2543, #3520, .T. ) ;
#69 = CARTESIAN_POINT ( 'NONE',  ( 4.522049997657887843, 0.3082954381928066367, 2.969999999999999751 ) ) ;
#70 = EDGE_CURVE ( 'NONE', #6965, #538, #2371, .T. ) ;
#71 = DIRECTION ( 'NONE',  ( -0.000000000000000000, -0.000000000000000000, -1.000000000000000000 ) ) ;
#72 = ORIENTED_EDGE ( 'NONE', *, *, #478, .F. ) ;
#73 = DIRECTION ( 'NONE',  ( -1.000000000000000000, 0.000000000000000000, 0.000000000000000000 ) ) ;
#74 = DIRECTION ( 'NONE',  ( -0.06975647374412764778, 0.9975640502598241977, 0.000000000000000000 ) ) ;
#75 = ORIENTED_EDGE ( 'NONE', *, *, #8338, .F. ) ;
#76 = ORIENTED_EDGE ( 'NONE', *, *, #7260, .F. ) ;
#77 = CARTESIAN_POINT ( 'NONE',  ( -3.749992964849197641, 1.367449942301012022, 5.001452754537961454 ) ) ;
#78 = ADVANCED_FACE ( 'NONE', ( #5027 ), #2334, .T. ) ;
#79 = PLANE ( 'NONE',  #4971 ) ;
#80 = CARTESIAN_POINT ( 'NONE',  ( 3.749992964849197641, 1.367449942301012022, -2.970000000000000639 ) ) ;
#81 = ORIENTED_EDGE ( 'NONE', *, *, #559, .T. ) ;
#82 = DIRECTION ( 'NONE',  ( -0.000000000000000000, -0.000000000000000000, -1.000000000000000000 ) ) ;
#83 = ORIENTED_EDGE ( 'NONE', *, *, #4380, .F. ) ;
#84 = ORIENTED_EDGE ( 'NONE', *, *, #8388, .F. ) ;
#85 = FACE_OUTER_BOUND ( 'NONE', #7366, .T. ) ;
#86 = ADVANCED_FACE ( 'NONE', ( #4213 ), #917, .T. ) ;
#87 = LINE ( 'NONE', #2713, #563 ) ;
#88 = LINE ( 'NONE', #1456, #2996 ) ;
#89 = CARTESIAN_POINT ( 'NONE',  ( -3.943579639192182018, 1.367449942301011800, -4.240000000000001101 ) ) ;
#90 = DIRECTION ( 'NONE',  ( -0.000000000000000000, -0.000000000000000000, -1.000000000000000000 ) ) ;
#91 = DIRECTION ( 'NONE',  ( -0.9975640502598241977, -0.06975647374412528856, 0.000000000000000000 ) ) ;
#92 = EDGE_LOOP ( 'NONE', ( #7176, #6445, #3468, #1015 ) ) ;
#93 = AXIS2_PLACEMENT_3D ( 'NONE', #5037, #6335, #3616 ) ;
#94 = ORIENTED_EDGE ( 'NONE', *, *, #1305, .F. ) ;
#95 = LINE ( 'NONE', #4549, #3156 ) ;
#96 = DIRECTION ( 'NONE',  ( -1.000000000000000000, 0.000000000000000000, 0.000000000000000000 ) ) ;
#97 = AXIS2_PLACEMENT_3D ( 'NONE', #2214, #5056, #7500 ) ;
#98 = DIRECTION ( 'NONE',  ( -0.9975640502598241977, 0.06975647374412528856, -0.000000000000000000 ) ) ;
#99 = VERTEX_POINT ( 'NONE', #6891 ) ;
#100 = ORIENTED_EDGE ( 'NONE', *, *, #6491, .T. ) ;
#101 = VERTEX_POINT ( 'NONE', #963 ) ;
#102 = SURFACE_STYLE_USAGE ( .BOTH. , #6800 ) ;
#103 = AXIS2_PLACEMENT_3D ( 'NONE', #4792, #4841, #3784 ) ;
#104 = EDGE_CURVE ( 'NONE', #5939, #5345, #4335, .T. ) ;
#105 = ORIENTED_EDGE ( 'NONE', *, *, #4050, .F. ) ;
#106 = ORIENTED_EDGE ( 'NONE', *, *, #5944, .T. ) ;
#107 = CYLINDRICAL_SURFACE ( 'NONE', #3184, 0.2999999999999999334 ) ;
#108 = AXIS2_PLACEMENT_3D ( 'NONE', #1798, #5844, #8468 ) ;
#109 = LINE ( 'NONE', #7330, #4698 ) ;
#110 = VECTOR ( 'NONE', #5081, 1000.000000000000000 ) ;
#111 = DIRECTION ( 'NONE',  ( -0.000000000000000000, 0.000000000000000000, -1.000000000000000000 ) ) ;
#112 = VERTEX_POINT ( 'NONE', #4763 ) ;
#113 = FACE_OUTER_BOUND ( 'NONE', #6408, .T. ) ;
#114 = CYLINDRICAL_SURFACE ( 'NONE', #1416, 0.07500000000000300870 ) ;
#115 = ORIENTED_EDGE ( 'NONE', *, *, #6395, .T. ) ;
#116 = EDGE_CURVE ( 'NONE', #6499, #3277, #1417, .T. ) ;
#117 = AXIS2_PLACEMENT_3D ( 'NONE', #6959, #1788, #5050 ) ;
#118 = ADVANCED_FACE ( 'NONE', ( #1370 ), #2103, .F. ) ;
#119 = AXIS2_PLACEMENT_3D ( 'NONE', #5228, #7258, #1368 ) ;
#120 = VERTEX_POINT ( 'NONE', #2015 ) ;
#121 = CARTESIAN_POINT ( 'NONE',  ( 4.222822763272201740, 1.371071533533629649, 3.379999999999999449 ) ) ;
#122 = CARTESIAN_POINT ( 'NONE',  ( -3.108111041950426312, 2.500000000000000000, -4.869579648282763351 ) ) ;
#123 = PLANE ( 'NONE',  #5074 ) ;
#124 = ORIENTED_EDGE ( 'NONE', *, *, #961, .F. ) ;
#125 = PRESENTATION_LAYER_ASSIGNMENT (  '', '', ( #3571 ) ) ;
#126 = LINE ( 'NONE', #2758, #6591 ) ;
#127 = VECTOR ( 'NONE', #691, 1000.000000000000000 ) ;
#128 = ORIENTED_EDGE ( 'NONE', *, *, #6462, .F. ) ;
#129 = VECTOR ( 'NONE', #7016, 1000.000000000000114 ) ;
#131 = ADVANCED_FACE ( 'NONE', ( #3413 ), #7308, .F. ) ;
#130 = DIRECTION ( 'NONE',  ( -1.000000000000000000, 0.000000000000000000, 0.000000000000000000 ) ) ;
#132 = ADVANCED_FACE ( 'NONE', ( #778 ), #5501, .F. ) ;
#133 = CARTESIAN_POINT ( 'NONE',  ( -3.749992964849197641, 1.367449942301012022, 0.8399999999999996358 ) ) ;
#134 = CIRCLE ( 'NONE', #5238, 0.07500000000000300870 ) ;
#135 = CARTESIAN_POINT ( 'NONE',  ( -5.150000000000000355, 0.2145761423277614266, 3.379999999999999449 ) ) ;
#136 = DIRECTION ( 'NONE',  ( -0.000000000000000000, -0.000000000000000000, -1.000000000000000000 ) ) ;
#137 = EDGE_CURVE ( 'NONE', #7728, #7921, #7203, .T. ) ;
#138 = CARTESIAN_POINT ( 'NONE',  ( -3.108111041950426756, 2.500000000000000000, -4.869579648282762463 ) ) ;
#139 = LINE ( 'NONE', #5931, #7282 ) ;
#140 = AXIS2_PLACEMENT_3D ( 'NONE', #7297, #4789, #7981 ) ;
#141 = VERTEX_POINT ( 'NONE', #214 ) ;
#142 = EDGE_CURVE ( 'NONE', #4490, #5190, #8118, .T. ) ;
#143 = CARTESIAN_POINT ( 'NONE',  ( -3.749992964849197641, 1.367449942301012022, -5.001452754537961454 ) ) ;
#144 = CARTESIAN_POINT ( 'NONE',  ( 4.589011388549212533, 0.2538042874631317170, 4.649999999999999467 ) ) ;
#145 = DIRECTION ( 'NONE',  ( -1.000000000000000000, 0.000000000000000000, 0.000000000000000000 ) ) ;
#146 = ORIENTED_EDGE ( 'NONE', *, *, #4027, .T. ) ;
#147 = LINE ( 'NONE', #8094, #2252 ) ;
#148 = ORIENTED_EDGE ( 'NONE', *, *, #5469, .F. ) ;
#149 = LINE ( 'NONE', #2694, #7874 ) ;
#150 = CARTESIAN_POINT ( 'NONE',  ( -4.522049997657885179, 0.3082954381928062482, -1.700000000000000622 ) ) ;
#151 = DIRECTION ( 'NONE',  ( -0.1378445374916253130, 0.9808148484639900300, -0.1378445374916253130 ) ) ;
#152 = AXIS2_PLACEMENT_3D ( 'NONE', #4018, #4659, #7939 ) ;
#153 = CARTESIAN_POINT ( 'NONE',  ( 4.315000000000000391, 0.2500000000000000000, -1.700000000000000622 ) ) ;
#154 = ORIENTED_EDGE ( 'NONE', *, *, #583, .F. ) ;
#155 = DIRECTION ( 'NONE',  ( 0.000000000000000000, 1.000000000000000000, 0.000000000000000000 ) ) ;
#156 = ADVANCED_FACE ( 'NONE', ( #7479 ), #2803, .T. ) ;
#157 = DIRECTION ( 'NONE',  ( 0.2710153738641504773, 0.9625750189617817698, 0.000000000000000000 ) ) ;
#158 = ORIENTED_EDGE ( 'NONE', *, *, #236, .F. ) ;
#159 = ORIENTED_EDGE ( 'NONE', *, *, #1704, .F. ) ;
#160 = DIRECTION ( 'NONE',  ( -1.000000000000000000, -0.000000000000000000, -0.000000000000000000 ) ) ;
#161 = CLOSED_SHELL ( 'NONE', ( #6154, #7539, #6396, #5950, #5824, #4828, #1741, #4803, #2213, #4748, #7357, #1426, #5516, #3803 ) ) ;
#162 = DIRECTION ( 'NONE',  ( 1.000000000000000000, 0.000000000000000000, 0.000000000000000000 ) ) ;
#163 = DIRECTION ( 'NONE',  ( 0.9975640502598241977, -0.06975647374412544122, -0.000000000000000000 ) ) ;
#164 = EDGE_CURVE ( 'NONE', #918, #3515, #7267, .T. ) ;
#165 = VECTOR ( 'NONE', #2915, 1000.000000000000000 ) ;
#166 = ORIENTED_EDGE ( 'NONE', *, *, #1518, .T. ) ;
#167 = CARTESIAN_POINT ( 'NONE',  ( 3.749997654931400248, 1.582516686030076558, 5.000968516274154396 ) ) ;
#168 = EDGE_CURVE ( 'NONE', #3806, #5942, #4068, .T. ) ;
#169 = ORIENTED_EDGE ( 'NONE', *, *, #5378, .F. ) ;
#170 = VERTEX_POINT ( 'NONE', #6658 ) ;
#171 = CARTESIAN_POINT ( 'NONE',  ( 4.222822763272201740, 1.371071533533629649, -4.650000000000000355 ) ) ;
#172 = PRODUCT_DEFINITION_FORMATION_WITH_SPECIFIED_SOURCE ( 'ANY', '', #4995, .NOT_KNOWN. ) ;
#173 = LINE ( 'NONE', #4797, #2925 ) ;
#174 = ADVANCED_FACE ( 'NONE', ( #4191 ), #6826, .T. ) ;
#175 = DIRECTION ( 'NONE',  ( 0.9975640502598241977, 0.06975647374412764778, -0.000000000000000000 ) ) ;
#176 = DIRECTION ( 'NONE',  ( -0.000000000000000000, -0.000000000000000000, -1.000000000000000000 ) ) ;
#177 = CARTESIAN_POINT ( 'NONE',  ( 3.749992964849198085, 1.582550057698988821, 1.700000000000000178 ) ) ;
#178 = ORIENTED_EDGE ( 'NONE', *, *, #4410, .F. ) ;
#179 = DIRECTION ( 'NONE',  ( 1.120120665500548440E-15, -1.000000000000000000, 0.000000000000000000 ) ) ;
#180 = ORIENTED_EDGE ( 'NONE', *, *, #4617, .T. ) ;
#181 =( GEOMETRIC_REPRESENTATION_CONTEXT ( 3 ) GLOBAL_UNCERTAINTY_ASSIGNED_CONTEXT ( ( #3921 ) ) GLOBAL_UNIT_ASSIGNED_CONTEXT ( ( #6571, #6063, #7995 ) ) REPRESENTATION_CONTEXT ( 'NONE', 'WORKASPACE' ) );
#182 = EDGE_LOOP ( 'NONE', ( #454, #767, #3357, #8072 ) ) ;
#183 = CIRCLE ( 'NONE', #7759, 0.2999999999999999334 ) ;
#184 = ADVANCED_FACE ( 'NONE', ( #3370 ), #818, .T. ) ;
#185 = DIRECTION ( 'NONE',  ( -1.000000000000000000, 0.000000000000000000, 0.000000000000000000 ) ) ;
#186 = VECTOR ( 'NONE', #259, 1000.000000000000000 ) ;
#187 = FACE_OUTER_BOUND ( 'NONE', #3198, .T. ) ;
#188 = DIRECTION ( 'NONE',  ( -1.000000000000000000, 1.120120665500548440E-15, 0.000000000000000000 ) ) ;
#189 = VERTEX_POINT ( 'NONE', #6018 ) ;
#190 = EDGE_LOOP ( 'NONE', ( #7839, #3544, #1437, #6034 ) ) ;
#191 = CARTESIAN_POINT ( 'NONE',  ( -4.222822763272206181, 1.371071533533628317, 0.8399999999999996358 ) ) ;
#192 = STYLED_ITEM ( 'NONE', ( #7922 ), #5387 ) ;
#193 = EDGE_CURVE ( 'NONE', #350, #7728, #87, .T. ) ;
#194 = DIRECTION ( 'NONE',  ( 0.06975647374412763391, 0.9975640502598240866, -0.000000000000000000 ) ) ;
#195 = VERTEX_POINT ( 'NONE', #3461 ) ;
#196 = ORIENTED_EDGE ( 'NONE', *, *, #2918, .T. ) ;
#197 = VECTOR ( 'NONE', #3022, 1000.000000000000000 ) ;
#198 = LINE ( 'NONE', #1992, #7048 ) ;
#199 = FACE_OUTER_BOUND ( 'NONE', #4507, .T. ) ;
#200 = CYLINDRICAL_SURFACE ( 'NONE', #679, 0.1499999999999998002 ) ;
#201 = CARTESIAN_POINT ( 'NONE',  ( -5.150000000000000355, 0.2145761423277614266, -4.650000000000000355 ) ) ;
#202 = ORIENTED_EDGE ( 'NONE', *, *, #1750, .F. ) ;
#203 = LINE ( 'NONE', #4137, #5643 ) ;
#204 = DIRECTION ( 'NONE',  ( -1.120120665500548440E-15, -1.000000000000000000, 0.000000000000000000 ) ) ;
#205 = VERTEX_POINT ( 'NONE', #856 ) ;
#206 = CARTESIAN_POINT ( 'NONE',  ( 4.222822763272201740, 1.371071533533629649, -2.970000000000000639 ) ) ;
#207 = LINE ( 'NONE', #2838, #6902 ) ;
#208 =( NAMED_UNIT ( * ) SI_UNIT ( $, .STERADIAN. ) SOLID_ANGLE_UNIT ( ) );
#209 = VERTEX_POINT ( 'NONE', #6104 ) ;
#210 = DIRECTION ( 'NONE',  ( -0.000000000000000000, 0.000000000000000000, -1.000000000000000000 ) ) ;
#211 = ORIENTED_EDGE ( 'NONE', *, *, #3698, .F. ) ;
#212 = ORIENTED_EDGE ( 'NONE', *, *, #1253, .T. ) ;
#213 = CARTESIAN_POINT ( 'NONE',  ( -3.750000000000000888, 1.582499999999972928, 5.000000000000000000 ) ) ;
#214 = CARTESIAN_POINT ( 'NONE',  ( 3.943579639192182018, 1.367449942301011800, -0.8400000000000005240 ) ) ;
#215 = EDGE_CURVE ( 'NONE', #6310, #1427, #173, .T. ) ;
#216 = DIRECTION ( 'NONE',  ( 0.9975640502598241977, 0.06975647374412544122, 0.000000000000000000 ) ) ;
#217 = CARTESIAN_POINT ( 'NONE',  ( -3.943579639192182018, 1.367449942301015131, 3.379999999999999449 ) ) ;
#218 = DIRECTION ( 'NONE',  ( -0.000000000000000000, -0.000000000000000000, -1.000000000000000000 ) ) ;
#219 = DIRECTION ( 'NONE',  ( 0.2710153738641504773, -0.9625750189617817698, -0.000000000000000000 ) ) ;
#220 = ORIENTED_EDGE ( 'NONE', *, *, #6622, .F. ) ;
#221 = CARTESIAN_POINT ( 'NONE',  ( -4.594243124080021445, 0.3286215912326184152, 1.700000000000000178 ) ) ;
#222 = EDGE_CURVE ( 'NONE', #8049, #3277, #6784, .T. ) ;
#223 = EDGE_CURVE ( 'NONE', #5814, #8396, #5545, .T. ) ;
#224 = ORIENTED_EDGE ( 'NONE', *, *, #7413, .T. ) ;
#225 = FACE_OUTER_BOUND ( 'NONE', #1055, .T. ) ;
#226 = CARTESIAN_POINT ( 'NONE',  ( 3.749992964849197641, 1.367449942301012022, -4.240000000000001101 ) ) ;
#227 = VERTEX_POINT ( 'NONE', #1703 ) ;
#228 = EDGE_CURVE ( 'NONE', #5989, #8201, #1585, .T. ) ;
#229 = EDGE_CURVE ( 'NONE', #5933, #4015, #7520, .T. ) ;
#230 = DIRECTION ( 'NONE',  ( -1.120120665500546074E-15, 1.000000000000000000, 0.000000000000000000 ) ) ;
#231 = DIRECTION ( 'NONE',  ( 0.06975647374412763391, -0.9975640502598240866, 0.000000000000000000 ) ) ;
#232 = CARTESIAN_POINT ( 'NONE',  ( 4.574006762997095521, 0.03922814513537039444, 3.379999999999999449 ) ) ;
#233 = CARTESIAN_POINT ( 'NONE',  ( 4.589011388549212533, 0.2538042874631317170, -0.4300000000000007150 ) ) ;
#234 = AXIS2_PLACEMENT_3D ( 'NONE', #3679, #3036, #643 ) ;
#235 = CARTESIAN_POINT ( 'NONE',  ( -3.385851378539208145, -0.1666335605849333656, -4.934391588850442822 ) ) ;
#236 = EDGE_CURVE ( 'NONE', #567, #209, #417, .T. ) ;
#237 = LINE ( 'NONE', #8272, #6139 ) ;
#238 = LINE ( 'NONE', #2219, #1749 ) ;
#239 = LINE ( 'NONE', #2177, #5715 ) ;
#240 = ORIENTED_EDGE ( 'NONE', *, *, #5985, .T. ) ;
#241 = DIRECTION ( 'NONE',  ( 1.000000000000000000, 1.120120665500546074E-15, 0.000000000000000000 ) ) ;
#242 = VECTOR ( 'NONE', #6439, 1000.000000000000000 ) ;
#243 = AXIS2_PLACEMENT_3D ( 'NONE', #6422, #5696, #5662 ) ;
#244 = CARTESIAN_POINT ( 'NONE',  ( 3.749992964849197641, 1.367449942301012022, 0.8399999999999996358 ) ) ;
#245 = LINE ( 'NONE', #772, #4536 ) ;
#246 = ORIENTED_EDGE ( 'NONE', *, *, #5031, .F. ) ;
#247 = CARTESIAN_POINT ( 'NONE',  ( -3.749992964849197641, 1.367449942301012022, -2.110000000000000320 ) ) ;
#248 = VERTEX_POINT ( 'NONE', #5665 ) ;
#249 = EDGE_LOOP ( 'NONE', ( #447, #2100, #5430, #1301, #5723, #7250 ) ) ;
#250 = DIRECTION ( 'NONE',  ( -0.000000000000000000, -0.000000000000000000, -1.000000000000000000 ) ) ;
#251 = CIRCLE ( 'NONE', #519, 0.2901001153979764768 ) ;
#252 = VECTOR ( 'NONE', #6301, 1000.000000000000000 ) ;
#253 = DIRECTION ( 'NONE',  ( -1.000000000000000000, 0.000000000000000000, 0.000000000000000000 ) ) ;
#254 = DIRECTION ( 'NONE',  ( -0.9975640502598241977, -0.06975647374412528856, 0.000000000000000000 ) ) ;
#255 = DIRECTION ( 'NONE',  ( -8.177564888977949649E-15, 0.000000000000000000, -1.000000000000000000 ) ) ;
#256 = AXIS2_PLACEMENT_3D ( 'NONE', #3885, #4405, #1835 ) ;
#257 = CARTESIAN_POINT ( 'NONE',  ( 3.943579639192182018, 1.367449942301011800, -0.4300000000000007150 ) ) ;
#258 = CIRCLE ( 'NONE', #3020, 0.2901001153979786418 ) ;
#259 = DIRECTION ( 'NONE',  ( -1.000000000000000000, -1.120120665500548440E-15, -0.000000000000000000 ) ) ;
#260 = ORIENTED_EDGE ( 'NONE', *, *, #2606, .F. ) ;
#261 = FACE_OUTER_BOUND ( 'NONE', #7692, .T. ) ;
#262 = EDGE_CURVE ( 'NONE', #3680, #248, #941, .T. ) ;
#263 = VECTOR ( 'NONE', #330, 1000.000000000000000 ) ;
#264 = VECTOR ( 'NONE', #298, 1000.000000000000000 ) ;
#265 = ORIENTED_EDGE ( 'NONE', *, *, #5378, .T. ) ;
#266 = DIRECTION ( 'NONE',  ( 0.9975640502598241977, 0.06975647374412544122, 0.000000000000000000 ) ) ;
#267 = FILL_AREA_STYLE ('',( #4208 ) ) ;
#268 = CIRCLE ( 'NONE', #819, 0.2901001153979764768 ) ;
#269 = EDGE_CURVE ( 'NONE', #6223, #3806, #2977, .T. ) ;
#270 = DIRECTION ( 'NONE',  ( -0.000000000000000000, -0.000000000000000000, -1.000000000000000000 ) ) ;
#271 = EDGE_CURVE ( 'NONE', #1427, #1257, #5421, .T. ) ;
#272 = VERTEX_POINT ( 'NONE', #8287 ) ;
#273 = ORIENTED_EDGE ( 'NONE', *, *, #7068, .F. ) ;
#274 = CARTESIAN_POINT ( 'NONE',  ( -3.600000000000000977, 1.582499999999972928, -5.150000000000000355 ) ) ;
#275 = ORIENTED_EDGE ( 'NONE', *, *, #2340, .T. ) ;
#276 = ORIENTED_EDGE ( 'NONE', *, *, #7559, .T. ) ;
#277 = VECTOR ( 'NONE', #4008, 1000.000000000000227 ) ;
#278 = CARTESIAN_POINT ( 'NONE',  ( -3.749992964849197641, 1.367449942301012022, 1.700000000000000178 ) ) ;
#279 = DIRECTION ( 'NONE',  ( -1.000000000000000000, 0.000000000000000000, 0.000000000000000000 ) ) ;
#280 = CARTESIAN_POINT ( 'NONE',  ( 3.943579639192182018, 1.292449942301011845, -1.700000000000000622 ) ) ;
#281 = DIRECTION ( 'NONE',  ( 0.000000000000000000, 0.000000000000000000, 1.000000000000000000 ) ) ;
#282 = CARTESIAN_POINT ( 'NONE',  ( -4.222822763272206181, 1.371071533533628317, 0.4299999999999998268 ) ) ;
#283 = FACE_OUTER_BOUND ( 'NONE', #8059, .T. ) ;
#284 = EDGE_LOOP ( 'NONE', ( #7074, #6414, #5707, #8521 ) ) ;
#285 = CARTESIAN_POINT ( 'NONE',  ( -4.222822763272206181, 1.371071533533628317, 2.109999999999999876 ) ) ;
#286 = VECTOR ( 'NONE', #7748, 1000.000000000000114 ) ;
#287 = CARTESIAN_POINT ( 'NONE',  ( -3.749992964849197641, 1.367449942301012022, -0.4300000000000007150 ) ) ;
#288 = DIRECTION ( 'NONE',  ( -0.000000000000000000, -0.000000000000000000, -1.000000000000000000 ) ) ;
#289 = ORIENTED_EDGE ( 'NONE', *, *, #4788, .T. ) ;
#290 = CARTESIAN_POINT ( 'NONE',  ( -3.687973030627476501, 1.588512672022515781, -5.149154974055156764 ) ) ;
#291 = ORIENTED_EDGE ( 'NONE', *, *, #6922, .F. ) ;
#292 = CARTESIAN_POINT ( 'NONE',  ( 4.589011388549212533, 0.2538042874631317170, 0.8399999999999996358 ) ) ;
#293 = AXIS2_PLACEMENT_3D ( 'NONE', #4398, #7038, #462 ) ;
#294 = FACE_OUTER_BOUND ( 'NONE', #849, .T. ) ;
#295 = EDGE_CURVE ( 'NONE', #640, #7327, #3624, .T. ) ;
#296 = CLOSED_SHELL ( 'NONE', ( #4931, #1629, #6351, #2768, #4877, #7124, #1048, #6818, #6138, #5240, #2772, #4017, #3412, #3600 ) ) ;
#297 = DIRECTION ( 'NONE',  ( 0.2710153738641577492, -0.9625750189617798824, 0.000000000000000000 ) ) ;
#298 = DIRECTION ( 'NONE',  ( -0.000000000000000000, -0.000000000000000000, -1.000000000000000000 ) ) ;
#299 = DIRECTION ( 'NONE',  ( -0.9975640502598241977, -0.06975647374412544122, 0.000000000000000000 ) ) ;
#300 = FACE_OUTER_BOUND ( 'NONE', #3163, .T. ) ;
#301 = VERTEX_POINT ( 'NONE', #984 ) ;
#302 = FACE_OUTER_BOUND ( 'NONE', #2007, .T. ) ;
#303 =( NAMED_UNIT ( * ) SI_UNIT ( $, .STERADIAN. ) SOLID_ANGLE_UNIT ( ) );
#304 = VECTOR ( 'NONE', #2704, 1000.000000000000227 ) ;
#305 = ORIENTED_EDGE ( 'NONE', *, *, #5117, .F. ) ;
#306 = EDGE_CURVE ( 'NONE', #3118, #3344, #4997, .T. ) ;
#307 = DIRECTION ( 'NONE',  ( -1.000000000000000000, 0.000000000000000000, 0.000000000000000000 ) ) ;
#308 = DIRECTION ( 'NONE',  ( -0.000000000000000000, -0.000000000000000000, -1.000000000000000000 ) ) ;
#309 = AXIS2_PLACEMENT_3D ( 'NONE', #7461, #3436, #3481 ) ;
#310 = SURFACE_SIDE_STYLE ('',( #5603 ) ) ;
#311 = ORIENTED_EDGE ( 'NONE', *, *, #7664, .F. ) ;
#312 = PLANE ( 'NONE',  #1863 ) ;
#313 = CARTESIAN_POINT ( 'NONE',  ( -3.600968516274155373, 1.582516686030076558, 5.149997654931401492 ) ) ;
#314 = ORIENTED_EDGE ( 'NONE', *, *, #2001, .T. ) ;
#315 = AXIS2_PLACEMENT_3D ( 'NONE', #413, #3053, #2471 ) ;
#316 = EDGE_CURVE ( 'NONE', #2632, #1826, #847, .T. ) ;
#317 = LINE ( 'NONE', #836, #6522 ) ;
#318 = VECTOR ( 'NONE', #2238, 1000.000000000000114 ) ;
#319 = CARTESIAN_POINT ( 'NONE',  ( -3.749992964849197641, 1.367449942301012022, 4.240000000000000213 ) ) ;
#320 = CARTESIAN_POINT ( 'NONE',  ( -3.943579639192182018, 1.582550057698989043, -4.240000000000001101 ) ) ;
#321 = DIRECTION ( 'NONE',  ( -1.000000000000000000, 1.120120665500548440E-15, 0.000000000000000000 ) ) ;
#322 = CIRCLE ( 'NONE', #5149, 0.07500000000000128786 ) ;
#323 = DIRECTION ( 'NONE',  ( -0.000000000000000000, -0.000000000000000000, -1.000000000000000000 ) ) ;
#324 = AXIS2_PLACEMENT_3D ( 'NONE', #2173, #8224, #7503 ) ;
#325 = ORIENTED_EDGE ( 'NONE', *, *, #3124, .T. ) ;
#326 = DIRECTION ( 'NONE',  ( 0.2710153738641504773, 0.9625750189617817698, 0.000000000000000000 ) ) ;
#327 = ADVANCED_FACE ( 'NONE', ( #294 ), #6954, .F. ) ;
#328 = ADVANCED_FACE ( 'NONE', ( #6268 ), #3705, .T. ) ;
#329 = CARTESIAN_POINT ( 'NONE',  ( -3.943579639192182018, 1.292449942301011845, 0.8399999999999996358 ) ) ;
#330 = DIRECTION ( 'NONE',  ( -0.000000000000000000, -0.000000000000000000, -1.000000000000000000 ) ) ;
#331 = AXIS2_PLACEMENT_3D ( 'NONE', #3601, #4906, #4859 ) ;
#332 = VERTEX_POINT ( 'NONE', #7672 ) ;
#333 = CARTESIAN_POINT ( 'NONE',  ( -3.749154974055157297, 1.588512672022515781, -5.087973030627475524 ) ) ;
#334 = ORIENTED_EDGE ( 'NONE', *, *, #2160, .T. ) ;
#335 = CYLINDRICAL_SURFACE ( 'NONE', #6668, 0.2901001153979760883 ) ;
#336 = EDGE_CURVE ( 'NONE', #7213, #4817, #1742, .T. ) ;
#337 = CARTESIAN_POINT ( 'NONE',  ( -3.599972658955197691, 0.2999999999999999889, 0.000000000000000000 ) ) ;
#338 = MECHANICAL_DESIGN_GEOMETRIC_PRESENTATION_REPRESENTATION (  '', ( #7777 ), #2125 ) ;
#339 = CARTESIAN_POINT ( 'NONE',  ( -3.528687866222429914, 2.079423175727996842, 4.928687866222430713 ) ) ;
#340 = DIRECTION ( 'NONE',  ( 1.000000000000000000, 0.000000000000000000, 0.000000000000000000 ) ) ;
#341 = CARTESIAN_POINT ( 'NONE',  ( -4.015772765614322282, 1.312776095340825622, 0.4299999999999998268 ) ) ;
#342 = CARTESIAN_POINT ( 'NONE',  ( 4.594243124080021445, 0.3286215912326184152, 0.4299999999999998268 ) ) ;
#343 = ORIENTED_EDGE ( 'NONE', *, *, #996, .T. ) ;
#344 = CARTESIAN_POINT ( 'NONE',  ( -3.943579639192182018, 1.292449942301011845, -1.700000000000000622 ) ) ;
#345 = ADVANCED_FACE ( 'NONE', ( #5625 ), #4969, .T. ) ;
#346 = PLANE ( 'NONE',  #7696 ) ;
#347 = ORIENTED_EDGE ( 'NONE', *, *, #6330, .F. ) ;
#348 = LINE ( 'NONE', #8259, #6813 ) ;
#349 = SPHERICAL_SURFACE ( 'NONE', #331, 0.1499999999999999944 ) ;
#350 = VERTEX_POINT ( 'NONE', #3586 ) ;
#351 = EDGE_LOOP ( 'NONE', ( #1858, #3802, #6416, #6652 ) ) ;
#352 = DIRECTION ( 'NONE',  ( -0.2710153738641577492, 0.9625750189617798824, -0.000000000000000000 ) ) ;
#353 = DIRECTION ( 'NONE',  ( 0.2710153738641504773, -0.9625750189617817698, -0.000000000000000000 ) ) ;
#354 = FACE_OUTER_BOUND ( 'NONE', #6533, .T. ) ;
#355 = LINE ( 'NONE', #5065, #129 ) ;
#356 = LINE ( 'NONE', #2338, #6004 ) ;
#357 = CARTESIAN_POINT ( 'NONE',  ( 3.469579648282762108, 2.520875965144008912, -5.018119858593998117 ) ) ;
#358 = DIRECTION ( 'NONE',  ( -0.06975647374412530244, -0.9975640502598243087, 0.000000000000000000 ) ) ;
#359 = ADVANCED_FACE ( 'NONE', ( #7637 ), #8162, .T. ) ;
#360 = ORIENTED_EDGE ( 'NONE', *, *, #3507, .T. ) ;
#361 = CARTESIAN_POINT ( 'NONE',  ( 3.943579639192182018, 1.582550057698989043, 3.379999999999999449 ) ) ;
#362 = CIRCLE ( 'NONE', #1729, 0.1499999999999997724 ) ;
#363 = DIRECTION ( 'NONE',  ( 2.016181479920678149E-15, 1.000000000000000000, 0.000000000000000000 ) ) ;
#364 =( NAMED_UNIT ( * ) PLANE_ANGLE_UNIT ( ) SI_UNIT ( $, .RADIAN. ) );
#365 = ORIENTED_EDGE ( 'NONE', *, *, #6512, .F. ) ;
#366 = LINE ( 'NONE', #7633, #4250 ) ;
#367 = ORIENTED_EDGE ( 'NONE', *, *, #4201, .F. ) ;
#368 = ADVANCED_FACE ( 'NONE', ( #1099 ), #2234, .F. ) ;
#369 = CARTESIAN_POINT ( 'NONE',  ( 3.943579639192182018, 1.292449942301011845, -0.4300000000000007150 ) ) ;
#370 = VECTOR ( 'NONE', #3462, 1000.000000000000227 ) ;
#371 = EDGE_CURVE ( 'NONE', #8006, #4537, #5827, .T. ) ;
#372 = VECTOR ( 'NONE', #1834, 1000.000000000000114 ) ;
#373 = DIRECTION ( 'NONE',  ( 0.2710153738641504773, -0.9625750189617817698, -0.000000000000000000 ) ) ;
#374 = DIRECTION ( 'NONE',  ( -1.000000000000000000, -1.120120665500548440E-15, -0.000000000000000000 ) ) ;
#375 = CARTESIAN_POINT ( 'NONE',  ( -3.528687866222430358, 2.079423175727996398, -4.928687866222429825 ) ) ;
#376 = CYLINDRICAL_SURFACE ( 'NONE', #5224, 0.1499999999999999667 ) ;
#377 = EDGE_CURVE ( 'NONE', #4010, #1898, #3879, .T. ) ;
#378 = DIRECTION ( 'NONE',  ( 0.2710153738641504773, 0.9625750189617817698, 0.000000000000000000 ) ) ;
#379 = EDGE_LOOP ( 'NONE', ( #7750, #3301, #2542, #3185, #7083, #128, #4976, #1164 ) ) ;
#380 = AXIS2_PLACEMENT_3D ( 'NONE', #6187, #2150, #4282 ) ;
#381 = DIRECTION ( 'NONE',  ( 2.016181479920678149E-15, -1.000000000000000000, 0.000000000000000000 ) ) ;
#382 = CIRCLE ( 'NONE', #5216, 0.2901001153979760883 ) ;
#383 = ADVANCED_FACE ( 'NONE', ( #3102 ), #3142, .F. ) ;
#384 = DIRECTION ( 'NONE',  ( -1.000000000000000000, 1.120120665500548440E-15, 0.000000000000000000 ) ) ;
#385 = CIRCLE ( 'NONE', #3289, 0.07500000000000300870 ) ;
#386 = VECTOR ( 'NONE', #3812, 1000.000000000000000 ) ;
#387 = ORIENTED_EDGE ( 'NONE', *, *, #1263, .T. ) ;
#388 = CARTESIAN_POINT ( 'NONE',  ( -3.749992964849197641, 1.367449942301012022, 3.379999999999999449 ) ) ;
#389 = LINE ( 'NONE', #8087, #3579 ) ;
#390 =( LENGTH_UNIT ( ) NAMED_UNIT ( * ) SI_UNIT ( .MILLI., .METRE. ) );
#391 = MECHANICAL_DESIGN_GEOMETRIC_PRESENTATION_REPRESENTATION (  '', ( #3571 ), #3016 ) ;
#392 = VECTOR ( 'NONE', #7740, 1000.000000000000000 ) ;
#393 = EDGE_LOOP ( 'NONE', ( #4856, #4149, #465, #3905 ) ) ;
#394 = PLANE ( 'NONE',  #2857 ) ;
#395 = CARTESIAN_POINT ( 'NONE',  ( 3.749992964849198085, 1.582550057698988821, -1.700000000000000622 ) ) ;
#396 = ORIENTED_EDGE ( 'NONE', *, *, #2212, .T. ) ;
#397 = EDGE_CURVE ( 'NONE', #3533, #2009, #5278, .T. ) ;
#398 = CARTESIAN_POINT ( 'NONE',  ( -3.528687866222430358, 2.079423175727995510, 4.928687866222429825 ) ) ;
#399 = VECTOR ( 'NONE', #3881, 1000.000000000000227 ) ;
#400 = CARTESIAN_POINT ( 'NONE',  ( 4.222822763272201740, 1.371071533533629649, -4.240000000000001101 ) ) ;
#401 = LINE ( 'NONE', #3040, #5460 ) ;
#402 = LINE ( 'NONE', #1011, #2032 ) ;
#403 = CARTESIAN_POINT ( 'NONE',  ( -5.150000000000000355, 0.2145761423277614266, -3.380000000000000338 ) ) ;
#404 = AXIS2_PLACEMENT_3D ( 'NONE', #8360, #3821, #2425 ) ;
#405 = EDGE_LOOP ( 'NONE', ( #1605, #4372, #3837 ) ) ;
#406 = CARTESIAN_POINT ( 'NONE',  ( 4.589011388549212533, 0.2538042874631317170, 0.4299999999999998268 ) ) ;
#407 = DIRECTION ( 'NONE',  ( 0.9625750189617818808, 0.2710153738641505328, -0.000000000000000000 ) ) ;
#408 = EDGE_CURVE ( 'NONE', #2703, #873, #1308, .T. ) ;
#409 = DIRECTION ( 'NONE',  ( -0.000000000000000000, -0.000000000000000000, -1.000000000000000000 ) ) ;
#410 = ORIENTED_EDGE ( 'NONE', *, *, #5117, .T. ) ;
#411 = DIRECTION ( 'NONE',  ( -0.000000000000000000, -0.000000000000000000, -1.000000000000000000 ) ) ;
#412 = VERTEX_POINT ( 'NONE', #5784 ) ;
#413 = CARTESIAN_POINT ( 'NONE',  ( 5.150000000000000355, 0.2145761423277614266, -1.700000000000000622 ) ) ;
#414 = EDGE_LOOP ( 'NONE', ( #4067, #6636, #2858, #5907 ) ) ;
#415 = VECTOR ( 'NONE', #3480, 1000.000000000000000 ) ;
#416 = ORIENTED_EDGE ( 'NONE', *, *, #4461, .F. ) ;
#417 = LINE ( 'NONE', #5006, #4580 ) ;
#418 = EDGE_CURVE ( 'NONE', #2972, #429, #5744, .T. ) ;
#419 = CARTESIAN_POINT ( 'NONE',  ( 4.589011388549212533, 0.2538042874631317170, 1.700000000000000178 ) ) ;
#420 = DIRECTION ( 'NONE',  ( 1.000000000000000000, 0.000000000000000000, 0.000000000000000000 ) ) ;
#421 = ADVANCED_FACE ( 'NONE', ( #4485 ), #1137, .T. ) ;
#422 = CARTESIAN_POINT ( 'NONE',  ( -4.222822763272206181, 1.371071533533628317, -2.970000000000000639 ) ) ;
#423 = FACE_OUTER_BOUND ( 'NONE', #2686, .T. ) ;
#424 = VERTEX_POINT ( 'NONE', #5131 ) ;
#425 = DIRECTION ( 'NONE',  ( 1.120120665500548440E-15, -1.000000000000000000, 0.000000000000000000 ) ) ;
#426 = VECTOR ( 'NONE', #4070, 1000.000000000000000 ) ;
#427 = PLANE ( 'NONE',  #3840 ) ;
#428 = EDGE_CURVE ( 'NONE', #1596, #5933, #7207, .T. ) ;
#429 = VERTEX_POINT ( 'NONE', #4438 ) ;
#430 = EDGE_CURVE ( 'NONE', #1855, #2790, #460, .T. ) ;
#431 = CARTESIAN_POINT ( 'NONE',  ( 4.594243124080021445, 0.3286215912326184152, -0.4300000000000007150 ) ) ;
#432 = CARTESIAN_POINT ( 'NONE',  ( 3.749992964849198085, 1.582550057698988821, -1.700000000000000622 ) ) ;
#433 = CARTESIAN_POINT ( 'NONE',  ( 4.222822763272201740, 1.371071533533629649, -0.8400000000000005240 ) ) ;
#434 = AXIS2_PLACEMENT_3D ( 'NONE', #5868, #2477, #2565 ) ;
#435 = EDGE_LOOP ( 'NONE', ( #5848, #5541, #105, #3805 ) ) ;
#436 = EDGE_LOOP ( 'NONE', ( #4752, #8535, #5958, #1061 ) ) ;
#437 = VERTEX_POINT ( 'NONE', #3928 ) ;
#438 = EDGE_CURVE ( 'NONE', #4214, #794, #7116, .T. ) ;
#439 = DIRECTION ( 'NONE',  ( -0.2710153738641504773, -0.9625750189617817698, 0.000000000000000000 ) ) ;
#440 = VECTOR ( 'NONE', #439, 1000.000000000000227 ) ;
#441 = CARTESIAN_POINT ( 'NONE',  ( -5.134995374447882455, 0.000000000000000000, -4.650000000000000355 ) ) ;
#442 = LINE ( 'NONE', #1850, #5725 ) ;
#443 = LINE ( 'NONE', #2999, #1194 ) ;
#444 = ADVANCED_FACE ( 'NONE', ( #4570 ), #1174, .F. ) ;
#445 = LINE ( 'NONE', #3732, #8051 ) ;
#446 = VECTOR ( 'NONE', #157, 1000.000000000000227 ) ;
#447 = ORIENTED_EDGE ( 'NONE', *, *, #6556, .T. ) ;
#448 = DIRECTION ( 'NONE',  ( -0.000000000000000000, -0.000000000000000000, -1.000000000000000000 ) ) ;
#449 = CARTESIAN_POINT ( 'NONE',  ( -3.943579639192182018, 1.367449942301011800, 2.109999999999999876 ) ) ;
#450 = PRESENTATION_STYLE_ASSIGNMENT (( #3659 ) ) ;
#451 = MECHANICAL_DESIGN_GEOMETRIC_PRESENTATION_REPRESENTATION (  '', ( #4607 ), #1556 ) ;
#452 = ORIENTED_EDGE ( 'NONE', *, *, #8161, .T. ) ;
#453 = CARTESIAN_POINT ( 'NONE',  ( 3.469579648282761219, 2.500000000000000000, -4.869579648282763351 ) ) ;
#454 = ORIENTED_EDGE ( 'NONE', *, *, #5647, .T. ) ;
#455 = UNCERTAINTY_MEASURE_WITH_UNIT (LENGTH_MEASURE( 1.000000000000000082E-05 ), #8260, 'distance_accuracy_value', 'NONE');
#456 = DIRECTION ( 'NONE',  ( -0.000000000000000000, -0.000000000000000000, -1.000000000000000000 ) ) ;
#457 = ORIENTED_EDGE ( 'NONE', *, *, #8043, .T. ) ;
#458 = AXIS2_PLACEMENT_3D ( 'NONE', #6331, #5811, #4344 ) ;
#459 = ORIENTED_EDGE ( 'NONE', *, *, #2225, .T. ) ;
#460 = LINE ( 'NONE', #8453, #5132 ) ;
#461 = VECTOR ( 'NONE', #625, 1000.000000000000227 ) ;
#462 = DIRECTION ( 'NONE',  ( 1.000000000000000000, 1.120120665500548440E-15, 0.000000000000000000 ) ) ;
#463 = FACE_OUTER_BOUND ( 'NONE', #663, .T. ) ;
#464 = DIRECTION ( 'NONE',  ( -0.000000000000000000, -0.000000000000000000, -1.000000000000000000 ) ) ;
#465 = ORIENTED_EDGE ( 'NONE', *, *, #8350, .F. ) ;
#466 = LINE ( 'NONE', #1748, #5508 ) ;
#467 = DIRECTION ( 'NONE',  ( -1.000000000000000000, -1.120120665500548440E-15, -0.000000000000000000 ) ) ;
#468 =( BOUNDED_CURVE ( )  B_SPLINE_CURVE ( 3, ( #2684, #7917, #15, #6116 ),
 .UNSPECIFIED., .F., .F. ) 
 B_SPLINE_CURVE_WITH_KNOTS ( ( 4, 4 ),
 ( 3.141592653589793116, 3.151277835258261995 ),
 .UNSPECIFIED. ) 
 CURVE ( )  GEOMETRIC_REPRESENTATION_ITEM ( )  RATIONAL_B_SPLINE_CURVE ( ( 1.000000000000000000, 0.9999921831199466427, 0.9999921831199466427, 1.000000000000000000 ) ) 
 REPRESENTATION_ITEM ( '' )  );
#469 = PRESENTATION_LAYER_ASSIGNMENT (  '', '', ( #6278 ) ) ;
#470 = ADVANCED_FACE ( 'NONE', ( #500 ), #8538, .F. ) ;
#471 = VERTEX_POINT ( 'NONE', #2614 ) ;
#472 = CARTESIAN_POINT ( 'NONE',  ( -4.522049997657885179, 0.3082954381928062482, -2.970000000000000639 ) ) ;
#473 = LINE ( 'NONE', #8381, #3364 ) ;
#474 = DIRECTION ( 'NONE',  ( -2.016181479920678149E-15, -1.000000000000000000, -0.000000000000000000 ) ) ;
#475 = DIRECTION ( 'NONE',  ( -1.000000000000000000, 0.000000000000000000, 0.000000000000000000 ) ) ;
#476 = ORIENTED_EDGE ( 'NONE', *, *, #6110, .T. ) ;
#477 = ADVANCED_FACE ( 'NONE', ( #5267 ), #7797, .T. ) ;
#478 = EDGE_CURVE ( 'NONE', #5467, #8441, #7892, .T. ) ;
#479 = EDGE_LOOP ( 'NONE', ( #7678, #4205, #5733, #3126 ) ) ;
#480 = ORIENTED_EDGE ( 'NONE', *, *, #515, .F. ) ;
#481 = FACE_OUTER_BOUND ( 'NONE', #6859, .T. ) ;
#482 = FACE_OUTER_BOUND ( 'NONE', #2332, .T. ) ;
#483 = CARTESIAN_POINT ( 'NONE',  ( 5.134995374447882455, 0.000000000000000000, -4.240000000000001101 ) ) ;
#484 = EDGE_CURVE ( 'NONE', #4802, #1000, #6472, .T. ) ;
#485 = DIRECTION ( 'NONE',  ( 0.000000000000000000, -0.000000000000000000, 1.000000000000000000 ) ) ;
#486 = EDGE_CURVE ( 'NONE', #8410, #1712, #7165, .T. ) ;
#487 = DIRECTION ( 'NONE',  ( 0.06975647374412763391, -0.9975640502598240866, 0.000000000000000000 ) ) ;
#488 = VERTEX_POINT ( 'NONE', #4753 ) ;
#489 = ORIENTED_EDGE ( 'NONE', *, *, #7727, .T. ) ;
#490 = DIRECTION ( 'NONE',  ( 1.000000000000000000, 0.000000000000000000, 0.000000000000000000 ) ) ;
#491 = ADVANCED_FACE ( 'NONE', ( #2791 ), #5959, .F. ) ;
#492 = CYLINDRICAL_SURFACE ( 'NONE', #404, 0.2999999999999999334 ) ;
#493 = ORIENTED_EDGE ( 'NONE', *, *, #7772, .F. ) ;
#494 = CARTESIAN_POINT ( 'NONE',  ( 3.943579639192182018, 1.292449942301011845, -0.8400000000000005240 ) ) ;
#495 = ORIENTED_EDGE ( 'NONE', *, *, #8388, .T. ) ;
#496 = PLANE ( 'NONE',  #5144 ) ;
#497 = ORIENTED_EDGE ( 'NONE', *, *, #1838, .T. ) ;
#498 = VECTOR ( 'NONE', #194, 1000.000000000000114 ) ;
#499 = ORIENTED_EDGE ( 'NONE', *, *, #2528, .T. ) ;
#500 = FACE_OUTER_BOUND ( 'NONE', #6581, .T. ) ;
#501 = EDGE_CURVE ( 'NONE', #8410, #8363, #6773, .T. ) ;
#502 = LINE ( 'NONE', #8539, #4291 ) ;
#503 = DIRECTION ( 'NONE',  ( -0.000000000000000000, -0.000000000000000000, -1.000000000000000000 ) ) ;
#504 = DIRECTION ( 'NONE',  ( -0.000000000000000000, -0.000000000000000000, -1.000000000000000000 ) ) ;
#505 = AXIS2_PLACEMENT_3D ( 'NONE', #1111, #5103, #4254 ) ;
#506 = ORIENTED_EDGE ( 'NONE', *, *, #3431, .T. ) ;
#507 = FACE_OUTER_BOUND ( 'NONE', #8479, .T. ) ;
#508 = DIRECTION ( 'NONE',  ( -0.06975647374412764778, 0.9975640502598241977, 0.000000000000000000 ) ) ;
#509 = AXIS2_PLACEMENT_3D ( 'NONE', #5965, #82, #1273 ) ;
#510 = VERTEX_POINT ( 'NONE', #2137 ) ;
#511 = AXIS2_PLACEMENT_3D ( 'NONE', #7813, #4456, #7006 ) ;
#512 = DIRECTION ( 'NONE',  ( -1.000000000000000000, 0.000000000000000000, 0.000000000000000000 ) ) ;
#513 = AXIS2_PLACEMENT_3D ( 'NONE', #1093, #1734, #8283 ) ;
#514 = CARTESIAN_POINT ( 'NONE',  ( -4.522049997657885179, 0.3082954381928062482, 0.8399999999999996358 ) ) ;
#515 = EDGE_CURVE ( 'NONE', #6703, #1165, #2003, .T. ) ;
#516 = CARTESIAN_POINT ( 'NONE',  ( -2.636643502869150169, 2.600000000000000089, -4.369579648282762463 ) ) ;
#517 = DIRECTION ( 'NONE',  ( 1.000000000000000000, -1.120120665500548440E-15, 0.000000000000000000 ) ) ;
#518 = ORIENTED_EDGE ( 'NONE', *, *, #4654, .F. ) ;
#519 = AXIS2_PLACEMENT_3D ( 'NONE', #3190, #3968, #2663 ) ;
#520 = VECTOR ( 'NONE', #8420, 1000.000000000000000 ) ;
#521 = ORIENTED_EDGE ( 'NONE', *, *, #1969, .F. ) ;
#522 = FACE_OUTER_BOUND ( 'NONE', #5898, .T. ) ;
#523 = EDGE_CURVE ( 'NONE', #3845, #1997, #2228, .T. ) ;
#524 = COLOUR_RGB ( '',0.8000000000000000444, 0.8078431372549019773, 0.8000000000000000444 ) ;
#525 = LINE ( 'NONE', #8351, #7704 ) ;
#526 = ADVANCED_FACE ( 'NONE', ( #4708 ), #844, .F. ) ;
#527 = AXIS2_PLACEMENT_3D ( 'NONE', #6655, #3974, #7902 ) ;
#528 = AXIS2_PLACEMENT_3D ( 'NONE', #6070, #8086, #4857 ) ;
#529 = CARTESIAN_POINT ( 'NONE',  ( 5.150000000000000355, 0.2145761423277614266, -0.4300000000000007150 ) ) ;
#530 = CARTESIAN_POINT ( 'NONE',  ( -3.749992964849197641, 1.367449942301012022, -0.8400000000000005240 ) ) ;
#531 = VERTEX_POINT ( 'NONE', #5401 ) ;
#532 = CARTESIAN_POINT ( 'NONE',  ( 3.749997654931400248, 1.367483313969922953, 5.000968516274154396 ) ) ;
#533 = ORIENTED_EDGE ( 'NONE', *, *, #5576, .F. ) ;
#534 = ORIENTED_EDGE ( 'NONE', *, *, #7238, .T. ) ;
#535 = AXIS2_PLACEMENT_3D ( 'NONE', #7482, #4973, #1028 ) ;
#536 = CARTESIAN_POINT ( 'NONE',  ( -4.015772765614322282, 1.312776095340825622, -1.700000000000000622 ) ) ;
#537 = DIRECTION ( 'NONE',  ( -1.000000000000000000, -1.120120665500546074E-15, 0.000000000000000000 ) ) ;
#538 = VERTEX_POINT ( 'NONE', #4058 ) ;
#539 = DIRECTION ( 'NONE',  ( -0.000000000000000000, -0.000000000000000000, -1.000000000000000000 ) ) ;
#540 = AXIS2_PLACEMENT_3D ( 'NONE', #122, #6011, #2005 ) ;
#541 = CARTESIAN_POINT ( 'NONE',  ( 4.315000000000000391, 0.2500000000000000000, -2.970000000000000639 ) ) ;
#542 = ORIENTED_EDGE ( 'NONE', *, *, #4328, .F. ) ;
#543 = ORIENTED_EDGE ( 'NONE', *, *, #1415, .F. ) ;
#544 = DIRECTION ( 'NONE',  ( 0.7036407875340299212, 0.7036407875340234819, 0.09889026361067825011 ) ) ;
#545 = CARTESIAN_POINT ( 'NONE',  ( 3.749992964849198085, 1.582550057698988821, -4.650000000000000355 ) ) ;
#546 = CARTESIAN_POINT ( 'NONE',  ( 4.315000000000000391, 0.2500000000000000000, 3.379999999999999449 ) ) ;
#547 = EDGE_LOOP ( 'NONE', ( #6253, #5429, #6799, #4830, #7064, #7983, #1940, #2799, #8429, #4424, #534, #1364 ) ) ;
#548 = DIRECTION ( 'NONE',  ( -0.000000000000000000, -0.000000000000000000, -1.000000000000000000 ) ) ;
#549 = DIRECTION ( 'NONE',  ( 1.000000000000000000, 1.120120665500546074E-15, 0.000000000000000000 ) ) ;
#550 = VERTEX_POINT ( 'NONE', #1358 ) ;
#551 = EDGE_CURVE ( 'NONE', #2972, #3498, #730, .T. ) ;
#552 = DIRECTION ( 'NONE',  ( 0.000000000000000000, -0.000000000000000000, 1.000000000000000000 ) ) ;
#553 = ORIENTED_EDGE ( 'NONE', *, *, #5556, .T. ) ;
#554 = CARTESIAN_POINT ( 'NONE',  ( -3.943579639192182018, 1.367449942301015131, 2.109999999999999876 ) ) ;
#555 = VECTOR ( 'NONE', #8208, 1000.000000000000000 ) ;
#556 = FACE_OUTER_BOUND ( 'NONE', #7682, .T. ) ;
#557 = CARTESIAN_POINT ( 'NONE',  ( -3.677228076533666012, 2.100299140872006198, -5.070243076306391039 ) ) ;
#558 = EDGE_LOOP ( 'NONE', ( #4353, #3247, #2057, #1104 ) ) ;
#559 = EDGE_CURVE ( 'NONE', #7409, #8064, #7590, .T. ) ;
#560 = ORIENTED_EDGE ( 'NONE', *, *, #7715, .T. ) ;
#561 = VERTEX_POINT ( 'NONE', #7424 ) ;
#562 = CARTESIAN_POINT ( 'NONE',  ( -4.015772765614322282, 1.312776095340825622, -3.380000000000000338 ) ) ;
#563 = VECTOR ( 'NONE', #7992, 1000.000000000000000 ) ;
#564 = DIRECTION ( 'NONE',  ( -1.000000000000000000, 0.000000000000000000, 0.000000000000000000 ) ) ;
#565 =( NAMED_UNIT ( * ) SI_UNIT ( $, .STERADIAN. ) SOLID_ANGLE_UNIT ( ) );
#566 = CARTESIAN_POINT ( 'NONE',  ( -4.222822763272206181, 1.371071533533628317, 0.8399999999999996358 ) ) ;
#567 = VERTEX_POINT ( 'NONE', #5312 ) ;
#569 = PRESENTATION_STYLE_ASSIGNMENT (( #2506 ) ) ;
#568 =( GEOMETRIC_REPRESENTATION_CONTEXT ( 3 ) GLOBAL_UNCERTAINTY_ASSIGNED_CONTEXT ( ( #4272 ) ) GLOBAL_UNIT_ASSIGNED_CONTEXT ( ( #2067, #4724, #3287 ) ) REPRESENTATION_CONTEXT ( 'NONE', 'WORKASPACE' ) );
#570 = VECTOR ( 'NONE', #241, 1000.000000000000000 ) ;
#571 = ADVANCED_FACE ( 'NONE', ( #4787 ), #6050, .T. ) ;
#572 = ORIENTED_EDGE ( 'NONE', *, *, #164, .F. ) ;
#573 = ORIENTED_EDGE ( 'NONE', *, *, #6079, .T. ) ;
#574 = DIRECTION ( 'NONE',  ( -0.000000000000000000, -0.000000000000000000, -1.000000000000000000 ) ) ;
#575 = CARTESIAN_POINT ( 'NONE',  ( -4.594243124080021445, 0.3286215912326184152, 2.109999999999999876 ) ) ;
#576 = LINE ( 'NONE', #8209, #2813 ) ;
#577 = VERTEX_POINT ( 'NONE', #3965 ) ;
#578 = LINE ( 'NONE', #3221, #3830 ) ;
#579 = CIRCLE ( 'NONE', #7072, 0.1500000000000002165 ) ;
#580 = DIRECTION ( 'NONE',  ( -0.000000000000000000, -0.000000000000000000, -1.000000000000000000 ) ) ;
#581 = EDGE_LOOP ( 'NONE', ( #4271, #5062, #7274, #8001 ) ) ;
#582 = EDGE_CURVE ( 'NONE', #1380, #6678, #1488, .T. ) ;
#583 = EDGE_CURVE ( 'NONE', #7912, #7702, #8021, .T. ) ;
#584 = ORIENTED_EDGE ( 'NONE', *, *, #5485, .T. ) ;
#585 = CARTESIAN_POINT ( 'NONE',  ( -4.589011388549212533, 0.2538042874631301071, 3.379999999999999449 ) ) ;
#586 = CIRCLE ( 'NONE', #5845, 0.2901001153979764768 ) ;
#587 = DIRECTION ( 'NONE',  ( -0.9975640502598241977, 0.06975647374412528856, -0.000000000000000000 ) ) ;
#588 = DIRECTION ( 'NONE',  ( -0.9975640502598241977, -0.06975647374412528856, 0.000000000000000000 ) ) ;
#589 = DIRECTION ( 'NONE',  ( 1.000000000000000000, 0.000000000000000000, 0.000000000000000000 ) ) ;
#590 = AXIS2_PLACEMENT_3D ( 'NONE', #5471, #5514, #6115 ) ;
#591 = ORIENTED_EDGE ( 'NONE', *, *, #5002, .T. ) ;
#592 = DIRECTION ( 'NONE',  ( 0.000000000000000000, -0.1391731009600622737, -0.9902680687415706950 ) ) ;
#593 = ORIENTED_EDGE ( 'NONE', *, *, #2920, .F. ) ;
#594 = CARTESIAN_POINT ( 'NONE',  ( 5.150000000000000355, 0.2145761423277614266, 2.109999999999999876 ) ) ;
#595 = VERTEX_POINT ( 'NONE', #4835 ) ;
#596 = STYLED_ITEM ( 'NONE', ( #569 ), #5402 ) ;
#597 = EDGE_CURVE ( 'NONE', #3842, #4198, #2092, .T. ) ;
#598 = FACE_OUTER_BOUND ( 'NONE', #6588, .T. ) ;
#599 = VECTOR ( 'NONE', #71, 1000.000000000000000 ) ;
#600 = ORIENTED_EDGE ( 'NONE', *, *, #4534, .T. ) ;
#601 = CARTESIAN_POINT ( 'NONE',  ( 4.315000000000000391, 0.2500000000000000000, 0.8399999999999996358 ) ) ;
#602 =( NAMED_UNIT ( * ) PLANE_ANGLE_UNIT ( ) SI_UNIT ( $, .RADIAN. ) );
#603 = ADVANCED_FACE ( 'NONE', ( #7383 ), #7469, .F. ) ;
#604 = DIRECTION ( 'NONE',  ( 0.000000000000000000, 0.000000000000000000, 1.000000000000000000 ) ) ;
#605 = CARTESIAN_POINT ( 'NONE',  ( -4.589011388549212533, 0.2538042874631317170, 1.700000000000000178 ) ) ;
#606 = VECTOR ( 'NONE', #1808, 1000.000000000000000 ) ;
#607 = CARTESIAN_POINT ( 'NONE',  ( -3.943579639192182018, 1.292449942301011845, -4.650000000000000355 ) ) ;
#608 = VERTEX_POINT ( 'NONE', #3449 ) ;
#609 = ORIENTED_EDGE ( 'NONE', *, *, #6491, .F. ) ;
#610 = VECTOR ( 'NONE', #1682, 1000.000000000000000 ) ;
#611 = CARTESIAN_POINT ( 'NONE',  ( -5.150000000000000355, 0.2145761423277614266, -2.110000000000000320 ) ) ;
#612 = DIRECTION ( 'NONE',  ( 1.000000000000000000, 0.000000000000000000, 0.000000000000000000 ) ) ;
#613 = DIRECTION ( 'NONE',  ( -0.9975640502598241977, -0.06975647374412544122, 0.000000000000000000 ) ) ;
#614 = ORIENTED_EDGE ( 'NONE', *, *, #1926, .T. ) ;
#615 = CARTESIAN_POINT ( 'NONE',  ( -3.634753883400412278, 2.185489192905979206, 4.928687866222430713 ) ) ;
#616 = DIRECTION ( 'NONE',  ( -1.000000000000000000, 0.000000000000000000, 0.000000000000000000 ) ) ;
#617 = VERTEX_POINT ( 'NONE', #6093 ) ;
#618 = EDGE_LOOP ( 'NONE', ( #2077, #2281, #5813, #6749 ) ) ;
#619 = VERTEX_POINT ( 'NONE', #206 ) ;
#620 = LINE ( 'NONE', #7194, #6136 ) ;
#621 = ORIENTED_EDGE ( 'NONE', *, *, #6529, .T. ) ;
#622 = ORIENTED_EDGE ( 'NONE', *, *, #3226, .T. ) ;
#623 = CARTESIAN_POINT ( 'NONE',  ( 3.507790025727649752, 3.305913517396946055, -4.759249815416414897 ) ) ;
#624 = FACE_OUTER_BOUND ( 'NONE', #6759, .T. ) ;
#625 = DIRECTION ( 'NONE',  ( -0.2710153738641504773, -0.9625750189617817698, 0.000000000000000000 ) ) ;
#626 = ORIENTED_EDGE ( 'NONE', *, *, #6189, .T. ) ;
#627 = DIRECTION ( 'NONE',  ( -0.000000000000000000, -0.000000000000000000, -1.000000000000000000 ) ) ;
#628 = ADVANCED_FACE ( 'NONE', ( #2837 ), #6600, .T. ) ;
#629 = FACE_OUTER_BOUND ( 'NONE', #5086, .T. ) ;
#630 = ORIENTED_EDGE ( 'NONE', *, *, #8494, .F. ) ;
#631 = ORIENTED_EDGE ( 'NONE', *, *, #582, .T. ) ;
#632 = DIRECTION ( 'NONE',  ( 0.9975640502598241977, -0.06975647374412544122, -0.000000000000000000 ) ) ;
#633 = DIRECTION ( 'NONE',  ( 1.000000000000000000, 0.000000000000000000, 0.000000000000000000 ) ) ;
#634 = CARTESIAN_POINT ( 'NONE',  ( 4.222822763272201740, 1.371071533533629649, 4.649999999999999467 ) ) ;
#635 = DIRECTION ( 'NONE',  ( -0.000000000000000000, -0.000000000000000000, -1.000000000000000000 ) ) ;
#636 = ADVANCED_FACE ( 'NONE', ( #5492 ), #974, .T. ) ;
#637 = VERTEX_POINT ( 'NONE', #1051 ) ;
#638 = CARTESIAN_POINT ( 'NONE',  ( 3.749992964849197641, 1.367449942301012022, 0.8399999999999996358 ) ) ;
#639 = EDGE_CURVE ( 'NONE', #1854, #4462, #1576, .T. ) ;
#640 = VERTEX_POINT ( 'NONE', #2343 ) ;
#641 = VERTEX_POINT ( 'NONE', #8150 ) ;
#642 = CARTESIAN_POINT ( 'NONE',  ( 4.315000000000000391, 0.2500000000000000000, 2.969999999999999751 ) ) ;
#643 = DIRECTION ( 'NONE',  ( -1.000000000000000000, 0.000000000000000000, 0.000000000000000000 ) ) ;
#644 = EDGE_CURVE ( 'NONE', #5239, #7921, #2264, .T. ) ;
#645 = AXIS2_PLACEMENT_3D ( 'NONE', #4999, #1616, #4222 ) ;
#646 = DIRECTION ( 'NONE',  ( 0.000000000000000000, 1.000000000000000000, 0.000000000000000000 ) ) ;
#647 = DIRECTION ( 'NONE',  ( -1.000000000000000000, 0.000000000000000000, 0.000000000000000000 ) ) ;
#648 = EDGE_CURVE ( 'NONE', #7023, #6499, #2302, .T. ) ;
#649 = LINE ( 'NONE', #5324, #7911 ) ;
#650 = DIRECTION ( 'NONE',  ( 0.000000000000000000, 0.000000000000000000, 1.000000000000000000 ) ) ;
#651 = CARTESIAN_POINT ( 'NONE',  ( -2.636643502869150169, 2.649999999999999911, -4.369579648282762463 ) ) ;
#652 = ORIENTED_EDGE ( 'NONE', *, *, #3122, .F. ) ;
#653 = VECTOR ( 'NONE', #7943, 1000.000000000000000 ) ;
#654 = ORIENTED_EDGE ( 'NONE', *, *, #8438, .T. ) ;
#655 = DIRECTION ( 'NONE',  ( 0.000000000000000000, 7.228014483236697541E-16, 1.000000000000000000 ) ) ;
#656 = DIRECTION ( 'NONE',  ( -1.000000000000000000, -1.120120665500546074E-15, 0.000000000000000000 ) ) ;
#657 = CARTESIAN_POINT ( 'NONE',  ( -3.677228076533665568, 2.100299140872006198, -4.928687866222428937 ) ) ;
#658 = EDGE_LOOP ( 'NONE', ( #8237, #5337, #6444, #4014 ) ) ;
#659 = CARTESIAN_POINT ( 'NONE',  ( -4.589011388549212533, 0.2538042874631317170, -0.8400000000000005240 ) ) ;
#660 = AXIS2_PLACEMENT_3D ( 'NONE', #6109, #179, #6153 ) ;
#661 = CARTESIAN_POINT ( 'NONE',  ( -3.943579639192182018, 1.292449942301011845, 3.379999999999999449 ) ) ;
#662 = AXIS2_PLACEMENT_3D ( 'NONE', #6767, #8060, #2133 ) ;
#663 = EDGE_LOOP ( 'NONE', ( #2637, #4186, #2657, #8403, #2747, #3305, #1117 ) ) ;
#664 = CARTESIAN_POINT ( 'NONE',  ( -2.636643502869150169, 2.649999999999999911, -4.369579648282762463 ) ) ;
#665 = EDGE_CURVE ( 'NONE', #3317, #3110, #2386, .T. ) ;
#666 = ORIENTED_EDGE ( 'NONE', *, *, #3334, .T. ) ;
#667 = ORIENTED_EDGE ( 'NONE', *, *, #3926, .F. ) ;
#668 = CIRCLE ( 'NONE', #4122, 0.2901001153979786418 ) ;
#669 = VECTOR ( 'NONE', #6495, 1000.000000000000000 ) ;
#670 = DIRECTION ( 'NONE',  ( -1.120120665500546074E-15, 1.000000000000000000, 0.000000000000000000 ) ) ;
#671 = CARTESIAN_POINT ( 'NONE',  ( -3.943579639192182018, 1.367449942301015131, -4.240000000000001101 ) ) ;
#672 = CARTESIAN_POINT ( 'NONE',  ( -4.222822763272206181, 1.371071533533628317, -0.4300000000000007150 ) ) ;
#673 = ORIENTED_EDGE ( 'NONE', *, *, #2966, .F. ) ;
#674 = CARTESIAN_POINT ( 'NONE',  ( -4.594243124080021445, 0.3286215912326184152, -4.240000000000001101 ) ) ;
#675 = ORIENTED_EDGE ( 'NONE', *, *, #4987, .T. ) ;
#676 = CARTESIAN_POINT ( 'NONE',  ( -3.749992964849197641, 1.367449942301012022, 1.700000000000000178 ) ) ;
#677 = MECHANICAL_DESIGN_GEOMETRIC_PRESENTATION_REPRESENTATION (  '', ( #2739 ), #5779 ) ;
#678 = EDGE_LOOP ( 'NONE', ( #1615, #5946, #4786, #3767 ) ) ;
#679 = AXIS2_PLACEMENT_3D ( 'NONE', #837, #6165, #2830 ) ;
#680 = ORIENTED_EDGE ( 'NONE', *, *, #2749, .T. ) ;
#681 = CARTESIAN_POINT ( 'NONE',  ( 3.469579648282761664, 0.4500000000000000111, -4.869579648282762463 ) ) ;
#682 = EDGE_CURVE ( 'NONE', #8006, #7617, #7588, .T. ) ;
#683 = FACE_OUTER_BOUND ( 'NONE', #2342, .T. ) ;
#684 = FACE_OUTER_BOUND ( 'NONE', #1606, .T. ) ;
#685 = CARTESIAN_POINT ( 'NONE',  ( 3.600484260976132944, 1.367500000000020810, -5.149999999999999467 ) ) ;
#686 = VECTOR ( 'NONE', #1547, 1000.000000000000000 ) ;
#687 = ORIENTED_EDGE ( 'NONE', *, *, #5033, .T. ) ;
#688 = DIRECTION ( 'NONE',  ( -0.06975647374412530244, -0.9975640502598243087, 0.000000000000000000 ) ) ;
#689 = ORIENTED_EDGE ( 'NONE', *, *, #295, .F. ) ;
#690 = ORIENTED_EDGE ( 'NONE', *, *, #3116, .F. ) ;
#691 = DIRECTION ( 'NONE',  ( -0.000000000000000000, -0.000000000000000000, -1.000000000000000000 ) ) ;
#692 = ORIENTED_EDGE ( 'NONE', *, *, #164, .T. ) ;
#693 = AXIS2_PLACEMENT_3D ( 'NONE', #244, #2886, #8154 ) ;
#694 = DIRECTION ( 'NONE',  ( 0.2710153738641577492, -0.9625750189617798824, 0.000000000000000000 ) ) ;
#695 = EDGE_CURVE ( 'NONE', #801, #3110, #8231, .T. ) ;
#696 = EDGE_CURVE ( 'NONE', #6845, #4663, #4369, .T. ) ;
#697 = CARTESIAN_POINT ( 'NONE',  ( 5.150000000000000355, 0.2145761423277614266, -0.4300000000000007150 ) ) ;
#698 = DIRECTION ( 'NONE',  ( -0.2710153738641504773, -0.9625750189617817698, 0.000000000000000000 ) ) ;
#699 = FACE_OUTER_BOUND ( 'NONE', #2656, .T. ) ;
#700 = VERTEX_POINT ( 'NONE', #6904 ) ;
#701 = EDGE_CURVE ( 'NONE', #4320, #4462, #2712, .T. ) ;
#702 = EDGE_CURVE ( 'NONE', #8027, #7443, #4181, .T. ) ;
#703 = AXIS2_PLACEMENT_3D ( 'NONE', #3188, #1140, #3790 ) ;
#704 = ORIENTED_EDGE ( 'NONE', *, *, #3711, .F. ) ;
#705 =( BOUNDED_CURVE ( )  B_SPLINE_CURVE ( 3, ( #7645, #7680, #8461, #7725 ),
 .UNSPECIFIED., .F., .T. ) 
 B_SPLINE_CURVE_WITH_KNOTS ( ( 4, 4 ),
 ( 5.507472325450608608, 7.058898288908564744 ),
 .UNSPECIFIED. ) 
 CURVE ( )  GEOMETRIC_REPRESENTATION_ITEM ( )  RATIONAL_B_SPLINE_CURVE ( ( 1.000000000000000000, 0.8092813118237103254, 0.8092813118237103254, 1.000000000000000000 ) ) 
 REPRESENTATION_ITEM ( '' )  );
#706 = DIRECTION ( 'NONE',  ( -0.000000000000000000, -0.000000000000000000, -1.000000000000000000 ) ) ;
#707 = DIRECTION ( 'NONE',  ( -2.016181479920678149E-15, -1.000000000000000000, -0.000000000000000000 ) ) ;
#708 = CARTESIAN_POINT ( 'NONE',  ( 3.749992964849198085, 1.582550057698988821, 2.109999999999999876 ) ) ;
#709 = ORIENTED_EDGE ( 'NONE', *, *, #3431, .F. ) ;
#710 = LINE ( 'NONE', #3424, #8205 ) ;
#711 = DIRECTION ( 'NONE',  ( 1.000000000000000000, 0.000000000000000000, 0.000000000000000000 ) ) ;
#712 = CIRCLE ( 'NONE', #1107, 0.2999999999999999334 ) ;
#713 = ORIENTED_EDGE ( 'NONE', *, *, #5192, .T. ) ;
#714 = VERTEX_POINT ( 'NONE', #361 ) ;
#715 = EDGE_CURVE ( 'NONE', #4738, #5211, #5692, .T. ) ;
#716 = ORIENTED_EDGE ( 'NONE', *, *, #3069, .F. ) ;
#717 = ORIENTED_EDGE ( 'NONE', *, *, #5461, .F. ) ;
#718 = LINE ( 'NONE', #6715, #1379 ) ;
#719 = CARTESIAN_POINT ( 'NONE',  ( 5.150000000000000355, 0.2145761423277614266, 2.109999999999999876 ) ) ;
#720 = EDGE_CURVE ( 'NONE', #867, #8234, #6853, .T. ) ;
#721 =( GEOMETRIC_REPRESENTATION_CONTEXT ( 3 ) GLOBAL_UNCERTAINTY_ASSIGNED_CONTEXT ( ( #7112 ) ) GLOBAL_UNIT_ASSIGNED_CONTEXT ( ( #6792, #7396, #303 ) ) REPRESENTATION_CONTEXT ( 'NONE', 'WORKASPACE' ) );
#722 = FACE_OUTER_BOUND ( 'NONE', #7188, .T. ) ;
#723 = VERTEX_POINT ( 'NONE', #888 ) ;
#724 = CARTESIAN_POINT ( 'NONE',  ( -4.222822763272207958, 1.371071533533628761, 2.109999999999999876 ) ) ;
#725 = ORIENTED_EDGE ( 'NONE', *, *, #5872, .T. ) ;
#726 = VECTOR ( 'NONE', #4919, 1000.000000000000227 ) ;
#727 = CARTESIAN_POINT ( 'NONE',  ( 3.599999999999999201, -12.74127152210484937, 5.000000000000000000 ) ) ;
#728 = VERTEX_POINT ( 'NONE', #1697 ) ;
#729 = ORIENTED_EDGE ( 'NONE', *, *, #6889, .T. ) ;
#730 = LINE ( 'NONE', #6689, #304 ) ;
#731 = CARTESIAN_POINT ( 'NONE',  ( 4.594243124080021445, 0.3286215912326184152, 0.8399999999999996358 ) ) ;
#732 = CARTESIAN_POINT ( 'NONE',  ( 3.749992964849197641, 1.367449942301012022, 1.700000000000000178 ) ) ;
#733 = VECTOR ( 'NONE', #4133, 1000.000000000000227 ) ;
#734 = ORIENTED_EDGE ( 'NONE', *, *, #8362, .F. ) ;
#735 = CARTESIAN_POINT ( 'NONE',  ( 4.522049997657887843, 0.3082954381928066367, 3.379999999999999449 ) ) ;
#736 = EDGE_LOOP ( 'NONE', ( #2641, #2652, #1341, #6054 ) ) ;
#737 = CARTESIAN_POINT ( 'NONE',  ( -4.522049997657885179, 0.3082954381928062482, 4.240000000000000213 ) ) ;
#738 = VECTOR ( 'NONE', #1171, 1000.000000000000227 ) ;
#739 = DIRECTION ( 'NONE',  ( -0.000000000000000000, -0.000000000000000000, -1.000000000000000000 ) ) ;
#740 = DIRECTION ( 'NONE',  ( 0.000000000000000000, 0.000000000000000000, 1.000000000000000000 ) ) ;
#741 = PLANE ( 'NONE',  #1806 ) ;
#742 = DIRECTION ( 'NONE',  ( -2.891205793294679017E-15, 0.000000000000000000, 1.000000000000000000 ) ) ;
#743 = FACE_OUTER_BOUND ( 'NONE', #6367, .T. ) ;
#744 = EDGE_CURVE ( 'NONE', #577, #5110, #928, .T. ) ;
#745 = ORIENTED_EDGE ( 'NONE', *, *, #701, .T. ) ;
#746 = AXIS2_PLACEMENT_3D ( 'NONE', #5305, #8530, #5393 ) ;
#747 = ORIENTED_EDGE ( 'NONE', *, *, #6000, .T. ) ;
#748 = VECTOR ( 'NONE', #6309, 1000.000000000000000 ) ;
#749 = CARTESIAN_POINT ( 'NONE',  ( -5.150000000000000355, 0.2145761423277614266, 0.8399999999999996358 ) ) ;
#750 = EDGE_CURVE ( 'NONE', #2916, #5447, #8230, .T. ) ;
#751 = LINE ( 'NONE', #4322, #1072 ) ;
#752 = EDGE_CURVE ( 'NONE', #2955, #5199, #6943, .T. ) ;
#753 = ORIENTED_EDGE ( 'NONE', *, *, #4571, .F. ) ;
#754 = EDGE_LOOP ( 'NONE', ( #609, #4459, #5384, #36, #224, #81 ) ) ;
#755 = ORIENTED_EDGE ( 'NONE', *, *, #1886, .F. ) ;
#756 = VECTOR ( 'NONE', #6630, 1000.000000000000227 ) ;
#757 = VERTEX_POINT ( 'NONE', #2927 ) ;
#758 = ORIENTED_EDGE ( 'NONE', *, *, #1202, .T. ) ;
#759 = CARTESIAN_POINT ( 'NONE',  ( -3.943579639192182018, 1.367449942301011800, -1.700000000000000622 ) ) ;
#760 = EDGE_CURVE ( 'NONE', #2955, #4899, #3530, .T. ) ;
#761 = EDGE_CURVE ( 'NONE', #5025, #3845, #6217, .T. ) ;
#762 = PLANE ( 'NONE',  #746 ) ;
#763 = ORIENTED_EDGE ( 'NONE', *, *, #8252, .F. ) ;
#764 = FACE_OUTER_BOUND ( 'NONE', #7328, .T. ) ;
#765 = ORIENTED_EDGE ( 'NONE', *, *, #6340, .F. ) ;
#766 = CARTESIAN_POINT ( 'NONE',  ( -4.522049997657885179, 0.3082954381928062482, -0.4300000000000007150 ) ) ;
#767 = ORIENTED_EDGE ( 'NONE', *, *, #2938, .F. ) ;
#768 = ORIENTED_EDGE ( 'NONE', *, *, #2056, .F. ) ;
#769 = DIRECTION ( 'NONE',  ( 0.000000000000000000, 1.000000000000000000, 0.000000000000000000 ) ) ;
#770 = EDGE_CURVE ( 'NONE', #2396, #7912, #6981, .T. ) ;
#771 = CARTESIAN_POINT ( 'NONE',  ( -3.943579639192182018, 1.292449942301011845, -2.110000000000000320 ) ) ;
#772 = CARTESIAN_POINT ( 'NONE',  ( 3.749992964849197641, 1.367449942301012022, -1.700000000000000622 ) ) ;
#773 = VERTEX_POINT ( 'NONE', #3734 ) ;
#774 = CARTESIAN_POINT ( 'NONE',  ( 3.599972658955195914, 0.2999999999999999889, 0.000000000000000000 ) ) ;
#775 = ORIENTED_EDGE ( 'NONE', *, *, #1094, .F. ) ;
#776 = ORIENTED_EDGE ( 'NONE', *, *, #5770, .T. ) ;
#777 = CARTESIAN_POINT ( 'NONE',  ( 4.315000000000000391, 0.2500000000000000000, -2.110000000000000320 ) ) ;
#778 = FACE_OUTER_BOUND ( 'NONE', #6519, .T. ) ;
#779 = ADVANCED_FACE ( 'NONE', ( #1727 ), #1089, .T. ) ;
#780 = CARTESIAN_POINT ( 'NONE',  ( -3.108111041950426312, 2.649999999999999911, 4.869579648282763351 ) ) ;
#781 = CARTESIAN_POINT ( 'NONE',  ( 4.315000000000000391, 0.2500000000000000000, -4.650000000000000355 ) ) ;
#782 = CYLINDRICAL_SURFACE ( 'NONE', #4249, 0.2901001153979782532 ) ;
#783 = VECTOR ( 'NONE', #7661, 1000.000000000000227 ) ;
#784 = ORIENTED_EDGE ( 'NONE', *, *, #5024, .T. ) ;
#785 = ADVANCED_FACE ( 'NONE', ( #8179 ), #5606, .F. ) ;
#786 = CYLINDRICAL_SURFACE ( 'NONE', #5847, 0.07500000000000041356 ) ;
#787 = DIRECTION ( 'NONE',  ( -1.000000000000000000, 1.120120665500548440E-15, 0.000000000000000000 ) ) ;
#788 = VECTOR ( 'NONE', #2764, 1000.000000000000114 ) ;
#789 = CARTESIAN_POINT ( 'NONE',  ( -4.015772765614322282, 1.312776095340825622, -0.4300000000000007150 ) ) ;
#790 = VERTEX_POINT ( 'NONE', #4126 ) ;
#791 = LINE ( 'NONE', #3476, #2660 ) ;
#792 = VECTOR ( 'NONE', #5041, 1000.000000000000000 ) ;
#793 = ORIENTED_EDGE ( 'NONE', *, *, #2201, .F. ) ;
#794 = VERTEX_POINT ( 'NONE', #1649 ) ;
#795 = ADVANCED_FACE ( 'NONE', ( #3477 ), #2291, .F. ) ;
#796 = ADVANCED_FACE ( 'NONE', ( #2209 ), #4947, .T. ) ;
#797 = DIRECTION ( 'NONE',  ( -0.1378445374916254795, -0.9808148484639900300, -0.1378445374916254795 ) ) ;
#798 = CARTESIAN_POINT ( 'NONE',  ( -4.315000000000000391, 0.2500000000000000000, -0.8400000000000005240 ) ) ;
#799 = LINE ( 'NONE', #2040, #8413 ) ;
#800 = CARTESIAN_POINT ( 'NONE',  ( -4.222822763272206181, 1.371071533533628317, 1.700000000000000178 ) ) ;
#801 = VERTEX_POINT ( 'NONE', #6757 ) ;
#802 = FACE_BOUND ( 'NONE', #843, .T. ) ;
#803 = LINE ( 'NONE', #8063, #1130 ) ;
#804 = ORIENTED_EDGE ( 'NONE', *, *, #5176, .T. ) ;
#805 = EDGE_CURVE ( 'NONE', #6633, #6841, #7676, .T. ) ;
#806 = CIRCLE ( 'NONE', #1625, 0.07500000000000041356 ) ;
#807 = AXIS2_PLACEMENT_3D ( 'NONE', #6708, #4164, #145 ) ;
#808 = ORIENTED_EDGE ( 'NONE', *, *, #4551, .T. ) ;
#809 = DIRECTION ( 'NONE',  ( -1.000000000000000000, 0.000000000000000000, 0.000000000000000000 ) ) ;
#810 = CARTESIAN_POINT ( 'NONE',  ( -5.150000000000000355, 0.2145761423277614266, -4.240000000000001101 ) ) ;
#811 = DIRECTION ( 'NONE',  ( 0.9975640502598241977, -0.06975647374412544122, -0.000000000000000000 ) ) ;
#812 = ORIENTED_EDGE ( 'NONE', *, *, #5926, .T. ) ;
#813 = AXIS2_PLACEMENT_3D ( 'NONE', #708, #5984, #1429 ) ;
#814 = CARTESIAN_POINT ( 'NONE',  ( 3.943579639192182018, 1.292449942301011845, -2.110000000000000320 ) ) ;
#815 = ORIENTED_EDGE ( 'NONE', *, *, #1831, .T. ) ;
#816 = AXIS2_PLACEMENT_3D ( 'NONE', #2545, #7957, #656 ) ;
#817 = DIRECTION ( 'NONE',  ( -0.000000000000000000, -0.000000000000000000, -1.000000000000000000 ) ) ;
#818 = SPHERICAL_SURFACE ( 'NONE', #6651, 0.1499999999999999944 ) ;
#819 = AXIS2_PLACEMENT_3D ( 'NONE', #7847, #1101, #1915 ) ;
#820 = DIRECTION ( 'NONE',  ( -2.016181479920678149E-15, 1.000000000000000000, 0.000000000000000000 ) ) ;
#821 = CARTESIAN_POINT ( 'NONE',  ( 5.134995374447882455, 0.000000000000000000, -4.240000000000001101 ) ) ;
#822 = DIRECTION ( 'NONE',  ( 1.000000000000000000, 0.000000000000000000, 0.000000000000000000 ) ) ;
#823 = LINE ( 'NONE', #4852, #4383 ) ;
#824 = EDGE_CURVE ( 'NONE', #3674, #7183, #5757, .T. ) ;
#825 = AXIS2_PLACEMENT_3D ( 'NONE', #4223, #3006, #2305 ) ;
#826 = ORIENTED_EDGE ( 'NONE', *, *, #2319, .F. ) ;
#827 = FACE_OUTER_BOUND ( 'NONE', #1410, .T. ) ;
#828 = DIRECTION ( 'NONE',  ( -0.000000000000000000, -0.000000000000000000, -1.000000000000000000 ) ) ;
#829 = DIRECTION ( 'NONE',  ( -0.000000000000000000, -0.000000000000000000, -1.000000000000000000 ) ) ;
#830 = LINE ( 'NONE', #6030, #6198 ) ;
#831 = ORIENTED_EDGE ( 'NONE', *, *, #3374, .F. ) ;
#832 = EDGE_CURVE ( 'NONE', #7788, #531, #5340, .T. ) ;
#833 = CARTESIAN_POINT ( 'NONE',  ( 3.943579639192182018, 1.292449942301011845, -4.240000000000001101 ) ) ;
#834 = ORIENTED_EDGE ( 'NONE', *, *, #6247, .T. ) ;
#835 = CARTESIAN_POINT ( 'NONE',  ( 4.315000000000000391, 0.2500000000000000000, -0.8400000000000005240 ) ) ;
#836 = CARTESIAN_POINT ( 'NONE',  ( -3.943579639192182018, 1.582550057698989043, -2.970000000000000639 ) ) ;
#837 = CARTESIAN_POINT ( 'NONE',  ( -3.359249815416416318, -0.3350375522529361327, 4.759249815416415785 ) ) ;
#838 = DIRECTION ( 'NONE',  ( -0.000000000000000000, -0.000000000000000000, -1.000000000000000000 ) ) ;
#839 = EDGE_LOOP ( 'NONE', ( #1432, #2771, #1987, #3179 ) ) ;
#840 = DIRECTION ( 'NONE',  ( 0.000000000000000000, 0.000000000000000000, 1.000000000000000000 ) ) ;
#841 = DIRECTION ( 'NONE',  ( -0.000000000000000000, -0.000000000000000000, -1.000000000000000000 ) ) ;
#842 = EDGE_CURVE ( 'NONE', #5306, #1264, #3559, .T. ) ;
#843 = EDGE_LOOP ( 'NONE', ( #543, #2863 ) ) ;
#844 = CYLINDRICAL_SURFACE ( 'NONE', #7063, 0.2999999999999999334 ) ;
#845 = DIRECTION ( 'NONE',  ( -0.000000000000000000, -0.000000000000000000, -1.000000000000000000 ) ) ;
#846 = SURFACE_SIDE_STYLE ('',( #891 ) ) ;
#847 = CIRCLE ( 'NONE', #7611, 0.1499999999999999667 ) ;
#848 = PRODUCT_DEFINITION ( 'UNKNOWN', '', #172, #5584 ) ;
#849 = EDGE_LOOP ( 'NONE', ( #7934, #5214, #4760, #4381, #2391, #729, #8085 ) ) ;
#850 = ORIENTED_EDGE ( 'NONE', *, *, #8093, .F. ) ;
#851 = ORIENTED_EDGE ( 'NONE', *, *, #484, .F. ) ;
#852 = EDGE_CURVE ( 'NONE', #4772, #4757, #962, .T. ) ;
#853 = DIRECTION ( 'NONE',  ( 0.06975647374412530244, -0.9975640502598243087, 0.000000000000000000 ) ) ;
#854 = EDGE_CURVE ( 'NONE', #3499, #1674, #3606, .T. ) ;
#855 = VECTOR ( 'NONE', #1115, 1000.000000000000227 ) ;
#856 = CARTESIAN_POINT ( 'NONE',  ( 4.589011388549212533, 0.2538042874631317170, 2.109999999999999876 ) ) ;
#857 = DIRECTION ( 'NONE',  ( -0.000000000000000000, -0.000000000000000000, -1.000000000000000000 ) ) ;
#858 = CYLINDRICAL_SURFACE ( 'NONE', #953, 0.2901001153979764768 ) ;
#859 = DIRECTION ( 'NONE',  ( -2.016181479920678149E-15, 1.000000000000000000, 0.000000000000000000 ) ) ;
#860 = ADVANCED_FACE ( 'NONE', ( #8095 ), #312, .F. ) ;
#861 = CARTESIAN_POINT ( 'NONE',  ( -3.943579639192182018, 1.582550057698989043, 1.700000000000000178 ) ) ;
#862 = ORIENTED_EDGE ( 'NONE', *, *, #18, .F. ) ;
#863 = CARTESIAN_POINT ( 'NONE',  ( -3.214177059128409120, 2.606066017177982364, 4.869579648282764239 ) ) ;
#864 = EDGE_CURVE ( 'NONE', #1259, #1357, #6985, .T. ) ;
#865 = CIRCLE ( 'NONE', #5838, 0.1499999999999998002 ) ;
#866 = ORIENTED_EDGE ( 'NONE', *, *, #7862, .T. ) ;
#867 = VERTEX_POINT ( 'NONE', #6932 ) ;
#868 = EDGE_CURVE ( 'NONE', #1127, #1864, #2914, .T. ) ;
#869 = VECTOR ( 'NONE', #2561, 1000.000000000000000 ) ;
#870 = DIRECTION ( 'NONE',  ( -0.000000000000000000, -0.000000000000000000, -1.000000000000000000 ) ) ;
#871 = DIRECTION ( 'NONE',  ( 1.120120665500548440E-15, -1.000000000000000000, 0.000000000000000000 ) ) ;
#872 = AXIS2_PLACEMENT_3D ( 'NONE', #3675, #2448, #7005 ) ;
#873 = VERTEX_POINT ( 'NONE', #4908 ) ;
#874 = DIRECTION ( 'NONE',  ( 0.9975640502598241977, 0.06975647374412544122, 0.000000000000000000 ) ) ;
#875 = DIRECTION ( 'NONE',  ( -1.000000000000000000, 0.000000000000000000, 0.000000000000000000 ) ) ;
#876 = DIRECTION ( 'NONE',  ( 0.000000000000000000, 0.000000000000000000, -1.000000000000000000 ) ) ;
#877 = ORIENTED_EDGE ( 'NONE', *, *, #2306, .F. ) ;
#878 = AXIS2_PLACEMENT_3D ( 'NONE', #1525, #281, #6250 ) ;
#879 = SPHERICAL_SURFACE ( 'NONE', #3414, 0.1499999999999999944 ) ;
#880 = CARTESIAN_POINT ( 'NONE',  ( 3.601452754537960654, 1.582550057698995039, -5.149992964849196220 ) ) ;
#881 = CARTESIAN_POINT ( 'NONE',  ( -3.943579639192182018, 1.292449942301011845, 0.4299999999999998268 ) ) ;
#882 = DIRECTION ( 'NONE',  ( -0.000000000000000000, -0.000000000000000000, -1.000000000000000000 ) ) ;
#883 = ORIENTED_EDGE ( 'NONE', *, *, #6955, .F. ) ;
#884 = CARTESIAN_POINT ( 'NONE',  ( -3.385851378539208589, 3.116633560584933793, -4.934391588850442822 ) ) ;
#885 = CIRCLE ( 'NONE', #6545, 0.2901001153979764768 ) ;
#886 = DIRECTION ( 'NONE',  ( 0.9975640502598241977, 0.06975647374412544122, 0.000000000000000000 ) ) ;
#887 = ORIENTED_EDGE ( 'NONE', *, *, #4328, .T. ) ;
#888 = CARTESIAN_POINT ( 'NONE',  ( 3.469579648282761219, 0.2999999999999999889, -4.869579648282763351 ) ) ;
#889 = DIRECTION ( 'NONE',  ( -0.000000000000000000, -0.000000000000000000, -1.000000000000000000 ) ) ;
#890 = EDGE_CURVE ( 'NONE', #6075, #7371, #6890, .T. ) ;
#891 = SURFACE_STYLE_FILL_AREA ( #3576 ) ;
#892 = VERTEX_POINT ( 'NONE', #2163 ) ;
#893 = DIRECTION ( 'NONE',  ( -1.000000000000000000, -2.016181479920678149E-15, 0.000000000000000000 ) ) ;
#894 = EDGE_LOOP ( 'NONE', ( #4546, #7687, #6407, #1561 ) ) ;
#895 = ORIENTED_EDGE ( 'NONE', *, *, #2104, .F. ) ;
#896 = CARTESIAN_POINT ( 'NONE',  ( -3.749992964849198085, 1.582550057698988821, 3.379999999999999449 ) ) ;
#897 = DIRECTION ( 'NONE',  ( -0.000000000000000000, -0.000000000000000000, -1.000000000000000000 ) ) ;
#898 = ADVANCED_FACE ( 'NONE', ( #4167 ), #5563, .T. ) ;
#899 = LINE ( 'NONE', #1502, #4512 ) ;
#900 = DIRECTION ( 'NONE',  ( -0.9975640502598241977, 0.06975647374412528856, -0.000000000000000000 ) ) ;
#901 = ADVANCED_FACE ( 'NONE', ( #3519 ), #1604, .F. ) ;
#902 = CARTESIAN_POINT ( 'NONE',  ( 3.749999999999999112, 1.582499999999972928, 4.749999999999997335 ) ) ;
#903 = CARTESIAN_POINT ( 'NONE',  ( -3.943579639192182018, 1.582550057698989043, 4.240000000000000213 ) ) ;
#904 = EDGE_LOOP ( 'NONE', ( #1794, #6077, #5400, #6795 ) ) ;
#905 = CARTESIAN_POINT ( 'NONE',  ( -4.315000000000000391, 0.2499999999999998890, -0.8400000000000005240 ) ) ;
#906 = SURFACE_SIDE_STYLE ('',( #2242 ) ) ;
#907 = ADVANCED_FACE ( 'NONE', ( #3279 ), #7616, .T. ) ;
#908 = VERTEX_POINT ( 'NONE', #1921 ) ;
#909 = EDGE_CURVE ( 'NONE', #4198, #935, #362, .T. ) ;
#910 = DIRECTION ( 'NONE',  ( 1.000000000000000000, 0.000000000000000000, -0.000000000000000000 ) ) ;
#911 = PLANE ( 'NONE',  #7301 ) ;
#912 =( LENGTH_UNIT ( ) NAMED_UNIT ( * ) SI_UNIT ( .MILLI., .METRE. ) );
#913 = ORIENTED_EDGE ( 'NONE', *, *, #228, .T. ) ;
#914 = ORIENTED_EDGE ( 'NONE', *, *, #8061, .T. ) ;
#915 = FILL_AREA_STYLE_COLOUR ( '', #8328 ) ;
#916 = CARTESIAN_POINT ( 'NONE',  ( 3.943579639192182018, 1.292449942301011845, -2.110000000000000320 ) ) ;
#917 = CYLINDRICAL_SURFACE ( 'NONE', #3335, 0.1499999999999999667 ) ;
#918 = VERTEX_POINT ( 'NONE', #6523 ) ;
#919 = FACE_OUTER_BOUND ( 'NONE', #7423, .T. ) ;
#920 = FACE_OUTER_BOUND ( 'NONE', #2034, .T. ) ;
#921 = AXIS2_PLACEMENT_3D ( 'NONE', #7496, #7455, #5644 ) ;
#922 = FACE_OUTER_BOUND ( 'NONE', #2250, .T. ) ;
#923 = DIRECTION ( 'NONE',  ( 0.9975640502598241977, -0.06975647374412544122, -0.000000000000000000 ) ) ;
#924 = LINE ( 'NONE', #4783, #6192 ) ;
#925 = EDGE_CURVE ( 'NONE', #8016, #3553, #5196, .T. ) ;
#926 = CARTESIAN_POINT ( 'NONE',  ( 4.015772765614318729, 1.312776095340824734, 0.4299999999999998268 ) ) ;
#927 = ORIENTED_EDGE ( 'NONE', *, *, #6190, .T. ) ;
#928 = LINE ( 'NONE', #5616, #3811 ) ;
#929 = CIRCLE ( 'NONE', #5764, 0.2901001153979764768 ) ;
#930 = AXIS2_PLACEMENT_3D ( 'NONE', #1777, #3824, #8404 ) ;
#931 = CARTESIAN_POINT ( 'NONE',  ( -5.134995374447882455, 0.000000000000000000, 2.969999999999999751 ) ) ;
#932 = FACE_OUTER_BOUND ( 'NONE', #4085, .T. ) ;
#933 = ORIENTED_EDGE ( 'NONE', *, *, #7079, .F. ) ;
#934 = DIRECTION ( 'NONE',  ( -0.000000000000000000, -0.000000000000000000, -1.000000000000000000 ) ) ;
#935 = VERTEX_POINT ( 'NONE', #4627 ) ;
#936 = ORIENTED_EDGE ( 'NONE', *, *, #50, .F. ) ;
#937 = DIRECTION ( 'NONE',  ( 0.000000000000000000, 0.000000000000000000, -1.000000000000000000 ) ) ;
#938 = AXIS2_PLACEMENT_3D ( 'NONE', #1311, #6650, #41 ) ;
#939 = VECTOR ( 'NONE', #4955, 1000.000000000000114 ) ;
#940 = EDGE_CURVE ( 'NONE', #2132, #1575, #4535, .T. ) ;
#941 = LINE ( 'NONE', #2397, #6509 ) ;
#942 = DIRECTION ( 'NONE',  ( -1.000000000000000000, -2.016181479920678149E-15, 0.000000000000000000 ) ) ;
#943 = LINE ( 'NONE', #3590, #264 ) ;
#944 = AXIS2_PLACEMENT_3D ( 'NONE', #1711, #1751, #508 ) ;
#945 = DIRECTION ( 'NONE',  ( 1.120120665500546074E-15, 1.000000000000000000, -0.000000000000000000 ) ) ;
#946 = AXIS2_PLACEMENT_3D ( 'NONE', #58, #7230, #7360 ) ;
#947 = CARTESIAN_POINT ( 'NONE',  ( -3.108111041950426312, 2.520875965144008912, 5.018119858593998117 ) ) ;
#948 = EDGE_LOOP ( 'NONE', ( #476, #3049, #4128 ) ) ;
#949 = DIRECTION ( 'NONE',  ( 0.000000000000000000, 0.000000000000000000, 1.000000000000000000 ) ) ;
#950 = ORIENTED_EDGE ( 'NONE', *, *, #7021, .T. ) ;
#951 = AXIS2_PLACEMENT_3D ( 'NONE', #7534, #8216, #4942 ) ;
#952 = EDGE_CURVE ( 'NONE', #6134, #619, #1079, .T. ) ;
#953 = AXIS2_PLACEMENT_3D ( 'NONE', #1932, #706, #3505 ) ;
#954 = ORIENTED_EDGE ( 'NONE', *, *, #5128, .T. ) ;
#955 = DIRECTION ( 'NONE',  ( 0.000000000000000000, 0.000000000000000000, 1.000000000000000000 ) ) ;
#956 = SURFACE_STYLE_USAGE ( .BOTH. , #6968 ) ;
#957 = VECTOR ( 'NONE', #6649, 1000.000000000000000 ) ;
#958 = DIRECTION ( 'NONE',  ( 0.000000000000000000, 0.000000000000000000, 1.000000000000000000 ) ) ;
#959 = ORIENTED_EDGE ( 'NONE', *, *, #6090, .T. ) ;
#960 = EDGE_CURVE ( 'NONE', #4750, #8384, #7261, .T. ) ;
#961 = EDGE_CURVE ( 'NONE', #3498, #4125, #4988, .T. ) ;
#962 = LINE ( 'NONE', #2825, #6308 ) ;
#963 = CARTESIAN_POINT ( 'NONE',  ( 3.943579639192182018, 1.582550057698989043, -1.700000000000000622 ) ) ;
#964 = VERTEX_POINT ( 'NONE', #2576 ) ;
#965 = VECTOR ( 'NONE', #7882, 1000.000000000000000 ) ;
#966 = FACE_OUTER_BOUND ( 'NONE', #5954, .T. ) ;
#967 = CYLINDRICAL_SURFACE ( 'NONE', #4450, 0.07500000000000041356 ) ;
#968 = CARTESIAN_POINT ( 'NONE',  ( 3.749992964849197641, 1.367449942301012022, -4.650000000000000355 ) ) ;
#969 = CARTESIAN_POINT ( 'NONE',  ( -3.749992964849198085, 1.582550057698988821, -4.240000000000001101 ) ) ;
#970 = CARTESIAN_POINT ( 'NONE',  ( -4.589011388549212533, 0.2538042874631301071, -4.650000000000000355 ) ) ;
#971 = ADVANCED_FACE ( 'NONE', ( #598 ), #6971, .F. ) ;
#972 = PLANE ( 'NONE',  #1276 ) ;
#973 = VERTEX_POINT ( 'NONE', #5181 ) ;
#974 = CYLINDRICAL_SURFACE ( 'NONE', #4308, 0.2901001153979782532 ) ;
#975 = AXIS2_PLACEMENT_3D ( 'NONE', #2107, #6184, #1588 ) ;
#976 = ADVANCED_FACE ( 'NONE', ( #1230 ), #7805, .T. ) ;
#977 = CARTESIAN_POINT ( 'NONE',  ( -4.589011388549212533, 0.2538042874631301071, -4.240000000000001101 ) ) ;
#978 = PLANE ( 'NONE',  #1891 ) ;
#979 = EDGE_LOOP ( 'NONE', ( #3681, #7431, #1844, #343 ) ) ;
#980 = CARTESIAN_POINT ( 'NONE',  ( -3.108111041950427200, 2.520875965144008912, -5.018119858593998117 ) ) ;
#981 = ORIENTED_EDGE ( 'NONE', *, *, #6624, .T. ) ;
#982 = DIRECTION ( 'NONE',  ( -0.000000000000000000, -0.000000000000000000, -1.000000000000000000 ) ) ;
#983 = AXIS2_PLACEMENT_3D ( 'NONE', #339, #2276, #1631 ) ;
#984 = CARTESIAN_POINT ( 'NONE',  ( -5.134995374447882455, 0.000000000000000000, -4.240000000000001101 ) ) ;
#985 = VECTOR ( 'NONE', #7538, 1000.000000000000000 ) ;
#986 = LINE ( 'NONE', #3059, #8160 ) ;
#987 = DIRECTION ( 'NONE',  ( 0.000000000000000000, 0.000000000000000000, 1.000000000000000000 ) ) ;
#988 = DIRECTION ( 'NONE',  ( -0.9625750189617818808, 0.2710153738641505328, 0.000000000000000000 ) ) ;
#989 = CARTESIAN_POINT ( 'NONE',  ( -3.943579639192182018, 1.582550057698989043, 2.969999999999999751 ) ) ;
#990 = ORIENTED_EDGE ( 'NONE', *, *, #3647, .T. ) ;
#991 = CARTESIAN_POINT ( 'NONE',  ( -3.073679867968977408, 2.555307139125459148, -5.013280872662861931 ) ) ;
#992 = VECTOR ( 'NONE', #7181, 1000.000000000000227 ) ;
#993 = CARTESIAN_POINT ( 'NONE',  ( 4.015772765614318729, 1.312776095340824734, -0.8400000000000005240 ) ) ;
#994 = ORIENTED_EDGE ( 'NONE', *, *, #1074, .F. ) ;
#995 = CYLINDRICAL_SURFACE ( 'NONE', #4324, 0.2901001153979760883 ) ;
#996 = EDGE_CURVE ( 'NONE', #2206, #964, #6569, .T. ) ;
#997 =( NAMED_UNIT ( * ) SI_UNIT ( $, .STERADIAN. ) SOLID_ANGLE_UNIT ( ) );
#998 = MECHANICAL_DESIGN_GEOMETRIC_PRESENTATION_REPRESENTATION (  '', ( #6382 ), #3067 ) ;
#999 = DIRECTION ( 'NONE',  ( -1.000000000000000000, 0.000000000000000000, 0.000000000000000000 ) ) ;
#1000 = VERTEX_POINT ( 'NONE', #3240 ) ;
#1001 = CARTESIAN_POINT ( 'NONE',  ( -3.600484260976135165, 1.582499999999971374, -5.150000000000000355 ) ) ;
#1002 = LINE ( 'NONE', #1650, #26 ) ;
#1003 = EDGE_LOOP ( 'NONE', ( #2042, #1462, #1810, #5129 ) ) ;
#1004 = VECTOR ( 'NONE', #6045, 1000.000000000000227 ) ;
#1005 = DIRECTION ( 'NONE',  ( -1.000000000000000000, 0.000000000000000000, 0.000000000000000000 ) ) ;
#1006 = EDGE_CURVE ( 'NONE', #7379, #4938, #1039, .T. ) ;
#1007 = VECTOR ( 'NONE', #2246, 1000.000000000000000 ) ;
#1008 = DIRECTION ( 'NONE',  ( 0.06975647374412545509, 0.9975640502598243087, -0.000000000000000000 ) ) ;
#1009 = ADVANCED_FACE ( 'NONE', ( #1874 ), #394, .T. ) ;
#1010 = LINE ( 'NONE', #2876, #7229 ) ;
#1011 = CARTESIAN_POINT ( 'NONE',  ( -4.589011388549212533, 0.2538042874631301071, 0.8399999999999996358 ) ) ;
#1012 = VECTOR ( 'NONE', #7786, 1000.000000000000000 ) ;
#1013 = FACE_OUTER_BOUND ( 'NONE', #5836, .T. ) ;
#1014 = CIRCLE ( 'NONE', #7514, 0.1499999999999999667 ) ;
#1015 = ORIENTED_EDGE ( 'NONE', *, *, #2062, .T. ) ;
#1016 = CARTESIAN_POINT ( 'NONE',  ( 4.589011388549212533, 0.2538042874631317170, -2.970000000000000639 ) ) ;
#1017 = EDGE_CURVE ( 'NONE', #538, #1854, #5892, .T. ) ;
#1018 = ADVANCED_FACE ( 'NONE', ( #3 ), #8499, .F. ) ;
#1019 = CARTESIAN_POINT ( 'NONE',  ( -3.469579648282762996, 0.2999999999999999889, -4.869579648282763351 ) ) ;
#1020 = COLOUR_RGB ( '',0.8000000000000000444, 0.8078431372549019773, 0.8000000000000000444 ) ;
#1021 = ORIENTED_EDGE ( 'NONE', *, *, #8419, .F. ) ;
#1022 = CARTESIAN_POINT ( 'NONE',  ( 3.749992964849198085, 1.582550057698988821, -0.8400000000000005240 ) ) ;
#1023 = CARTESIAN_POINT ( 'NONE',  ( 3.749992964849198085, 1.582550057698988821, -0.4300000000000007150 ) ) ;
#1024 =( BOUNDED_CURVE ( )  B_SPLINE_CURVE ( 3, ( #1280, #7312, #2625, #4629 ),
 .UNSPECIFIED., .F., .T. ) 
 B_SPLINE_CURVE_WITH_KNOTS ( ( 4, 4 ),
 ( 2.365879671860815936, 3.917305635318773405 ),
 .UNSPECIFIED. ) 
 CURVE ( )  GEOMETRIC_REPRESENTATION_ITEM ( )  RATIONAL_B_SPLINE_CURVE ( ( 1.000000000000000000, 0.8092813118237099923, 0.8092813118237099923, 1.000000000000000000 ) ) 
 REPRESENTATION_ITEM ( '' )  );
#1025 = DIRECTION ( 'NONE',  ( 0.000000000000000000, 0.000000000000000000, -1.000000000000000000 ) ) ;
#1026 = MECHANICAL_DESIGN_GEOMETRIC_PRESENTATION_REPRESENTATION (  '', ( #7384 ), #8066 ) ;
#1027 = CARTESIAN_POINT ( 'NONE',  ( 4.015772765614318729, 1.312776095340824734, 0.8399999999999996358 ) ) ;
#1028 = DIRECTION ( 'NONE',  ( 1.000000000000000000, 0.000000000000000000, 0.000000000000000000 ) ) ;
#1029 = CARTESIAN_POINT ( 'NONE',  ( -4.589011388549212533, 0.2538042874631301071, -0.4300000000000007150 ) ) ;
#1030 = LINE ( 'NONE', #4975, #8198 ) ;
#1031 = ORIENTED_EDGE ( 'NONE', *, *, #5229, .F. ) ;
#1032 = DIRECTION ( 'NONE',  ( -1.000000000000000000, -2.016181479920678149E-15, 0.000000000000000000 ) ) ;
#1033 = CARTESIAN_POINT ( 'NONE',  ( 4.589011388549212533, 0.2538042874631317170, 0.8399999999999996358 ) ) ;
#1034 = EDGE_CURVE ( 'NONE', #6457, #7802, #5026, .T. ) ;
#1035 = EDGE_LOOP ( 'NONE', ( #6874, #5535, #5327, #2734 ) ) ;
#1036 = CARTESIAN_POINT ( 'NONE',  ( -4.589011388549212533, 0.2538042874631301071, 1.700000000000000178 ) ) ;
#1037 = CARTESIAN_POINT ( 'NONE',  ( 3.749992964849198085, 1.582550057698988821, -0.4300000000000007150 ) ) ;
#1038 = ORIENTED_EDGE ( 'NONE', *, *, #2233, .T. ) ;
#1039 = LINE ( 'NONE', #6322, #1052 ) ;
#1040 = EDGE_CURVE ( 'NONE', #101, #6230, #4370, .T. ) ;
#1041 = CARTESIAN_POINT ( 'NONE',  ( -3.385851378539208145, 3.095757595440923993, 4.785851378539208056 ) ) ;
#1042 = ORIENTED_EDGE ( 'NONE', *, *, #4347, .T. ) ;
#1043 = DIRECTION ( 'NONE',  ( -0.9625750189617798824, -0.2710153738641577492, 0.000000000000000000 ) ) ;
#1044 = DIRECTION ( 'NONE',  ( -0.000000000000000000, -0.000000000000000000, -1.000000000000000000 ) ) ;
#1045 = SURFACE_SIDE_STYLE ('',( #5113 ) ) ;
#1046 = CARTESIAN_POINT ( 'NONE',  ( 4.015772765614318729, 1.312776095340824734, 3.379999999999999449 ) ) ;
#1047 = CARTESIAN_POINT ( 'NONE',  ( 3.943579639192182018, 1.292449942301011845, -4.240000000000001101 ) ) ;
#1048 = ADVANCED_FACE ( 'NONE', ( #1755 ), #4823, .T. ) ;
#1049 = ADVANCED_FACE ( 'NONE', ( #919 ), #1607, .F. ) ;
#1050 = ORIENTED_EDGE ( 'NONE', *, *, #5183, .F. ) ;
#1051 = CARTESIAN_POINT ( 'NONE',  ( -4.522049997657885179, 0.3082954381928062482, -0.8400000000000005240 ) ) ;
#1052 = VECTOR ( 'NONE', #7175, 1000.000000000000000 ) ;
#1053 = DIRECTION ( 'NONE',  ( -1.000000000000000000, 0.000000000000000000, 0.000000000000000000 ) ) ;
#1054 = CARTESIAN_POINT ( 'NONE',  ( -5.134995374447882455, 0.000000000000000000, 2.109999999999999876 ) ) ;
#1055 = EDGE_LOOP ( 'NONE', ( #3311, #6099, #6961, #4160, #4146, #3292, #3866, #4596, #347, #1929, #542, #4641 ) ) ;
#1056 = CARTESIAN_POINT ( 'NONE',  ( -3.943579639192182018, 1.292449942301011845, -2.110000000000000320 ) ) ;
#1057 = CARTESIAN_POINT ( 'NONE',  ( 3.943579639192182018, 1.367449942301011800, -4.650000000000000355 ) ) ;
#1058 = VECTOR ( 'NONE', #4538, 1000.000000000000114 ) ;
#1059 = EDGE_CURVE ( 'NONE', #1482, #728, #1320, .T. ) ;
#1060 = VECTOR ( 'NONE', #6909, 1000.000000000000000 ) ;
#1061 = ORIENTED_EDGE ( 'NONE', *, *, #1213, .T. ) ;
#1062 = CARTESIAN_POINT ( 'NONE',  ( 4.315000000000000391, 0.2500000000000000000, -3.380000000000000338 ) ) ;
#1063 = FACE_OUTER_BOUND ( 'NONE', #2372, .T. ) ;
#1064 = CARTESIAN_POINT ( 'NONE',  ( -4.594243124080021445, 0.3286215912326184152, -4.240000000000001101 ) ) ;
#1065 = CARTESIAN_POINT ( 'NONE',  ( -4.594243124080021445, 0.3286215912326184152, 2.969999999999999751 ) ) ;
#1066 = FACE_OUTER_BOUND ( 'NONE', #2497, .T. ) ;
#1067 = ORIENTED_EDGE ( 'NONE', *, *, #4035, .F. ) ;
#1068 = VECTOR ( 'NONE', #8169, 1000.000000000000000 ) ;
#1069 = PLANE ( 'NONE',  #6051 ) ;
#1070 = AXIS2_PLACEMENT_3D ( 'NONE', #2833, #1527, #4176 ) ;
#1071 = CARTESIAN_POINT ( 'NONE',  ( 3.618119858593996874, 2.520875965144009356, -4.869579648282762463 ) ) ;
#1072 = VECTOR ( 'NONE', #7605, 1000.000000000000000 ) ;
#1073 = ORIENTED_EDGE ( 'NONE', *, *, #7186, .T. ) ;
#1074 = EDGE_CURVE ( 'NONE', #3297, #3680, #6245, .T. ) ;
#1075 = FACE_OUTER_BOUND ( 'NONE', #7095, .T. ) ;
#1076 = CARTESIAN_POINT ( 'NONE',  ( -3.749992964849197641, 1.367449942301012022, 2.969999999999999751 ) ) ;
#1077 = AXIS2_PLACEMENT_3D ( 'NONE', #1569, #1478, #6210 ) ;
#1078 = VERTEX_POINT ( 'NONE', #8379 ) ;
#1079 = LINE ( 'NONE', #2534, #7549 ) ;
#1080 = ORIENTED_EDGE ( 'NONE', *, *, #3925, .F. ) ;
#1081 = EDGE_CURVE ( 'NONE', #8363, #3785, #2256, .T. ) ;
#1082 = FACE_OUTER_BOUND ( 'NONE', #5399, .T. ) ;
#1083 = AXIS2_PLACEMENT_3D ( 'NONE', #5669, #2355, #5548 ) ;
#1084 = DIRECTION ( 'NONE',  ( -0.000000000000000000, -0.000000000000000000, -1.000000000000000000 ) ) ;
#1085 = CARTESIAN_POINT ( 'NONE',  ( 3.749992964849198085, 1.582550057698988821, -4.240000000000001101 ) ) ;
#1086 = FACE_OUTER_BOUND ( 'NONE', #5878, .T. ) ;
#1087 = AXIS2_PLACEMENT_3D ( 'NONE', #1212, #7109, #3870 ) ;
#1088 = ORIENTED_EDGE ( 'NONE', *, *, #3602, .F. ) ;
#1089 = CYLINDRICAL_SURFACE ( 'NONE', #4505, 0.2901001153979760883 ) ;
#1090 = CARTESIAN_POINT ( 'NONE',  ( -3.749992964849197641, 1.367449942301012022, 3.379999999999999449 ) ) ;
#1091 = FACE_OUTER_BOUND ( 'NONE', #62, .T. ) ;
#1092 = ORIENTED_EDGE ( 'NONE', *, *, #6218, .T. ) ;
#1093 = CARTESIAN_POINT ( 'NONE',  ( 3.943579639192182018, 1.292449942301011845, 0.4299999999999998268 ) ) ;
#1094 = EDGE_CURVE ( 'NONE', #2691, #6244, #4911, .T. ) ;
#1095 = DIRECTION ( 'NONE',  ( 1.120120665500546074E-15, 1.000000000000000000, -0.000000000000000000 ) ) ;
#1096 = ORIENTED_EDGE ( 'NONE', *, *, #7991, .T. ) ;
#1097 = VECTOR ( 'NONE', #4132, 1000.000000000000000 ) ;
#1098 = VERTEX_POINT ( 'NONE', #8184 ) ;
#1099 = FACE_OUTER_BOUND ( 'NONE', #1393, .T. ) ;
#1100 = CARTESIAN_POINT ( 'NONE',  ( 3.359249815416414542, -0.3350375522529361327, 4.759249815416415785 ) ) ;
#1101 = DIRECTION ( 'NONE',  ( 0.000000000000000000, 0.000000000000000000, 1.000000000000000000 ) ) ;
#1102 = CARTESIAN_POINT ( 'NONE',  ( -2.636643502869150169, 2.600000000000000089, -4.369579648282762463 ) ) ;
#1103 = EDGE_CURVE ( 'NONE', #5434, #3842, #3547, .T. ) ;
#1104 = ORIENTED_EDGE ( 'NONE', *, *, #4081, .T. ) ;
#1105 = CARTESIAN_POINT ( 'NONE',  ( -4.522049997657885179, 0.3082954381928062482, 3.379999999999999449 ) ) ;
#1106 = ADVANCED_FACE ( 'NONE', ( #7729 ), #6398, .T. ) ;
#1107 = AXIS2_PLACEMENT_3D ( 'NONE', #1586, #6660, #740 ) ;
#1108 = FACE_OUTER_BOUND ( 'NONE', #5298, .T. ) ;
#1109 = ORIENTED_EDGE ( 'NONE', *, *, #271, .F. ) ;
#1110 = EDGE_CURVE ( 'NONE', #6155, #5345, #4870, .T. ) ;
#1111 = CARTESIAN_POINT ( 'NONE',  ( 3.469579648282761219, 0.4500000000000000666, -4.869579648282762463 ) ) ;
#1112 = EDGE_CURVE ( 'NONE', #617, #5939, #4409, .T. ) ;
#1113 = CARTESIAN_POINT ( 'NONE',  ( 4.015772765614318729, 1.312776095340824734, -0.4300000000000007150 ) ) ;
#1114 = DIRECTION ( 'NONE',  ( 1.000000000000000000, 1.120120665500546074E-15, 0.000000000000000000 ) ) ;
#1115 = DIRECTION ( 'NONE',  ( 0.2710153738641504773, -0.9625750189617817698, -0.000000000000000000 ) ) ;
#1116 = VECTOR ( 'NONE', #37, 1000.000000000000227 ) ;
#1117 = ORIENTED_EDGE ( 'NONE', *, *, #104, .T. ) ;
#1118 = ADVANCED_FACE ( 'NONE', ( #966 ), #1567, .F. ) ;
#1119 = VERTEX_POINT ( 'NONE', #278 ) ;
#1120 = DIRECTION ( 'NONE',  ( -0.000000000000000000, -0.000000000000000000, -1.000000000000000000 ) ) ;
#1121 = DIRECTION ( 'NONE',  ( 0.7036407875340268125, 0.7036407875340268125, -0.09889026361067784765 ) ) ;
#1122 = DIRECTION ( 'NONE',  ( -0.000000000000000000, -0.000000000000000000, -1.000000000000000000 ) ) ;
#1123 = CARTESIAN_POINT ( 'NONE',  ( -3.943579639192182018, 1.582550057698989043, -4.240000000000001101 ) ) ;
#1124 = DIRECTION ( 'NONE',  ( 1.000000000000000000, 0.000000000000000000, -0.000000000000000000 ) ) ;
#1125 = AXIS2_PLACEMENT_3D ( 'NONE', #5444, #841, #2788 ) ;
#1126 = ORIENTED_EDGE ( 'NONE', *, *, #1448, .F. ) ;
#1127 = VERTEX_POINT ( 'NONE', #7540 ) ;
#1128 = CARTESIAN_POINT ( 'NONE',  ( 4.015772765614318729, 1.312776095340824734, 2.109999999999999876 ) ) ;
#1129 = DIRECTION ( 'NONE',  ( 0.06975647374412763391, 0.9975640502598240866, -0.000000000000000000 ) ) ;
#1130 = VECTOR ( 'NONE', #4784, 1000.000000000000000 ) ;
#1131 = ORIENTED_EDGE ( 'NONE', *, *, #6665, .T. ) ;
#1132 = PLANE ( 'NONE',  #5909 ) ;
#1133 = FACE_OUTER_BOUND ( 'NONE', #3100, .T. ) ;
#1134 = VERTEX_POINT ( 'NONE', #472 ) ;
#1135 = VECTOR ( 'NONE', #6161, 1000.000000000000000 ) ;
#1136 = EDGE_LOOP ( 'NONE', ( #1789, #6435, #2699, #1329 ) ) ;
#1137 = PLANE ( 'NONE',  #4038 ) ;
#1138 = ADVANCED_FACE ( 'NONE', ( #3111 ), #879, .T. ) ;
#1139 = VECTOR ( 'NONE', #8146, 1000.000000000000227 ) ;
#1140 = DIRECTION ( 'NONE',  ( 0.9975640502598241977, 0.06975647374412764778, -0.000000000000000000 ) ) ;
#1141 = CARTESIAN_POINT ( 'NONE',  ( -4.522049997657885179, 0.3082954381928062482, -4.650000000000000355 ) ) ;
#1142 = DIRECTION ( 'NONE',  ( -1.000000000000000000, 0.000000000000000000, 0.000000000000000000 ) ) ;
#1143 = ORIENTED_EDGE ( 'NONE', *, *, #4394, .F. ) ;
#1144 = LINE ( 'NONE', #2482, #2299 ) ;
#1145 = CARTESIAN_POINT ( 'NONE',  ( 5.134995374447882455, 0.000000000000000000, 4.649999999999999467 ) ) ;
#1146 = ORIENTED_EDGE ( 'NONE', *, *, #3403, .F. ) ;
#1147 = AXIS2_PLACEMENT_3D ( 'NONE', #6117, #1512, #2819 ) ;
#1148 = ADVANCED_FACE ( 'NONE', ( #2828 ), #6846, .T. ) ;
#1149 = ADVANCED_FACE ( 'NONE', ( #1521 ), #3522, .T. ) ;
#1150 = ORIENTED_EDGE ( 'NONE', *, *, #7937, .F. ) ;
#1151 = DIRECTION ( 'NONE',  ( 1.000000000000000000, 0.000000000000000000, 0.000000000000000000 ) ) ;
#1152 = DIRECTION ( 'NONE',  ( 1.000000000000000000, 0.000000000000000000, -0.000000000000000000 ) ) ;
#1153 = CYLINDRICAL_SURFACE ( 'NONE', #4115, 0.07500000000000300870 ) ;
#1154 = CARTESIAN_POINT ( 'NONE',  ( -3.749992964849198085, 1.582550057698988821, 0.8399999999999996358 ) ) ;
#1155 = ORIENTED_EDGE ( 'NONE', *, *, #1202, .F. ) ;
#1156 = EDGE_CURVE ( 'NONE', #1995, #4433, #8509, .T. ) ;
#1157 = ORIENTED_EDGE ( 'NONE', *, *, #832, .T. ) ;
#1158 = VERTEX_POINT ( 'NONE', #4581 ) ;
#1159 = CARTESIAN_POINT ( 'NONE',  ( -5.134995374447882455, 0.000000000000000000, -4.240000000000001101 ) ) ;
#1160 = DIRECTION ( 'NONE',  ( 1.000000000000000000, 0.000000000000000000, 0.000000000000000000 ) ) ;
#1161 = FILL_AREA_STYLE ('',( #5763 ) ) ;
#1162 = DIRECTION ( 'NONE',  ( -0.000000000000000000, -0.000000000000000000, -1.000000000000000000 ) ) ;
#1163 = DIRECTION ( 'NONE',  ( 0.9902680687415708061, -0.1391731009600622182, -0.000000000000000000 ) ) ;
#1164 = ORIENTED_EDGE ( 'NONE', *, *, #7197, .F. ) ;
#1165 = VERTEX_POINT ( 'NONE', #7311 ) ;
#1166 = CARTESIAN_POINT ( 'NONE',  ( 4.574006762997095521, 0.03922814513537039444, 4.240000000000000213 ) ) ;
#1167 = DIRECTION ( 'NONE',  ( 0.9975640502598241977, 0.06975647374412544122, 0.000000000000000000 ) ) ;
#1168 = ADVANCED_FACE ( 'NONE', ( #3329 ), #1922, .T. ) ;
#1169 = ORIENTED_EDGE ( 'NONE', *, *, #306, .F. ) ;
#1170 = LINE ( 'NONE', #6381, #792 ) ;
#1171 = DIRECTION ( 'NONE',  ( 0.2710153738641504773, 0.9625750189617817698, 0.000000000000000000 ) ) ;
#1172 = ORIENTED_EDGE ( 'NONE', *, *, #4140, .T. ) ;
#1173 = EDGE_LOOP ( 'NONE', ( #5724, #5299, #6852 ) ) ;
#1174 = CYLINDRICAL_SURFACE ( 'NONE', #33, 0.07500000000000345279 ) ;
#1175 = PLANE ( 'NONE',  #703 ) ;
#1176 = CARTESIAN_POINT ( 'NONE',  ( 0.000000000000000000, 2.520875965144008912, 5.018119858593998117 ) ) ;
#1177 = LINE ( 'NONE', #1707, #3564 ) ;
#1178 = VECTOR ( 'NONE', #2017, 1000.000000000000000 ) ;
#1179 = VERTEX_POINT ( 'NONE', #2537 ) ;
#1180 = DIRECTION ( 'NONE',  ( -0.000000000000000000, -0.000000000000000000, -1.000000000000000000 ) ) ;
#1181 = VERTEX_POINT ( 'NONE', #5928 ) ;
#1182 = LINE ( 'NONE', #2404, #8391 ) ;
#1183 = ADVANCED_FACE ( 'NONE', ( #8503 ), #5279, .F. ) ;
#1184 = AXIS2_PLACEMENT_3D ( 'NONE', #4404, #5137, #3671 ) ;
#1185 = ORIENTED_EDGE ( 'NONE', *, *, #438, .T. ) ;
#1186 = CIRCLE ( 'NONE', #5215, 0.2901001153979760883 ) ;
#1187 = LINE ( 'NONE', #49, #6313 ) ;
#1188 = CIRCLE ( 'NONE', #513, 0.07500000000000300870 ) ;
#1189 = CARTESIAN_POINT ( 'NONE',  ( -4.574006762997095521, 0.03922814513537028341, 4.240000000000000213 ) ) ;
#1190 = DIRECTION ( 'NONE',  ( -1.000000000000000000, 0.000000000000000000, 0.000000000000000000 ) ) ;
#1191 = ADVANCED_FACE ( 'NONE', ( #7262 ), #8422, .T. ) ;
#1192 = ORIENTED_EDGE ( 'NONE', *, *, #4114, .T. ) ;
#1193 = VECTOR ( 'NONE', #1745, 1000.000000000000000 ) ;
#1194 = VECTOR ( 'NONE', #2417, 1000.000000000000114 ) ;
#1195 = ORIENTED_EDGE ( 'NONE', *, *, #7179, .T. ) ;
#1196 = EDGE_LOOP ( 'NONE', ( #584, #954, #5406, #6143 ) ) ;
#1197 = DIRECTION ( 'NONE',  ( 0.000000000000000000, 0.000000000000000000, 1.000000000000000000 ) ) ;
#1198 = PRESENTATION_LAYER_ASSIGNMENT (  '', '', ( #2739 ) ) ;
#1199 = LINE ( 'NONE', #5153, #6068 ) ;
#1200 = AXIS2_PLACEMENT_3D ( 'NONE', #7214, #46, #4024 ) ;
#1201 = AXIS2_PLACEMENT_3D ( 'NONE', #2961, #5529, #2129 ) ;
#1202 = EDGE_CURVE ( 'NONE', #2632, #6688, #3157, .T. ) ;
#1203 = LINE ( 'NONE', #5854, #6010 ) ;
#1204 = CARTESIAN_POINT ( 'NONE',  ( 3.943579639192182018, 1.292449942301011845, -4.240000000000001101 ) ) ;
#1205 = EDGE_CURVE ( 'NONE', #6824, #4938, #1187, .T. ) ;
#1206 = ORIENTED_EDGE ( 'NONE', *, *, #4364, .T. ) ;
#1207 = ORIENTED_EDGE ( 'NONE', *, *, #3459, .F. ) ;
#1208 = ORIENTED_EDGE ( 'NONE', *, *, #4348, .F. ) ;
#1209 = ORIENTED_EDGE ( 'NONE', *, *, #925, .F. ) ;
#1210 = AXIS2_PLACEMENT_3D ( 'NONE', #7761, #2568, #7039 ) ;
#1211 = DIRECTION ( 'NONE',  ( -0.2710153738641577492, 0.9625750189617798824, -0.000000000000000000 ) ) ;
#1212 = CARTESIAN_POINT ( 'NONE',  ( 4.594243124080021445, 0.3286215912326184152, 0.8399999999999996358 ) ) ;
#1213 = EDGE_CURVE ( 'NONE', #7344, #1231, #2489, .T. ) ;
#1214 = LINE ( 'NONE', #5594, #3922 ) ;
#1215 = ORIENTED_EDGE ( 'NONE', *, *, #8108, .F. ) ;
#1216 = LINE ( 'NONE', #3873, #8253 ) ;
#1217 = ORIENTED_EDGE ( 'NONE', *, *, #2966, .T. ) ;
#1218 = AXIS2_PLACEMENT_3D ( 'NONE', #3617, #1577, #363 ) ;
#1219 = DIRECTION ( 'NONE',  ( -0.000000000000000000, -0.000000000000000000, -1.000000000000000000 ) ) ;
#1220 = VERTEX_POINT ( 'NONE', #3938 ) ;
#1221 = ORIENTED_EDGE ( 'NONE', *, *, #824, .T. ) ;
#1222 = CARTESIAN_POINT ( 'NONE',  ( -4.589011388549212533, 0.2538042874631317170, -2.970000000000000639 ) ) ;
#1223 = EDGE_CURVE ( 'NONE', #3173, #3388, #5141, .T. ) ;
#1224 = CARTESIAN_POINT ( 'NONE',  ( 4.594243124080021445, 0.3286215912326184152, -2.110000000000000320 ) ) ;
#1225 = CARTESIAN_POINT ( 'NONE',  ( 3.749992964849198085, 1.582550057698988821, -2.970000000000000639 ) ) ;
#1226 = CARTESIAN_POINT ( 'NONE',  ( -5.150000000000000355, 0.2145761423277614266, 2.969999999999999751 ) ) ;
#1227 = ORIENTED_EDGE ( 'NONE', *, *, #7963, .T. ) ;
#1228 = CARTESIAN_POINT ( 'NONE',  ( -3.750000000000001332, 1.582499999999971374, -5.000484260976135076 ) ) ;
#1229 = LINE ( 'NONE', #6394, #3988 ) ;
#1230 = FACE_OUTER_BOUND ( 'NONE', #5555, .T. ) ;
#1231 = VERTEX_POINT ( 'NONE', #7773 ) ;
#1232 = DIRECTION ( 'NONE',  ( 0.000000000000000000, 0.000000000000000000, 1.000000000000000000 ) ) ;
#1233 = CIRCLE ( 'NONE', #4025, 0.2901001153979764768 ) ;
#1234 = DIRECTION ( 'NONE',  ( 1.000000000000000000, 0.000000000000000000, -0.000000000000000000 ) ) ;
#1235 = CARTESIAN_POINT ( 'NONE',  ( -4.222822763272207958, 1.371071533533628761, 4.649999999999999467 ) ) ;
#1236 = CARTESIAN_POINT ( 'NONE',  ( -5.134995374447882455, 0.000000000000000000, 2.109999999999999876 ) ) ;
#1237 = ORIENTED_EDGE ( 'NONE', *, *, #5405, .T. ) ;
#1238 = ORIENTED_EDGE ( 'NONE', *, *, #1040, .F. ) ;
#1239 = ADVANCED_FACE ( 'NONE', ( #6525 ), #3281, .F. ) ;
#1240 = DIRECTION ( 'NONE',  ( -1.000000000000000000, 0.000000000000000000, 0.000000000000000000 ) ) ;
#1241 = VECTOR ( 'NONE', #876, 1000.000000000000000 ) ;
#1242 = CARTESIAN_POINT ( 'NONE',  ( -5.134995374447882455, 0.000000000000000000, -3.380000000000000338 ) ) ;
#1243 = CARTESIAN_POINT ( 'NONE',  ( -3.749992964849198085, 1.582550057698988821, -1.700000000000000622 ) ) ;
#1244 = ORIENTED_EDGE ( 'NONE', *, *, #4304, .F. ) ;
#1245 = LINE ( 'NONE', #1937, #3512 ) ;
#1246 = CARTESIAN_POINT ( 'NONE',  ( -4.222822763272207958, 1.371071533533628761, -4.240000000000001101 ) ) ;
#1247 = ORIENTED_EDGE ( 'NONE', *, *, #3010, .F. ) ;
#1249 = SURFACE_STYLE_FILL_AREA ( #3345 ) ;
#1248 = PRESENTATION_LAYER_ASSIGNMENT (  '', '', ( #2964 ) ) ;
#1250 = ORIENTED_EDGE ( 'NONE', *, *, #2151, .F. ) ;
#1251 = EDGE_LOOP ( 'NONE', ( #8010, #159, #6611, #7734 ) ) ;
#1252 = EDGE_CURVE ( 'NONE', #301, #6911, #6570, .T. ) ;
#1253 = EDGE_CURVE ( 'NONE', #4794, #1446, #1372, .T. ) ;
#1254 = CARTESIAN_POINT ( 'NONE',  ( -4.594243124080021445, 0.3286215912326184152, -2.110000000000000320 ) ) ;
#1255 = DIRECTION ( 'NONE',  ( 0.9625750189617818808, 0.2710153738641505328, -0.000000000000000000 ) ) ;
#1256 = CARTESIAN_POINT ( 'NONE',  ( 3.943579639192182018, 1.367449942301011800, -0.4300000000000007150 ) ) ;
#1257 = VERTEX_POINT ( 'NONE', #554 ) ;
#1258 = DIRECTION ( 'NONE',  ( 1.000000000000000000, -2.016181479920678149E-15, 0.000000000000000000 ) ) ;
#1259 = VERTEX_POINT ( 'NONE', #5323 ) ;
#1260 = VECTOR ( 'NONE', #1374, 1000.000000000000000 ) ;
#1261 = DIRECTION ( 'NONE',  ( 0.000000000000000000, 0.000000000000000000, 1.000000000000000000 ) ) ;
#1262 = EDGE_LOOP ( 'NONE', ( #1845, #7531, #5377, #2174 ) ) ;
#1263 = EDGE_CURVE ( 'NONE', #8489, #4557, #3128, .T. ) ;
#1264 = VERTEX_POINT ( 'NONE', #7947 ) ;
#1265 = ADVANCED_FACE ( 'NONE', ( #5233 ), #7858, .T. ) ;
#1266 = DIRECTION ( 'NONE',  ( 0.000000000000000000, -0.000000000000000000, 1.000000000000000000 ) ) ;
#1267 = AXIS2_PLACEMENT_3D ( 'NONE', #2700, #6005, #5865 ) ;
#1268 = CARTESIAN_POINT ( 'NONE',  ( 3.943579639192182018, 1.582550057698989043, 3.379999999999999449 ) ) ;
#1269 = LINE ( 'NONE', #634, #957 ) ;
#1270 = PLANE ( 'NONE',  #4814 ) ;
#1271 = AXIS2_PLACEMENT_3D ( 'NONE', #4411, #6926, #7049 ) ;
#1272 = VERTEX_POINT ( 'NONE', #3199 ) ;
#1273 = DIRECTION ( 'NONE',  ( 1.000000000000000000, 0.000000000000000000, 0.000000000000000000 ) ) ;
#1274 = ORIENTED_EDGE ( 'NONE', *, *, #805, .F. ) ;
#1275 = CARTESIAN_POINT ( 'NONE',  ( 3.601452754537961098, 1.367449942301012245, 5.149992964849197108 ) ) ;
#1276 = AXIS2_PLACEMENT_3D ( 'NONE', #1444, #8148, #7466 ) ;
#1277 = CARTESIAN_POINT ( 'NONE',  ( -3.469579648282762996, 0.4500000000000000111, -4.869579648282762463 ) ) ;
#1278 = VECTOR ( 'NONE', #838, 1000.000000000000000 ) ;
#1279 = CARTESIAN_POINT ( 'NONE',  ( -3.749992964849198085, 1.582550057698988821, -1.700000000000000622 ) ) ;
#1280 = CARTESIAN_POINT ( 'NONE',  ( -3.601452754537962431, 1.367449942301012245, -5.149992964849197108 ) ) ;
#1281 = DIRECTION ( 'NONE',  ( -0.2710153738641504773, -0.9625750189617817698, 0.000000000000000000 ) ) ;
#1282 = LINE ( 'NONE', #4073, #1327 ) ;
#1283 = EDGE_CURVE ( 'NONE', #8201, #4817, #5841, .T. ) ;
#1284 =( GEOMETRIC_REPRESENTATION_CONTEXT ( 3 ) GLOBAL_UNCERTAINTY_ASSIGNED_CONTEXT ( ( #4354 ) ) GLOBAL_UNIT_ASSIGNED_CONTEXT ( ( #3086, #5066, #2775 ) ) REPRESENTATION_CONTEXT ( 'NONE', 'WORKASPACE' ) );
#1285 = CARTESIAN_POINT ( 'NONE',  ( 4.222822763272201740, 1.371071533533629649, 2.969999999999999751 ) ) ;
#1286 = ORIENTED_EDGE ( 'NONE', *, *, #3926, .T. ) ;
#1287 = VERTEX_POINT ( 'NONE', #8466 ) ;
#1288 = CARTESIAN_POINT ( 'NONE',  ( -3.469579648282762996, 0.4500000000000000666, -4.869579648282762463 ) ) ;
#1289 = DIRECTION ( 'NONE',  ( 0.000000000000000000, 0.000000000000000000, 1.000000000000000000 ) ) ;
#1290 = FILL_AREA_STYLE_COLOUR ( '', #5525 ) ;
#1291 = ORIENTED_EDGE ( 'NONE', *, *, #1781, .F. ) ;
#1292 = FACE_OUTER_BOUND ( 'NONE', #1983, .T. ) ;
#1293 = ORIENTED_EDGE ( 'NONE', *, *, #1034, .T. ) ;
#1294 = ORIENTED_EDGE ( 'NONE', *, *, #6671, .F. ) ;
#1295 = EDGE_CURVE ( 'NONE', #1315, #6824, #7350, .T. ) ;
#1296 = ORIENTED_EDGE ( 'NONE', *, *, #7470, .T. ) ;
#1297 = ORIENTED_EDGE ( 'NONE', *, *, #6113, .F. ) ;
#1298 = FACE_OUTER_BOUND ( 'NONE', #8129, .T. ) ;
#1299 = CARTESIAN_POINT ( 'NONE',  ( 4.589011388549212533, 0.2538042874631317170, -1.700000000000000622 ) ) ;
#1300 = LINE ( 'NONE', #1397, #3777 ) ;
#1301 = ORIENTED_EDGE ( 'NONE', *, *, #5842, .T. ) ;
#1302 = CARTESIAN_POINT ( 'NONE',  ( 5.134995374447882455, 0.000000000000000000, 1.700000000000000178 ) ) ;
#1303 = EDGE_CURVE ( 'NONE', #6645, #1181, #899, .T. ) ;
#1304 = CARTESIAN_POINT ( 'NONE',  ( -4.594243124080021445, 0.3286215912326184152, 4.240000000000000213 ) ) ;
#1305 = EDGE_CURVE ( 'NONE', #3498, #6035, #5502, .T. ) ;
#1306 = ORIENTED_EDGE ( 'NONE', *, *, #6770, .T. ) ;
#1307 = EDGE_LOOP ( 'NONE', ( #3741, #1367, #5922, #7136 ) ) ;
#1308 = LINE ( 'NONE', #3229, #1530 ) ;
#1309 = DIRECTION ( 'NONE',  ( 0.000000000000000000, 0.000000000000000000, 1.000000000000000000 ) ) ;
#1310 = LINE ( 'NONE', #8023, #7310 ) ;
#1311 = CARTESIAN_POINT ( 'NONE',  ( 3.469579648282761219, 0.4500000000000000111, -4.869579648282763351 ) ) ;
#1312 = EDGE_CURVE ( 'NONE', #5252, #7703, #88, .T. ) ;
#1313 = ORIENTED_EDGE ( 'NONE', *, *, #960, .T. ) ;
#1314 = CARTESIAN_POINT ( 'NONE',  ( -3.943579639192182018, 1.367449942301015131, -4.650000000000000355 ) ) ;
#1315 = VERTEX_POINT ( 'NONE', #2063 ) ;
#1316 = ORIENTED_EDGE ( 'NONE', *, *, #6781, .T. ) ;
#1317 = EDGE_CURVE ( 'NONE', #6042, #1423, #2898, .T. ) ;
#1318 = CARTESIAN_POINT ( 'NONE',  ( -5.150000000000000355, 0.2145761423277614266, 0.4299999999999998268 ) ) ;
#1319 = CARTESIAN_POINT ( 'NONE',  ( -3.749992964849197641, 1.367449942301012022, 0.8399999999999996358 ) ) ;
#1320 = CIRCLE ( 'NONE', #8099, 0.07500000000000041356 ) ;
#1321 = CARTESIAN_POINT ( 'NONE',  ( 3.943579639192182018, 1.292449942301011845, 2.969999999999999751 ) ) ;
#1322 = FACE_OUTER_BOUND ( 'NONE', #7942, .T. ) ;
#1323 = CARTESIAN_POINT ( 'NONE',  ( -3.749992964849198085, 1.582550057698988821, 5.001452754537961454 ) ) ;
#1324 = EDGE_CURVE ( 'NONE', #2926, #1482, #4847, .T. ) ;
#1325 = DIRECTION ( 'NONE',  ( 0.000000000000000000, 0.000000000000000000, 1.000000000000000000 ) ) ;
#1326 = ORIENTED_EDGE ( 'NONE', *, *, #2976, .T. ) ;
#1327 = VECTOR ( 'NONE', #4677, 1000.000000000000000 ) ;
#1328 = AXIS2_PLACEMENT_3D ( 'NONE', #1870, #2098, #8070 ) ;
#1329 = ORIENTED_EDGE ( 'NONE', *, *, #59, .T. ) ;
#1330 = EDGE_CURVE ( 'NONE', #7617, #4214, #1467, .T. ) ;
#1331 = DIRECTION ( 'NONE',  ( 0.7036407875340270346, 0.7036407875340270346, 0.09889026361067403126 ) ) ;
#1332 = DIRECTION ( 'NONE',  ( 0.9975640502598241977, 0.06975647374412544122, 0.000000000000000000 ) ) ;
#1333 =( NAMED_UNIT ( * ) PLANE_ANGLE_UNIT ( ) SI_UNIT ( $, .RADIAN. ) );
#1334 = ORIENTED_EDGE ( 'NONE', *, *, #1738, .F. ) ;
#1335 = CARTESIAN_POINT ( 'NONE',  ( -5.150000000000000355, 0.2145761423277614266, 4.240000000000000213 ) ) ;
#1336 = AXIS2_PLACEMENT_3D ( 'NONE', #5538, #7552, #4061 ) ;
#1337 = DIRECTION ( 'NONE',  ( -1.000000000000000000, -1.120120665500548440E-15, -0.000000000000000000 ) ) ;
#1338 = VECTOR ( 'NONE', #3353, 1000.000000000000227 ) ;
#1339 = ORIENTED_EDGE ( 'NONE', *, *, #6502, .T. ) ;
#1340 = ORIENTED_EDGE ( 'NONE', *, *, #515, .T. ) ;
#1341 = ORIENTED_EDGE ( 'NONE', *, *, #68, .F. ) ;
#1342 =( BOUNDED_CURVE ( )  B_SPLINE_CURVE ( 3, ( #3986, #3286, #6573, #1460 ),
 .UNSPECIFIED., .F., .T. ) 
 B_SPLINE_CURVE_WITH_KNOTS ( ( 4, 4 ),
 ( 5.507472325450612161, 7.058898288908557639 ),
 .UNSPECIFIED. ) 
 CURVE ( )  GEOMETRIC_REPRESENTATION_ITEM ( )  RATIONAL_B_SPLINE_CURVE ( ( 1.000000000000000000, 0.8092813118237129899, 0.8092813118237129899, 1.000000000000000000 ) ) 
 REPRESENTATION_ITEM ( '' )  );
#1343 = ORIENTED_EDGE ( 'NONE', *, *, #6066, .F. ) ;
#1344 = ORIENTED_EDGE ( 'NONE', *, *, #6974, .F. ) ;
#1345 = AXIS2_PLACEMENT_3D ( 'NONE', #3381, #6071, #96 ) ;
#1346 = AXIS2_PLACEMENT_3D ( 'NONE', #594, #3066, #8296 ) ;
#1347 = LINE ( 'NONE', #8012, #3042 ) ;
#1348 = AXIS2_PLACEMENT_3D ( 'NONE', #2296, #1008, #4173 ) ;
#1349 = CARTESIAN_POINT ( 'NONE',  ( 5.134995374447882455, 0.000000000000000000, 2.969999999999999751 ) ) ;
#1350 = DIRECTION ( 'NONE',  ( 1.000000000000000000, 0.000000000000000000, 0.000000000000000000 ) ) ;
#1351 = ORIENTED_EDGE ( 'NONE', *, *, #868, .T. ) ;
#1352 = CARTESIAN_POINT ( 'NONE',  ( -5.150000000000000355, 0.2145761423277614266, -3.380000000000000338 ) ) ;
#1353 = DIRECTION ( 'NONE',  ( -1.000000000000000000, 0.000000000000000000, 0.000000000000000000 ) ) ;
#1354 = PRESENTATION_LAYER_ASSIGNMENT (  '', '', ( #5785 ) ) ;
#1355 = VERTEX_POINT ( 'NONE', #7522 ) ;
#1356 = VECTOR ( 'NONE', #4590, 1000.000000000000227 ) ;
#1357 = VERTEX_POINT ( 'NONE', #2106 ) ;
#1358 = CARTESIAN_POINT ( 'NONE',  ( 4.015772765614318729, 1.312776095340824734, 1.700000000000000178 ) ) ;
#1359 = FACE_OUTER_BOUND ( 'NONE', #4495, .T. ) ;
#1360 = LINE ( 'NONE', #6561, #1644 ) ;
#1361 = EDGE_CURVE ( 'NONE', #7183, #8199, #3540, .T. ) ;
#1362 = FACE_OUTER_BOUND ( 'NONE', #92, .T. ) ;
#1363 = AXIS2_PLACEMENT_3D ( 'NONE', #6052, #2754, #5403 ) ;
#1364 = ORIENTED_EDGE ( 'NONE', *, *, #6146, .T. ) ;
#1365 = DIRECTION ( 'NONE',  ( 0.9975640502598241977, -0.06975647374412528856, 0.000000000000000000 ) ) ;
#1366 = EDGE_LOOP ( 'NONE', ( #3953, #2122, #4148, #5422, #3453, #572, #3597, #4739 ) ) ;
#1367 = ORIENTED_EDGE ( 'NONE', *, *, #4371, .F. ) ;
#1368 = DIRECTION ( 'NONE',  ( 0.9975640502598241977, -0.06975647374412528856, 0.000000000000000000 ) ) ;
#1369 = VECTOR ( 'NONE', #7154, 1000.000000000000000 ) ;
#1370 = FACE_OUTER_BOUND ( 'NONE', #8102, .T. ) ;
#1371 = ADVANCED_FACE ( 'NONE', ( #3504 ), #7994, .F. ) ;
#1372 = LINE ( 'NONE', #601, #6862 ) ;
#1373 = EDGE_CURVE ( 'NONE', #248, #1917, #6105, .T. ) ;
#1374 = DIRECTION ( 'NONE',  ( 1.000000000000000000, 1.120120665500546074E-15, 0.000000000000000000 ) ) ;
#1375 = CARTESIAN_POINT ( 'NONE',  ( 3.469579648282761664, 0.4291240348559907103, 5.018119858593998117 ) ) ;
#1376 = CARTESIAN_POINT ( 'NONE',  ( -4.589011388549212533, 0.2538042874631301071, 4.240000000000000213 ) ) ;
#1377 = DIRECTION ( 'NONE',  ( 0.7036407875340268125, 0.7036407875340268125, -0.09889026361067784765 ) ) ;
#1378 = EDGE_CURVE ( 'NONE', #5345, #4475, #7481, .T. ) ;
#1379 = VECTOR ( 'NONE', #1945, 1000.000000000000000 ) ;
#1380 = VERTEX_POINT ( 'NONE', #4108 ) ;
#1381 = EDGE_CURVE ( 'NONE', #4842, #4967, #4855, .T. ) ;
#1382 = LINE ( 'NONE', #4730, #3846 ) ;
#1383 = SURFACE_SIDE_STYLE ('',( #2636 ) ) ;
#1384 = SURFACE_STYLE_USAGE ( .BOTH. , #6707 ) ;
#1385 = DIRECTION ( 'NONE',  ( 1.000000000000000000, 0.000000000000000000, 0.000000000000000000 ) ) ;
#1386 = AXIS2_PLACEMENT_3D ( 'NONE', #7720, #942, #4928 ) ;
#1387 = ORIENTED_EDGE ( 'NONE', *, *, #1040, .T. ) ;
#1388 = VERTEX_POINT ( 'NONE', #780 ) ;
#1389 = ORIENTED_EDGE ( 'NONE', *, *, #3143, .T. ) ;
#1390 = ADVANCED_FACE ( 'NONE', ( #8035 ), #4193, .F. ) ;
#1391 = CARTESIAN_POINT ( 'NONE',  ( 3.618119858593996874, 0.4291240348559906548, -4.869579648282763351 ) ) ;
#1392 = ORIENTED_EDGE ( 'NONE', *, *, #3282, .T. ) ;
#1393 = EDGE_LOOP ( 'NONE', ( #7270, #1550, #851, #2023 ) ) ;
#1394 = VECTOR ( 'NONE', #897, 1000.000000000000000 ) ;
#1395 = PLANE ( 'NONE',  #5258 ) ;
#1396 = LINE ( 'NONE', #5206, #277 ) ;
#1397 = CARTESIAN_POINT ( 'NONE',  ( -4.315000000000000391, 0.2499999999999998890, -2.970000000000000639 ) ) ;
#1398 = ORIENTED_EDGE ( 'NONE', *, *, #2957, .T. ) ;
#1399 = CYLINDRICAL_SURFACE ( 'NONE', #7293, 0.07500000000000128786 ) ;
#1400 = EDGE_CURVE ( 'NONE', #6965, #728, #3372, .T. ) ;
#1401 = VECTOR ( 'NONE', #5218, 1000.000000000000000 ) ;
#1402 = CYLINDRICAL_SURFACE ( 'NONE', #7908, 0.1499999999999999667 ) ;
#1403 = ORIENTED_EDGE ( 'NONE', *, *, #761, .T. ) ;
#1404 = ORIENTED_EDGE ( 'NONE', *, *, #1847, .F. ) ;
#1405 = DIRECTION ( 'NONE',  ( 0.000000000000000000, 0.000000000000000000, 1.000000000000000000 ) ) ;
#1406 = CARTESIAN_POINT ( 'NONE',  ( 5.134995374447882455, 0.000000000000000000, 4.240000000000000213 ) ) ;
#1407 = CARTESIAN_POINT ( 'NONE',  ( 5.150000000000000355, 0.2145761423277614266, -4.240000000000001101 ) ) ;
#1408 = CIRCLE ( 'NONE', #3348, 0.2901001153979786418 ) ;
#1409 = EDGE_CURVE ( 'NONE', #301, #4990, #2235, .T. ) ;
#1410 = EDGE_LOOP ( 'NONE', ( #7795, #6080, #7071, #6032, #5905, #6538 ) ) ;
#1411 = CARTESIAN_POINT ( 'NONE',  ( -3.749992964849198085, 1.582550057698988599, -5.001452754537961454 ) ) ;
#1412 = VERTEX_POINT ( 'NONE', #6828 ) ;
#1413 = DIRECTION ( 'NONE',  ( 0.2710153738641504773, -0.9625750189617817698, -0.000000000000000000 ) ) ;
#1414 = EDGE_LOOP ( 'NONE', ( #7206, #3389, #8417, #3474, #396, #212, #7012, #1646, #1696, #1663, #1822, #7336 ) ) ;
#1415 = EDGE_CURVE ( 'NONE', #4005, #5862, #712, .T. ) ;
#1416 = AXIS2_PLACEMENT_3D ( 'NONE', #5263, #1219, #1353 ) ;
#1417 = LINE ( 'NONE', #133, #1394 ) ;
#1418 = CIRCLE ( 'NONE', #4891, 0.07500000000000300870 ) ;
#1419 = CARTESIAN_POINT ( 'NONE',  ( -3.749992964849197641, 1.367449942301012022, -3.380000000000000338 ) ) ;
#1420 = FACE_OUTER_BOUND ( 'NONE', #2933, .T. ) ;
#1421 = DIRECTION ( 'NONE',  ( 0.9975640502598241977, 0.06975647374412544122, 0.000000000000000000 ) ) ;
#1422 = DIRECTION ( 'NONE',  ( -1.000000000000000000, 0.000000000000000000, 0.000000000000000000 ) ) ;
#1423 = VERTEX_POINT ( 'NONE', #2848 ) ;
#1424 = EDGE_CURVE ( 'NONE', #4244, #531, #2192, .T. ) ;
#1425 = VECTOR ( 'NONE', #5418, 1000.000000000000227 ) ;
#1426 = ADVANCED_FACE ( 'NONE', ( #2145 ), #4798, .F. ) ;
#1427 = VERTEX_POINT ( 'NONE', #8370 ) ;
#1428 = CARTESIAN_POINT ( 'NONE',  ( 3.749992964849197641, 1.367449942301012022, -1.700000000000000622 ) ) ;
#1429 = DIRECTION ( 'NONE',  ( 1.000000000000000000, 1.120120665500548440E-15, 0.000000000000000000 ) ) ;
#1430 = FACE_OUTER_BOUND ( 'NONE', #7576, .T. ) ;
#1431 = ORIENTED_EDGE ( 'NONE', *, *, #3403, .T. ) ;
#1432 = ORIENTED_EDGE ( 'NONE', *, *, #696, .T. ) ;
#1433 = ORIENTED_EDGE ( 'NONE', *, *, #6316, .T. ) ;
#1434 = DIRECTION ( 'NONE',  ( -1.000000000000000000, -1.120120665500548440E-15, -0.000000000000000000 ) ) ;
#1435 = VECTOR ( 'NONE', #8344, 1000.000000000000227 ) ;
#1436 = ORIENTED_EDGE ( 'NONE', *, *, #484, .T. ) ;
#1437 = ORIENTED_EDGE ( 'NONE', *, *, #8400, .T. ) ;
#1438 = CARTESIAN_POINT ( 'NONE',  ( -2.636643502869150169, 2.600000000000000089, -4.369579648282762463 ) ) ;
#1439 = CARTESIAN_POINT ( 'NONE',  ( 3.749997654931400248, 1.582516686030076558, -5.000968516274153508 ) ) ;
#1440 = LINE ( 'NONE', #4090, #3587 ) ;
#1441 = CARTESIAN_POINT ( 'NONE',  ( 3.687973030627474280, 1.588512672022515781, -5.149154974055156764 ) ) ;
#1442 = ORIENTED_EDGE ( 'NONE', *, *, #1989, .F. ) ;
#1443 = LINE ( 'NONE', #6810, #8385 ) ;
#1444 = CARTESIAN_POINT ( 'NONE',  ( -4.315000000000000391, 0.2500000000000000000, 2.109999999999999876 ) ) ;
#1445 = EDGE_LOOP ( 'NONE', ( #7553, #4351, #6324, #7691 ) ) ;
#1446 = VERTEX_POINT ( 'NONE', #1705 ) ;
#1447 = DIRECTION ( 'NONE',  ( 0.06975647374412763391, 0.9975640502598240866, -0.000000000000000000 ) ) ;
#1448 = EDGE_CURVE ( 'NONE', #714, #6903, #986, .T. ) ;
#1449 = DIRECTION ( 'NONE',  ( -0.000000000000000000, -0.000000000000000000, -1.000000000000000000 ) ) ;
#1450 = ORIENTED_EDGE ( 'NONE', *, *, #3738, .T. ) ;
#1451 = CARTESIAN_POINT ( 'NONE',  ( -5.150000000000000355, 0.2145761423277614266, -0.8400000000000005240 ) ) ;
#1452 = ORIENTED_EDGE ( 'NONE', *, *, #5002, .F. ) ;
#1453 = EDGE_LOOP ( 'NONE', ( #7890, #4745, #2822, #8446, #480, #1519, #8459, #3995, #7574, #690, #365, #4331 ) ) ;
#1454 = DIRECTION ( 'NONE',  ( 0.2710153738641504773, -0.9625750189617817698, -0.000000000000000000 ) ) ;
#1455 = DIRECTION ( 'NONE',  ( -1.000000000000000000, -2.016181479920678149E-15, 0.000000000000000000 ) ) ;
#1456 = CARTESIAN_POINT ( 'NONE',  ( -3.749992964849198085, 1.582550057698988821, -2.970000000000000639 ) ) ;
#1457 = LINE ( 'NONE', #902, #555 ) ;
#1458 = DIRECTION ( 'NONE',  ( -5.782411586589358822E-15, -5.782411586589358822E-15, -1.000000000000000000 ) ) ;
#1459 = EDGE_CURVE ( 'NONE', #1000, #5239, #20, .T. ) ;
#1460 = CARTESIAN_POINT ( 'NONE',  ( 3.749992964849196309, 1.582550057698988821, 5.001452754537962342 ) ) ;
#1461 = SHAPE_DEFINITION_REPRESENTATION ( #6991, #7744 ) ;
#1462 = ORIENTED_EDGE ( 'NONE', *, *, #2012, .F. ) ;
#1463 = CARTESIAN_POINT ( 'NONE',  ( -4.589011388549212533, 0.2538042874631317170, -0.4300000000000007150 ) ) ;
#1464 = ADVANCED_FACE ( 'NONE', ( #2435 ), #5008, .F. ) ;
#1465 = FILL_AREA_STYLE ('',( #1290 ) ) ;
#1466 = LINE ( 'NONE', #2287, #6691 ) ;
#1467 = CIRCLE ( 'NONE', #7422, 0.2901001153979764768 ) ;
#1468 = CARTESIAN_POINT ( 'NONE',  ( 3.943579639192182018, 1.292449942301011845, 4.649999999999999467 ) ) ;
#1469 = ORIENTED_EDGE ( 'NONE', *, *, #5896, .T. ) ;
#1470 = AXIS2_PLACEMENT_3D ( 'NONE', #8126, #425, #4446 ) ;
#1471 = DIRECTION ( 'NONE',  ( -1.000000000000000000, 0.000000000000000000, 0.000000000000000000 ) ) ;
#1472 = VERTEX_POINT ( 'NONE', #2978 ) ;
#1473 = ORIENTED_EDGE ( 'NONE', *, *, #7881, .T. ) ;
#1474 = CARTESIAN_POINT ( 'NONE',  ( -4.015772765614322282, 1.312776095340825622, -4.240000000000001101 ) ) ;
#1475 = CARTESIAN_POINT ( 'NONE',  ( 3.600484260976133388, 1.582499999999976481, -5.149999999999999467 ) ) ;
#1476 = EDGE_CURVE ( 'NONE', #3856, #8444, #4426, .T. ) ;
#1477 = VECTOR ( 'NONE', #2240, 1000.000000000000000 ) ;
#1478 = DIRECTION ( 'NONE',  ( 0.06975647374412530244, -0.9975640502598243087, 0.000000000000000000 ) ) ;
#1479 = ADVANCED_FACE ( 'NONE', ( #5703 ), #2398, .F. ) ;
#1480 = AXIS2_PLACEMENT_3D ( 'NONE', #6087, #155, #485 ) ;
#1481 = DIRECTION ( 'NONE',  ( -1.000000000000000000, 0.000000000000000000, 0.000000000000000000 ) ) ;
#1482 = VERTEX_POINT ( 'NONE', #419 ) ;
#1483 = CARTESIAN_POINT ( 'NONE',  ( -4.315000000000000391, 0.2499999999999998890, 0.8399999999999996358 ) ) ;
#1484 = DIRECTION ( 'NONE',  ( -0.000000000000000000, 0.000000000000000000, -1.000000000000000000 ) ) ;
#1485 = VECTOR ( 'NONE', #6476, 1000.000000000000000 ) ;
#1486 = VECTOR ( 'NONE', #384, 1000.000000000000000 ) ;
#1487 = ORIENTED_EDGE ( 'NONE', *, *, #7153, .F. ) ;
#1488 = LINE ( 'NONE', #121, #3748 ) ;
#1489 = ADVANCED_FACE ( 'NONE', ( #4316 ), #6957, .T. ) ;
#1490 = DIRECTION ( 'NONE',  ( -2.016181479920678149E-15, 1.000000000000000000, 0.000000000000000000 ) ) ;
#1491 = PLANE ( 'NONE',  #1336 ) ;
#1492 = VERTEX_POINT ( 'NONE', #6305 ) ;
#1493 = PRESENTATION_LAYER_ASSIGNMENT (  '', '', ( #7160 ) ) ;
#1494 = CARTESIAN_POINT ( 'NONE',  ( -5.150000000000000355, 0.2145761423277614266, 4.240000000000000213 ) ) ;
#1495 = ORIENTED_EDGE ( 'NONE', *, *, #3282, .F. ) ;
#1496 = AXIS2_PLACEMENT_3D ( 'NONE', #280, #2919, #5570 ) ;
#1497 = EDGE_LOOP ( 'NONE', ( #7857, #1169, #2152, #862, #3257, #3932, #7201, #5684, #1554, #1487, #5551, #1860 ) ) ;
#1498 = DIRECTION ( 'NONE',  ( -1.000000000000000000, 1.120120665500546074E-15, 0.000000000000000000 ) ) ;
#1499 = EDGE_CURVE ( 'NONE', #608, #935, #1670, .T. ) ;
#1500 = CARTESIAN_POINT ( 'NONE',  ( -4.222822763272207958, 1.371071533533628761, -4.240000000000001101 ) ) ;
#1501 = AXIS2_PLACEMENT_3D ( 'NONE', #3791, #8415, #7168 ) ;
#1502 = CARTESIAN_POINT ( 'NONE',  ( -3.749992964849197641, 1.367449942301012022, -4.650000000000000355 ) ) ;
#1503 = CARTESIAN_POINT ( 'NONE',  ( -2.636643502869150169, 2.649999999999999911, -4.669579648282762285 ) ) ;
#1504 = DIRECTION ( 'NONE',  ( -0.2710153738641504773, -0.9625750189617817698, 0.000000000000000000 ) ) ;
#1505 = DIRECTION ( 'NONE',  ( 1.000000000000000000, 4.023780757665094132E-16, -2.863068777260351178E-15 ) ) ;
#1506 = ORIENTED_EDGE ( 'NONE', *, *, #371, .T. ) ;
#1507 = CARTESIAN_POINT ( 'NONE',  ( 3.943579639192182018, 1.367449942301011800, 2.969999999999999751 ) ) ;
#1508 = CIRCLE ( 'NONE', #6347, 0.2901001153979760883 ) ;
#1509 = ORIENTED_EDGE ( 'NONE', *, *, #5637, .F. ) ;
#1510 = DIRECTION ( 'NONE',  ( -0.000000000000000000, -0.000000000000000000, -1.000000000000000000 ) ) ;
#1511 = DIRECTION ( 'NONE',  ( -1.000000000000000000, 0.000000000000000000, 0.000000000000000000 ) ) ;
#1512 = DIRECTION ( 'NONE',  ( -0.000000000000000000, -0.000000000000000000, -1.000000000000000000 ) ) ;
#1513 = DIRECTION ( 'NONE',  ( -0.000000000000000000, -0.000000000000000000, -1.000000000000000000 ) ) ;
#1514 = ORIENTED_EDGE ( 'NONE', *, *, #4571, .T. ) ;
#1515 = ORIENTED_EDGE ( 'NONE', *, *, #7519, .T. ) ;
#1516 =( LENGTH_UNIT ( ) NAMED_UNIT ( * ) SI_UNIT ( .MILLI., .METRE. ) );
#1517 = AXIS2_PLACEMENT_3D ( 'NONE', #1224, #2525, #1829 ) ;
#1518 = EDGE_CURVE ( 'NONE', #2678, #8264, #2217, .T. ) ;
#1519 = ORIENTED_EDGE ( 'NONE', *, *, #8043, .F. ) ;
#1520 = ORIENTED_EDGE ( 'NONE', *, *, #371, .F. ) ;
#1521 = FACE_OUTER_BOUND ( 'NONE', #2737, .T. ) ;
#1522 = DIRECTION ( 'NONE',  ( -0.000000000000000000, -0.000000000000000000, -1.000000000000000000 ) ) ;
#1523 = LINE ( 'NONE', #5610, #2060 ) ;
#1524 = VECTOR ( 'NONE', #3929, 1000.000000000000114 ) ;
#1525 = CARTESIAN_POINT ( 'NONE',  ( -4.594243124080021445, 0.3286215912326184152, 0.8399999999999996358 ) ) ;
#1526 = ORIENTED_EDGE ( 'NONE', *, *, #2794, .T. ) ;
#1527 = DIRECTION ( 'NONE',  ( 0.9975640502598241977, 0.06975647374412764778, -0.000000000000000000 ) ) ;
#1528 = DIRECTION ( 'NONE',  ( 1.000000000000000000, 0.000000000000000000, -0.000000000000000000 ) ) ;
#1529 = EDGE_CURVE ( 'NONE', #4794, #5122, #2317, .T. ) ;
#1530 = VECTOR ( 'NONE', #7076, 1000.000000000000000 ) ;
#1531 = EDGE_CURVE ( 'NONE', #8052, #5994, #7598, .T. ) ;
#1532 = ORIENTED_EDGE ( 'NONE', *, *, #4770, .T. ) ;
#1533 = CARTESIAN_POINT ( 'NONE',  ( -3.943579639192182018, 1.292449942301011845, 2.109999999999999876 ) ) ;
#1534 = CYLINDRICAL_SURFACE ( 'NONE', #825, 0.07500000000000041356 ) ;
#1535 = CARTESIAN_POINT ( 'NONE',  ( 3.749992964849197641, 1.367449942301012022, -2.970000000000000639 ) ) ;
#1536 = AXIS2_PLACEMENT_3D ( 'NONE', #1668, #3665, #4231 ) ;
#1537 = ORIENTED_EDGE ( 'NONE', *, *, #8214, .F. ) ;
#1538 = CARTESIAN_POINT ( 'NONE',  ( 4.315000000000000391, 0.2500000000000000000, -1.700000000000000622 ) ) ;
#1539 = ORIENTED_EDGE ( 'NONE', *, *, #7713, .F. ) ;
#1540 = ORIENTED_EDGE ( 'NONE', *, *, #6316, .F. ) ;
#1542 = ADVANCED_FACE ( 'NONE', ( #6226 ), #5591, .F. ) ;
#1541 = LINE ( 'NONE', #292, #8454 ) ;
#1543 = EDGE_CURVE ( 'NONE', #7723, #5887, #2921, .T. ) ;
#1544 = CARTESIAN_POINT ( 'NONE',  ( 3.749999999999999112, 1.367500000000028360, -4.999999999999999112 ) ) ;
#1545 = CIRCLE ( 'NONE', #5436, 0.1499999999999999112 ) ;
#1546 = DIRECTION ( 'NONE',  ( -0.000000000000000000, -1.000000000000000000, 0.000000000000000000 ) ) ;
#1547 = DIRECTION ( 'NONE',  ( -0.000000000000000000, -0.000000000000000000, -1.000000000000000000 ) ) ;
#1548 = DIRECTION ( 'NONE',  ( -0.000000000000000000, -0.000000000000000000, -1.000000000000000000 ) ) ;
#1549 = LINE ( 'NONE', #6745, #1689 ) ;
#1550 = ORIENTED_EDGE ( 'NONE', *, *, #7186, .F. ) ;
#1551 = CARTESIAN_POINT ( 'NONE',  ( -3.943579639192182018, 1.367449942301015131, 4.649999999999999467 ) ) ;
#1552 = CARTESIAN_POINT ( 'NONE',  ( 0.000000000000000000, 0.000000000000000000, 0.000000000000000000 ) ) ;
#1553 = VECTOR ( 'NONE', #250, 1000.000000000000000 ) ;
#1554 = ORIENTED_EDGE ( 'NONE', *, *, #5879, .F. ) ;
#1555 = ORIENTED_EDGE ( 'NONE', *, *, #8108, .T. ) ;
#1556 =( GEOMETRIC_REPRESENTATION_CONTEXT ( 3 ) GLOBAL_UNCERTAINTY_ASSIGNED_CONTEXT ( ( #5821 ) ) GLOBAL_UNIT_ASSIGNED_CONTEXT ( ( #1516, #4211, #6201 ) ) REPRESENTATION_CONTEXT ( 'NONE', 'WORKASPACE' ) );
#1557 = ADVANCED_FACE ( 'NONE', ( #5093 ), #5668, .F. ) ;
#1558 = FACE_OUTER_BOUND ( 'NONE', #7666, .T. ) ;
#1559 = CARTESIAN_POINT ( 'NONE',  ( 4.594243124080021445, 0.3286215912326184152, -4.240000000000001101 ) ) ;
#1560 = AXIS2_PLACEMENT_3D ( 'NONE', #5057, #5753, #1797 ) ;
#1561 = ORIENTED_EDGE ( 'NONE', *, *, #8192, .T. ) ;
#1562 = SPHERICAL_SURFACE ( 'NONE', #7511, 0.1499999999999999944 ) ;
#1563 = STYLED_ITEM ( 'NONE', ( #6712 ), #5509 ) ;
#1564 = CARTESIAN_POINT ( 'NONE',  ( -3.943579639192182018, 1.292449942301011845, -4.240000000000001101 ) ) ;
#1565 = CARTESIAN_POINT ( 'NONE',  ( 4.315000000000000391, 0.2500000000000000000, -2.970000000000000639 ) ) ;
#1566 = CIRCLE ( 'NONE', #4473, 0.07500000000000128786 ) ;
#1567 = PLANE ( 'NONE',  #6048 ) ;
#1568 = PLANE ( 'NONE',  #5977 ) ;
#1569 = CARTESIAN_POINT ( 'NONE',  ( -4.589011388549212533, 0.2538042874631317170, 4.649999999999999467 ) ) ;
#1570 = LINE ( 'NONE', #6899, #5852 ) ;
#1571 = CARTESIAN_POINT ( 'NONE',  ( 4.589011388549212533, 0.2538042874631317170, 0.4299999999999998268 ) ) ;
#1572 = ADVANCED_FACE ( 'NONE', ( #1063 ), #3707, .F. ) ;
#1573 =( GEOMETRIC_REPRESENTATION_CONTEXT ( 3 ) GLOBAL_UNCERTAINTY_ASSIGNED_CONTEXT ( ( #6263 ) ) GLOBAL_UNIT_ASSIGNED_CONTEXT ( ( #5294, #2728, #5382 ) ) REPRESENTATION_CONTEXT ( 'NONE', 'WORKASPACE' ) );
#1574 = CARTESIAN_POINT ( 'NONE',  ( 3.749999999999999112, 1.367500000000028360, 4.999999999999999112 ) ) ;
#1575 = VERTEX_POINT ( 'NONE', #3103 ) ;
#1576 = LINE ( 'NONE', #8316, #4869 ) ;
#1577 = DIRECTION ( 'NONE',  ( 1.000000000000000000, -2.016181479920678149E-15, 0.000000000000000000 ) ) ;
#1578 = LINE ( 'NONE', #5452, #7445 ) ;
#1579 = ADVANCED_FACE ( 'NONE', ( #5745 ), #2478, .F. ) ;
#1580 = VERTEX_POINT ( 'NONE', #545 ) ;
#1581 = CARTESIAN_POINT ( 'NONE',  ( 4.315000000000000391, 0.2500000000000000000, 2.109999999999999876 ) ) ;
#1582 = EDGE_CURVE ( 'NONE', #5260, #4588, #8414, .T. ) ;
#1583 = ORIENTED_EDGE ( 'NONE', *, *, #7098, .T. ) ;
#1584 = CARTESIAN_POINT ( 'NONE',  ( 3.943579639192182018, 1.292449942301011845, 2.969999999999999751 ) ) ;
#1585 = LINE ( 'NONE', #6864, #6928 ) ;
#1586 = CARTESIAN_POINT ( 'NONE',  ( -2.636643502869150169, 2.649999999999999911, -4.369579648282762463 ) ) ;
#1587 = FACE_OUTER_BOUND ( 'NONE', #558, .T. ) ;
#1588 = DIRECTION ( 'NONE',  ( -0.2710153738641504773, -0.9625750189617817698, 0.000000000000000000 ) ) ;
#1589 = ADVANCED_FACE ( 'NONE', ( #4526 ), #3966, .T. ) ;
#1590 = LINE ( 'NONE', #2901, #2948 ) ;
#1591 = ORIENTED_EDGE ( 'NONE', *, *, #6865, .F. ) ;
#1592 = CARTESIAN_POINT ( 'NONE',  ( 3.943579639192182018, 1.292449942301011845, -3.380000000000000338 ) ) ;
#1593 = EDGE_CURVE ( 'NONE', #4817, #8016, #7760, .T. ) ;
#1594 = SURFACE_STYLE_USAGE ( .BOTH. , #906 ) ;
#1595 = VERTEX_POINT ( 'NONE', #3834 ) ;
#1596 = VERTEX_POINT ( 'NONE', #2661 ) ;
#1597 = EDGE_CURVE ( 'NONE', #437, #2955, #4620, .T. ) ;
#1598 = DIRECTION ( 'NONE',  ( -0.2710153738641504773, 0.9625750189617817698, 0.000000000000000000 ) ) ;
#1599 = FILL_AREA_STYLE ('',( #2247 ) ) ;
#1600 = CARTESIAN_POINT ( 'NONE',  ( -4.594243124080021445, 0.3286215912326184152, 4.240000000000000213 ) ) ;
#1601 = ORIENTED_EDGE ( 'NONE', *, *, #269, .T. ) ;
#1602 = AXIS2_PLACEMENT_3D ( 'NONE', #2868, #3196, #694 ) ;
#1603 = EDGE_CURVE ( 'NONE', #790, #641, #3731, .T. ) ;
#1604 = PLANE ( 'NONE',  #1602 ) ;
#1605 = ORIENTED_EDGE ( 'NONE', *, *, #2760, .F. ) ;
#1606 = EDGE_LOOP ( 'NONE', ( #7075, #7107, #7406, #6279 ) ) ;
#1607 = PLANE ( 'NONE',  #3269 ) ;
#1608 = CARTESIAN_POINT ( 'NONE',  ( 4.589011388549212533, 0.2538042874631317170, -0.4300000000000007150 ) ) ;
#1609 = VECTOR ( 'NONE', #3847, 1000.000000000000000 ) ;
#1610 = DIRECTION ( 'NONE',  ( 1.000000000000000000, 0.000000000000000000, -0.000000000000000000 ) ) ;
#1611 = DIRECTION ( 'NONE',  ( -0.000000000000000000, -0.000000000000000000, -1.000000000000000000 ) ) ;
#1612 = CARTESIAN_POINT ( 'NONE',  ( -3.943579639192182018, 1.582550057698989043, -2.110000000000000320 ) ) ;
#1613 = AXIS2_PLACEMENT_3D ( 'NONE', #3839, #6479, #3192 ) ;
#1614 = CARTESIAN_POINT ( 'NONE',  ( -4.315000000000000391, 0.2500000000000000000, -3.380000000000000338 ) ) ;
#1615 = ORIENTED_EDGE ( 'NONE', *, *, #6202, .T. ) ;
#1616 = DIRECTION ( 'NONE',  ( -0.000000000000000000, -0.000000000000000000, -1.000000000000000000 ) ) ;
#1617 = AXIS2_PLACEMENT_3D ( 'NONE', #3850, #7129, #3201 ) ;
#1618 = VECTOR ( 'NONE', #6643, 1000.000000000000000 ) ;
#1619 = CARTESIAN_POINT ( 'NONE',  ( -3.750000000000000888, 1.582499999999972928, -5.000000000000000888 ) ) ;
#1620 =( NAMED_UNIT ( * ) PLANE_ANGLE_UNIT ( ) SI_UNIT ( $, .RADIAN. ) );
#1621 = ORIENTED_EDGE ( 'NONE', *, *, #6405, .T. ) ;
#1622 = CARTESIAN_POINT ( 'NONE',  ( -3.749992964849197641, 1.367449942301012022, 4.649999999999999467 ) ) ;
#1623 = VERTEX_POINT ( 'NONE', #5314 ) ;
#1624 = CARTESIAN_POINT ( 'NONE',  ( -4.589011388549212533, 0.2538042874631317170, 0.8399999999999996358 ) ) ;
#1625 = AXIS2_PLACEMENT_3D ( 'NONE', #3931, #3233, #589 ) ;
#1626 = AXIS2_PLACEMENT_3D ( 'NONE', #4449, #4363, #3755 ) ;
#1627 =( BOUNDED_CURVE ( )  B_SPLINE_CURVE ( 3, ( #1657, #2341, #532, #8314 ),
 .UNSPECIFIED., .F., .F. ) 
 B_SPLINE_CURVE_WITH_KNOTS ( ( 4, 4 ),
 ( -6.217248937900876626E-15, 0.009685181668474993413 ),
 .UNSPECIFIED. ) 
 CURVE ( )  GEOMETRIC_REPRESENTATION_ITEM ( )  RATIONAL_B_SPLINE_CURVE ( ( 1.000000000000000000, 0.9999921831199466427, 0.9999921831199466427, 1.000000000000000000 ) ) 
 REPRESENTATION_ITEM ( '' )  );
#1628 = CARTESIAN_POINT ( 'NONE',  ( 0.000000000000000000, 2.649999999999999911, -4.999972658955196714 ) ) ;
#1629 = ADVANCED_FACE ( 'NONE', ( #6428 ), #7117, .F. ) ;
#1630 = VECTOR ( 'NONE', #6173, 1000.000000000000227 ) ;
#1631 = DIRECTION ( 'NONE',  ( 1.000000000000000000, 0.000000000000000000, 5.782411586589358033E-15 ) ) ;
#1632 = LINE ( 'NONE', #4278, #6896 ) ;
#1633 = AXIS2_PLACEMENT_3D ( 'NONE', #4103, #7348, #5876 ) ;
#1634 = DIRECTION ( 'NONE',  ( -0.9975640502598241977, 0.06975647374412528856, -0.000000000000000000 ) ) ;
#1635 = VECTOR ( 'NONE', #3993, 1000.000000000000000 ) ;
#1636 = DIRECTION ( 'NONE',  ( 0.000000000000000000, -0.1391731009600633839, 0.9902680687415706950 ) ) ;
#1637 = ORIENTED_EDGE ( 'NONE', *, *, #4106, .F. ) ;
#1638 = DIRECTION ( 'NONE',  ( 1.000000000000000000, 0.000000000000000000, 0.000000000000000000 ) ) ;
#1639 = CIRCLE ( 'NONE', #4966, 0.1499999999999999667 ) ;
#1640 = EDGE_CURVE ( 'NONE', #7708, #617, #1786, .T. ) ;
#1641 = EDGE_CURVE ( 'NONE', #1898, #189, #7799, .T. ) ;
#1642 = EDGE_LOOP ( 'NONE', ( #2267, #5262, #148, #1387 ) ) ;
#1643 = DIRECTION ( 'NONE',  ( -0.000000000000000000, -0.000000000000000000, -1.000000000000000000 ) ) ;
#1644 = VECTOR ( 'NONE', #7896, 1000.000000000000227 ) ;
#1645 = CARTESIAN_POINT ( 'NONE',  ( -3.749992964849198085, 1.582550057698988821, -4.240000000000001101 ) ) ;
#1646 = ORIENTED_EDGE ( 'NONE', *, *, #2453, .T. ) ;
#1647 = EDGE_CURVE ( 'NONE', #5434, #918, #502, .T. ) ;
#1648 = ADVANCED_FACE ( 'NONE', ( #683 ), #1175, .F. ) ;
#1649 = CARTESIAN_POINT ( 'NONE',  ( 5.134995374447882455, 0.000000000000000000, 4.649999999999999467 ) ) ;
#1650 = CARTESIAN_POINT ( 'NONE',  ( -5.134995374447882455, 0.000000000000000000, -0.8400000000000005240 ) ) ;
#1651 = EDGE_LOOP ( 'NONE', ( #2514, #4063, #5857, #5699 ) ) ;
#1652 = DIRECTION ( 'NONE',  ( 0.000000000000000000, 0.000000000000000000, 1.000000000000000000 ) ) ;
#1653 = CARTESIAN_POINT ( 'NONE',  ( -5.150000000000000355, 0.2145761423277614266, -0.8400000000000005240 ) ) ;
#1654 = EDGE_CURVE ( 'NONE', #5122, #3645, #5829, .T. ) ;
#1655 = CARTESIAN_POINT ( 'NONE',  ( 5.134995374447882455, 0.000000000000000000, 0.4299999999999998268 ) ) ;
#1656 = LINE ( 'NONE', #3123, #7304 ) ;
#1657 = CARTESIAN_POINT ( 'NONE',  ( 3.749999999999999112, 1.367500000000028360, 4.999999999999999112 ) ) ;
#1658 = ORIENTED_EDGE ( 'NONE', *, *, #7179, .F. ) ;
#1659 = CARTESIAN_POINT ( 'NONE',  ( -4.315000000000000391, 0.2500000000000000000, -4.240000000000001101 ) ) ;
#1660 = VECTOR ( 'NONE', #7895, 1000.000000000000000 ) ;
#1661 = LINE ( 'NONE', #4266, #8276 ) ;
#1662 = EDGE_CURVE ( 'NONE', #4862, #6933, #8152, .T. ) ;
#1663 = ORIENTED_EDGE ( 'NONE', *, *, #4406, .T. ) ;
#1664 = PLANE ( 'NONE',  #8241 ) ;
#1665 = ORIENTED_EDGE ( 'NONE', *, *, #7264, .T. ) ;
#1666 = UNCERTAINTY_MEASURE_WITH_UNIT (LENGTH_MEASURE( 1.000000000000000082E-05 ), #6498, 'distance_accuracy_value', 'NONE');
#1667 = PLANE ( 'NONE',  #7222 ) ;
#1668 = CARTESIAN_POINT ( 'NONE',  ( -4.594243124080021445, 0.3286215912326184152, -0.4300000000000007150 ) ) ;
#1669 = VECTOR ( 'NONE', #2314, 1000.000000000000114 ) ;
#1670 = LINE ( 'NONE', #3589, #2483 ) ;
#1671 = LINE ( 'NONE', #6867, #2897 ) ;
#1672 = CARTESIAN_POINT ( 'NONE',  ( -3.943579639192182018, 1.367449942301011800, 3.379999999999999449 ) ) ;
#1673 = DIRECTION ( 'NONE',  ( -0.000000000000000000, 0.000000000000000000, -1.000000000000000000 ) ) ;
#1674 = VERTEX_POINT ( 'NONE', #3231 ) ;
#1675 = DIRECTION ( 'NONE',  ( -0.9625750189617798824, -0.2710153738641577492, 0.000000000000000000 ) ) ;
#1676 = CARTESIAN_POINT ( 'NONE',  ( -3.601452754537962431, 1.367449942301012245, -5.149992964849197108 ) ) ;
#1677 = EDGE_CURVE ( 'NONE', #7703, #2206, #8014, .T. ) ;
#1678 = EDGE_LOOP ( 'NONE', ( #4141, #1291, #2936, #4312 ) ) ;
#1679 = DIRECTION ( 'NONE',  ( 0.000000000000000000, 0.000000000000000000, 1.000000000000000000 ) ) ;
#1680 = CIRCLE ( 'NONE', #7625, 0.1499999999999998002 ) ;
#1681 = EDGE_CURVE ( 'NONE', #8053, #7863, #2913, .T. ) ;
#1682 = DIRECTION ( 'NONE',  ( 0.000000000000000000, 1.000000000000000000, 0.000000000000000000 ) ) ;
#1683 = EDGE_CURVE ( 'NONE', #714, #4557, #5269, .T. ) ;
#1684 = ORIENTED_EDGE ( 'NONE', *, *, #715, .F. ) ;
#1685 = CARTESIAN_POINT ( 'NONE',  ( -5.150000000000000355, 0.2145761423277614266, 3.379999999999999449 ) ) ;
#1686 = ORIENTED_EDGE ( 'NONE', *, *, #2918, .F. ) ;
#1687 = VECTOR ( 'NONE', #6644, 1000.000000000000114 ) ;
#1688 = PLANE ( 'NONE',  #6804 ) ;
#1689 = VECTOR ( 'NONE', #3464, 1000.000000000000114 ) ;
#1690 = DIRECTION ( 'NONE',  ( 1.000000000000000000, -1.120120665500548440E-15, 0.000000000000000000 ) ) ;
#1691 = FILL_AREA_STYLE_COLOUR ( '', #4619 ) ;
#1692 = LINE ( 'NONE', #2339, #939 ) ;
#1693 = PRESENTATION_LAYER_ASSIGNMENT (  '', '', ( #596 ) ) ;
#1694 = PLANE ( 'NONE',  #458 ) ;
#1695 = CIRCLE ( 'NONE', #1823, 0.2901001153979786418 ) ;
#1696 = ORIENTED_EDGE ( 'NONE', *, *, #7700, .T. ) ;
#1697 = CARTESIAN_POINT ( 'NONE',  ( 4.522049997657887843, 0.3082954381928066367, 1.700000000000000178 ) ) ;
#1698 = CARTESIAN_POINT ( 'NONE',  ( -4.315000000000000391, 0.2500000000000000000, 0.8399999999999996358 ) ) ;
#1699 = CIRCLE ( 'NONE', #1828, 0.07500000000000300870 ) ;
#1700 = ORIENTED_EDGE ( 'NONE', *, *, #582, .F. ) ;
#1701 = PLANE ( 'NONE',  #930 ) ;
#1702 = PLANE ( 'NONE',  #6388 ) ;
#1703 = CARTESIAN_POINT ( 'NONE',  ( 3.749999999999999112, 1.582499999999972928, -4.999999999999999112 ) ) ;
#1704 = EDGE_CURVE ( 'NONE', #2385, #757, #3272, .T. ) ;
#1705 = CARTESIAN_POINT ( 'NONE',  ( 4.315000000000000391, 0.2500000000000000000, 0.8399999999999996358 ) ) ;
#1706 = CARTESIAN_POINT ( 'NONE',  ( 4.594243124080021445, 0.3286215912326184152, 4.649999999999999467 ) ) ;
#1707 = CARTESIAN_POINT ( 'NONE',  ( -2.636643502869150169, 2.600000000000000089, -4.069579648282762641 ) ) ;
#1708 = CARTESIAN_POINT ( 'NONE',  ( 3.943579639192182018, 1.292449942301011845, 4.649999999999999467 ) ) ;
#1709 = ORIENTED_EDGE ( 'NONE', *, *, #4472, .F. ) ;
#1710 = PLANE ( 'NONE',  #4377 ) ;
#1711 = CARTESIAN_POINT ( 'NONE',  ( -5.150000000000000355, 0.2145761423277614266, 0.8399999999999996358 ) ) ;
#1712 = VERTEX_POINT ( 'NONE', #1959 ) ;
#1713 = ADVANCED_FACE ( 'NONE', ( #1359 ), #2004, .F. ) ;
#1714 = CARTESIAN_POINT ( 'NONE',  ( 3.618119858593996874, 0.4291240348559906548, -4.999972658955196714 ) ) ;
#1715 = CARTESIAN_POINT ( 'NONE',  ( 4.222822763272201740, 1.371071533533629649, 2.969999999999999751 ) ) ;
#1716 = CARTESIAN_POINT ( 'NONE',  ( 4.315000000000000391, 0.2500000000000000000, -3.380000000000000338 ) ) ;
#1717 = ORIENTED_EDGE ( 'NONE', *, *, #7927, .T. ) ;
#1718 = DIRECTION ( 'NONE',  ( -0.000000000000000000, -1.000000000000000000, -0.000000000000000000 ) ) ;
#1719 = CARTESIAN_POINT ( 'NONE',  ( -3.750000000000000888, 1.582499999999972928, 4.749999999999997335 ) ) ;
#1720 = EDGE_CURVE ( 'NONE', #6426, #3409, #7296, .T. ) ;
#1721 = CARTESIAN_POINT ( 'NONE',  ( -3.943579639192182018, 1.292449942301011845, 4.240000000000000213 ) ) ;
#1722 = CARTESIAN_POINT ( 'NONE',  ( 4.594243124080021445, 0.3286215912326184152, 2.109999999999999876 ) ) ;
#1723 = PLANE ( 'NONE',  #2582 ) ;
#1724 = EDGE_LOOP ( 'NONE', ( #275, #6576, #2993, #3077 ) ) ;
#1725 = DIRECTION ( 'NONE',  ( 0.9975640502598241977, -0.06975647374412528856, 0.000000000000000000 ) ) ;
#1726 = ORIENTED_EDGE ( 'NONE', *, *, #5291, .F. ) ;
#1727 = FACE_OUTER_BOUND ( 'NONE', #2395, .T. ) ;
#1728 = EDGE_CURVE ( 'NONE', #195, #1803, #2344, .T. ) ;
#1729 = AXIS2_PLACEMENT_3D ( 'NONE', #1277, #3328, #1970 ) ;
#1730 = EDGE_CURVE ( 'NONE', #1802, #2367, #8359, .T. ) ;
#1731 = CARTESIAN_POINT ( 'NONE',  ( 4.222822763272201740, 1.371071533533629649, -0.4300000000000007150 ) ) ;
#1732 = CARTESIAN_POINT ( 'NONE',  ( -5.150000000000000355, 0.2145761423277614266, -4.650000000000000355 ) ) ;
#1733 = ORIENTED_EDGE ( 'NONE', *, *, #4260, .F. ) ;
#1734 = DIRECTION ( 'NONE',  ( -0.000000000000000000, -0.000000000000000000, -1.000000000000000000 ) ) ;
#1735 = ORIENTED_EDGE ( 'NONE', *, *, #5125, .T. ) ;
#1736 = FACE_OUTER_BOUND ( 'NONE', #7853, .T. ) ;
#1737 = ORIENTED_EDGE ( 'NONE', *, *, #940, .F. ) ;
#1738 = EDGE_CURVE ( 'NONE', #510, #4490, #5859, .T. ) ;
#1739 = VECTOR ( 'NONE', #4713, 1000.000000000000000 ) ;
#1740 = ORIENTED_EDGE ( 'NONE', *, *, #2319, .T. ) ;
#1741 = ADVANCED_FACE ( 'NONE', ( #3819 ), #4476, .T. ) ;
#1742 = LINE ( 'NONE', #2896, #1669 ) ;
#1743 = DIRECTION ( 'NONE',  ( 0.000000000000000000, 0.1391731009600622737, -0.9902680687415706950 ) ) ;
#1744 = PLANE ( 'NONE',  #7993 ) ;
#1745 = DIRECTION ( 'NONE',  ( -0.000000000000000000, -0.000000000000000000, -1.000000000000000000 ) ) ;
#1746 = CARTESIAN_POINT ( 'NONE',  ( -3.750000000000000888, 1.367500000000028360, -4.999999999999999112 ) ) ;
#1747 = VERTEX_POINT ( 'NONE', #6460 ) ;
#1748 = CARTESIAN_POINT ( 'NONE',  ( 4.222822763272201740, 1.371071533533629649, -1.700000000000000622 ) ) ;
#1749 = VECTOR ( 'NONE', #5532, 1000.000000000000000 ) ;
#1750 = EDGE_CURVE ( 'NONE', #3409, #7714, #1783, .T. ) ;
#1751 = DIRECTION ( 'NONE',  ( 0.9975640502598241977, 0.06975647374412764778, -0.000000000000000000 ) ) ;
#1752 = VECTOR ( 'NONE', #6228, 1000.000000000000114 ) ;
#1753 = CIRCLE ( 'NONE', #256, 0.1500000000000002165 ) ;
#1754 = ORIENTED_EDGE ( 'NONE', *, *, #4970, .F. ) ;
#1755 = FACE_OUTER_BOUND ( 'NONE', #3316, .T. ) ;
#1756 = FACE_OUTER_BOUND ( 'NONE', #5169, .T. ) ;
#1757 = DIRECTION ( 'NONE',  ( -0.2710153738641504773, -0.9625750189617817698, 0.000000000000000000 ) ) ;
#1758 = LINE ( 'NONE', #8303, #855 ) ;
#1759 = PRESENTATION_LAYER_ASSIGNMENT (  '', '', ( #3153 ) ) ;
#1760 = AXIS2_PLACEMENT_3D ( 'NONE', #6127, #7581, #8187 ) ;
#1761 = ORIENTED_EDGE ( 'NONE', *, *, #7264, .F. ) ;
#1762 = ORIENTED_EDGE ( 'NONE', *, *, #2648, .F. ) ;
#1763 = ORIENTED_EDGE ( 'NONE', *, *, #3078, .F. ) ;
#1764 = CARTESIAN_POINT ( 'NONE',  ( -3.749992964849197641, 1.367449942301012022, -4.240000000000001101 ) ) ;
#1765 = VECTOR ( 'NONE', #56, 1000.000000000000000 ) ;
#1766 = DIRECTION ( 'NONE',  ( -0.000000000000000000, -0.000000000000000000, -1.000000000000000000 ) ) ;
#1767 = LINE ( 'NONE', #7019, #7969 ) ;
#1768 = ORIENTED_EDGE ( 'NONE', *, *, #6066, .T. ) ;
#1769 = CARTESIAN_POINT ( 'NONE',  ( 3.749992964849198085, 1.582550057698988821, 2.109999999999999876 ) ) ;
#1770 = ADVANCED_FACE ( 'NONE', ( #1816 ), #5205, .F. ) ;
#1771 = VECTOR ( 'NONE', #4386, 1000.000000000000114 ) ;
#1772 = EDGE_LOOP ( 'NONE', ( #4886, #5255, #6177, #1073 ) ) ;
#1773 = ORIENTED_EDGE ( 'NONE', *, *, #5546, .T. ) ;
#1774 = LINE ( 'NONE', #6548, #5949 ) ;
#1775 = CARTESIAN_POINT ( 'NONE',  ( 3.749992964849197641, 1.367449942301012022, 2.969999999999999751 ) ) ;
#1776 = ORIENTED_EDGE ( 'NONE', *, *, #1081, .T. ) ;
#1777 = CARTESIAN_POINT ( 'NONE',  ( -5.134995374447882455, 0.000000000000000000, -2.970000000000000639 ) ) ;
#1778 = ORIENTED_EDGE ( 'NONE', *, *, #1935, .F. ) ;
#1779 = EDGE_CURVE ( 'NONE', #7430, #4241, #2511, .T. ) ;
#1780 = DIRECTION ( 'NONE',  ( -0.000000000000000000, -0.000000000000000000, -1.000000000000000000 ) ) ;
#1781 = EDGE_CURVE ( 'NONE', #700, #1412, #2466, .T. ) ;
#1782 = ORIENTED_EDGE ( 'NONE', *, *, #7681, .T. ) ;
#1783 = CIRCLE ( 'NONE', #4986, 0.07500000000000300870 ) ;
#1784 = VERTEX_POINT ( 'NONE', #1166 ) ;
#1785 = CARTESIAN_POINT ( 'NONE',  ( -3.528687866222429914, 2.079423175727996842, -5.150000000000000355 ) ) ;
#1786 = LINE ( 'NONE', #5869, #6782 ) ;
#1787 = CARTESIAN_POINT ( 'NONE',  ( 3.943579639192182018, 1.292449942301011845, -2.970000000000000639 ) ) ;
#1788 = DIRECTION ( 'NONE',  ( -0.9902680687415708061, -0.1391731009600622182, -0.000000000000000000 ) ) ;
#1789 = ORIENTED_EDGE ( 'NONE', *, *, #7031, .T. ) ;
#1790 = FACE_OUTER_BOUND ( 'NONE', #904, .T. ) ;
#1791 = AXIS2_PLACEMENT_3D ( 'NONE', #1100, #3749, #1743 ) ;
#1792 = ORIENTED_EDGE ( 'NONE', *, *, #6255, .F. ) ;
#1793 = FACE_OUTER_BOUND ( 'NONE', #1907, .T. ) ;
#1794 = ORIENTED_EDGE ( 'NONE', *, *, #854, .T. ) ;
#1795 = ORIENTED_EDGE ( 'NONE', *, *, #7436, .T. ) ;
#1796 = APPLICATION_CONTEXT ( 'automotive_design' ) ;
#1797 = DIRECTION ( 'NONE',  ( -1.000000000000000000, 0.000000000000000000, 0.000000000000000000 ) ) ;
#1798 = CARTESIAN_POINT ( 'NONE',  ( 4.594243124080021445, 0.3286215912326184152, -3.380000000000000338 ) ) ;
#1799 =( NAMED_UNIT ( * ) PLANE_ANGLE_UNIT ( ) SI_UNIT ( $, .RADIAN. ) );
#1800 = VECTOR ( 'NONE', #5173, 1000.000000000000000 ) ;
#1801 = ORIENTED_EDGE ( 'NONE', *, *, #597, .F. ) ;
#1802 = VERTEX_POINT ( 'NONE', #536 ) ;
#1803 = VERTEX_POINT ( 'NONE', #1128 ) ;
#1804 = ADVANCED_FACE ( 'NONE', ( #8528 ), #5120, .T. ) ;
#1805 = PLANE ( 'NONE',  #2646 ) ;
#1806 = AXIS2_PLACEMENT_3D ( 'NONE', #1973, #5, #7811 ) ;
#1807 = FACE_OUTER_BOUND ( 'NONE', #4963, .T. ) ;
#1808 = DIRECTION ( 'NONE',  ( -0.000000000000000000, -0.000000000000000000, -1.000000000000000000 ) ) ;
#1809 = LINE ( 'NONE', #5765, #7151 ) ;
#1810 = ORIENTED_EDGE ( 'NONE', *, *, #3814, .F. ) ;
#1811 = CARTESIAN_POINT ( 'NONE',  ( -3.749992964849198085, 1.582550057698988821, -2.970000000000000639 ) ) ;
#1812 = AXIS2_PLACEMENT_3D ( 'NONE', #369, #5127, #8406 ) ;
#1813 = ORIENTED_EDGE ( 'NONE', *, *, #2172, .F. ) ;
#1814 = EDGE_LOOP ( 'NONE', ( #5564, #3034, #8511, #325 ) ) ;
#1815 = CIRCLE ( 'NONE', #1271, 0.1499999999999999667 ) ;
#1816 = FACE_OUTER_BOUND ( 'NONE', #2732, .T. ) ;
#1817 = LINE ( 'NONE', #1775, #5390 ) ;
#1818 = EDGE_CURVE ( 'NONE', #3529, #112, #1233, .T. ) ;
#1819 = VECTOR ( 'NONE', #3688, 1000.000000000000227 ) ;
#1820 = ORIENTED_EDGE ( 'NONE', *, *, #1400, .T. ) ;
#1821 = DIRECTION ( 'NONE',  ( 0.000000000000000000, 0.000000000000000000, 1.000000000000000000 ) ) ;
#1822 = ORIENTED_EDGE ( 'NONE', *, *, #6266, .T. ) ;
#1823 = AXIS2_PLACEMENT_3D ( 'NONE', #4649, #5440, #1350 ) ;
#1824 = DIRECTION ( 'NONE',  ( 1.000000000000000000, 0.000000000000000000, 0.000000000000000000 ) ) ;
#1825 = ORIENTED_EDGE ( 'NONE', *, *, #1852, .F. ) ;
#1826 = VERTEX_POINT ( 'NONE', #5816 ) ;
#1827 = DIRECTION ( 'NONE',  ( -0.000000000000000000, -0.000000000000000000, -1.000000000000000000 ) ) ;
#1828 = AXIS2_PLACEMENT_3D ( 'NONE', #8088, #2910, #4813 ) ;
#1829 = DIRECTION ( 'NONE',  ( -1.000000000000000000, 0.000000000000000000, 0.000000000000000000 ) ) ;
#1830 = CARTESIAN_POINT ( 'NONE',  ( 3.749992964849197641, 1.367449942301012022, 2.969999999999999751 ) ) ;
#1831 = EDGE_CURVE ( 'NONE', #6513, #6342, #1774, .T. ) ;
#1832 = PLANE ( 'NONE',  #6458 ) ;
#1833 = ORIENTED_EDGE ( 'NONE', *, *, #5361, .T. ) ;
#1834 = DIRECTION ( 'NONE',  ( 0.06975647374412763391, 0.9975640502598240866, -0.000000000000000000 ) ) ;
#1835 = DIRECTION ( 'NONE',  ( -0.7071067811865474617, 0.7071067811865474617, 0.000000000000000000 ) ) ;
#1836 = VECTOR ( 'NONE', #6196, 1000.000000000000000 ) ;
#1837 = ORIENTED_EDGE ( 'NONE', *, *, #1378, .F. ) ;
#1838 = EDGE_CURVE ( 'NONE', #6465, #4311, #2604, .T. ) ;
#1839 = DIRECTION ( 'NONE',  ( 0.9975640502598241977, -0.06975647374412528856, 0.000000000000000000 ) ) ;
#1840 = ADVANCED_FACE ( 'NONE', ( #3216 ), #8481, .F. ) ;
#1841 = CARTESIAN_POINT ( 'NONE',  ( -5.134995374447882455, 0.000000000000000000, 0.4299999999999998268 ) ) ;
#1842 = CARTESIAN_POINT ( 'NONE',  ( 4.574006762997095521, 0.03922814513537039444, -1.700000000000000622 ) ) ;
#1843 = SURFACE_STYLE_USAGE ( .BOTH. , #3033 ) ;
#1844 = ORIENTED_EDGE ( 'NONE', *, *, #6047, .F. ) ;
#1845 = ORIENTED_EDGE ( 'NONE', *, *, #1295, .T. ) ;
#1846 = ORIENTED_EDGE ( 'NONE', *, *, #3588, .F. ) ;
#1847 = EDGE_CURVE ( 'NONE', #8441, #7830, #7864, .T. ) ;
#1848 = LINE ( 'NONE', #1980, #6341 ) ;
#1849 = FACE_OUTER_BOUND ( 'NONE', #4168, .T. ) ;
#1850 = CARTESIAN_POINT ( 'NONE',  ( -4.015772765614322282, 1.312776095340825622, -2.970000000000000639 ) ) ;
#1851 = CARTESIAN_POINT ( 'NONE',  ( -3.943579639192182018, 1.367449942301011800, -2.110000000000000320 ) ) ;
#1852 = EDGE_CURVE ( 'NONE', #5161, #2854, #7663, .T. ) ;
#1853 =( LENGTH_UNIT ( ) NAMED_UNIT ( * ) SI_UNIT ( .MILLI., .METRE. ) );
#1854 = VERTEX_POINT ( 'NONE', #7025 ) ;
#1855 = VERTEX_POINT ( 'NONE', #1090 ) ;
#1856 = CARTESIAN_POINT ( 'NONE',  ( 4.222822763272201740, 1.371071533533629649, -3.380000000000000338 ) ) ;
#1857 = LINE ( 'NONE', #5774, #4839 ) ;
#1858 = ORIENTED_EDGE ( 'NONE', *, *, #4979, .F. ) ;
#1859 = DIRECTION ( 'NONE',  ( -1.000000000000000000, -5.782411586589343045E-15, -8.126649509720335908E-16 ) ) ;
#1860 = ORIENTED_EDGE ( 'NONE', *, *, #1303, .F. ) ;
#1861 = DIRECTION ( 'NONE',  ( -1.000000000000000000, 0.000000000000000000, 0.000000000000000000 ) ) ;
#1862 = ORIENTED_EDGE ( 'NONE', *, *, #5567, .F. ) ;
#1863 = AXIS2_PLACEMENT_3D ( 'NONE', #4865, #230, #5523 ) ;
#1864 = VERTEX_POINT ( 'NONE', #3736 ) ;
#1865 = DIRECTION ( 'NONE',  ( -0.06975647374412545509, 0.9975640502598243087, 0.000000000000000000 ) ) ;
#1866 = DIRECTION ( 'NONE',  ( 0.1378445374916253130, 0.9808148484639900300, -0.1378445374916253130 ) ) ;
#1867 = CARTESIAN_POINT ( 'NONE',  ( 4.222822763272201740, 1.371071533533629649, 4.649999999999999467 ) ) ;
#1868 = LINE ( 'NONE', #3882, #1885 ) ;
#1869 = ORIENTED_EDGE ( 'NONE', *, *, #5842, .F. ) ;
#1870 = CARTESIAN_POINT ( 'NONE',  ( -2.636643502869150169, 2.600000000000000089, -4.369579648282762463 ) ) ;
#1871 = PLANE ( 'NONE',  #1346 ) ;
#1872 = CIRCLE ( 'NONE', #7819, 0.1499999999999999667 ) ;
#1873 = ADVANCED_FACE ( 'NONE', ( #6376 ), #107, .F. ) ;
#1874 = FACE_OUTER_BOUND ( 'NONE', #547, .T. ) ;
#1875 = ORIENTED_EDGE ( 'NONE', *, *, #1654, .F. ) ;
#1876 = VECTOR ( 'NONE', #6919, 1000.000000000000000 ) ;
#1877 = DIRECTION ( 'NONE',  ( 0.2710153738641504773, -0.9625750189617817698, -0.000000000000000000 ) ) ;
#1878 = VECTOR ( 'NONE', #3569, 1000.000000000000000 ) ;
#1879 = LINE ( 'NONE', #4539, #6124 ) ;
#1880 = LINE ( 'NONE', #3985, #5446 ) ;
#1881 = CARTESIAN_POINT ( 'NONE',  ( -5.134995374447882455, 0.000000000000000000, 1.700000000000000178 ) ) ;
#1882 = DIRECTION ( 'NONE',  ( 0.000000000000000000, 0.000000000000000000, 1.000000000000000000 ) ) ;
#1883 = ORIENTED_EDGE ( 'NONE', *, *, #3555, .T. ) ;
#1884 = ADVANCED_FACE ( 'NONE', ( #5947 ), #5391, .T. ) ;
#1885 = VECTOR ( 'NONE', #2706, 1000.000000000000000 ) ;
#1886 = EDGE_CURVE ( 'NONE', #8234, #7602, #149, .T. ) ;
#1887 = VECTOR ( 'NONE', #3342, 1000.000000000000000 ) ;
#1888 = VERTEX_POINT ( 'NONE', #4048 ) ;
#1889 =( BOUNDED_CURVE ( )  B_SPLINE_CURVE ( 3, ( #7412, #6763, #1439, #6083 ),
 .UNSPECIFIED., .F., .F. ) 
 B_SPLINE_CURVE_WITH_KNOTS ( ( 4, 4 ),
 ( 3.141592653589793116, 3.151277835258268212 ),
 .UNSPECIFIED. ) 
 CURVE ( )  GEOMETRIC_REPRESENTATION_ITEM ( )  RATIONAL_B_SPLINE_CURVE ( ( 1.000000000000000000, 0.9999921831199466427, 0.9999921831199466427, 1.000000000000000000 ) ) 
 REPRESENTATION_ITEM ( '' )  );
#1890 = CARTESIAN_POINT ( 'NONE',  ( -4.222822763272207958, 1.371071533533628761, -4.650000000000000355 ) ) ;
#1891 = AXIS2_PLACEMENT_3D ( 'NONE', #1054, #4550, #613 ) ;
#1892 = PLANE ( 'NONE',  #946 ) ;
#1893 = CARTESIAN_POINT ( 'NONE',  ( -3.749992964849197641, 1.367449942301012022, -4.240000000000001101 ) ) ;
#1894 = VECTOR ( 'NONE', #151, 1000.000000000000000 ) ;
#1895 = EDGE_CURVE ( 'NONE', #4820, #332, #1347, .T. ) ;
#1896 = DIRECTION ( 'NONE',  ( -1.000000000000000000, 0.000000000000000000, 0.000000000000000000 ) ) ;
#1897 = EDGE_CURVE ( 'NONE', #5700, #4967, #4007, .T. ) ;
#1898 = VERTEX_POINT ( 'NONE', #67 ) ;
#1899 = ORIENTED_EDGE ( 'NONE', *, *, #8411, .F. ) ;
#1900 = ORIENTED_EDGE ( 'NONE', *, *, #3079, .F. ) ;
#1901 = AXIS2_PLACEMENT_3D ( 'NONE', #1064, #987, #340 ) ;
#1902 = DIRECTION ( 'NONE',  ( -0.000000000000000000, -0.000000000000000000, -1.000000000000000000 ) ) ;
#1903 = CARTESIAN_POINT ( 'NONE',  ( -5.150000000000000355, 0.2145761423277614266, 0.8399999999999996358 ) ) ;
#1904 = FACE_OUTER_BOUND ( 'NONE', #435, .T. ) ;
#1905 = VERTEX_POINT ( 'NONE', #3349 ) ;
#1906 = DIRECTION ( 'NONE',  ( -5.782411586589358033E-15, 1.000000000000000000, 0.000000000000000000 ) ) ;
#1907 = EDGE_LOOP ( 'NONE', ( #6778, #3831, #7844, #1096 ) ) ;
#1908 = CIRCLE ( 'NONE', #2198, 0.2901001153979764768 ) ;
#1909 = CARTESIAN_POINT ( 'NONE',  ( -3.601452754537962431, 1.367449942301012467, 5.149992964849197108 ) ) ;
#1910 = EDGE_LOOP ( 'NONE', ( #5734, #1537, #4474, #6031 ) ) ;
#1911 = ORIENTED_EDGE ( 'NONE', *, *, #3116, .T. ) ;
#1912 = CARTESIAN_POINT ( 'NONE',  ( -2.636643502869150169, 2.649999999999999911, -4.369579648282762463 ) ) ;
#1913 = EDGE_CURVE ( 'NONE', #1596, #1492, #718, .T. ) ;
#1914 = CARTESIAN_POINT ( 'NONE',  ( 3.943579639192182018, 1.292449942301011845, 4.240000000000000213 ) ) ;
#1915 = DIRECTION ( 'NONE',  ( -1.000000000000000000, 0.000000000000000000, 0.000000000000000000 ) ) ;
#1916 = DIRECTION ( 'NONE',  ( -0.000000000000000000, -0.000000000000000000, -1.000000000000000000 ) ) ;
#1917 = VERTEX_POINT ( 'NONE', #5996 ) ;
#1918 = FACE_OUTER_BOUND ( 'NONE', #3516, .T. ) ;
#1919 = ORIENTED_EDGE ( 'NONE', *, *, #397, .T. ) ;
#1920 = DIRECTION ( 'NONE',  ( -1.120120665500546074E-15, 1.000000000000000000, 0.000000000000000000 ) ) ;
#1921 = CARTESIAN_POINT ( 'NONE',  ( -3.943579639192182018, 1.582550057698989043, -3.380000000000000338 ) ) ;
#1922 = CYLINDRICAL_SURFACE ( 'NONE', #2570, 0.2901001153979764768 ) ;
#1923 = AXIS2_PLACEMENT_3D ( 'NONE', #6589, #797, #7281 ) ;
#1924 = DIRECTION ( 'NONE',  ( -0.000000000000000000, -0.000000000000000000, -1.000000000000000000 ) ) ;
#1925 = DIRECTION ( 'NONE',  ( 1.120120665500548440E-15, -1.000000000000000000, 0.000000000000000000 ) ) ;
#1926 = EDGE_CURVE ( 'NONE', #3276, #4843, #6082, .T. ) ;
#1927 = LINE ( 'NONE', #605, #2431 ) ;
#1928 = DIRECTION ( 'NONE',  ( -1.000000000000000000, 1.120120665500548440E-15, 0.000000000000000000 ) ) ;
#1929 = ORIENTED_EDGE ( 'NONE', *, *, #6026, .F. ) ;
#1930 = CLOSED_SHELL ( 'NONE', ( #4736, #1542, #1946, #2416, #6877, #6690, #898, #1557, #2279, #1371, #491, #901, #3223, #5350 ) ) ;
#1931 = ORIENTED_EDGE ( 'NONE', *, *, #6556, .F. ) ;
#1932 = CARTESIAN_POINT ( 'NONE',  ( -4.594243124080021445, 0.3286215912326184152, 2.109999999999999876 ) ) ;
#1933 = ADVANCED_FACE ( 'NONE', ( #1298 ), #6680, .F. ) ;
#1934 = DIRECTION ( 'NONE',  ( -1.000000000000000000, 0.000000000000000000, 0.000000000000000000 ) ) ;
#1935 = EDGE_CURVE ( 'NONE', #1943, #7211, #7966, .T. ) ;
#1936 = ORIENTED_EDGE ( 'NONE', *, *, #7133, .T. ) ;
#1937 = CARTESIAN_POINT ( 'NONE',  ( -3.943579639192182018, 1.582550057698989043, 0.8399999999999996358 ) ) ;
#1938 = CARTESIAN_POINT ( 'NONE',  ( 3.749992964849198085, 1.582550057698988821, -4.240000000000001101 ) ) ;
#1939 = ORIENTED_EDGE ( 'NONE', *, *, #4534, .F. ) ;
#1940 = ORIENTED_EDGE ( 'NONE', *, *, #486, .T. ) ;
#1941 = ORIENTED_EDGE ( 'NONE', *, *, #5150, .T. ) ;
#1942 = ORIENTED_EDGE ( 'NONE', *, *, #2719, .F. ) ;
#1943 = VERTEX_POINT ( 'NONE', #4778 ) ;
#1944 = EDGE_CURVE ( 'NONE', #1388, #6513, #7329, .T. ) ;
#1945 = DIRECTION ( 'NONE',  ( -0.000000000000000000, -0.000000000000000000, -1.000000000000000000 ) ) ;
#1946 = ADVANCED_FACE ( 'NONE', ( #2781 ), #1395, .F. ) ;
#1947 = FACE_OUTER_BOUND ( 'NONE', #6057, .T. ) ;
#1948 = DIRECTION ( 'NONE',  ( 1.000000000000000000, 0.000000000000000000, 0.000000000000000000 ) ) ;
#1949 = ORIENTED_EDGE ( 'NONE', *, *, #1897, .T. ) ;
#1950 = DIRECTION ( 'NONE',  ( -1.120120665500548440E-15, -1.000000000000000000, 0.000000000000000000 ) ) ;
#1951 = ORIENTED_EDGE ( 'NONE', *, *, #8036, .F. ) ;
#1952 = AXIS2_PLACEMENT_3D ( 'NONE', #4337, #7579, #3648 ) ;
#1953 = DIRECTION ( 'NONE',  ( -0.000000000000000000, -0.000000000000000000, -1.000000000000000000 ) ) ;
#1954 = ORIENTED_EDGE ( 'NONE', *, *, #7690, .T. ) ;
#1955 = ORIENTED_EDGE ( 'NONE', *, *, #7001, .F. ) ;
#1956 = DIRECTION ( 'NONE',  ( -0.000000000000000000, -0.000000000000000000, -1.000000000000000000 ) ) ;
#1957 = VECTOR ( 'NONE', #5499, 1000.000000000000000 ) ;
#1958 = EDGE_CURVE ( 'NONE', #6174, #4023, #3605, .T. ) ;
#1959 = CARTESIAN_POINT ( 'NONE',  ( -5.150000000000000355, 0.2145761423277614266, -2.970000000000000639 ) ) ;
#1960 = DIRECTION ( 'NONE',  ( 1.000000000000000000, -2.016181479920678149E-15, 0.000000000000000000 ) ) ;
#1961 = LINE ( 'NONE', #7169, #5649 ) ;
#1962 = AXIS2_PLACEMENT_3D ( 'NONE', #6880, #1510, #307 ) ;
#1963 = VERTEX_POINT ( 'NONE', #28 ) ;
#1964 = DIRECTION ( 'NONE',  ( -0.9902680687415706950, 0.1391731009600633839, 0.000000000000000000 ) ) ;
#1965 = ORIENTED_EDGE ( 'NONE', *, *, #3109, .T. ) ;
#1966 = CARTESIAN_POINT ( 'NONE',  ( -4.522049997657885179, 0.3082954381928062482, -4.240000000000001101 ) ) ;
#1967 = ORIENTED_EDGE ( 'NONE', *, *, #7937, .T. ) ;
#1968 = AXIS2_PLACEMENT_3D ( 'NONE', #4695, #7325, #5895 ) ;
#1969 = EDGE_CURVE ( 'NONE', #5211, #3118, #2647, .T. ) ;
#1970 = DIRECTION ( 'NONE',  ( 0.000000000000000000, -0.1391731009600619406, -0.9902680687415709171 ) ) ;
#1971 = VECTOR ( 'NONE', #4954, 1000.000000000000000 ) ;
#1972 = CARTESIAN_POINT ( 'NONE',  ( -3.943579639192182018, 1.292449942301011845, -0.4300000000000007150 ) ) ;
#1973 = CARTESIAN_POINT ( 'NONE',  ( 3.943579639192182018, 1.292449942301011845, -2.970000000000000639 ) ) ;
#1974 = CARTESIAN_POINT ( 'NONE',  ( 3.943579639192182018, 1.367449942301011800, 2.109999999999999876 ) ) ;
#1975 = CARTESIAN_POINT ( 'NONE',  ( 5.150000000000000355, 0.2145761423277614266, -2.970000000000000639 ) ) ;
#1976 = MECHANICAL_DESIGN_GEOMETRIC_PRESENTATION_REPRESENTATION (  '', ( #7099 ), #4069 ) ;
#1977 = DIRECTION ( 'NONE',  ( 1.000000000000000000, 0.000000000000000000, 0.000000000000000000 ) ) ;
#1978 = ORIENTED_EDGE ( 'NONE', *, *, #551, .T. ) ;
#1979 = ORIENTED_EDGE ( 'NONE', *, *, #7927, .F. ) ;
#1980 = CARTESIAN_POINT ( 'NONE',  ( 3.749992964849198085, 1.582550057698988821, -2.970000000000000639 ) ) ;
#1981 = DIRECTION ( 'NONE',  ( -0.000000000000000000, -0.000000000000000000, -1.000000000000000000 ) ) ;
#1982 = CARTESIAN_POINT ( 'NONE',  ( -4.589011388549212533, 0.2538042874631301071, 2.109999999999999876 ) ) ;
#1983 = EDGE_LOOP ( 'NONE', ( #1776, #3210, #6122, #6999 ) ) ;
#1984 = FILL_AREA_STYLE ('',( #17 ) ) ;
#1985 = LINE ( 'NONE', #1246, #3290 ) ;
#1986 = ORIENTED_EDGE ( 'NONE', *, *, #4878, .T. ) ;
#1987 = ORIENTED_EDGE ( 'NONE', *, *, #7145, .F. ) ;
#1988 = DIRECTION ( 'NONE',  ( 0.000000000000000000, 0.000000000000000000, 1.000000000000000000 ) ) ;
#1989 = EDGE_CURVE ( 'NONE', #7277, #1888, #5301, .T. ) ;
#1990 = EDGE_LOOP ( 'NONE', ( #4288, #7052, #709, #7097, #8029, #6727, #1244, #4076, #5445, #2045, #593, #7879 ) ) ;
#1991 = ORIENTED_EDGE ( 'NONE', *, *, #2453, .F. ) ;
#1992 = CARTESIAN_POINT ( 'NONE',  ( 5.150000000000000355, 0.2145761423277614266, -1.700000000000000622 ) ) ;
#1993 = DIRECTION ( 'NONE',  ( 1.000000000000000000, -0.000000000000000000, -0.000000000000000000 ) ) ;
#1994 = CARTESIAN_POINT ( 'NONE',  ( -4.015772765614322282, 1.312776095340825622, -0.8400000000000005240 ) ) ;
#1995 = VERTEX_POINT ( 'NONE', #835 ) ;
#1996 = CARTESIAN_POINT ( 'NONE',  ( -4.222822763272206181, 1.371071533533628317, 2.969999999999999751 ) ) ;
#1997 = VERTEX_POINT ( 'NONE', #6125 ) ;
#1998 = CARTESIAN_POINT ( 'NONE',  ( -3.943579639192182018, 1.367449942301015131, -2.110000000000000320 ) ) ;
#1999 = ORIENTED_EDGE ( 'NONE', *, *, #4036, .T. ) ;
#2000 = EDGE_CURVE ( 'NONE', #1898, #272, #198, .T. ) ;
#2001 = EDGE_CURVE ( 'NONE', #4684, #7736, #7880, .T. ) ;
#2002 = ORIENTED_EDGE ( 'NONE', *, *, #1531, .F. ) ;
#2003 = LINE ( 'NONE', #4658, #2634 ) ;
#2004 = PLANE ( 'NONE',  #152 ) ;
#2005 = DIRECTION ( 'NONE',  ( 5.782411586589358033E-15, 0.000000000000000000, 1.000000000000000000 ) ) ;
#2006 = CARTESIAN_POINT ( 'NONE',  ( 3.943579639192182018, 1.367449942301011800, 4.649999999999999467 ) ) ;
#2007 = EDGE_LOOP ( 'NONE', ( #5351, #7829, #3367, #8257 ) ) ;
#2008 = DIRECTION ( 'NONE',  ( -0.000000000000000000, 1.000000000000000000, -0.000000000000000000 ) ) ;
#2009 = VERTEX_POINT ( 'NONE', #7241 ) ;
#2010 = ORIENTED_EDGE ( 'NONE', *, *, #6705, .T. ) ;
#2012 = EDGE_CURVE ( 'NONE', #7988, #5447, #5549, .T. ) ;
#2011 = CARTESIAN_POINT ( 'NONE',  ( -4.589011388549212533, 0.2538042874631301071, -0.8400000000000005240 ) ) ;
#2013 = AXIS2_PLACEMENT_3D ( 'NONE', #5877, #5839, #7011 ) ;
#2014 = EDGE_CURVE ( 'NONE', #3054, #7670, #7524, .T. ) ;
#2015 = CARTESIAN_POINT ( 'NONE',  ( 3.749992964849197641, 1.367449942301012022, 0.4299999999999998268 ) ) ;
#2016 = VECTOR ( 'NONE', #6203, 1000.000000000000227 ) ;
#2017 = DIRECTION ( 'NONE',  ( -0.000000000000000000, -0.000000000000000000, -1.000000000000000000 ) ) ;
#2018 = ADVANCED_FACE ( 'NONE', ( #6830 ), #8037, .F. ) ;
#2019 = CARTESIAN_POINT ( 'NONE',  ( -4.589011388549212533, 0.2538042874631301071, -4.240000000000001101 ) ) ;
#2020 = DIRECTION ( 'NONE',  ( 0.9975640502598241977, 0.06975647374412528856, 0.000000000000000000 ) ) ;
#2021 = VECTOR ( 'NONE', #2440, 1000.000000000000000 ) ;
#2022 = DIRECTION ( 'NONE',  ( -0.06975647374412764778, 0.9975640502598241977, 0.000000000000000000 ) ) ;
#2023 = ORIENTED_EDGE ( 'NONE', *, *, #7448, .T. ) ;
#2024 = VECTOR ( 'NONE', #4977, 1000.000000000000000 ) ;
#2025 = ORIENTED_EDGE ( 'NONE', *, *, #909, .T. ) ;
#2026 = ADVANCED_FACE ( 'NONE', ( #6150 ), #4766, .F. ) ;
#2027 = CARTESIAN_POINT ( 'NONE',  ( -3.943579639192182018, 1.367449942301011800, 1.700000000000000178 ) ) ;
#2028 = DIRECTION ( 'NONE',  ( -1.000000000000000000, 0.000000000000000000, 0.000000000000000000 ) ) ;
#2029 = DIRECTION ( 'NONE',  ( -0.000000000000000000, -0.000000000000000000, -1.000000000000000000 ) ) ;
#2030 = CIRCLE ( 'NONE', #7694, 0.2999999999999999334 ) ;
#2031 = CARTESIAN_POINT ( 'NONE',  ( 3.749992964849197641, 1.367449942301012022, -4.240000000000001101 ) ) ;
#2032 = VECTOR ( 'NONE', #4420, 1000.000000000000000 ) ;
#2033 = ORIENTED_EDGE ( 'NONE', *, *, #4726, .T. ) ;
#2034 = EDGE_LOOP ( 'NONE', ( #6456, #2709, #7269, #4998 ) ) ;
#2035 = VERTEX_POINT ( 'NONE', #4894 ) ;
#2036 = ORIENTED_EDGE ( 'NONE', *, *, #7657, .T. ) ;
#2037 = VECTOR ( 'NONE', #5155, 1000.000000000000114 ) ;
#2038 = CARTESIAN_POINT ( 'NONE',  ( -4.589011388549212533, 0.2538042874631317170, 2.109999999999999876 ) ) ;
#2039 = VECTOR ( 'NONE', #707, 1000.000000000000000 ) ;
#2040 = CARTESIAN_POINT ( 'NONE',  ( 4.522049997657887843, 0.3082954381928066367, -1.700000000000000622 ) ) ;
#2041 = FACE_OUTER_BOUND ( 'NONE', #5097, .T. ) ;
#2042 = ORIENTED_EDGE ( 'NONE', *, *, #750, .T. ) ;
#2043 = LINE ( 'NONE', #7932, #1338 ) ;
#2044 = EDGE_CURVE ( 'NONE', #227, #577, #1457, .T. ) ;
#2045 = ORIENTED_EDGE ( 'NONE', *, *, #3769, .F. ) ;
#2046 = FACE_OUTER_BOUND ( 'NONE', #6776, .T. ) ;
#2047 = ORIENTED_EDGE ( 'NONE', *, *, #6019, .T. ) ;
#2048 = CIRCLE ( 'NONE', #7849, 0.1499999999999998834 ) ;
#2049 = ORIENTED_EDGE ( 'NONE', *, *, #4089, .T. ) ;
#2050 = CARTESIAN_POINT ( 'NONE',  ( -3.600000000000000977, -12.74127152210484937, -5.000000000000000000 ) ) ;
#2051 = CARTESIAN_POINT ( 'NONE',  ( -4.015772765614322282, 1.312776095340825622, 0.8399999999999996358 ) ) ;
#2052 = DIRECTION ( 'NONE',  ( 0.7071067811865474617, -0.7071067811865474617, 0.000000000000000000 ) ) ;
#2053 = EDGE_CURVE ( 'NONE', #5239, #567, #6868, .T. ) ;
#2054 = ORIENTED_EDGE ( 'NONE', *, *, #3469, .F. ) ;
#2055 = LINE ( 'NONE', #638, #2867 ) ;
#2056 = EDGE_CURVE ( 'NONE', #3174, #2009, #2765, .T. ) ;
#2057 = ORIENTED_EDGE ( 'NONE', *, *, #228, .F. ) ;
#2058 = VERTEX_POINT ( 'NONE', #3506 ) ;
#2059 = CARTESIAN_POINT ( 'NONE',  ( 3.943579639192182018, 1.292449942301011845, 2.109999999999999876 ) ) ;
#2060 = VECTOR ( 'NONE', #6848, 1000.000000000000000 ) ;
#2061 = CARTESIAN_POINT ( 'NONE',  ( -3.943579639192182018, 1.292449942301011845, 1.700000000000000178 ) ) ;
#2062 = EDGE_CURVE ( 'NONE', #8199, #7912, #7563, .T. ) ;
#2063 = CARTESIAN_POINT ( 'NONE',  ( -3.943579639192182018, 1.367449942301015131, 4.240000000000000213 ) ) ;
#2064 = LINE ( 'NONE', #5972, #5574 ) ;
#2065 = DIRECTION ( 'NONE',  ( 0.9975640502598241977, 0.06975647374412544122, 0.000000000000000000 ) ) ;
#2066 = CARTESIAN_POINT ( 'NONE',  ( -4.589011388549212533, 0.2538042874631301071, 3.379999999999999449 ) ) ;
#2067 =( LENGTH_UNIT ( ) NAMED_UNIT ( * ) SI_UNIT ( .MILLI., .METRE. ) );
#2068 = ORIENTED_EDGE ( 'NONE', *, *, #1361, .F. ) ;
#2069 = AXIS2_PLACEMENT_3D ( 'NONE', #5220, #1309, #3144 ) ;
#2070 = VERTEX_POINT ( 'NONE', #257 ) ;
#2071 = DIRECTION ( 'NONE',  ( 1.000000000000000000, 0.000000000000000000, 0.000000000000000000 ) ) ;
#2072 = LINE ( 'NONE', #4731, #5655 ) ;
#2073 = DIRECTION ( 'NONE',  ( 0.000000000000000000, 0.000000000000000000, 1.000000000000000000 ) ) ;
#2074 = LINE ( 'NONE', #4732, #6062 ) ;
#2075 = AXIS2_PLACEMENT_3D ( 'NONE', #4972, #6866, #3627 ) ;
#2076 = EDGE_LOOP ( 'NONE', ( #4840, #6711, #1709, #2974 ) ) ;
#2077 = ORIENTED_EDGE ( 'NONE', *, *, #852, .T. ) ;
#2078 = ORIENTED_EDGE ( 'NONE', *, *, #3972, .T. ) ;
#2079 = EDGE_CURVE ( 'NONE', #6499, #3495, #7483, .T. ) ;
#2080 = ORIENTED_EDGE ( 'NONE', *, *, #7104, .F. ) ;
#2081 = ORIENTED_EDGE ( 'NONE', *, *, #1781, .T. ) ;
#2082 = CLOSED_SHELL ( 'NONE', ( #7998, #3293, #3211, #3000, #3625, #1840, #4290, #7041, #3636, #2578, #4452, #7623, #1009, #7248 ) ) ;
#2083 = DIRECTION ( 'NONE',  ( -0.9975640502598241977, -0.06975647374412528856, 0.000000000000000000 ) ) ;
#2084 = CARTESIAN_POINT ( 'NONE',  ( 4.315000000000000391, 0.2500000000000000000, 3.379999999999999449 ) ) ;
#2085 = VECTOR ( 'NONE', #1928, 1000.000000000000000 ) ;
#2086 = LINE ( 'NONE', #7417, #599 ) ;
#2087 = ORIENTED_EDGE ( 'NONE', *, *, #6665, .F. ) ;
#2088 = LINE ( 'NONE', #1483, #6738 ) ;
#2089 = LINE ( 'NONE', #766, #2507 ) ;
#2090 = ORIENTED_EDGE ( 'NONE', *, *, #6100, .F. ) ;
#2091 = ORIENTED_EDGE ( 'NONE', *, *, #665, .T. ) ;
#2092 = LINE ( 'NONE', #3490, #7745 ) ;
#2093 = EDGE_CURVE ( 'NONE', #6713, #6155, #4236, .T. ) ;
#2094 = FACE_OUTER_BOUND ( 'NONE', #8111, .T. ) ;
#2095 = FACE_OUTER_BOUND ( 'NONE', #2405, .T. ) ;
#2096 = VECTOR ( 'NONE', #5569, 1000.000000000000000 ) ;
#2097 = ORIENTED_EDGE ( 'NONE', *, *, #2079, .F. ) ;
#2098 = DIRECTION ( 'NONE',  ( 0.000000000000000000, 1.000000000000000000, 0.000000000000000000 ) ) ;
#2099 = ORIENTED_EDGE ( 'NONE', *, *, #3558, .T. ) ;
#2100 = ORIENTED_EDGE ( 'NONE', *, *, #4662, .T. ) ;
#2101 = FACE_OUTER_BOUND ( 'NONE', #5275, .T. ) ;
#2102 = VECTOR ( 'NONE', #6595, 1000.000000000000227 ) ;
#2103 = PLANE ( 'NONE',  #6239 ) ;
#2104 = EDGE_CURVE ( 'NONE', #3023, #2678, #2900, .T. ) ;
#2105 = VECTOR ( 'NONE', #4540, 1000.000000000000227 ) ;
#2106 = CARTESIAN_POINT ( 'NONE',  ( -3.601452754537962875, 1.582550057698988599, -5.149992964849197108 ) ) ;
#2107 = CARTESIAN_POINT ( 'NONE',  ( -4.315000000000000391, 0.2500000000000000000, -0.4300000000000007150 ) ) ;
#2108 = LINE ( 'NONE', #4850, #8464 ) ;
#2109 = PLANE ( 'NONE',  #6450 ) ;
#2110 = COLOUR_RGB ( '',0.8000000000000000444, 0.8078431372549019773, 0.8000000000000000444 ) ;
#2111 = PRODUCT_CONTEXT ( 'NONE', #7285, 'mechanical' ) ;
#2112 = ORIENTED_EDGE ( 'NONE', *, *, #3025, .F. ) ;
#2113 = AXIS2_PLACEMENT_3D ( 'NONE', #3062, #7200, #1636 ) ;
#2114 = ADVANCED_FACE ( 'NONE', ( #3463 ), #2194, .F. ) ;
#2115 = EDGE_CURVE ( 'NONE', #4057, #2522, #4109, .T. ) ;
#2116 = ORIENTED_EDGE ( 'NONE', *, *, #3960, .T. ) ;
#2117 = LINE ( 'NONE', #7490, #8128 ) ;
#2118 = LINE ( 'NONE', #5292, #2316 ) ;
#2119 =( NAMED_UNIT ( * ) SI_UNIT ( $, .STERADIAN. ) SOLID_ANGLE_UNIT ( ) );
#2120 = CARTESIAN_POINT ( 'NONE',  ( -3.749992964849198085, 1.582550057698988821, -1.700000000000000622 ) ) ;
#2121 = ORIENTED_EDGE ( 'NONE', *, *, #1779, .F. ) ;
#2122 = ORIENTED_EDGE ( 'NONE', *, *, #5667, .F. ) ;
#2123 = SURFACE_STYLE_FILL_AREA ( #4776 ) ;
#2124 = EDGE_CURVE ( 'NONE', #2752, #7723, #4195, .T. ) ;
#2125 =( GEOMETRIC_REPRESENTATION_CONTEXT ( 3 ) GLOBAL_UNCERTAINTY_ASSIGNED_CONTEXT ( ( #3584 ) ) GLOBAL_UNIT_ASSIGNED_CONTEXT ( ( #912, #7493, #2119 ) ) REPRESENTATION_CONTEXT ( 'NONE', 'WORKASPACE' ) );
#2126 = EDGE_LOOP ( 'NONE', ( #1340, #6642, #5454, #2601 ) ) ;
#2127 = CARTESIAN_POINT ( 'NONE',  ( 0.000000000000000000, 2.649999999999999911, 4.869579648282763351 ) ) ;
#2128 = CARTESIAN_POINT ( 'NONE',  ( -3.749992964849197641, 1.367449942301012022, 2.109999999999999876 ) ) ;
#2129 = DIRECTION ( 'NONE',  ( -1.000000000000000000, 0.000000000000000000, 0.000000000000000000 ) ) ;
#2130 = ADVANCED_FACE ( 'NONE', ( #4279 ), #7441, .F. ) ;
#2131 = PLANE ( 'NONE',  #3640 ) ;
#2132 = VERTEX_POINT ( 'NONE', #3629 ) ;
#2133 = DIRECTION ( 'NONE',  ( -0.9902680687415701399, -0.1391731009600661872, 0.000000000000000000 ) ) ;
#2134 = CARTESIAN_POINT ( 'NONE',  ( -5.134995374447882455, 0.000000000000000000, -1.700000000000000622 ) ) ;
#2135 = ORIENTED_EDGE ( 'NONE', *, *, #1662, .T. ) ;
#2136 = ORIENTED_EDGE ( 'NONE', *, *, #1831, .F. ) ;
#2137 = CARTESIAN_POINT ( 'NONE',  ( 3.749992964849196309, 1.582550057698988821, -5.001452754537961454 ) ) ;
#2138 = CARTESIAN_POINT ( 'NONE',  ( 4.222822763272201740, 1.371071533533629649, 1.700000000000000178 ) ) ;
#2139 = ORIENTED_EDGE ( 'NONE', *, *, #4114, .F. ) ;
#2140 = CARTESIAN_POINT ( 'NONE',  ( 3.749992964849196309, 1.582550057698988821, 5.001452754537962342 ) ) ;
#2141 = ORIENTED_EDGE ( 'NONE', *, *, #4140, .F. ) ;
#2142 = ORIENTED_EDGE ( 'NONE', *, *, #5634, .T. ) ;
#2143 = PLANE ( 'NONE',  #5580 ) ;
#2144 = CARTESIAN_POINT ( 'NONE',  ( 3.749999999999999556, 1.367500000000027693, -5.000484260976134188 ) ) ;
#2145 = FACE_OUTER_BOUND ( 'NONE', #479, .T. ) ;
#2146 = CARTESIAN_POINT ( 'NONE',  ( -3.600000000000000977, 1.367500000000028360, 5.150000000000000355 ) ) ;
#2147 = DIRECTION ( 'NONE',  ( 1.000000000000000000, 0.000000000000000000, 0.000000000000000000 ) ) ;
#2148 = CARTESIAN_POINT ( 'NONE',  ( -3.943579639192182018, 1.582550057698989043, -2.970000000000000639 ) ) ;
#2149 = ORIENTED_EDGE ( 'NONE', *, *, #3447, .T. ) ;
#2150 = DIRECTION ( 'NONE',  ( -0.000000000000000000, -0.000000000000000000, -1.000000000000000000 ) ) ;
#2151 = EDGE_CURVE ( 'NONE', #6423, #1272, #6787, .T. ) ;
#2152 = ORIENTED_EDGE ( 'NONE', *, *, #2681, .F. ) ;
#2153 = VECTOR ( 'NONE', #1718, 1000.000000000000000 ) ;
#2154 = VERTEX_POINT ( 'NONE', #2808 ) ;
#2155 = CARTESIAN_POINT ( 'NONE',  ( -5.134995374447882455, 0.000000000000000000, -4.650000000000000355 ) ) ;
#2156 =( NAMED_UNIT ( * ) SI_UNIT ( $, .STERADIAN. ) SOLID_ANGLE_UNIT ( ) );
#2157 = EDGE_CURVE ( 'NONE', #5823, #1380, #3838, .T. ) ;
#2158 = FACE_OUTER_BOUND ( 'NONE', #7936, .T. ) ;
#2159 = LINE ( 'NONE', #2031, #8122 ) ;
#2160 = EDGE_CURVE ( 'NONE', #2164, #429, #3980, .T. ) ;
#2161 = ORIENTED_EDGE ( 'NONE', *, *, #6358, .F. ) ;
#2162 = CIRCLE ( 'NONE', #1328, 0.2999999999999999334 ) ;
#2163 = CARTESIAN_POINT ( 'NONE',  ( -3.749992964849197641, 1.367449942301012022, -2.970000000000000639 ) ) ;
#2164 = VERTEX_POINT ( 'NONE', #7675 ) ;
#2165 = EDGE_LOOP ( 'NONE', ( #3052, #1155, #2800, #6392 ) ) ;
#2166 = CARTESIAN_POINT ( 'NONE',  ( -4.222822763272207958, 1.371071533533628761, 0.8399999999999996358 ) ) ;
#2167 = LINE ( 'NONE', #798, #733 ) ;
#2168 = EDGE_CURVE ( 'NONE', #6404, #4113, #6996, .T. ) ;
#2169 = AXIS2_PLACEMENT_3D ( 'NONE', #3594, #1675, #7444 ) ;
#2170 = CARTESIAN_POINT ( 'NONE',  ( 3.943579639192182018, 1.367449942301011800, 0.4299999999999998268 ) ) ;
#2171 = AXIS2_PLACEMENT_3D ( 'NONE', #5572, #5488, #8189 ) ;
#2172 = EDGE_CURVE ( 'NONE', #5012, #4244, #6326, .T. ) ;
#2173 = CARTESIAN_POINT ( 'NONE',  ( 0.000000000000000000, 2.500000000000000000, -4.869579648282763351 ) ) ;
#2174 = ORIENTED_EDGE ( 'NONE', *, *, #5408, .T. ) ;
#2175 = CARTESIAN_POINT ( 'NONE',  ( 3.943579639192182018, 1.292449942301011845, 2.109999999999999876 ) ) ;
#2176 = VERTEX_POINT ( 'NONE', #7040 ) ;
#2177 = CARTESIAN_POINT ( 'NONE',  ( -4.315000000000000391, 0.2500000000000000000, 3.379999999999999449 ) ) ;
#2178 = VECTOR ( 'NONE', #288, 1000.000000000000000 ) ;
#2179 = VECTOR ( 'NONE', #188, 1000.000000000000000 ) ;
#2180 = ORIENTED_EDGE ( 'NONE', *, *, #4044, .F. ) ;
#2181 = CARTESIAN_POINT ( 'NONE',  ( -3.749992964849197641, 1.367449942301012022, 0.8399999999999996358 ) ) ;
#2182 = CARTESIAN_POINT ( 'NONE',  ( -4.222822763272206181, 1.371071533533628317, -4.650000000000000355 ) ) ;
#2183 = ORIENTED_EDGE ( 'NONE', *, *, #2878, .T. ) ;
#2184 = CARTESIAN_POINT ( 'NONE',  ( -4.222822763272206181, 1.371071533533628317, -2.110000000000000320 ) ) ;
#2185 = ORIENTED_EDGE ( 'NONE', *, *, #7467, .F. ) ;
#2186 = VECTOR ( 'NONE', #7058, 1000.000000000000227 ) ;
#2187 = ORIENTED_EDGE ( 'NONE', *, *, #11, .T. ) ;
#2188 = DIRECTION ( 'NONE',  ( -1.120120665500548440E-15, -1.000000000000000000, 0.000000000000000000 ) ) ;
#2189 = DIRECTION ( 'NONE',  ( 0.000000000000000000, 1.000000000000000000, -0.000000000000000000 ) ) ;
#2190 = EDGE_CURVE ( 'NONE', #1427, #6654, #5135, .T. ) ;
#2191 = AXIS2_PLACEMENT_3D ( 'NONE', #1787, #7118, #3708 ) ;
#2192 = LINE ( 'NONE', #3415, #3735 ) ;
#2193 = LINE ( 'NONE', #3667, #686 ) ;
#2194 = PLANE ( 'NONE',  #2439 ) ;
#2195 = CARTESIAN_POINT ( 'NONE',  ( -3.108111041950426756, 2.500000000000000444, -4.869579648282762463 ) ) ;
#2196 = VERTEX_POINT ( 'NONE', #3752 ) ;
#2197 = FACE_OUTER_BOUND ( 'NONE', #6300, .T. ) ;
#2198 = AXIS2_PLACEMENT_3D ( 'NONE', #6817, #7067, #1053 ) ;
#2199 = ORIENTED_EDGE ( 'NONE', *, *, #7090, .F. ) ;
#2200 = ORIENTED_EDGE ( 'NONE', *, *, #7975, .T. ) ;
#2201 = EDGE_CURVE ( 'NONE', #3395, #5310, #2030, .T. ) ;
#2202 = DIRECTION ( 'NONE',  ( 0.9975640502598241977, 0.06975647374412528856, 0.000000000000000000 ) ) ;
#2203 = SURFACE_SIDE_STYLE ('',( #3514 ) ) ;
#2204 = LINE ( 'NONE', #1645, #4336 ) ;
#2205 = ORIENTED_EDGE ( 'NONE', *, *, #7730, .F. ) ;
#2206 = VERTEX_POINT ( 'NONE', #422 ) ;
#2207 = DIRECTION ( 'NONE',  ( -1.000000000000000000, 0.000000000000000000, 0.000000000000000000 ) ) ;
#2208 = VECTOR ( 'NONE', #6762, 1000.000000000000000 ) ;
#2209 = FACE_OUTER_BOUND ( 'NONE', #5409, .T. ) ;
#2210 = EDGE_LOOP ( 'NONE', ( #4558, #6647, #8030, #1621, #6725, #3511, #276, #3874, #3346, #6046, #1339, #106 ) ) ;
#2211 = EDGE_LOOP ( 'NONE', ( #2547, #158, #7973, #5920 ) ) ;
#2212 = EDGE_CURVE ( 'NONE', #3101, #4794, #385, .T. ) ;
#2213 = ADVANCED_FACE ( 'NONE', ( #7722 ), #1832, .F. ) ;
#2214 = CARTESIAN_POINT ( 'NONE',  ( 3.469579648282761664, 0.4500000000000000111, 4.869579648282762463 ) ) ;
#2215 = DIRECTION ( 'NONE',  ( -0.2710153738641504773, -0.9625750189617817698, 0.000000000000000000 ) ) ;
#2216 = CARTESIAN_POINT ( 'NONE',  ( 4.589011388549212533, 0.2538042874631317170, -2.110000000000000320 ) ) ;
#2217 = CIRCLE ( 'NONE', #983, 0.1499999999999999667 ) ;
#2218 = CARTESIAN_POINT ( 'NONE',  ( 3.943579639192182018, 1.582550057698989043, 0.8399999999999996358 ) ) ;
#2219 = CARTESIAN_POINT ( 'NONE',  ( -3.943579639192182018, 1.367449942301011800, -2.970000000000000639 ) ) ;
#2220 = DIRECTION ( 'NONE',  ( 0.2710153738641504773, 0.9625750189617817698, 0.000000000000000000 ) ) ;
#2221 = VECTOR ( 'NONE', #353, 1000.000000000000227 ) ;
#2222 = ORIENTED_EDGE ( 'NONE', *, *, #6009, .T. ) ;
#2223 = DIRECTION ( 'NONE',  ( 1.000000000000000000, -2.891205793294678228E-15, -1.671814187836142358E-29 ) ) ;
#2224 = ADVANCED_FACE ( 'NONE', ( #2400 ), #7641, .F. ) ;
#2225 = EDGE_CURVE ( 'NONE', #6096, #1855, #3105, .T. ) ;
#2226 = CARTESIAN_POINT ( 'NONE',  ( -3.943579639192182018, 1.292449942301011845, 0.8399999999999996358 ) ) ;
#2227 = CARTESIAN_POINT ( 'NONE',  ( 3.749992964849195864, 1.367449942301012022, 5.001452754537962342 ) ) ;
#2228 = CIRCLE ( 'NONE', #2494, 0.07500000000000041356 ) ;
#2229 = ORIENTED_EDGE ( 'NONE', *, *, #6355, .F. ) ;
#2230 = LINE ( 'NONE', #1494, #7425 ) ;
#2231 = ORIENTED_EDGE ( 'NONE', *, *, #5396, .F. ) ;
#2232 = DIRECTION ( 'NONE',  ( -1.000000000000000000, 0.000000000000000000, 0.000000000000000000 ) ) ;
#2233 = EDGE_CURVE ( 'NONE', #8543, #7618, #5095, .T. ) ;
#2234 = PLANE ( 'NONE',  #6794 ) ;
#2235 = LINE ( 'NONE', #8076, #6233 ) ;
#2236 = CARTESIAN_POINT ( 'NONE',  ( -5.150000000000000355, 0.2145761423277614266, 2.109999999999999876 ) ) ;
#2237 = CARTESIAN_POINT ( 'NONE',  ( 4.222822763272201740, 1.371071533533629649, 0.8399999999999996358 ) ) ;
#2238 = DIRECTION ( 'NONE',  ( 0.06975647374412763391, 0.9975640502598240866, -0.000000000000000000 ) ) ;
#2239 = ORIENTED_EDGE ( 'NONE', *, *, #2201, .T. ) ;
#2240 = DIRECTION ( 'NONE',  ( -0.000000000000000000, -0.000000000000000000, -1.000000000000000000 ) ) ;
#2241 = EDGE_CURVE ( 'NONE', #3395, #4005, #1177, .T. ) ;
#2242 = SURFACE_STYLE_FILL_AREA ( #4586 ) ;
#2243 = AXIS2_PLACEMENT_3D ( 'NONE', #7518, #4844, #937 ) ;
#2244 = ORIENTED_EDGE ( 'NONE', *, *, #5567, .T. ) ;
#2245 = AXIS2_PLACEMENT_3D ( 'NONE', #7624, #1163, #7699 ) ;
#2246 = DIRECTION ( 'NONE',  ( -0.1378445374916253130, -0.9808148484639900300, -0.1378445374916253130 ) ) ;
#2247 = FILL_AREA_STYLE_COLOUR ( '', #2451 ) ;
#2248 = VECTOR ( 'NONE', #6967, 1000.000000000000000 ) ;
#2249 = CYLINDRICAL_SURFACE ( 'NONE', #3230, 0.07500000000000300870 ) ;
#2250 = EDGE_LOOP ( 'NONE', ( #1131, #8440, #1637, #2690 ) ) ;
#2251 = EDGE_LOOP ( 'NONE', ( #2135, #4416, #7737, #2380 ) ) ;
#2252 = VECTOR ( 'NONE', #2207, 1000.000000000000000 ) ;
#2253 = DIRECTION ( 'NONE',  ( 0.000000000000000000, 0.000000000000000000, 1.000000000000000000 ) ) ;
#2254 = DIRECTION ( 'NONE',  ( 0.000000000000000000, 0.000000000000000000, -1.000000000000000000 ) ) ;
#2255 = EDGE_LOOP ( 'NONE', ( #4429, #2843, #7356, #8249 ) ) ;
#2256 = LINE ( 'NONE', #2447, #2422 ) ;
#2257 = CYLINDRICAL_SURFACE ( 'NONE', #309, 0.1499999999999999667 ) ;
#2258 = CARTESIAN_POINT ( 'NONE',  ( 3.749992964849198085, 1.582550057698988821, 3.379999999999999449 ) ) ;
#2259 = CARTESIAN_POINT ( 'NONE',  ( 3.943579639192182018, 1.292449942301011845, -2.970000000000000639 ) ) ;
#2260 = CARTESIAN_POINT ( 'NONE',  ( 4.222822763272201740, 1.371071533533629649, 3.379999999999999449 ) ) ;
#2261 = CARTESIAN_POINT ( 'NONE',  ( -3.943579639192182018, 1.292449942301011845, -2.110000000000000320 ) ) ;
#2262 = EDGE_CURVE ( 'NONE', #640, #4650, #4443, .T. ) ;
#2263 = VERTEX_POINT ( 'NONE', #341 ) ;
#2264 = LINE ( 'NONE', #285, #8033 ) ;
#2265 = FACE_OUTER_BOUND ( 'NONE', #2210, .T. ) ;
#2266 = CARTESIAN_POINT ( 'NONE',  ( 3.749992964849197641, 1.367449942301012022, 1.700000000000000178 ) ) ;
#2267 = ORIENTED_EDGE ( 'NONE', *, *, #5478, .T. ) ;
#2268 = CARTESIAN_POINT ( 'NONE',  ( -3.749992964849198085, 1.582550057698988599, -5.001452754537961454 ) ) ;
#2269 = ORIENTED_EDGE ( 'NONE', *, *, #5722, .F. ) ;
#2270 = ORIENTED_EDGE ( 'NONE', *, *, #6340, .T. ) ;
#2271 = UNCERTAINTY_MEASURE_WITH_UNIT (LENGTH_MEASURE( 1.000000000000000082E-05 ), #3948, 'distance_accuracy_value', 'NONE');
#2272 = EDGE_CURVE ( 'NONE', #7899, #4010, #4391, .T. ) ;
#2273 = CARTESIAN_POINT ( 'NONE',  ( -4.315000000000000391, 0.2499999999999998890, -2.970000000000000639 ) ) ;
#2274 = EDGE_CURVE ( 'NONE', #8019, #4057, #668, .T. ) ;
#2275 = CARTESIAN_POINT ( 'NONE',  ( -3.528687866222429470, 2.079423175727996842, -4.928687866222428937 ) ) ;
#2276 = DIRECTION ( 'NONE',  ( 6.794085038079819501E-15, 6.794085038079819501E-15, -1.000000000000000000 ) ) ;
#2277 = LINE ( 'NONE', #5503, #5789 ) ;
#2278 = CARTESIAN_POINT ( 'NONE',  ( -4.222822763272207958, 1.371071533533628761, 2.109999999999999876 ) ) ;
#2279 = ADVANCED_FACE ( 'NONE', ( #7762 ), #8416, .F. ) ;
#2280 = DIRECTION ( 'NONE',  ( -0.000000000000000000, 0.000000000000000000, 1.000000000000000000 ) ) ;
#2281 = ORIENTED_EDGE ( 'NONE', *, *, #7055, .F. ) ;
#2282 = LINE ( 'NONE', #8251, #1068 ) ;
#2283 = EDGE_CURVE ( 'NONE', #6384, #723, #4318, .T. ) ;
#2284 = ORIENTED_EDGE ( 'NONE', *, *, #5348, .F. ) ;
#2285 = ADVANCED_FACE ( 'NONE', ( #5010 ), #376, .T. ) ;
#2286 = FACE_OUTER_BOUND ( 'NONE', #2738, .T. ) ;
#2287 = CARTESIAN_POINT ( 'NONE',  ( -4.574006762997095521, 0.03922814513537028341, -0.4300000000000007150 ) ) ;
#2288 = ORIENTED_EDGE ( 'NONE', *, *, #4589, .F. ) ;
#2289 = ORIENTED_EDGE ( 'NONE', *, *, #2212, .F. ) ;
#2290 = VECTOR ( 'NONE', #2969, 1000.000000000000227 ) ;
#2291 = PLANE ( 'NONE',  #3411 ) ;
#2292 = LINE ( 'NONE', #5645, #985 ) ;
#2293 = EDGE_CURVE ( 'NONE', #773, #99, #7545, .T. ) ;
#2294 = DIRECTION ( 'NONE',  ( 0.7071067811865431318, -0.7071067811865517916, 0.000000000000000000 ) ) ;
#2295 = VECTOR ( 'NONE', #2672, 1000.000000000000000 ) ;
#2296 = CARTESIAN_POINT ( 'NONE',  ( 5.134995374447882455, 0.000000000000000000, -0.4300000000000007150 ) ) ;
#2297 = LINE ( 'NONE', #5531, #5718 ) ;
#2298 = DIRECTION ( 'NONE',  ( -0.000000000000000000, -0.000000000000000000, -1.000000000000000000 ) ) ;
#2299 = VECTOR ( 'NONE', #8375, 1000.000000000000000 ) ;
#2300 = DIRECTION ( 'NONE',  ( 0.7071067811865474617, 0.7071067811865474617, 0.000000000000000000 ) ) ;
#2301 = ORIENTED_EDGE ( 'NONE', *, *, #7975, .F. ) ;
#2302 = LINE ( 'NONE', #4880, #570 ) ;
#2303 = VECTOR ( 'NONE', #4032, 1000.000000000000114 ) ;
#2304 = VECTOR ( 'NONE', #7245, 1000.000000000000227 ) ;
#2305 = DIRECTION ( 'NONE',  ( -1.000000000000000000, 0.000000000000000000, 0.000000000000000000 ) ) ;
#2306 = EDGE_CURVE ( 'NONE', #3779, #2164, #1961, .T. ) ;
#2307 = SURFACE_SIDE_STYLE ('',( #4267 ) ) ;
#2308 = ORIENTED_EDGE ( 'NONE', *, *, #4129, .F. ) ;
#2309 = FACE_OUTER_BOUND ( 'NONE', #8346, .T. ) ;
#2310 = ORIENTED_EDGE ( 'NONE', *, *, #2749, .F. ) ;
#2311 = CARTESIAN_POINT ( 'NONE',  ( 5.134995374447882455, 0.000000000000000000, -2.970000000000000639 ) ) ;
#2312 = VECTOR ( 'NONE', #218, 1000.000000000000000 ) ;
#2313 = VECTOR ( 'NONE', #1454, 1000.000000000000227 ) ;
#2314 = DIRECTION ( 'NONE',  ( 0.06975647374412763391, 0.9975640502598240866, -0.000000000000000000 ) ) ;
#2315 = EDGE_CURVE ( 'NONE', #723, #3842, #5518, .T. ) ;
#2316 = VECTOR ( 'NONE', #3994, 1000.000000000000227 ) ;
#2317 = LINE ( 'NONE', #1027, #7053 ) ;
#2318 = DIRECTION ( 'NONE',  ( -2.016181479920678149E-15, 1.000000000000000000, 0.000000000000000000 ) ) ;
#2319 = EDGE_CURVE ( 'NONE', #205, #1482, #5316, .T. ) ;
#2320 = CIRCLE ( 'NONE', #1200, 0.07500000000000128786 ) ;
#2321 = DIRECTION ( 'NONE',  ( -0.06975647374412764778, -0.9975640502598241977, 0.000000000000000000 ) ) ;
#2322 = AXIS2_PLACEMENT_3D ( 'NONE', #2415, #1044, #2376 ) ;
#2323 = DIRECTION ( 'NONE',  ( 0.000000000000000000, 0.000000000000000000, 1.000000000000000000 ) ) ;
#2324 = ORIENTED_EDGE ( 'NONE', *, *, #8236, .T. ) ;
#2325 = CARTESIAN_POINT ( 'NONE',  ( -3.749992964849198085, 1.582550057698988821, -1.700000000000000622 ) ) ;
#2326 = LINE ( 'NONE', #6754, #5085 ) ;
#2327 = VECTOR ( 'NONE', #5980, 1000.000000000000000 ) ;
#2328 = ORIENTED_EDGE ( 'NONE', *, *, #4338, .T. ) ;
#2329 = CARTESIAN_POINT ( 'NONE',  ( -5.150000000000000355, 0.2145761423277614266, -2.970000000000000639 ) ) ;
#2330 = VECTOR ( 'NONE', #2345, 1000.000000000000000 ) ;
#2331 = FILL_AREA_STYLE ('',( #8261 ) ) ;
#2332 = EDGE_LOOP ( 'NONE', ( #3400, #2446, #220, #289 ) ) ;
#2333 = CARTESIAN_POINT ( 'NONE',  ( -2.636643502869150169, 2.600000000000000089, -4.369579648282762463 ) ) ;
#2334 = CYLINDRICAL_SURFACE ( 'NONE', #7057, 0.1499999999999998002 ) ;
#2335 = ORIENTED_EDGE ( 'NONE', *, *, #5934, .T. ) ;
#2336 = DIRECTION ( 'NONE',  ( -0.06975647374412545509, 0.9975640502598243087, 0.000000000000000000 ) ) ;
#2337 = LINE ( 'NONE', #7782, #2892 ) ;
#2338 = CARTESIAN_POINT ( 'NONE',  ( 4.222822763272201740, 1.371071533533629649, 0.8399999999999996358 ) ) ;
#2339 = CARTESIAN_POINT ( 'NONE',  ( -5.150000000000000355, 0.2145761423277614266, 1.700000000000000178 ) ) ;
#2340 = EDGE_CURVE ( 'NONE', #5102, #2396, #251, .T. ) ;
#2341 = CARTESIAN_POINT ( 'NONE',  ( 3.749999999999999556, 1.367500000000027693, 5.000484260976134188 ) ) ;
#2342 = EDGE_LOOP ( 'NONE', ( #6989, #3333, #94, #2945 ) ) ;
#2343 = CARTESIAN_POINT ( 'NONE',  ( -4.589011388549212533, 0.2538042874631301071, -0.4300000000000007150 ) ) ;
#2344 = CIRCLE ( 'NONE', #2621, 0.07500000000000300870 ) ;
#2345 = DIRECTION ( 'NONE',  ( -0.000000000000000000, -0.000000000000000000, -1.000000000000000000 ) ) ;
#2346 = SURFACE_STYLE_FILL_AREA ( #7027 ) ;
#2347 = VERTEX_POINT ( 'NONE', #80 ) ;
#2348 = DIRECTION ( 'NONE',  ( 1.000000000000000000, 0.000000000000000000, -0.000000000000000000 ) ) ;
#2349 = UNCERTAINTY_MEASURE_WITH_UNIT (LENGTH_MEASURE( 1.000000000000000082E-05 ), #1853, 'distance_accuracy_value', 'NONE');
#2350 = CARTESIAN_POINT ( 'NONE',  ( -3.469579648282762996, 0.2999999999999999889, 4.869579648282763351 ) ) ;
#2351 = ADVANCED_FACE ( 'NONE', ( #1362 ), #1270, .F. ) ;
#2352 = DIRECTION ( 'NONE',  ( 0.000000000000000000, -0.000000000000000000, 1.000000000000000000 ) ) ;
#2353 = AXIS2_PLACEMENT_3D ( 'NONE', #2061, #6181, #4105 ) ;
#2354 = DIRECTION ( 'NONE',  ( -0.9975640502598241977, 0.06975647374412544122, 0.000000000000000000 ) ) ;
#2355 = DIRECTION ( 'NONE',  ( 0.000000000000000000, 0.000000000000000000, 1.000000000000000000 ) ) ;
#2356 = DIRECTION ( 'NONE',  ( 0.000000000000000000, 0.000000000000000000, 1.000000000000000000 ) ) ;
#2357 = DIRECTION ( 'NONE',  ( -1.000000000000000000, 0.000000000000000000, 0.000000000000000000 ) ) ;
#2358 = ORIENTED_EDGE ( 'NONE', *, *, #2878, .F. ) ;
#2359 = DIRECTION ( 'NONE',  ( 1.120120665500546074E-15, 1.000000000000000000, -0.000000000000000000 ) ) ;
#2360 = DIRECTION ( 'NONE',  ( -0.000000000000000000, -0.000000000000000000, -1.000000000000000000 ) ) ;
#2361 = EDGE_CURVE ( 'NONE', #4125, #6471, #5222, .T. ) ;
#2362 = VERTEX_POINT ( 'NONE', #5915 ) ;
#2363 = LINE ( 'NONE', #388, #3084 ) ;
#2364 = DIRECTION ( 'NONE',  ( -0.9975640502598241977, -0.06975647374412528856, 0.000000000000000000 ) ) ;
#2365 = AXIS2_PLACEMENT_3D ( 'NONE', #3523, #4216, #3609 ) ;
#2366 = LINE ( 'NONE', #8383, #2930 ) ;
#2367 = VERTEX_POINT ( 'NONE', #3275 ) ;
#2368 = ADVANCED_FACE ( 'NONE', ( #6604 ), #5831, .F. ) ;
#2369 = ADVANCED_FACE ( 'NONE', ( #4528 ), #5271, .T. ) ;
#2370 = CARTESIAN_POINT ( 'NONE',  ( -3.943579639192182018, 1.292449942301011845, -2.970000000000000639 ) ) ;
#2371 = LINE ( 'NONE', #2869, #3742 ) ;
#2372 = EDGE_LOOP ( 'NONE', ( #7710, #7865, #3526, #622 ) ) ;
#2373 = AXIS2_PLACEMENT_3D ( 'NONE', #1304, #2748, #3225 ) ;
#2374 = DIRECTION ( 'NONE',  ( 0.000000000000000000, 0.000000000000000000, 1.000000000000000000 ) ) ;
#2375 = VECTOR ( 'NONE', #1421, 1000.000000000000227 ) ;
#2376 = DIRECTION ( 'NONE',  ( -1.000000000000000000, 0.000000000000000000, 0.000000000000000000 ) ) ;
#2377 = DIRECTION ( 'NONE',  ( -0.000000000000000000, -0.000000000000000000, -1.000000000000000000 ) ) ;
#2378 = EDGE_CURVE ( 'NONE', #5680, #1472, #806, .T. ) ;
#2379 = DIRECTION ( 'NONE',  ( -5.839238655789050276E-15, -0.000000000000000000, -1.000000000000000000 ) ) ;
#2380 = ORIENTED_EDGE ( 'NONE', *, *, #7033, .F. ) ;
#2381 = VECTOR ( 'NONE', #4832, 1000.000000000000000 ) ;
#2382 = ADVANCED_FACE ( 'NONE', ( #6562 ), #4020, .F. ) ;
#2383 = DIRECTION ( 'NONE',  ( 0.2710153738641504773, 0.9625750189617817698, 0.000000000000000000 ) ) ;
#2384 = CIRCLE ( 'NONE', #878, 0.2901001153979764768 ) ;
#2385 = VERTEX_POINT ( 'NONE', #2006 ) ;
#2386 = LINE ( 'NONE', #5575, #4440 ) ;
#2387 = EDGE_CURVE ( 'NONE', #1412, #2484, #7801, .T. ) ;
#2388 = CARTESIAN_POINT ( 'NONE',  ( -3.749992964849197641, 1.367449942301012022, -4.650000000000000355 ) ) ;
#2389 = DIRECTION ( 'NONE',  ( -0.000000000000000000, -0.000000000000000000, -1.000000000000000000 ) ) ;
#2390 = CIRCLE ( 'NONE', #7237, 0.2901001153979786418 ) ;
#2391 = ORIENTED_EDGE ( 'NONE', *, *, #3374, .T. ) ;
#2392 = DIRECTION ( 'NONE',  ( 0.000000000000000000, 0.000000000000000000, 1.000000000000000000 ) ) ;
#2393 = ORIENTED_EDGE ( 'NONE', *, *, #3175, .F. ) ;
#2394 = DIRECTION ( 'NONE',  ( -0.2710153738641504773, 0.9625750189617817698, 0.000000000000000000 ) ) ;
#2395 = EDGE_LOOP ( 'NONE', ( #2994, #291, #1274, #7255 ) ) ;
#2396 = VERTEX_POINT ( 'NONE', #4711 ) ;
#2397 = CARTESIAN_POINT ( 'NONE',  ( -3.943579639192182018, 1.367449942301011800, -3.380000000000000338 ) ) ;
#2398 = PLANE ( 'NONE',  #1386 ) ;
#2399 = CYLINDRICAL_SURFACE ( 'NONE', #5534, 0.2901001153979764768 ) ;
#2400 = FACE_OUTER_BOUND ( 'NONE', #6013, .T. ) ;
#2401 = DIRECTION ( 'NONE',  ( 1.000000000000000000, -1.120120665500546074E-15, -0.000000000000000000 ) ) ;
#2402 = ORIENTED_EDGE ( 'NONE', *, *, #1683, .T. ) ;
#2403 = CARTESIAN_POINT ( 'NONE',  ( 3.943579639192182018, 1.582550057698989043, 4.649999999999999467 ) ) ;
#2404 = CARTESIAN_POINT ( 'NONE',  ( 3.943579639192182018, 1.367449942301011800, 3.379999999999999449 ) ) ;
#2405 = EDGE_LOOP ( 'NONE', ( #1195, #3191, #3912, #666 ) ) ;
#2406 = CARTESIAN_POINT ( 'NONE',  ( 4.594243124080021445, 0.3286215912326184152, 1.700000000000000178 ) ) ;
#2407 = CARTESIAN_POINT ( 'NONE',  ( -3.749992964849198085, 1.582550057698988821, 2.109999999999999876 ) ) ;
#2408 = EDGE_CURVE ( 'NONE', #99, #3842, #1868, .T. ) ;
#2409 = LINE ( 'NONE', #4412, #5511 ) ;
#2410 = FILL_AREA_STYLE_COLOUR ( '', #6280 ) ;
#2411 = VERTEX_POINT ( 'NONE', #7848 ) ;
#2412 = VERTEX_POINT ( 'NONE', #5355 ) ;
#2413 = CARTESIAN_POINT ( 'NONE',  ( -4.594243124080021445, 0.3286215912326184152, -3.380000000000000338 ) ) ;
#2414 = EDGE_CURVE ( 'NONE', #2733, #3934, #6518, .T. ) ;
#2415 = CARTESIAN_POINT ( 'NONE',  ( 4.594243124080021445, 0.3286215912326184152, 0.8399999999999996358 ) ) ;
#2416 = ADVANCED_FACE ( 'NONE', ( #8541 ), #7982, .F. ) ;
#2417 = DIRECTION ( 'NONE',  ( -0.2710153738641577492, 0.9625750189617798824, -0.000000000000000000 ) ) ;
#2418 = PLANE ( 'NONE',  #3218 ) ;
#2419 = VERTEX_POINT ( 'NONE', #4882 ) ;
#2420 = ORIENTED_EDGE ( 'NONE', *, *, #6567, .T. ) ;
#2421 = EDGE_CURVE ( 'NONE', #1078, #2916, #2887, .T. ) ;
#2422 = VECTOR ( 'NONE', #5752, 1000.000000000000227 ) ;
#2423 = DIRECTION ( 'NONE',  ( 1.000000000000000000, 0.000000000000000000, 0.000000000000000000 ) ) ;
#2424 = ADVANCED_FACE ( 'NONE', ( #4790 ), #123, .T. ) ;
#2425 = DIRECTION ( 'NONE',  ( 0.000000000000000000, 0.000000000000000000, 1.000000000000000000 ) ) ;
#2426 = ORIENTED_EDGE ( 'NONE', *, *, #3657, .F. ) ;
#2427 = FACE_OUTER_BOUND ( 'NONE', #8421, .T. ) ;
#2428 = EDGE_LOOP ( 'NONE', ( #1403, #6016, #7820, #7780 ) ) ;
#2429 = DIRECTION ( 'NONE',  ( -0.000000000000000000, -0.000000000000000000, -1.000000000000000000 ) ) ;
#2430 = ORIENTED_EDGE ( 'NONE', *, *, #5291, .T. ) ;
#2431 = VECTOR ( 'NONE', #91, 1000.000000000000227 ) ;
#2432 = VECTOR ( 'NONE', #6858, 1000.000000000000227 ) ;
#2433 = ORIENTED_EDGE ( 'NONE', *, *, #316, .F. ) ;
#2434 = CARTESIAN_POINT ( 'NONE',  ( -3.108111041950427200, 2.499999999999999556, -4.869579648282763351 ) ) ;
#2435 = FACE_OUTER_BOUND ( 'NONE', #2750, .T. ) ;
#2436 = LINE ( 'NONE', #4399, #8270 ) ;
#2437 = CARTESIAN_POINT ( 'NONE',  ( -3.749992964849197641, 1.367449942301012022, -1.700000000000000622 ) ) ;
#2438 = ORIENTED_EDGE ( 'NONE', *, *, #7701, .T. ) ;
#2439 = AXIS2_PLACEMENT_3D ( 'NONE', #4849, #6106, #299 ) ;
#2440 = DIRECTION ( 'NONE',  ( 1.000000000000000000, 1.120120665500546074E-15, 0.000000000000000000 ) ) ;
#2441 = AXIS2_PLACEMENT_3D ( 'NONE', #3959, #7202, #6003 ) ;
#2442 = CARTESIAN_POINT ( 'NONE',  ( -3.943579639192182018, 1.292449942301011845, 2.109999999999999876 ) ) ;
#2443 = ADVANCED_FACE ( 'NONE', ( #2095 ), #1491, .F. ) ;
#2444 =( GEOMETRIC_REPRESENTATION_CONTEXT ( 3 ) GLOBAL_UNCERTAINTY_ASSIGNED_CONTEXT ( ( #2271 ) ) GLOBAL_UNIT_ASSIGNED_CONTEXT ( ( #3948, #1333, #3423 ) ) REPRESENTATION_CONTEXT ( 'NONE', 'WORKASPACE' ) );
#2445 = CIRCLE ( 'NONE', #1626, 0.07500000000000128786 ) ;
#2446 = ORIENTED_EDGE ( 'NONE', *, *, #3109, .F. ) ;
#2447 = CARTESIAN_POINT ( 'NONE',  ( -4.589011388549212533, 0.2538042874631317170, -3.380000000000000338 ) ) ;
#2448 = DIRECTION ( 'NONE',  ( 0.000000000000000000, 1.000000000000000000, 0.000000000000000000 ) ) ;
#2449 = LINE ( 'NONE', #1715, #3976 ) ;
#2450 = DIRECTION ( 'NONE',  ( 0.9975640502598241977, 0.06975647374412544122, 0.000000000000000000 ) ) ;
#2451 = COLOUR_RGB ( '',0.8000000000000000444, 0.8078431372549019773, 0.8000000000000000444 ) ;
#2452 = ORIENTED_EDGE ( 'NONE', *, *, #3861, .F. ) ;
#2453 = EDGE_CURVE ( 'NONE', #4529, #488, #6053, .T. ) ;
#2454 = EDGE_LOOP ( 'NONE', ( #6632, #2139, #1209, #7953, #2911, #2087, #8386, #2161, #4901, #7410, #4501, #45 ) ) ;
#2455 = ORIENTED_EDGE ( 'NONE', *, *, #1312, .F. ) ;
#2456 = LINE ( 'NONE', #3770, #7492 ) ;
#2457 = CIRCLE ( 'NONE', #6761, 0.07500000000000041356 ) ;
#2458 = DIRECTION ( 'NONE',  ( -0.06975647374412764778, 0.9975640502598241977, 0.000000000000000000 ) ) ;
#2459 = CARTESIAN_POINT ( 'NONE',  ( -3.943579639192182018, 1.582550057698989043, -1.700000000000000622 ) ) ;
#2460 = CARTESIAN_POINT ( 'NONE',  ( -5.150000000000000355, 0.2145761423277614266, -1.700000000000000622 ) ) ;
#2461 = LINE ( 'NONE', #5116, #7368 ) ;
#2462 = CIRCLE ( 'NONE', #7318, 0.07500000000000300870 ) ;
#2463 = ADVANCED_FACE ( 'NONE', ( #932 ), #8155, .T. ) ;
#2464 = ORIENTED_EDGE ( 'NONE', *, *, #6287, .F. ) ;
#2465 = ORIENTED_EDGE ( 'NONE', *, *, #4826, .F. ) ;
#2466 = LINE ( 'NONE', #7108, #2769 ) ;
#2467 = LINE ( 'NONE', #5001, #6626 ) ;
#2468 = VERTEX_POINT ( 'NONE', #4144 ) ;
#2469 = LINE ( 'NONE', #1022, #5766 ) ;
#2470 = EDGE_LOOP ( 'NONE', ( #3090, #7257, #3561, #1601 ) ) ;
#2471 = DIRECTION ( 'NONE',  ( -0.06975647374412764778, -0.9975640502598241977, 0.000000000000000000 ) ) ;
#2472 = ORIENTED_EDGE ( 'NONE', *, *, #2168, .T. ) ;
#2473 = EDGE_CURVE ( 'NONE', #6170, #2347, #6693, .T. ) ;
#2474 = EDGE_CURVE ( 'NONE', #1784, #6285, #2839, .T. ) ;
#2475 = AXIS2_PLACEMENT_3D ( 'NONE', #759, #670, #5339 ) ;
#2476 = VERTEX_POINT ( 'NONE', #2227 ) ;
#2477 = DIRECTION ( 'NONE',  ( 0.9625750189617818808, 0.2710153738641505328, -0.000000000000000000 ) ) ;
#2478 = CYLINDRICAL_SURFACE ( 'NONE', #7337, 0.07500000000000345279 ) ;
#2479 = CARTESIAN_POINT ( 'NONE',  ( 3.943579639192182018, 1.367449942301011800, 1.700000000000000178 ) ) ;
#2480 = DIRECTION ( 'NONE',  ( -0.000000000000000000, -0.000000000000000000, -1.000000000000000000 ) ) ;
#2481 = ORIENTED_EDGE ( 'NONE', *, *, #1730, .F. ) ;
#2482 = CARTESIAN_POINT ( 'NONE',  ( 3.749992964849197641, 1.367449942301012022, -2.110000000000000320 ) ) ;
#2483 = VECTOR ( 'NONE', #6389, 1000.000000000000000 ) ;
#2484 = VERTEX_POINT ( 'NONE', #2266 ) ;
#2485 = LINE ( 'NONE', #5138, #7985 ) ;
#2486 = EDGE_CURVE ( 'NONE', #7344, #5012, #1578, .T. ) ;
#2487 = AXIS2_PLACEMENT_3D ( 'NONE', #5683, #6323, #7578 ) ;
#2488 = EDGE_LOOP ( 'NONE', ( #5867, #704, #5656, #2725 ) ) ;
#2489 = LINE ( 'NONE', #3981, #2714 ) ;
#2490 = EDGE_CURVE ( 'NONE', #1472, #5161, #2755, .T. ) ;
#2491 = VECTOR ( 'NONE', #6574, 1000.000000000000000 ) ;
#2492 = DIRECTION ( 'NONE',  ( 0.2710153738641504773, 0.9625750189617817698, 0.000000000000000000 ) ) ;
#2493 = DIRECTION ( 'NONE',  ( 0.06975647374412545509, 0.9975640502598243087, -0.000000000000000000 ) ) ;
#2494 = AXIS2_PLACEMENT_3D ( 'NONE', #8106, #7295, #3401 ) ;
#2495 = ORIENTED_EDGE ( 'NONE', *, *, #4091, .F. ) ;
#2496 = MANIFOLD_SOLID_BREP ( 'LPattern1[1]', #161 ) ;
#2497 = EDGE_LOOP ( 'NONE', ( #7239, #1050, #2205, #812 ) ) ;
#2498 =( BOUNDED_CURVE ( )  B_SPLINE_CURVE ( 3, ( #880, #4912, #1475, #2917 ),
 .UNSPECIFIED., .F., .T. ) 
 B_SPLINE_CURVE_WITH_KNOTS ( ( 4, 4 ),
 ( 3.131907471921324237, 3.141592653589793116 ),
 .UNSPECIFIED. ) 
 CURVE ( )  GEOMETRIC_REPRESENTATION_ITEM ( )  RATIONAL_B_SPLINE_CURVE ( ( 1.000000000000000000, 0.9999921831199466427, 0.9999921831199466427, 1.000000000000000000 ) ) 
 REPRESENTATION_ITEM ( '' )  );
#2499 = DIRECTION ( 'NONE',  ( 0.06975647374412545509, 0.9975640502598243087, -0.000000000000000000 ) ) ;
#2500 = VECTOR ( 'NONE', #7619, 1000.000000000000000 ) ;
#2501 = CARTESIAN_POINT ( 'NONE',  ( 3.749992964849197641, 1.367449942301012022, 4.649999999999999467 ) ) ;
#2502 = PRESENTATION_STYLE_ASSIGNMENT (( #8433 ) ) ;
#2503 = LINE ( 'NONE', #530, #7570 ) ;
#2504 = ORIENTED_EDGE ( 'NONE', *, *, #8343, .F. ) ;
#2505 = ORIENTED_EDGE ( 'NONE', *, *, #7963, .F. ) ;
#2506 = SURFACE_STYLE_USAGE ( .BOTH. , #4556 ) ;
#2507 = VECTOR ( 'NONE', #1953, 1000.000000000000000 ) ;
#2508 = VERTEX_POINT ( 'NONE', #5494 ) ;
#2509 = ORIENTED_EDGE ( 'NONE', *, *, #6554, .F. ) ;
#2510 = AXIS2_PLACEMENT_3D ( 'NONE', #5142, #2539, #7775 ) ;
#2511 = LINE ( 'NONE', #1856, #3467 ) ;
#2512 = PLANE ( 'NONE',  #7037 ) ;
#2513 = VECTOR ( 'NONE', #4423, 1000.000000000000000 ) ;
#2514 = ORIENTED_EDGE ( 'NONE', *, *, #1750, .T. ) ;
#2515 = DIRECTION ( 'NONE',  ( 0.9625750189617818808, -0.2710153738641505328, 0.000000000000000000 ) ) ;
#2516 = EDGE_CURVE ( 'NONE', #6260, #3409, #3532, .T. ) ;
#2517 = EDGE_LOOP ( 'NONE', ( #8387, #6108, #3378, #2091 ) ) ;
#2518 = UNCERTAINTY_MEASURE_WITH_UNIT (LENGTH_MEASURE( 1.000000000000000082E-05 ), #3891, 'distance_accuracy_value', 'NONE');
#2519 = AXIS2_PLACEMENT_3D ( 'NONE', #6998, #2323, #5706 ) ;
#2520 = CARTESIAN_POINT ( 'NONE',  ( -4.315000000000000391, 0.2500000000000000000, -2.110000000000000320 ) ) ;
#2521 = VERTEX_POINT ( 'NONE', #6731 ) ;
#2522 = VERTEX_POINT ( 'NONE', #2182 ) ;
#2523 = DIRECTION ( 'NONE',  ( -1.120120665500548440E-15, -1.000000000000000000, 0.000000000000000000 ) ) ;
#2524 = PRESENTATION_LAYER_ASSIGNMENT (  '', '', ( #7777 ) ) ;
#2525 = DIRECTION ( 'NONE',  ( 0.000000000000000000, 0.000000000000000000, 1.000000000000000000 ) ) ;
#2526 = CARTESIAN_POINT ( 'NONE',  ( 5.150000000000000355, 0.2145761423277614266, -0.4300000000000007150 ) ) ;
#2527 = CARTESIAN_POINT ( 'NONE',  ( 4.594243124080021445, 0.3286215912326184152, 2.109999999999999876 ) ) ;
#2528 = EDGE_CURVE ( 'NONE', #7389, #7344, #245, .T. ) ;
#2529 = ORIENTED_EDGE ( 'NONE', *, *, #215, .F. ) ;
#2530 = CARTESIAN_POINT ( 'NONE',  ( -4.594243124080021445, 0.3286215912326184152, -4.240000000000001101 ) ) ;
#2531 = ADVANCED_FACE ( 'NONE', ( #3094 ), #978, .F. ) ;
#2532 = CARTESIAN_POINT ( 'NONE',  ( -3.600000000000000977, 1.367500000000028360, 5.150000000000000355 ) ) ;
#2533 = CIRCLE ( 'NONE', #4074, 0.07500000000000128786 ) ;
#2534 = CARTESIAN_POINT ( 'NONE',  ( 4.222822763272201740, 1.371071533533629649, -2.970000000000000639 ) ) ;
#2535 = ORIENTED_EDGE ( 'NONE', *, *, #8338, .T. ) ;
#2536 = EDGE_CURVE ( 'NONE', #538, #4320, #6905, .T. ) ;
#2537 = CARTESIAN_POINT ( 'NONE',  ( -4.574006762997095521, 0.03922814513537028341, 0.4299999999999998268 ) ) ;
#2538 = EDGE_CURVE ( 'NONE', #6096, #7714, #5079, .T. ) ;
#2539 = DIRECTION ( 'NONE',  ( 0.000000000000000000, 0.000000000000000000, 1.000000000000000000 ) ) ;
#2540 = CARTESIAN_POINT ( 'NONE',  ( -4.589011388549212533, 0.2538042874631317170, 2.969999999999999751 ) ) ;
#2541 = DIRECTION ( 'NONE',  ( -0.7071067811865474617, 0.7071067811865474617, 0.000000000000000000 ) ) ;
#2542 = ORIENTED_EDGE ( 'NONE', *, *, #3518, .F. ) ;
#2543 = VERTEX_POINT ( 'NONE', #5039 ) ;
#2544 = CARTESIAN_POINT ( 'NONE',  ( 3.943579639192182018, 1.367449942301011800, -2.970000000000000639 ) ) ;
#2545 = CARTESIAN_POINT ( 'NONE',  ( -3.943579639192182018, 1.367449942301011800, 0.8399999999999996358 ) ) ;
#2546 = DIRECTION ( 'NONE',  ( -2.016181479920678149E-15, 1.000000000000000000, 0.000000000000000000 ) ) ;
#2547 = ORIENTED_EDGE ( 'NONE', *, *, #5577, .T. ) ;
#2548 = ORIENTED_EDGE ( 'NONE', *, *, #6190, .F. ) ;
#2549 = LINE ( 'NONE', #7828, #52 ) ;
#2550 =( BOUNDED_CURVE ( )  B_SPLINE_CURVE ( 3, ( #2695, #6590, #3392, #5341 ),
 .UNSPECIFIED., .F., .T. ) 
 B_SPLINE_CURVE_WITH_KNOTS ( ( 4, 4 ),
 ( 2.365879671860818600, 3.917305635318776513 ),
 .UNSPECIFIED. ) 
 CURVE ( )  GEOMETRIC_REPRESENTATION_ITEM ( )  RATIONAL_B_SPLINE_CURVE ( ( 1.000000000000000000, 0.8092813118237099923, 0.8092813118237099923, 1.000000000000000000 ) ) 
 REPRESENTATION_ITEM ( '' )  );
#2551 = ADVANCED_FACE ( 'NONE', ( #3618 ), #7187, .F. ) ;
#2552 = ORIENTED_EDGE ( 'NONE', *, *, #7487, .T. ) ;
#2553 = VERTEX_POINT ( 'NONE', #1893 ) ;
#2554 = DIRECTION ( 'NONE',  ( -0.000000000000000000, -0.000000000000000000, -1.000000000000000000 ) ) ;
#2555 = FACE_OUTER_BOUND ( 'NONE', #5475, .T. ) ;
#2556 = MANIFOLD_SOLID_BREP ( 'LPattern1[13]', #8300 ) ;
#2557 = CARTESIAN_POINT ( 'NONE',  ( -3.749992964849197641, 1.367449942301012022, -1.700000000000000622 ) ) ;
#2558 = EDGE_LOOP ( 'NONE', ( #4483, #7324, #5146, #5130 ) ) ;
#2559 = FACE_OUTER_BOUND ( 'NONE', #2680, .T. ) ;
#2560 = ORIENTED_EDGE ( 'NONE', *, *, #8297, .T. ) ;
#2561 = DIRECTION ( 'NONE',  ( -0.000000000000000000, -0.000000000000000000, -1.000000000000000000 ) ) ;
#2562 = EDGE_LOOP ( 'NONE', ( #6417, #4861, #3878, #7757, #6091, #4587, #4775, #1899, #8490, #4517, #5171, #3944 ) ) ;
#2563 = VECTOR ( 'NONE', #6286, 1000.000000000000227 ) ;
#2564 = ORIENTED_EDGE ( 'NONE', *, *, #3263, .T. ) ;
#2565 = DIRECTION ( 'NONE',  ( -0.2710153738641504773, 0.9625750189617817698, 0.000000000000000000 ) ) ;
#2566 = EDGE_CURVE ( 'NONE', #6674, #205, #2971, .T. ) ;
#2567 = CARTESIAN_POINT ( 'NONE',  ( -3.469579648282762996, 0.4500000000000000111, 4.869579648282763351 ) ) ;
#2568 = DIRECTION ( 'NONE',  ( -0.000000000000000000, -0.000000000000000000, -1.000000000000000000 ) ) ;
#2569 = DIRECTION ( 'NONE',  ( -1.000000000000000000, 0.000000000000000000, 0.000000000000000000 ) ) ;
#2570 = AXIS2_PLACEMENT_3D ( 'NONE', #4496, #7127, #6484 ) ;
#2571 = ORIENTED_EDGE ( 'NONE', *, *, #4902, .F. ) ;
#2572 = CARTESIAN_POINT ( 'NONE',  ( -3.943579639192182018, 1.292449942301011845, 3.379999999999999449 ) ) ;
#2573 = DIRECTION ( 'NONE',  ( 0.000000000000000000, 0.000000000000000000, 1.000000000000000000 ) ) ;
#2574 = ORIENTED_EDGE ( 'NONE', *, *, #7131, .T. ) ;
#2575 = AXIS2_PLACEMENT_3D ( 'NONE', #3064, #2359, #3149 ) ;
#2576 = CARTESIAN_POINT ( 'NONE',  ( -4.222822763272206181, 1.371071533533628317, -3.380000000000000338 ) ) ;
#2577 = EDGE_CURVE ( 'NONE', #2009, #1826, #5738, .T. ) ;
#2578 = ADVANCED_FACE ( 'NONE', ( #3252 ), #8318, .T. ) ;
#2579 = ORIENTED_EDGE ( 'NONE', *, *, #3303, .F. ) ;
#2580 = VECTOR ( 'NONE', #474, 1000.000000000000000 ) ;
#2581 = DIRECTION ( 'NONE',  ( -1.000000000000000000, 0.000000000000000000, 0.000000000000000000 ) ) ;
#2582 = AXIS2_PLACEMENT_3D ( 'NONE', #5612, #8225, #6251 ) ;
#2583 = FILL_AREA_STYLE ('',( #4030 ) ) ;
#2584 = CARTESIAN_POINT ( 'NONE',  ( 3.601452754537961543, 1.582550057698988599, 5.149992964849197108 ) ) ;
#2585 = FACE_OUTER_BOUND ( 'NONE', #7901, .T. ) ;
#2586 = CARTESIAN_POINT ( 'NONE',  ( 3.749992964849197641, 1.367449942301012022, 0.8399999999999996358 ) ) ;
#2587 = EDGE_LOOP ( 'NONE', ( #1837, #4646, #6793, #260, #8156, #7516, #808, #1869 ) ) ;
#2588 = AXIS2_PLACEMENT_3D ( 'NONE', #5463, #8077, #2147 ) ;
#2589 = CIRCLE ( 'NONE', #5780, 0.2901001153979760883 ) ;
#2590 = MANIFOLD_SOLID_BREP ( 'LPattern1[6]', #1930 ) ;
#2591 = ORIENTED_EDGE ( 'NONE', *, *, #3602, .T. ) ;
#2592 = LINE ( 'NONE', #7439, #1765 ) ;
#2593 = MECHANICAL_DESIGN_GEOMETRIC_PRESENTATION_REPRESENTATION (  '', ( #7160 ), #7022 ) ;
#2594 = CARTESIAN_POINT ( 'NONE',  ( -3.750000000000001332, 1.367500000000027693, -5.000484260976134188 ) ) ;
#2595 = FILL_AREA_STYLE ('',( #8515 ) ) ;
#2596 = ORIENTED_EDGE ( 'NONE', *, *, #6974, .T. ) ;
#2597 = VECTOR ( 'NONE', #5938, 1000.000000000000000 ) ;
#2598 = DIRECTION ( 'NONE',  ( -1.000000000000000000, 0.000000000000000000, 0.000000000000000000 ) ) ;
#2599 = PLANE ( 'NONE',  #7832 ) ;
#2600 = DIRECTION ( 'NONE',  ( -0.000000000000000000, -0.000000000000000000, -1.000000000000000000 ) ) ;
#2601 = ORIENTED_EDGE ( 'NONE', *, *, #4206, .T. ) ;
#2602 = ORIENTED_EDGE ( 'NONE', *, *, #3193, .T. ) ;
#2603 = VECTOR ( 'NONE', #4317, 1000.000000000000114 ) ;
#2604 = LINE ( 'NONE', #8442, #5681 ) ;
#2605 = DIRECTION ( 'NONE',  ( -0.000000000000000000, -0.000000000000000000, -1.000000000000000000 ) ) ;
#2606 = EDGE_CURVE ( 'NONE', #4759, #3023, #468, .T. ) ;
#2607 = DIRECTION ( 'NONE',  ( -0.000000000000000000, -0.000000000000000000, -1.000000000000000000 ) ) ;
#2608 = ORIENTED_EDGE ( 'NONE', *, *, #2190, .F. ) ;
#2609 = FACE_OUTER_BOUND ( 'NONE', #414, .T. ) ;
#2610 = AXIS2_PLACEMENT_3D ( 'NONE', #329, #6257, #5617 ) ;
#2611 = CARTESIAN_POINT ( 'NONE',  ( -4.222822763272207958, 1.371071533533628761, 0.4299999999999998268 ) ) ;
#2612 = ORIENTED_EDGE ( 'NONE', *, *, #4644, .T. ) ;
#2613 = ORIENTED_EDGE ( 'NONE', *, *, #1476, .T. ) ;
#2614 = CARTESIAN_POINT ( 'NONE',  ( -4.522049997657885179, 0.3082954381928062482, 4.649999999999999467 ) ) ;
#2615 = CARTESIAN_POINT ( 'NONE',  ( 3.943579639192182018, 1.367449942301011800, 4.649999999999999467 ) ) ;
#2616 = DIRECTION ( 'NONE',  ( -2.016181479920678149E-15, 1.000000000000000000, 0.000000000000000000 ) ) ;
#2617 = CARTESIAN_POINT ( 'NONE',  ( 3.943579639192182018, 1.367449942301011800, 3.379999999999999449 ) ) ;
#2618 = ORIENTED_EDGE ( 'NONE', *, *, #6026, .T. ) ;
#2619 = CARTESIAN_POINT ( 'NONE',  ( 3.385851378539205925, -0.1457575954409237318, -4.785851378539208056 ) ) ;
#2620 = LINE ( 'NONE', #5276, #3909 ) ;
#2621 = AXIS2_PLACEMENT_3D ( 'NONE', #5735, #4559, #5773 ) ;
#2622 = DIRECTION ( 'NONE',  ( -0.2710153738641504773, -0.9625750189617817698, 0.000000000000000000 ) ) ;
#2623 = DIRECTION ( 'NONE',  ( 0.000000000000000000, 0.000000000000000000, 1.000000000000000000 ) ) ;
#2624 = AXIS2_PLACEMENT_3D ( 'NONE', #4152, #6182, #4719 ) ;
#2625 = CARTESIAN_POINT ( 'NONE',  ( -3.749154974055158629, 1.361487327977495276, -5.087973030627476412 ) ) ;
#2626 = CARTESIAN_POINT ( 'NONE',  ( 4.589011388549212533, 0.2538042874631317170, 0.8399999999999996358 ) ) ;
#2627 = DIRECTION ( 'NONE',  ( 0.06975647374412763391, 0.9975640502598240866, -0.000000000000000000 ) ) ;
#2628 = DIRECTION ( 'NONE',  ( 1.000000000000000000, 0.000000000000000000, -0.000000000000000000 ) ) ;
#2629 = EDGE_CURVE ( 'NONE', #4475, #6713, #2774, .T. ) ;
#2630 = ORIENTED_EDGE ( 'NONE', *, *, #3459, .T. ) ;
#2631 = CLOSED_SHELL ( 'NONE', ( #4916, #1572, #7763, #4837, #444, #8131, #5997, #4447, #2929, #1239, #2368, #6168, #7779, #1589 ) ) ;
#2632 = VERTEX_POINT ( 'NONE', #657 ) ;
#2633 = LINE ( 'NONE', #5288, #5932 ) ;
#2634 = VECTOR ( 'NONE', #1447, 1000.000000000000114 ) ;
#2635 = DIRECTION ( 'NONE',  ( 1.000000000000000000, 1.120120665500546074E-15, 0.000000000000000000 ) ) ;
#2636 = SURFACE_STYLE_FILL_AREA ( #1465 ) ;
#2637 = ORIENTED_EDGE ( 'NONE', *, *, #1110, .F. ) ;
#2638 = ADVANCED_FACE ( 'NONE', ( #8004 ), #4120, .F. ) ;
#2639 = DIRECTION ( 'NONE',  ( -1.000000000000000000, 0.000000000000000000, 0.000000000000000000 ) ) ;
#2640 = ADVANCED_FACE ( 'NONE', ( #7273 ), #7958, .F. ) ;
#2641 = ORIENTED_EDGE ( 'NONE', *, *, #223, .T. ) ;
#2642 = ORIENTED_EDGE ( 'NONE', *, *, #1647, .F. ) ;
#2643 =( NAMED_UNIT ( * ) SI_UNIT ( $, .STERADIAN. ) SOLID_ANGLE_UNIT ( ) );
#2644 = ORIENTED_EDGE ( 'NONE', *, *, #5934, .F. ) ;
#2645 = VERTEX_POINT ( 'NONE', #2818 ) ;
#2646 = AXIS2_PLACEMENT_3D ( 'NONE', #1764, #8389, #5805 ) ;
#2647 = LINE ( 'NONE', #1474, #1097 ) ;
#2648 = EDGE_CURVE ( 'NONE', #8327, #8436, #5426, .T. ) ;
#2649 = PLANE ( 'NONE',  #6215 ) ;
#2650 = EDGE_CURVE ( 'NONE', #3276, #7468, #4688, .T. ) ;
#2651 = CARTESIAN_POINT ( 'NONE',  ( 3.749154974055155520, 1.588512672022515781, -5.087973030627475524 ) ) ;
#2652 = ORIENTED_EDGE ( 'NONE', *, *, #8369, .F. ) ;
#2653 = FACE_OUTER_BOUND ( 'NONE', #3813, .T. ) ;
#2654 = CIRCLE ( 'NONE', #6259, 0.07500000000000128786 ) ;
#2655 = DIRECTION ( 'NONE',  ( 0.9975640502598241977, 0.06975647374412764778, -0.000000000000000000 ) ) ;
#2656 = EDGE_LOOP ( 'NONE', ( #3117, #6596, #1955, #5223 ) ) ;
#2657 = ORIENTED_EDGE ( 'NONE', *, *, #5530, .T. ) ;
#2658 = CARTESIAN_POINT ( 'NONE',  ( -3.750000000000000888, 1.367500000000028360, 5.000000000000000000 ) ) ;
#2659 = ADVANCED_FACE ( 'NONE', ( #7868 ), #7231, .T. ) ;
#2660 = VECTOR ( 'NONE', #7454, 1000.000000000000000 ) ;
#2661 = CARTESIAN_POINT ( 'NONE',  ( -3.943579639192182018, 1.367449942301015131, -0.4300000000000007150 ) ) ;
#2662 = CARTESIAN_POINT ( 'NONE',  ( 5.150000000000000355, 0.2145761423277614266, 0.8399999999999996358 ) ) ;
#2663 = DIRECTION ( 'NONE',  ( -1.000000000000000000, 0.000000000000000000, 0.000000000000000000 ) ) ;
#2664 = AXIS2_PLACEMENT_3D ( 'NONE', #4904, #870, #6750 ) ;
#2665 = ORIENTED_EDGE ( 'NONE', *, *, #770, .F. ) ;
#2666 = FACE_OUTER_BOUND ( 'NONE', #5343, .T. ) ;
#2667 = VERTEX_POINT ( 'NONE', #3296 ) ;
#2668 = ORIENTED_EDGE ( 'NONE', *, *, #7772, .T. ) ;
#2669 = LINE ( 'NONE', #777, #2313 ) ;
#2670 = CARTESIAN_POINT ( 'NONE',  ( -3.469579648282763440, 0.4500000000000000111, 4.869579648282762463 ) ) ;
#2671 = VECTOR ( 'NONE', #3394, 1000.000000000000000 ) ;
#2672 = DIRECTION ( 'NONE',  ( -1.000000000000000000, 1.120120665500548440E-15, 0.000000000000000000 ) ) ;
#2673 = DIRECTION ( 'NONE',  ( -0.1378445374916254795, 0.9808148484639900300, -0.1378445374916255073 ) ) ;
#2674 = CYLINDRICAL_SURFACE ( 'NONE', #6670, 0.1499999999999999667 ) ;
#2675 = FACE_OUTER_BOUND ( 'NONE', #3620, .T. ) ;
#2676 = STYLED_ITEM ( 'NONE', ( #2502 ), #8213 ) ;
#2677 = LINE ( 'NONE', #6023, #2085 ) ;
#2678 = VERTEX_POINT ( 'NONE', #5380 ) ;
#2679 = MANIFOLD_SOLID_BREP ( 'LPattern1[11]', #8277 ) ;
#2680 = EDGE_LOOP ( 'NONE', ( #7418, #5646, #2080, #1042 ) ) ;
#2681 = EDGE_CURVE ( 'NONE', #6366, #3118, #2118, .T. ) ;
#2682 = CARTESIAN_POINT ( 'NONE',  ( 4.315000000000000391, 0.2500000000000000000, 3.379999999999999449 ) ) ;
#2683 = CARTESIAN_POINT ( 'NONE',  ( 3.943579639192182018, 1.292449942301011845, -1.700000000000000622 ) ) ;
#2684 = CARTESIAN_POINT ( 'NONE',  ( -3.750000000000000888, 1.582499999999972928, 5.000000000000000000 ) ) ;
#2685 = DIRECTION ( 'NONE',  ( 0.06975647374412530244, -0.9975640502598243087, 0.000000000000000000 ) ) ;
#2686 = EDGE_LOOP ( 'NONE', ( #5293, #4567, #7646, #1334 ) ) ;
#2687 = ORIENTED_EDGE ( 'NONE', *, *, #760, .F. ) ;
#2688 = VERTEX_POINT ( 'NONE', #6628 ) ;
#2689 = FILL_AREA_STYLE ('',( #4598 ) ) ;
#2690 = ORIENTED_EDGE ( 'NONE', *, *, #8034, .T. ) ;
#2691 = VERTEX_POINT ( 'NONE', #6751 ) ;
#2692 = EDGE_CURVE ( 'NONE', #7023, #8049, #6028, .T. ) ;
#2693 = EDGE_CURVE ( 'NONE', #7498, #4425, #2072, .T. ) ;
#2694 = CARTESIAN_POINT ( 'NONE',  ( 4.589011388549212533, 0.2538042874631317170, 4.649999999999999467 ) ) ;
#2695 = CARTESIAN_POINT ( 'NONE',  ( 3.749992964849195864, 1.367449942301012022, -5.001452754537961454 ) ) ;
#2696 = CARTESIAN_POINT ( 'NONE',  ( 3.943579639192182018, 1.292449942301011845, -4.650000000000000355 ) ) ;
#2697 = ORIENTED_EDGE ( 'NONE', *, *, #6287, .T. ) ;
#2698 = CARTESIAN_POINT ( 'NONE',  ( -3.749992964849197641, 1.367449942301012022, -4.240000000000001101 ) ) ;
#2699 = ORIENTED_EDGE ( 'NONE', *, *, #2577, .T. ) ;
#2700 = CARTESIAN_POINT ( 'NONE',  ( -4.589011388549212533, 0.2538042874631317170, -4.240000000000001101 ) ) ;
#2701 = ORIENTED_EDGE ( 'NONE', *, *, #3226, .F. ) ;
#2702 = ADVANCED_FACE ( 'NONE', ( #3471 ), #911, .F. ) ;
#2703 = VERTEX_POINT ( 'NONE', #1037 ) ;
#2704 = DIRECTION ( 'NONE',  ( -0.9975640502598241977, -0.06975647374412528856, 0.000000000000000000 ) ) ;
#2705 = DIRECTION ( 'NONE',  ( 0.2710153738641504773, -0.9625750189617817698, -0.000000000000000000 ) ) ;
#2706 = DIRECTION ( 'NONE',  ( -0.1378445374916253130, -0.9808148484639900300, 0.1378445374916253130 ) ) ;
#2707 = ORIENTED_EDGE ( 'NONE', *, *, #3079, .T. ) ;
#2708 = CARTESIAN_POINT ( 'NONE',  ( 4.574006762997095521, 0.03922814513537039444, 0.4299999999999998268 ) ) ;
#2709 = ORIENTED_EDGE ( 'NONE', *, *, #2762, .F. ) ;
#2710 = EDGE_LOOP ( 'NONE', ( #5818, #3237, #5810, #2081 ) ) ;
#2711 = CARTESIAN_POINT ( 'NONE',  ( 4.522049997657887843, 0.3082954381928066367, -2.110000000000000320 ) ) ;
#2712 = CIRCLE ( 'NONE', #93, 0.2901001153979760883 ) ;
#2713 = CARTESIAN_POINT ( 'NONE',  ( -3.749992964849198085, 1.582550057698988821, 1.700000000000000178 ) ) ;
#2714 = VECTOR ( 'NONE', #7218, 1000.000000000000000 ) ;
#2715 = DIRECTION ( 'NONE',  ( 0.000000000000000000, 0.000000000000000000, 1.000000000000000000 ) ) ;
#2716 = DIRECTION ( 'NONE',  ( -0.000000000000000000, -0.000000000000000000, -1.000000000000000000 ) ) ;
#2717 = LINE ( 'NONE', #3245, #7141 ) ;
#2718 = AXIS2_PLACEMENT_3D ( 'NONE', #814, #210, #2973 ) ;
#2719 = EDGE_CURVE ( 'NONE', #3495, #3204, #6158, .T. ) ;
#2720 = DIRECTION ( 'NONE',  ( 0.000000000000000000, 0.000000000000000000, 1.000000000000000000 ) ) ;
#2721 = ORIENTED_EDGE ( 'NONE', *, *, #2414, .F. ) ;
#2722 = CIRCLE ( 'NONE', #511, 0.07500000000000041356 ) ;
#2723 = AXIS2_PLACEMENT_3D ( 'NONE', #6723, #840, #4831 ) ;
#2724 = MANIFOLD_SOLID_BREP ( 'Boss-Extrude2[1]', #5963 ) ;
#2725 = ORIENTED_EDGE ( 'NONE', *, *, #8083, .T. ) ;
#2726 = CARTESIAN_POINT ( 'NONE',  ( 4.574006762997095521, 0.03922814513537039444, -4.240000000000001101 ) ) ;
#2727 = CARTESIAN_POINT ( 'NONE',  ( -3.943579639192182018, 1.367449942301015131, 0.8399999999999996358 ) ) ;
#2728 =( NAMED_UNIT ( * ) PLANE_ANGLE_UNIT ( ) SI_UNIT ( $, .RADIAN. ) );
#2729 = VECTOR ( 'NONE', #859, 1000.000000000000000 ) ;
#2730 = CARTESIAN_POINT ( 'NONE',  ( -3.600000000000000977, 1.367500000000028360, -5.150000000000000355 ) ) ;
#2731 = VECTOR ( 'NONE', #6074, 1000.000000000000227 ) ;
#2732 = EDGE_LOOP ( 'NONE', ( #621, #3704, #311, #713 ) ) ;
#2733 = VERTEX_POINT ( 'NONE', #4905 ) ;
#2734 = ORIENTED_EDGE ( 'NONE', *, *, #7648, .T. ) ;
#2735 = FILL_AREA_STYLE ('',( #4863 ) ) ;
#2736 = ADVANCED_FACE ( 'NONE', ( #6195 ), #7491, .T. ) ;
#2737 = EDGE_LOOP ( 'NONE', ( #3206, #7594, #7061, #6835 ) ) ;
#2738 = EDGE_LOOP ( 'NONE', ( #2187, #3725, #7399, #2787 ) ) ;
#2739 = STYLED_ITEM ( 'NONE', ( #450 ), #2556 ) ;
#2740 = VECTOR ( 'NONE', #817, 1000.000000000000000 ) ;
#2741 = DIRECTION ( 'NONE',  ( -0.000000000000000000, 1.000000000000000000, -0.000000000000000000 ) ) ;
#2742 = CIRCLE ( 'NONE', #7697, 0.07500000000000041356 ) ;
#2743 = DIRECTION ( 'NONE',  ( -0.000000000000000000, -0.000000000000000000, -1.000000000000000000 ) ) ;
#2744 = CARTESIAN_POINT ( 'NONE',  ( -4.594243124080021445, 0.3286215912326184152, -0.4300000000000007150 ) ) ;
#2745 = ORIENTED_EDGE ( 'NONE', *, *, #2151, .T. ) ;
#2746 = CYLINDRICAL_SURFACE ( 'NONE', #7010, 0.2901001153979760883 ) ;
#2747 = ORIENTED_EDGE ( 'NONE', *, *, #1640, .T. ) ;
#2748 = DIRECTION ( 'NONE',  ( 0.000000000000000000, 0.000000000000000000, 1.000000000000000000 ) ) ;
#2749 = EDGE_CURVE ( 'NONE', #7736, #120, #389, .T. ) ;
#2750 = EDGE_LOOP ( 'NONE', ( #7878, #4944, #3889, #7488 ) ) ;
#2751 = CIRCLE ( 'NONE', #6072, 0.2901001153979786418 ) ;
#2752 = VERTEX_POINT ( 'NONE', #7609 ) ;
#2753 = DIRECTION ( 'NONE',  ( -0.000000000000000000, 1.000000000000000000, -0.000000000000000000 ) ) ;
#2754 = DIRECTION ( 'NONE',  ( -0.000000000000000000, -0.000000000000000000, -1.000000000000000000 ) ) ;
#2755 = LINE ( 'NONE', #7386, #4397 ) ;
#2756 = VECTOR ( 'NONE', #7512, 1000.000000000000000 ) ;
#2757 = ORIENTED_EDGE ( 'NONE', *, *, #6256, .T. ) ;
#2758 = CARTESIAN_POINT ( 'NONE',  ( 4.574006762997095521, 0.03922814513537039444, 2.109999999999999876 ) ) ;
#2759 = ORIENTED_EDGE ( 'NONE', *, *, #1378, .T. ) ;
#2760 = EDGE_CURVE ( 'NONE', #7547, #1623, #4686, .T. ) ;
#2761 = CARTESIAN_POINT ( 'NONE',  ( -3.943579639192182018, 1.367449942301011800, 4.649999999999999467 ) ) ;
#2762 = EDGE_CURVE ( 'NONE', #5887, #4772, #6237, .T. ) ;
#2763 = DIRECTION ( 'NONE',  ( 2.016181479920678149E-15, -1.000000000000000000, 0.000000000000000000 ) ) ;
#2764 = DIRECTION ( 'NONE',  ( 0.06975647374412763391, -0.9975640502598240866, 0.000000000000000000 ) ) ;
#2765 = LINE ( 'NONE', #4930, #2312 ) ;
#2766 = CARTESIAN_POINT ( 'NONE',  ( -4.222822763272207958, 1.371071533533628761, 3.379999999999999449 ) ) ;
#2767 = DIRECTION ( 'NONE',  ( 0.1378445374916253130, -0.9808148484639900300, -0.1378445374916253130 ) ) ;
#2768 = ADVANCED_FACE ( 'NONE', ( #2952 ), #2909, .F. ) ;
#2769 = VECTOR ( 'NONE', #6418, 1000.000000000000000 ) ;
#2770 = MANIFOLD_SOLID_BREP ( 'LPattern1[7]', #2631 ) ;
#2771 = ORIENTED_EDGE ( 'NONE', *, *, #6758, .F. ) ;
#2772 = ADVANCED_FACE ( 'NONE', ( #3720 ), #2988, .F. ) ;
#2773 = PLANE ( 'NONE',  #528 ) ;
#2774 = LINE ( 'NONE', #5331, #5084 ) ;
#2775 =( NAMED_UNIT ( * ) SI_UNIT ( $, .STERADIAN. ) SOLID_ANGLE_UNIT ( ) );
#2776 = LINE ( 'NONE', #5675, #7017 ) ;
#2777 = EDGE_LOOP ( 'NONE', ( #457, #3753, #3091, #3703 ) ) ;
#2778 = CLOSED_SHELL ( 'NONE', ( #4602, #3487, #5099, #6720, #8024, #1183, #6888, #8512, #1770, #6180, #2130, #603, #4604, #5802 ) ) ;
#2779 = EDGE_LOOP ( 'NONE', ( #1351, #933, #5359, #2049 ) ) ;
#2780 = AXIS2_PLACEMENT_3D ( 'NONE', #8330, #4927, #253 ) ;
#2781 = FACE_OUTER_BOUND ( 'NONE', #6123, .T. ) ;
#2782 = DIRECTION ( 'NONE',  ( 0.000000000000000000, 0.1391731009600622737, -0.9902680687415706950 ) ) ;
#2783 = DIRECTION ( 'NONE',  ( 1.000000000000000000, -1.120120665500546074E-15, -0.000000000000000000 ) ) ;
#2784 = CARTESIAN_POINT ( 'NONE',  ( -4.594243124080021445, 0.3286215912326184152, 2.109999999999999876 ) ) ;
#2785 = ORIENTED_EDGE ( 'NONE', *, *, #750, .F. ) ;
#2786 = PLANE ( 'NONE',  #1070 ) ;
#2787 = ORIENTED_EDGE ( 'NONE', *, *, #5414, .T. ) ;
#2788 = DIRECTION ( 'NONE',  ( -1.000000000000000000, 0.000000000000000000, 0.000000000000000000 ) ) ;
#2789 = ORIENTED_EDGE ( 'NONE', *, *, #4669, .T. ) ;
#2790 = VERTEX_POINT ( 'NONE', #1076 ) ;
#2791 = FACE_OUTER_BOUND ( 'NONE', #4096, .T. ) ;
#2792 =( BOUNDED_CURVE ( )  B_SPLINE_CURVE ( 3, ( #8506, #5187, #8467, #2584 ),
 .UNSPECIFIED., .F., .F. ) 
 B_SPLINE_CURVE_WITH_KNOTS ( ( 4, 4 ),
 ( 3.141592653589793116, 3.151277835258268212 ),
 .UNSPECIFIED. ) 
 CURVE ( )  GEOMETRIC_REPRESENTATION_ITEM ( )  RATIONAL_B_SPLINE_CURVE ( ( 1.000000000000000000, 0.9999921831199466427, 0.9999921831199466427, 1.000000000000000000 ) ) 
 REPRESENTATION_ITEM ( '' )  );
#2793 = DIRECTION ( 'NONE',  ( -0.000000000000000000, -0.000000000000000000, -1.000000000000000000 ) ) ;
#2794 = EDGE_CURVE ( 'NONE', #6490, #6230, #1186, .T. ) ;
#2795 = CARTESIAN_POINT ( 'NONE',  ( 5.134995374447882455, 0.000000000000000000, 4.240000000000000213 ) ) ;
#2796 = VECTOR ( 'NONE', #8142, 1000.000000000000000 ) ;
#2797 = ORIENTED_EDGE ( 'NONE', *, *, #1205, .F. ) ;
#2798 = DIRECTION ( 'NONE',  ( 2.891205793294678228E-15, 1.000000000000000000, 0.000000000000000000 ) ) ;
#2799 = ORIENTED_EDGE ( 'NONE', *, *, #7416, .T. ) ;
#2800 = ORIENTED_EDGE ( 'NONE', *, *, #6110, .F. ) ;
#2801 = DIRECTION ( 'NONE',  ( 1.120120665500546074E-15, 1.000000000000000000, -0.000000000000000000 ) ) ;
#2802 = AXIS2_PLACEMENT_3D ( 'NONE', #5741, #2429, #1861 ) ;
#2803 = CYLINDRICAL_SURFACE ( 'NONE', #5559, 0.1499999999999999667 ) ;
#2804 = EDGE_CURVE ( 'NONE', #205, #6965, #2722, .T. ) ;
#2805 = AXIS2_PLACEMENT_3D ( 'NONE', #5235, #7906, #742 ) ;
#2806 = CARTESIAN_POINT ( 'NONE',  ( 4.522049997657887843, 0.3082954381928066367, 2.109999999999999876 ) ) ;
#2807 = EDGE_CURVE ( 'NONE', #4010, #641, #5058, .T. ) ;
#2808 = CARTESIAN_POINT ( 'NONE',  ( 5.134995374447882455, 0.000000000000000000, 0.4299999999999998268 ) ) ;
#2809 = CYLINDRICAL_SURFACE ( 'NONE', #7764, 0.07500000000000300870 ) ;
#2810 = ORIENTED_EDGE ( 'NONE', *, *, #2053, .T. ) ;
#2811 = PLANE ( 'NONE',  #1470 ) ;
#2812 =( GEOMETRIC_REPRESENTATION_CONTEXT ( 3 ) GLOBAL_UNCERTAINTY_ASSIGNED_CONTEXT ( ( #1666 ) ) GLOBAL_UNIT_ASSIGNED_CONTEXT ( ( #6498, #3258, #2643 ) ) REPRESENTATION_CONTEXT ( 'NONE', 'WORKASPACE' ) );
#2813 = VECTOR ( 'NONE', #2280, 1000.000000000000000 ) ;
#2814 = EDGE_CURVE ( 'NONE', #2132, #471, #5755, .T. ) ;
#2815 = EDGE_LOOP ( 'NONE', ( #3897, #1846, #8323, #2596 ) ) ;
#2816 = EDGE_CURVE ( 'NONE', #6755, #8489, #2449, .T. ) ;
#2817 = LINE ( 'NONE', #6157, #8325 ) ;
#2818 = CARTESIAN_POINT ( 'NONE',  ( -4.222822763272206181, 1.371071533533628317, 3.379999999999999449 ) ) ;
#2819 = DIRECTION ( 'NONE',  ( -1.000000000000000000, 0.000000000000000000, 0.000000000000000000 ) ) ;
#2820 = CARTESIAN_POINT ( 'NONE',  ( 3.687973030627474724, 1.361487327977487949, 5.149154974055157652 ) ) ;
#2821 = EDGE_LOOP ( 'NONE', ( #2099, #6885, #3911, #4287 ) ) ;
#2822 = ORIENTED_EDGE ( 'NONE', *, *, #7166, .F. ) ;
#2823 = CARTESIAN_POINT ( 'NONE',  ( 3.749992964849198085, 1.582550057698988821, -2.110000000000000320 ) ) ;
#2824 = AXIS2_PLACEMENT_3D ( 'NONE', #4458, #3076, #3722 ) ;
#2825 = CARTESIAN_POINT ( 'NONE',  ( 4.222822763272201740, 1.371071533533629649, -4.650000000000000355 ) ) ;
#2826 = ORIENTED_EDGE ( 'NONE', *, *, #6102, .T. ) ;
#2827 = EDGE_LOOP ( 'NONE', ( #7146, #2180, #7226, #7765, #3765, #3151, #3918, #5156, #3872, #1031, #5286, #5495 ) ) ;
#2828 = FACE_OUTER_BOUND ( 'NONE', #3352, .T. ) ;
#2829 = CARTESIAN_POINT ( 'NONE',  ( -3.108111041950426312, 2.649999999999999911, -4.869579648282763351 ) ) ;
#2830 = DIRECTION ( 'NONE',  ( 0.000000000000000000, -0.1391731009600622737, 0.9902680687415706950 ) ) ;
#2831 = CARTESIAN_POINT ( 'NONE',  ( 3.943579639192182018, 1.367449942301011800, 4.649999999999999467 ) ) ;
#2832 = EDGE_LOOP ( 'NONE', ( #7381, #202, #4511, #4209, #1021, #5072, #4949, #7842, #877, #7555, #3465, #2464 ) ) ;
#2833 = CARTESIAN_POINT ( 'NONE',  ( -5.150000000000000355, 0.2145761423277614266, -0.4300000000000007150 ) ) ;
#2834 = EDGE_CURVE ( 'NONE', #6903, #7120, #3031, .T. ) ;
#2835 = FACE_OUTER_BOUND ( 'NONE', #5952, .T. ) ;
#2836 = ORIENTED_EDGE ( 'NONE', *, *, #8362, .T. ) ;
#2837 = FACE_OUTER_BOUND ( 'NONE', #3828, .T. ) ;
#2838 = CARTESIAN_POINT ( 'NONE',  ( -3.750000000000000888, 1.367500000000028360, 5.150000000000000355 ) ) ;
#2839 = LINE ( 'NONE', #2795, #7977 ) ;
#2840 = ORIENTED_EDGE ( 'NONE', *, *, #6277, .F. ) ;
#2841 = PLANE ( 'NONE',  #4515 ) ;
#2842 = EDGE_LOOP ( 'NONE', ( #3324, #831, #1433, #4415 ) ) ;
#2843 = ORIENTED_EDGE ( 'NONE', *, *, #7606, .F. ) ;
#2844 = CARTESIAN_POINT ( 'NONE',  ( 5.150000000000000355, 0.2145761423277614266, -0.8400000000000005240 ) ) ;
#2845 = ADVANCED_FACE ( 'NONE', ( #3113 ), #1153, .F. ) ;
#2846 =( BOUNDED_CURVE ( )  B_SPLINE_CURVE ( 3, ( #1411, #5357, #1228, #3971 ),
 .UNSPECIFIED., .F., .T. ) 
 B_SPLINE_CURVE_WITH_KNOTS ( ( 4, 4 ),
 ( 3.131907471921324237, 3.141592653589787343 ),
 .UNSPECIFIED. ) 
 CURVE ( )  GEOMETRIC_REPRESENTATION_ITEM ( )  RATIONAL_B_SPLINE_CURVE ( ( 1.000000000000000000, 0.9999921831199466427, 0.9999921831199466427, 1.000000000000000000 ) ) 
 REPRESENTATION_ITEM ( '' )  );
#2847 = CARTESIAN_POINT ( 'NONE',  ( -3.600000000000000977, -12.74127152210484937, 5.000000000000000000 ) ) ;
#2848 = CARTESIAN_POINT ( 'NONE',  ( -5.150000000000000355, 0.2145761423277614266, 4.649999999999999467 ) ) ;
#2849 = LINE ( 'NONE', #4234, #3307 ) ;
#2850 = DIRECTION ( 'NONE',  ( -0.000000000000000000, -0.000000000000000000, -1.000000000000000000 ) ) ;
#2851 = CARTESIAN_POINT ( 'NONE',  ( 3.749992964849198085, 1.582550057698988821, 0.4299999999999998268 ) ) ;
#2852 = ORIENTED_EDGE ( 'NONE', *, *, #3656, .F. ) ;
#2853 = DIRECTION ( 'NONE',  ( -0.000000000000000000, -0.000000000000000000, -1.000000000000000000 ) ) ;
#2854 = VERTEX_POINT ( 'NONE', #433 ) ;
#2855 = EDGE_CURVE ( 'NONE', #2678, #2632, #3074, .T. ) ;
#2856 = EDGE_CURVE ( 'NONE', #4820, #6024, #3829, .T. ) ;
#2857 = AXIS2_PLACEMENT_3D ( 'NONE', #2370, #5230, #7856 ) ;
#2858 = ORIENTED_EDGE ( 'NONE', *, *, #4936, .F. ) ;
#2859 = CARTESIAN_POINT ( 'NONE',  ( 0.000000000000000000, 0.2999999999999999889, -4.999972658955196714 ) ) ;
#2860 = CARTESIAN_POINT ( 'NONE',  ( 3.469579648282761219, 0.4499999999999999556, 4.869579648282763351 ) ) ;
#2861 = DIRECTION ( 'NONE',  ( -0.000000000000000000, -0.000000000000000000, -1.000000000000000000 ) ) ;
#2862 = ADVANCED_FACE ( 'NONE', ( #3893 ), #3159, .F. ) ;
#2863 = ORIENTED_EDGE ( 'NONE', *, *, #3577, .F. ) ;
#2864 = ADVANCED_FACE ( 'NONE', ( #7050 ), #5679, .F. ) ;
#2865 = DIRECTION ( 'NONE',  ( 0.000000000000000000, 5.782411586589358822E-15, 1.000000000000000000 ) ) ;
#2866 = CIRCLE ( 'NONE', #108, 0.07500000000000041356 ) ;
#2867 = VECTOR ( 'NONE', #7172, 1000.000000000000000 ) ;
#2868 = CARTESIAN_POINT ( 'NONE',  ( 4.222822763272201740, 1.371071533533629649, 3.379999999999999449 ) ) ;
#2869 = CARTESIAN_POINT ( 'NONE',  ( 4.222822763272201740, 1.371071533533629649, 2.109999999999999876 ) ) ;
#2870 = ORIENTED_EDGE ( 'NONE', *, *, #7369, .T. ) ;
#2871 = DIRECTION ( 'NONE',  ( 0.000000000000000000, -5.782411586589358822E-15, 1.000000000000000000 ) ) ;
#2872 = LINE ( 'NONE', #4088, #2096 ) ;
#2873 = VECTOR ( 'NONE', #2767, 1000.000000000000000 ) ;
#2874 = CYLINDRICAL_SURFACE ( 'NONE', #1760, 0.07500000000000128786 ) ;
#2875 = CIRCLE ( 'NONE', #4523, 0.07500000000000300870 ) ;
#2876 = CARTESIAN_POINT ( 'NONE',  ( 5.134995374447882455, 0.000000000000000000, 2.969999999999999751 ) ) ;
#2877 = CARTESIAN_POINT ( 'NONE',  ( 3.943579639192182018, 1.292449942301011845, -2.970000000000000639 ) ) ;
#2878 = EDGE_CURVE ( 'NONE', #5274, #7430, #2866, .T. ) ;
#2879 = FACE_OUTER_BOUND ( 'NONE', #5246, .T. ) ;
#2880 = VECTOR ( 'NONE', #5504, 1000.000000000000000 ) ;
#2881 = AXIS2_PLACEMENT_3D ( 'NONE', #5986, #2685, #4469 ) ;
#2882 = ORIENTED_EDGE ( 'NONE', *, *, #5837, .F. ) ;
#2883 = AXIS2_PLACEMENT_3D ( 'NONE', #4773, #955, #910 ) ;
#2884 = CARTESIAN_POINT ( 'NONE',  ( 4.315000000000000391, 0.2500000000000000000, 4.649999999999999467 ) ) ;
#2885 = EDGE_CURVE ( 'NONE', #429, #4125, #7732, .T. ) ;
#2886 = DIRECTION ( 'NONE',  ( 1.000000000000000000, -2.016181479920678149E-15, 0.000000000000000000 ) ) ;
#2887 = LINE ( 'NONE', #4756, #2178 ) ;
#2888 = ORIENTED_EDGE ( 'NONE', *, *, #6019, .F. ) ;
#2889 =( GEOMETRIC_REPRESENTATION_CONTEXT ( 3 ) GLOBAL_UNCERTAINTY_ASSIGNED_CONTEXT ( ( #6508 ) ) GLOBAL_UNIT_ASSIGNED_CONTEXT ( ( #5579, #3405, #208 ) ) REPRESENTATION_CONTEXT ( 'NONE', 'WORKASPACE' ) );
#2890 = CARTESIAN_POINT ( 'NONE',  ( -4.574006762997095521, 0.03922814513537028341, -3.380000000000000338 ) ) ;
#2891 = ORIENTED_EDGE ( 'NONE', *, *, #5031, .T. ) ;
#2892 = VECTOR ( 'NONE', #3728, 1000.000000000000000 ) ;
#2893 = ORIENTED_EDGE ( 'NONE', *, *, #3849, .T. ) ;
#2894 = UNCERTAINTY_MEASURE_WITH_UNIT (LENGTH_MEASURE( 1.000000000000000082E-05 ), #7139, 'distance_accuracy_value', 'NONE');
#2895 = CARTESIAN_POINT ( 'NONE',  ( -3.749992964849198085, 1.582550057698988821, 2.109999999999999876 ) ) ;
#2896 = CARTESIAN_POINT ( 'NONE',  ( 5.150000000000000355, 0.2145761423277614266, -0.8400000000000005240 ) ) ;
#2897 = VECTOR ( 'NONE', #900, 1000.000000000000227 ) ;
#2898 = LINE ( 'NONE', #4765, #4107 ) ;
#2899 = DIRECTION ( 'NONE',  ( -0.9902680687415701399, 0.1391731009600661872, 0.000000000000000000 ) ) ;
#2900 = LINE ( 'NONE', #8123, #1752 ) ;
#2901 = CARTESIAN_POINT ( 'NONE',  ( -4.315000000000000391, 0.2499999999999998890, 3.379999999999999449 ) ) ;
#2902 = ORIENTED_EDGE ( 'NONE', *, *, #11, .F. ) ;
#2903 = PLANE ( 'NONE',  #2169 ) ;
#2904 = AXIS2_PLACEMENT_3D ( 'NONE', #6984, #407, #3047 ) ;
#2905 = ORIENTED_EDGE ( 'NONE', *, *, #6577, .F. ) ;
#2906 = VERTEX_POINT ( 'NONE', #1881 ) ;
#2907 = LINE ( 'NONE', #5557, #1007 ) ;
#2908 = EDGE_CURVE ( 'NONE', #2070, #141, #5021, .T. ) ;
#2909 = PLANE ( 'NONE',  #951 ) ;
#2910 = DIRECTION ( 'NONE',  ( -0.000000000000000000, -0.000000000000000000, -1.000000000000000000 ) ) ;
#2911 = ORIENTED_EDGE ( 'NONE', *, *, #336, .F. ) ;
#2912 = ORIENTED_EDGE ( 'NONE', *, *, #5348, .T. ) ;
#2913 = CIRCLE ( 'NONE', #6232, 0.2901001153979764768 ) ;
#2914 = LINE ( 'NONE', #3643, #2563 ) ;
#2915 = DIRECTION ( 'NONE',  ( -0.000000000000000000, -0.000000000000000000, -1.000000000000000000 ) ) ;
#2916 = VERTEX_POINT ( 'NONE', #8342 ) ;
#2917 = CARTESIAN_POINT ( 'NONE',  ( 3.599999999999999201, 1.582499999999972928, -5.150000000000000355 ) ) ;
#2918 = EDGE_CURVE ( 'NONE', #1492, #4015, #2409, .T. ) ;
#2919 = DIRECTION ( 'NONE',  ( -0.000000000000000000, -0.000000000000000000, -1.000000000000000000 ) ) ;
#2920 = EDGE_CURVE ( 'NONE', #5561, #2667, #3762, .T. ) ;
#2921 = CIRCLE ( 'NONE', #6923, 0.07500000000000041356 ) ;
#2922 = CARTESIAN_POINT ( 'NONE',  ( 4.315000000000000391, 0.2500000000000000000, 4.649999999999999467 ) ) ;
#2923 = DIRECTION ( 'NONE',  ( -0.9975640502598241977, 0.06975647374412528856, -0.000000000000000000 ) ) ;
#2924 = DIRECTION ( 'NONE',  ( 0.000000000000000000, 1.000000000000000000, 0.000000000000000000 ) ) ;
#2925 = VECTOR ( 'NONE', #7435, 1000.000000000000227 ) ;
#2926 = VERTEX_POINT ( 'NONE', #7907 ) ;
#2927 = CARTESIAN_POINT ( 'NONE',  ( 3.943579639192182018, 1.367449942301011800, 4.240000000000000213 ) ) ;
#2928 = EDGE_CURVE ( 'NONE', #794, #6285, #2717, .T. ) ;
#2929 = ADVANCED_FACE ( 'NONE', ( #699 ), #5372, .F. ) ;
#2930 = VECTOR ( 'NONE', #2450, 1000.000000000000227 ) ;
#2931 = CARTESIAN_POINT ( 'NONE',  ( -4.315000000000000391, 0.2499999999999998890, -4.650000000000000355 ) ) ;
#2932 = DIRECTION ( 'NONE',  ( 0.000000000000000000, 0.000000000000000000, 1.000000000000000000 ) ) ;
#2933 = EDGE_LOOP ( 'NONE', ( #8358, #6469, #7910, #2430, #1555, #8520, #1237, #1514, #7571, #5118, #8329, #7475 ) ) ;
#2934 = LINE ( 'NONE', #4147, #5353 ) ;
#2935 = ORIENTED_EDGE ( 'NONE', *, *, #1330, .F. ) ;
#2936 = ORIENTED_EDGE ( 'NONE', *, *, #5336, .F. ) ;
#2937 = DIRECTION ( 'NONE',  ( -0.000000000000000000, -0.000000000000000000, -1.000000000000000000 ) ) ;
#2938 = EDGE_CURVE ( 'NONE', #5059, #973, #6065, .T. ) ;
#2939 = CARTESIAN_POINT ( 'NONE',  ( -3.943579639192182018, 1.292449942301011845, -4.650000000000000355 ) ) ;
#2940 = VECTOR ( 'NONE', #6661, 1000.000000000000000 ) ;
#2941 = DIRECTION ( 'NONE',  ( -0.000000000000000000, -0.000000000000000000, -1.000000000000000000 ) ) ;
#2942 = CARTESIAN_POINT ( 'NONE',  ( 3.749992964849198085, 1.582550057698988821, 0.8399999999999996358 ) ) ;
#2943 = CARTESIAN_POINT ( 'NONE',  ( 4.589011388549212533, 0.2538042874631317170, -4.240000000000001101 ) ) ;
#2944 = CARTESIAN_POINT ( 'NONE',  ( 5.134995374447882455, 0.000000000000000000, -2.110000000000000320 ) ) ;
#2945 = ORIENTED_EDGE ( 'NONE', *, *, #961, .T. ) ;
#2946 = PLANE ( 'NONE',  #8116 ) ;
#2947 = ADVANCED_FACE ( 'NONE', ( #743 ), #5884, .T. ) ;
#2948 = VECTOR ( 'NONE', #7352, 1000.000000000000000 ) ;
#2949 = ORIENTED_EDGE ( 'NONE', *, *, #5164, .F. ) ;
#2950 = AXIS2_PLACEMENT_3D ( 'NONE', #3387, #4002, #5297 ) ;
#2951 = FACE_OUTER_BOUND ( 'NONE', #6599, .T. ) ;
#2952 = FACE_OUTER_BOUND ( 'NONE', #3662, .T. ) ;
#2953 = CIRCLE ( 'NONE', #7770, 0.07500000000000300870 ) ;
#2954 = CARTESIAN_POINT ( 'NONE',  ( 4.315000000000000391, 0.2500000000000000000, -2.970000000000000639 ) ) ;
#2955 = VERTEX_POINT ( 'NONE', #1975 ) ;
#2956 = DIRECTION ( 'NONE',  ( 0.000000000000000000, 1.000000000000000000, 0.000000000000000000 ) ) ;
#2957 = EDGE_CURVE ( 'NONE', #4136, #5942, #7997, .T. ) ;
#2958 = DIRECTION ( 'NONE',  ( 1.000000000000000000, 0.000000000000000000, 0.000000000000000000 ) ) ;
#2959 = COLOUR_RGB ( '',0.8000000000000000444, 0.8078431372549019773, 0.8000000000000000444 ) ;
#2960 = LINE ( 'NONE', #5483, #8175 ) ;
#2961 = CARTESIAN_POINT ( 'NONE',  ( 3.943579639192182018, 1.292449942301011845, 3.379999999999999449 ) ) ;
#2962 = PLANE ( 'NONE',  #6679 ) ;
#2963 = CARTESIAN_POINT ( 'NONE',  ( -3.749992964849197641, 1.367449942301012022, -0.8400000000000005240 ) ) ;
#2964 = STYLED_ITEM ( 'NONE', ( #3115 ), #8409 ) ;
#2965 = DIRECTION ( 'NONE',  ( -0.000000000000000000, -0.000000000000000000, -1.000000000000000000 ) ) ;
#2966 = EDGE_CURVE ( 'NONE', #6234, #2691, #4807, .T. ) ;
#2967 = EDGE_CURVE ( 'NONE', #3204, #8293, #1282, .T. ) ;
#2968 = ORIENTED_EDGE ( 'NONE', *, *, #682, .T. ) ;
#2969 = DIRECTION ( 'NONE',  ( -0.9975640502598241977, 0.06975647374412528856, -0.000000000000000000 ) ) ;
#2970 = PLANE ( 'NONE',  #693 ) ;
#2971 = LINE ( 'NONE', #8233, #4130 ) ;
#2972 = VERTEX_POINT ( 'NONE', #2066 ) ;
#2973 = DIRECTION ( 'NONE',  ( -1.000000000000000000, 0.000000000000000000, 0.000000000000000000 ) ) ;
#2974 = ORIENTED_EDGE ( 'NONE', *, *, #7031, .F. ) ;
#2976 = EDGE_CURVE ( 'NONE', #3920, #2926, #5236, .T. ) ;
#2975 = CARTESIAN_POINT ( 'NONE',  ( 4.315000000000000391, 0.2500000000000000000, 0.8399999999999996358 ) ) ;
#2977 = LINE ( 'NONE', #7597, #7739 ) ;
#2978 = CARTESIAN_POINT ( 'NONE',  ( 4.522049997657887843, 0.3082954381928066367, -0.4300000000000007150 ) ) ;
#2979 = DIRECTION ( 'NONE',  ( -0.9975640502598241977, -0.06975647374412528856, 0.000000000000000000 ) ) ;
#2980 = CARTESIAN_POINT ( 'NONE',  ( 5.150000000000000355, 0.2145761423277614266, 3.379999999999999449 ) ) ;
#2981 = DIRECTION ( 'NONE',  ( 0.06975647374412763391, 0.9975640502598240866, -0.000000000000000000 ) ) ;
#2982 = EDGE_LOOP ( 'NONE', ( #815, #7110, #4714, #4183 ) ) ;
#2983 = DIRECTION ( 'NONE',  ( -0.000000000000000000, -0.000000000000000000, -1.000000000000000000 ) ) ;
#2984 = DIRECTION ( 'NONE',  ( -0.000000000000000000, -0.000000000000000000, -1.000000000000000000 ) ) ;
#2985 = ORIENTED_EDGE ( 'NONE', *, *, #5433, .F. ) ;
#2986 = EDGE_CURVE ( 'NONE', #3228, #6221, #5419, .T. ) ;
#2987 = LINE ( 'NONE', #7731, #5585 ) ;
#2988 = CYLINDRICAL_SURFACE ( 'NONE', #3139, 0.07500000000000041356 ) ;
#2989 =( LENGTH_UNIT ( ) NAMED_UNIT ( * ) SI_UNIT ( .MILLI., .METRE. ) );
#2990 = ORIENTED_EDGE ( 'NONE', *, *, #1415, .T. ) ;
#2991 = AXIS2_PLACEMENT_3D ( 'NONE', #8220, #2253, #4212 ) ;
#2992 = DIRECTION ( 'NONE',  ( 1.000000000000000000, 0.000000000000000000, 0.000000000000000000 ) ) ;
#2993 = ORIENTED_EDGE ( 'NONE', *, *, #824, .F. ) ;
#2994 = ORIENTED_EDGE ( 'NONE', *, *, #4826, .T. ) ;
#2995 = CARTESIAN_POINT ( 'NONE',  ( 5.134995374447882455, 0.000000000000000000, 0.8399999999999996358 ) ) ;
#2996 = VECTOR ( 'NONE', #5415, 1000.000000000000000 ) ;
#2997 = LINE ( 'NONE', #4375, #2186 ) ;
#2998 = CARTESIAN_POINT ( 'NONE',  ( -4.594243124080021445, 0.3286215912326184152, -2.970000000000000639 ) ) ;
#2999 = CARTESIAN_POINT ( 'NONE',  ( 4.222822763272201740, 1.371071533533629649, -0.8400000000000005240 ) ) ;
#3000 = ADVANCED_FACE ( 'NONE', ( #2585 ), #782, .T. ) ;
#3001 = AXIS2_PLACEMENT_3D ( 'NONE', #6141, #4923, #2798 ) ;
#3002 = CYLINDRICAL_SURFACE ( 'NONE', #5850, 0.07500000000000345279 ) ;
#3003 = ORIENTED_EDGE ( 'NONE', *, *, #6563, .T. ) ;
#3004 = DIRECTION ( 'NONE',  ( -0.9975640502598241977, 0.06975647374412528856, -0.000000000000000000 ) ) ;
#3005 = CIRCLE ( 'NONE', #7824, 0.2901001153979760883 ) ;
#3006 = DIRECTION ( 'NONE',  ( -0.000000000000000000, -0.000000000000000000, -1.000000000000000000 ) ) ;
#3007 =( NAMED_UNIT ( * ) SI_UNIT ( $, .STERADIAN. ) SOLID_ANGLE_UNIT ( ) );
#3008 = ORIENTED_EDGE ( 'NONE', *, *, #7358, .T. ) ;
#3009 = LINE ( 'NONE', #4964, #8107 ) ;
#3010 = EDGE_CURVE ( 'NONE', #8480, #4655, #1342, .T. ) ;
#3011 = VERTEX_POINT ( 'NONE', #1376 ) ;
#3012 = PLANE ( 'NONE',  #315 ) ;
#3013 = VECTOR ( 'NONE', #2850, 1000.000000000000000 ) ;
#3014 = VECTOR ( 'NONE', #5893, 1000.000000000000000 ) ;
#3015 = DIRECTION ( 'NONE',  ( -1.000000000000000000, 0.000000000000000000, 0.000000000000000000 ) ) ;
#3016 =( GEOMETRIC_REPRESENTATION_CONTEXT ( 3 ) GLOBAL_UNCERTAINTY_ASSIGNED_CONTEXT ( ( #3826 ) ) GLOBAL_UNIT_ASSIGNED_CONTEXT ( ( #4307, #364, #3007 ) ) REPRESENTATION_CONTEXT ( 'NONE', 'WORKASPACE' ) );
#3017 = DIRECTION ( 'NONE',  ( -1.000000000000000000, -1.120120665500548440E-15, -0.000000000000000000 ) ) ;
#3018 = DIRECTION ( 'NONE',  ( 0.1378445374916305866, 0.9808148484639891418, 0.1378445374916265065 ) ) ;
#3019 = CARTESIAN_POINT ( 'NONE',  ( -3.108111041950426312, 2.500000000000000000, 0.000000000000000000 ) ) ;
#3020 = AXIS2_PLACEMENT_3D ( 'NONE', #5330, #4039, #612 ) ;
#3021 = ADVANCED_FACE ( 'NONE', ( #2675 ), #5325, .T. ) ;
#3022 = DIRECTION ( 'NONE',  ( -2.016181479920678149E-15, 1.000000000000000000, 0.000000000000000000 ) ) ;
#3023 = VERTEX_POINT ( 'NONE', #1323 ) ;
#3024 = DIRECTION ( 'NONE',  ( 1.000000000000000000, -1.120120665500548440E-15, 0.000000000000000000 ) ) ;
#3025 = EDGE_CURVE ( 'NONE', #7468, #8178, #1927, .T. ) ;
#3026 = CARTESIAN_POINT ( 'NONE',  ( 4.315000000000000391, 0.2500000000000000000, -4.240000000000001101 ) ) ;
#3027 = CIRCLE ( 'NONE', #1501, 0.07500000000000300870 ) ;
#3028 = ORIENTED_EDGE ( 'NONE', *, *, #5576, .T. ) ;
#3029 = EDGE_CURVE ( 'NONE', #8199, #2752, #139, .T. ) ;
#3030 = DIRECTION ( 'NONE',  ( -2.016181479920678149E-15, 1.000000000000000000, 0.000000000000000000 ) ) ;
#3031 = LINE ( 'NONE', #5798, #4522 ) ;
#3032 = CIRCLE ( 'NONE', #2610, 0.2901001153979786418 ) ;
#3033 = SURFACE_SIDE_STYLE ('',( #5800 ) ) ;
#3034 = ORIENTED_EDGE ( 'NONE', *, *, #8258, .F. ) ;
#3035 = ADVANCED_FACE ( 'NONE', ( #6619 ), #2109, .F. ) ;
#3036 = DIRECTION ( 'NONE',  ( 0.000000000000000000, 0.000000000000000000, 1.000000000000000000 ) ) ;
#3037 = LINE ( 'NONE', #1719, #1241 ) ;
#3038 = DIRECTION ( 'NONE',  ( -1.000000000000000000, 0.000000000000000000, 0.000000000000000000 ) ) ;
#3039 = CARTESIAN_POINT ( 'NONE',  ( 3.943579639192182018, 1.582550057698989043, -4.240000000000001101 ) ) ;
#3040 = CARTESIAN_POINT ( 'NONE',  ( 4.315000000000000391, 0.2500000000000000000, 4.240000000000000213 ) ) ;
#3041 = DIRECTION ( 'NONE',  ( -0.000000000000000000, -0.000000000000000000, -1.000000000000000000 ) ) ;
#3042 = VECTOR ( 'NONE', #4087, 1000.000000000000000 ) ;
#3043 = CARTESIAN_POINT ( 'NONE',  ( -2.636643502869150169, 2.600000000000000089, -4.669579648282762285 ) ) ;
#3044 = ORIENTED_EDGE ( 'NONE', *, *, #6927, .T. ) ;
#3045 = DIRECTION ( 'NONE',  ( -0.000000000000000000, -0.000000000000000000, -1.000000000000000000 ) ) ;
#3046 = VECTOR ( 'NONE', #6560, 1000.000000000000000 ) ;
#3047 = DIRECTION ( 'NONE',  ( -0.2710153738641504773, 0.9625750189617817698, 0.000000000000000000 ) ) ;
#3048 = PRESENTATION_STYLE_ASSIGNMENT (( #4962 ) ) ;
#3049 = ORIENTED_EDGE ( 'NONE', *, *, #316, .T. ) ;
#3050 = DIRECTION ( 'NONE',  ( -1.000000000000000000, 0.000000000000000000, -5.782411586589358033E-15 ) ) ;
#3051 = ORIENTED_EDGE ( 'NONE', *, *, #7525, .T. ) ;
#3052 = ORIENTED_EDGE ( 'NONE', *, *, #3518, .T. ) ;
#3053 = DIRECTION ( 'NONE',  ( -0.9975640502598241977, 0.06975647374412764778, 0.000000000000000000 ) ) ;
#3054 = VERTEX_POINT ( 'NONE', #7314 ) ;
#3055 = ORIENTED_EDGE ( 'NONE', *, *, #7405, .T. ) ;
#3056 = DIRECTION ( 'NONE',  ( 1.000000000000000000, 1.120120665500546074E-15, 0.000000000000000000 ) ) ;
#3057 = ADVANCED_FACE ( 'NONE', ( #3375 ), #2903, .F. ) ;
#3058 = AXIS2_PLACEMENT_3D ( 'NONE', #5589, #7036, #3015 ) ;
#3059 = CARTESIAN_POINT ( 'NONE',  ( 3.749992964849198085, 1.582550057698988821, 3.379999999999999449 ) ) ;
#3060 = CARTESIAN_POINT ( 'NONE',  ( 4.574006762997095521, 0.03922814513537039444, 2.969999999999999751 ) ) ;
#3061 = DIRECTION ( 'NONE',  ( -0.000000000000000000, -0.000000000000000000, -1.000000000000000000 ) ) ;
#3062 = CARTESIAN_POINT ( 'NONE',  ( 3.359249815416414542, 3.285037552252936699, -4.759249815416414897 ) ) ;
#3063 = ORIENTED_EDGE ( 'NONE', *, *, #1838, .F. ) ;
#3064 = CARTESIAN_POINT ( 'NONE',  ( 3.943579639192182018, 1.367449942301011800, -1.700000000000000622 ) ) ;
#3065 = AXIS2_PLACEMENT_3D ( 'NONE', #7952, #1882, #5373 ) ;
#3066 = DIRECTION ( 'NONE',  ( -0.9975640502598241977, 0.06975647374412764778, 0.000000000000000000 ) ) ;
#3067 =( GEOMETRIC_REPRESENTATION_CONTEXT ( 3 ) GLOBAL_UNCERTAINTY_ASSIGNED_CONTEXT ( ( #2518 ) ) GLOBAL_UNIT_ASSIGNED_CONTEXT ( ( #3891, #602, #5369 ) ) REPRESENTATION_CONTEXT ( 'NONE', 'WORKASPACE' ) );
#3068 = EDGE_CURVE ( 'NONE', #5338, #3533, #6872, .T. ) ;
#3069 = EDGE_CURVE ( 'NONE', #3277, #3204, #7567, .T. ) ;
#3070 = ORIENTED_EDGE ( 'NONE', *, *, #2807, .T. ) ;
#3071 = CARTESIAN_POINT ( 'NONE',  ( -3.943579639192182018, 1.367449942301015131, -2.970000000000000639 ) ) ;
#3072 =( BOUNDED_CURVE ( )  B_SPLINE_CURVE ( 3, ( #2140, #167, #6261, #4269 ),
 .UNSPECIFIED., .F., .T. ) 
 B_SPLINE_CURVE_WITH_KNOTS ( ( 4, 4 ),
 ( 3.131907471921318020, 3.141592653589793116 ),
 .UNSPECIFIED. ) 
 CURVE ( )  GEOMETRIC_REPRESENTATION_ITEM ( )  RATIONAL_B_SPLINE_CURVE ( ( 1.000000000000000000, 0.9999921831199466427, 0.9999921831199466427, 1.000000000000000000 ) ) 
 REPRESENTATION_ITEM ( '' )  );
#3073 = DIRECTION ( 'NONE',  ( -0.000000000000000000, -0.000000000000000000, -1.000000000000000000 ) ) ;
#3074 = LINE ( 'NONE', #557, #242 ) ;
#3075 = AXIS2_PLACEMENT_3D ( 'NONE', #2128, #7541, #4824 ) ;
#3076 = DIRECTION ( 'NONE',  ( -0.000000000000000000, -0.000000000000000000, -1.000000000000000000 ) ) ;
#3077 = ORIENTED_EDGE ( 'NONE', *, *, #6440, .T. ) ;
#3078 = EDGE_CURVE ( 'NONE', #4481, #5748, #929, .T. ) ;
#3079 = EDGE_CURVE ( 'NONE', #5250, #1179, #3632, .T. ) ;
#3080 = ORIENTED_EDGE ( 'NONE', *, *, #2157, .F. ) ;
#3081 = ORIENTED_EDGE ( 'NONE', *, *, #940, .T. ) ;
#3082 = VECTOR ( 'NONE', #4653, 1000.000000000000000 ) ;
#3083 = DIRECTION ( 'NONE',  ( -0.9975640502598241977, -0.06975647374412544122, 0.000000000000000000 ) ) ;
#3084 = VECTOR ( 'NONE', #3030, 1000.000000000000000 ) ;
#3085 = CARTESIAN_POINT ( 'NONE',  ( -3.618119858593998650, 0.4291240348559907103, 4.869579648282763351 ) ) ;
#3086 =( LENGTH_UNIT ( ) NAMED_UNIT ( * ) SI_UNIT ( .MILLI., .METRE. ) );
#3087 = DIRECTION ( 'NONE',  ( 0.9975640502598241977, -0.06975647374412544122, -0.000000000000000000 ) ) ;
#3088 = CARTESIAN_POINT ( 'NONE',  ( -3.170243076306391572, 2.649999999999999911, -5.150000000000000355 ) ) ;
#3089 = AXIS2_PLACEMENT_3D ( 'NONE', #8248, #8334, #8484 ) ;
#3090 = ORIENTED_EDGE ( 'NONE', *, *, #168, .T. ) ;
#3091 = ORIENTED_EDGE ( 'NONE', *, *, #5251, .F. ) ;
#3092 = CARTESIAN_POINT ( 'NONE',  ( -4.015772765614322282, 1.312776095340825622, 3.379999999999999449 ) ) ;
#3093 = PLANE ( 'NONE',  #8405 ) ;
#3094 = FACE_OUTER_BOUND ( 'NONE', #8531, .T. ) ;
#3095 = EDGE_CURVE ( 'NONE', #8234, #2733, #6320, .T. ) ;
#3096 = PRESENTATION_LAYER_ASSIGNMENT (  '', '', ( #7099 ) ) ;
#3097 = VERTEX_POINT ( 'NONE', #1551 ) ;
#3098 = DIRECTION ( 'NONE',  ( -1.000000000000000000, 0.000000000000000000, 0.000000000000000000 ) ) ;
#3099 = FACE_OUTER_BOUND ( 'NONE', #1251, .T. ) ;
#3100 = EDGE_LOOP ( 'NONE', ( #6973, #1344, #1109, #5605 ) ) ;
#3101 = VERTEX_POINT ( 'NONE', #6791 ) ;
#3102 = FACE_OUTER_BOUND ( 'NONE', #5820, .T. ) ;
#3103 = CARTESIAN_POINT ( 'NONE',  ( -4.222822763272206181, 1.371071533533628317, 4.240000000000000213 ) ) ;
#3104 = PLANE ( 'NONE',  #7170 ) ;
#3105 = LINE ( 'NONE', #1672, #3700 ) ;
#3106 = ORIENTED_EDGE ( 'NONE', *, *, #2093, .T. ) ;
#3107 = DIRECTION ( 'NONE',  ( -1.000000000000000000, 0.000000000000000000, 0.000000000000000000 ) ) ;
#3108 = DIRECTION ( 'NONE',  ( -0.9625750189617818808, 0.2710153738641505328, 0.000000000000000000 ) ) ;
#3109 = EDGE_CURVE ( 'NONE', #4529, #3444, #6275, .T. ) ;
#3110 = VERTEX_POINT ( 'NONE', #905 ) ;
#3111 = FACE_OUTER_BOUND ( 'NONE', #1173, .T. ) ;
#3112 = FACE_OUTER_BOUND ( 'NONE', #3945, .T. ) ;
#3113 = FACE_OUTER_BOUND ( 'NONE', #3253, .T. ) ;
#3114 = ADVANCED_FACE ( 'NONE', ( #261 ), #5596, .F. ) ;
#3115 = PRESENTATION_STYLE_ASSIGNMENT (( #7094 ) ) ;
#3116 = EDGE_CURVE ( 'NONE', #6221, #5641, #7528, .T. ) ;
#3117 = ORIENTED_EDGE ( 'NONE', *, *, #5364, .T. ) ;
#3118 = VERTEX_POINT ( 'NONE', #5633 ) ;
#3119 = ORIENTED_EDGE ( 'NONE', *, *, #5762, .F. ) ;
#3120 = DIRECTION ( 'NONE',  ( -0.06975647374412545509, 0.9975640502598243087, 0.000000000000000000 ) ) ;
#3121 = FACE_OUTER_BOUND ( 'NONE', #4707, .T. ) ;
#3122 = EDGE_CURVE ( 'NONE', #4241, #1158, #3005, .T. ) ;
#3123 = CARTESIAN_POINT ( 'NONE',  ( -3.749992964849198085, 1.582550057698988821, -2.110000000000000320 ) ) ;
#3124 = EDGE_CURVE ( 'NONE', #7784, #4481, #7486, .T. ) ;
#3125 = DIRECTION ( 'NONE',  ( -0.000000000000000000, -0.000000000000000000, -1.000000000000000000 ) ) ;
#3126 = ORIENTED_EDGE ( 'NONE', *, *, #3698, .T. ) ;
#3127 = EDGE_LOOP ( 'NONE', ( #180, #936, #2054, #5358 ) ) ;
#3128 = CIRCLE ( 'NONE', #6726, 0.2901001153979760883 ) ;
#3129 = CARTESIAN_POINT ( 'NONE',  ( -3.943579639192182018, 1.292449942301011845, 2.969999999999999751 ) ) ;
#3130 = DIRECTION ( 'NONE',  ( -2.016181479920678149E-15, -1.000000000000000000, -0.000000000000000000 ) ) ;
#3131 = CIRCLE ( 'NONE', #3687, 0.1499999999999998002 ) ;
#3132 = EDGE_CURVE ( 'NONE', #5110, #3515, #2282, .T. ) ;
#3133 = ORIENTED_EDGE ( 'NONE', *, *, #7690, .F. ) ;
#3134 = ORIENTED_EDGE ( 'NONE', *, *, #5396, .T. ) ;
#3135 = DIRECTION ( 'NONE',  ( -1.000000000000000000, -1.120120665500548440E-15, -0.000000000000000000 ) ) ;
#3136 = ORIENTED_EDGE ( 'NONE', *, *, #8504, .T. ) ;
#3137 = CARTESIAN_POINT ( 'NONE',  ( -3.749992964849198085, 1.582550057698988821, -2.110000000000000320 ) ) ;
#3138 = ORIENTED_EDGE ( 'NONE', *, *, #2378, .T. ) ;
#3139 = AXIS2_PLACEMENT_3D ( 'NONE', #5188, #6486, #6527 ) ;
#3140 = VECTOR ( 'NONE', #5395, 1000.000000000000114 ) ;
#3141 = ORIENTED_EDGE ( 'NONE', *, *, #4379, .T. ) ;
#3142 = PLANE ( 'NONE',  #434 ) ;
#3143 = EDGE_CURVE ( 'NONE', #2854, #4311, #5908, .T. ) ;
#3144 = DIRECTION ( 'NONE',  ( 1.000000000000000000, 0.000000000000000000, 0.000000000000000000 ) ) ;
#3145 = LINE ( 'NONE', #7721, #4544 ) ;
#3146 = DIRECTION ( 'NONE',  ( -0.000000000000000000, -0.000000000000000000, -1.000000000000000000 ) ) ;
#3147 = EDGE_LOOP ( 'NONE', ( #7875, #5604, #3213, #6575, #1665, #2328, #1221, #8092, #7509, #7182, #3744, #4102 ) ) ;
#3148 = VECTOR ( 'NONE', #6775, 1000.000000000000000 ) ;
#3149 = DIRECTION ( 'NONE',  ( -1.000000000000000000, 1.120120665500546074E-15, 0.000000000000000000 ) ) ;
#3150 = VECTOR ( 'NONE', #4376, 1000.000000000000000 ) ;
#3151 = ORIENTED_EDGE ( 'NONE', *, *, #7862, .F. ) ;
#3152 = LINE ( 'NONE', #5792, #520 ) ;
#3153 = STYLED_ITEM ( 'NONE', ( #6706 ), #2679 ) ;
#3154 = VECTOR ( 'NONE', #98, 1000.000000000000227 ) ;
#3155 = ORIENTED_EDGE ( 'NONE', *, *, #5588, .F. ) ;
#3156 = VECTOR ( 'NONE', #3208, 1000.000000000000000 ) ;
#3157 = LINE ( 'NONE', #7810, #1058 ) ;
#3158 = CARTESIAN_POINT ( 'NONE',  ( -3.749992964849198085, 1.582550057698988821, 4.649999999999999467 ) ) ;
#3159 = PLANE ( 'NONE',  #6737 ) ;
#3160 = CARTESIAN_POINT ( 'NONE',  ( 3.943579639192182018, 1.367449942301011800, -4.240000000000001101 ) ) ;
#3161 = VECTOR ( 'NONE', #308, 1000.000000000000000 ) ;
#3162 = CIRCLE ( 'NONE', #7450, 0.07500000000000300870 ) ;
#3163 = EDGE_LOOP ( 'NONE', ( #6585, #3106, #4093, #2759 ) ) ;
#3164 = ORIENTED_EDGE ( 'NONE', *, *, #842, .T. ) ;
#3165 = ADVANCED_FACE ( 'NONE', ( #302 ), #2946, .F. ) ;
#3166 = DIRECTION ( 'NONE',  ( -0.9975640502598241977, -0.06975647374412544122, 0.000000000000000000 ) ) ;
#3167 = CARTESIAN_POINT ( 'NONE',  ( 4.015772765614318729, 1.312776095340824734, 2.969999999999999751 ) ) ;
#3168 = SURFACE_STYLE_FILL_AREA ( #1161 ) ;
#3169 = DIRECTION ( 'NONE',  ( 0.000000000000000000, 0.000000000000000000, 1.000000000000000000 ) ) ;
#3170 = ORIENTED_EDGE ( 'NONE', *, *, #5302, .F. ) ;
#3171 = LINE ( 'NONE', #1769, #2513 ) ;
#3172 = VECTOR ( 'NONE', #3262, 1000.000000000000000 ) ;
#3173 = VERTEX_POINT ( 'NONE', #2325 ) ;
#3174 = VERTEX_POINT ( 'NONE', #863 ) ;
#3175 = EDGE_CURVE ( 'NONE', #561, #3499, #823, .T. ) ;
#3176 = ADVANCED_FACE ( 'NONE', ( #2197 ), #3510, .F. ) ;
#3177 = DIRECTION ( 'NONE',  ( 0.000000000000000000, 0.000000000000000000, 1.000000000000000000 ) ) ;
#3178 = LINE ( 'NONE', #1698, #4145 ) ;
#3179 = ORIENTED_EDGE ( 'NONE', *, *, #4902, .T. ) ;
#3180 = CARTESIAN_POINT ( 'NONE',  ( 3.943579639192182018, 1.292449942301011845, -3.380000000000000338 ) ) ;
#3181 = FACE_OUTER_BOUND ( 'NONE', #4777, .T. ) ;
#3182 = ORIENTED_EDGE ( 'NONE', *, *, #6865, .T. ) ;
#3183 = ADVANCED_FACE ( 'NONE', ( #4199 ), #2811, .F. ) ;
#3184 = AXIS2_PLACEMENT_3D ( 'NONE', #1438, #2741, #3390 ) ;
#3185 = ORIENTED_EDGE ( 'NONE', *, *, #864, .F. ) ;
#3186 = ADVANCED_FACE ( 'NONE', ( #8418 ), #6393, .F. ) ;
#3187 = DIRECTION ( 'NONE',  ( 1.000000000000000000, 1.120120665500546074E-15, 0.000000000000000000 ) ) ;
#3188 = CARTESIAN_POINT ( 'NONE',  ( -5.150000000000000355, 0.2145761423277614266, 3.379999999999999449 ) ) ;
#3189 = CARTESIAN_POINT ( 'NONE',  ( 3.943579639192182018, 1.292449942301011845, 1.700000000000000178 ) ) ;
#3190 = CARTESIAN_POINT ( 'NONE',  ( 4.594243124080021445, 0.3286215912326184152, -4.650000000000000355 ) ) ;
#3191 = ORIENTED_EDGE ( 'NONE', *, *, #7507, .F. ) ;
#3192 = DIRECTION ( 'NONE',  ( 1.000000000000000000, 0.000000000000000000, 0.000000000000000000 ) ) ;
#3193 = EDGE_CURVE ( 'NONE', #7371, #6490, #466, .T. ) ;
#3194 = CLOSED_SHELL ( 'NONE', ( #779, #2702, #3751, #4811, #5248, #6634, #2736, #5540, #2351, #3391, #5614, #5624, #4224, #7951 ) ) ;
#3195 = CARTESIAN_POINT ( 'NONE',  ( 3.943579639192182018, 1.367449942301011800, -4.650000000000000355 ) ) ;
#3196 = DIRECTION ( 'NONE',  ( -0.9625750189617798824, -0.2710153738641577492, 0.000000000000000000 ) ) ;
#3197 = VECTOR ( 'NONE', #4396, 1000.000000000000000 ) ;
#3198 = EDGE_LOOP ( 'NONE', ( #4253, #5480, #4175, #834 ) ) ;
#3199 = CARTESIAN_POINT ( 'NONE',  ( 4.574006762997095521, 0.03922814513537039444, -3.380000000000000338 ) ) ;
#3200 = FACE_OUTER_BOUND ( 'NONE', #1366, .T. ) ;
#3201 = DIRECTION ( 'NONE',  ( -0.2710153738641504773, -0.9625750189617817698, 0.000000000000000000 ) ) ;
#3202 = ADVANCED_FACE ( 'NONE', ( #507 ), #5013, .T. ) ;
#3203 = CARTESIAN_POINT ( 'NONE',  ( 4.222822763272201740, 1.371071533533629649, 4.649999999999999467 ) ) ;
#3204 = VERTEX_POINT ( 'NONE', #5708 ) ;
#3205 = ORIENTED_EDGE ( 'NONE', *, *, #8074, .F. ) ;
#3206 = ORIENTED_EDGE ( 'NONE', *, *, #1603, .T. ) ;
#3207 = FACE_OUTER_BOUND ( 'NONE', #3227, .T. ) ;
#3208 = DIRECTION ( 'NONE',  ( 1.000000000000000000, -1.120120665500546074E-15, -0.000000000000000000 ) ) ;
#3209 = CARTESIAN_POINT ( 'NONE',  ( 4.015772765614318729, 1.312776095340824734, -1.700000000000000622 ) ) ;
#3210 = ORIENTED_EDGE ( 'NONE', *, *, #8153, .F. ) ;
#3211 = ADVANCED_FACE ( 'NONE', ( #8336 ), #1710, .F. ) ;
#3212 = VECTOR ( 'NONE', #8365, 1000.000000000000000 ) ;
#3213 = ORIENTED_EDGE ( 'NONE', *, *, #4394, .T. ) ;
#3214 = ORIENTED_EDGE ( 'NONE', *, *, #4118, .F. ) ;
#3215 = AXIS2_PLACEMENT_3D ( 'NONE', #6485, #1925, #5843 ) ;
#3216 = FACE_OUTER_BOUND ( 'NONE', #6760, .T. ) ;
#3217 = DIRECTION ( 'NONE',  ( 0.1378445374916253130, 0.9808148484639900300, 0.1378445374916253130 ) ) ;
#3218 = AXIS2_PLACEMENT_3D ( 'NONE', #6455, #358, #1725 ) ;
#3219 = DIRECTION ( 'NONE',  ( 0.000000000000000000, 0.000000000000000000, 1.000000000000000000 ) ) ;
#3220 = ORIENTED_EDGE ( 'NONE', *, *, #5449, .F. ) ;
#3221 = CARTESIAN_POINT ( 'NONE',  ( -5.150000000000000355, 0.2145761423277614266, 4.649999999999999467 ) ) ;
#3222 = UNCERTAINTY_MEASURE_WITH_UNIT (LENGTH_MEASURE( 1.000000000000000082E-05 ), #4858, 'distance_accuracy_value', 'NONE');
#3223 = ADVANCED_FACE ( 'NONE', ( #7644 ), #5749, .F. ) ;
#3224 = AXIS2_PLACEMENT_3D ( 'NONE', #3439, #7884, #3351 ) ;
#3225 = DIRECTION ( 'NONE',  ( 1.000000000000000000, 0.000000000000000000, 0.000000000000000000 ) ) ;
#3226 = EDGE_CURVE ( 'NONE', #5260, #8444, #5179, .T. ) ;
#3227 = EDGE_LOOP ( 'NONE', ( #3182, #7796, #1726, #2757 ) ) ;
#3228 = VERTEX_POINT ( 'NONE', #6432 ) ;
#3229 = CARTESIAN_POINT ( 'NONE',  ( 3.749992964849197641, 1.367449942301012022, -0.4300000000000007150 ) ) ;
#3230 = AXIS2_PLACEMENT_3D ( 'NONE', #5473, #7451, #4163 ) ;
#3231 = CARTESIAN_POINT ( 'NONE',  ( -4.522049997657885179, 0.3082954381928062482, -2.110000000000000320 ) ) ;
#3232 = DIRECTION ( 'NONE',  ( -0.000000000000000000, -0.000000000000000000, -1.000000000000000000 ) ) ;
#3233 = DIRECTION ( 'NONE',  ( -0.000000000000000000, -0.000000000000000000, -1.000000000000000000 ) ) ;
#3234 = EDGE_CURVE ( 'NONE', #5160, #1231, #1144, .T. ) ;
#3235 = ORIENTED_EDGE ( 'NONE', *, *, #4652, .T. ) ;
#3236 = CARTESIAN_POINT ( 'NONE',  ( -2.636643502869150169, 2.600000000000000089, -4.669579648282762285 ) ) ;
#3237 = ORIENTED_EDGE ( 'NONE', *, *, #3701, .F. ) ;
#3238 = DIRECTION ( 'NONE',  ( -0.2710153738641504773, -0.9625750189617817698, 0.000000000000000000 ) ) ;
#3239 = CIRCLE ( 'NONE', #4343, 0.07500000000000128786 ) ;
#3240 = CARTESIAN_POINT ( 'NONE',  ( -3.943579639192182018, 1.582550057698989043, 2.109999999999999876 ) ) ;
#3241 = ORIENTED_EDGE ( 'NONE', *, *, #4178, .F. ) ;
#3242 = DIRECTION ( 'NONE',  ( -0.06975647374412530244, -0.9975640502598243087, 0.000000000000000000 ) ) ;
#3243 = DIRECTION ( 'NONE',  ( 0.06975647374412545509, 0.9975640502598243087, -0.000000000000000000 ) ) ;
#3244 = DIRECTION ( 'NONE',  ( -0.000000000000000000, -0.000000000000000000, -1.000000000000000000 ) ) ;
#3245 = CARTESIAN_POINT ( 'NONE',  ( 5.134995374447882455, 0.000000000000000000, 4.649999999999999467 ) ) ;
#3246 = PLANE ( 'NONE',  #5423 ) ;
#3247 = ORIENTED_EDGE ( 'NONE', *, *, #1283, .F. ) ;
#3248 = ORIENTED_EDGE ( 'NONE', *, *, #6156, .T. ) ;
#3249 = EDGE_CURVE ( 'NONE', #2154, #5025, #3754, .T. ) ;
#3250 = LINE ( 'NONE', #7821, #2327 ) ;
#3251 = CARTESIAN_POINT ( 'NONE',  ( -3.943579639192182018, 1.582550057698989043, 2.109999999999999876 ) ) ;
#3252 = FACE_OUTER_BOUND ( 'NONE', #6489, .T. ) ;
#3253 = EDGE_LOOP ( 'NONE', ( #23, #3337, #2426, #5832 ) ) ;
#3254 = DIRECTION ( 'NONE',  ( -0.000000000000000000, -0.000000000000000000, -1.000000000000000000 ) ) ;
#3255 = LINE ( 'NONE', #5332, #3014 ) ;
#3256 = ORIENTED_EDGE ( 'NONE', *, *, #5577, .F. ) ;
#3257 = ORIENTED_EDGE ( 'NONE', *, *, #7299, .F. ) ;
#3258 =( NAMED_UNIT ( * ) PLANE_ANGLE_UNIT ( ) SI_UNIT ( $, .RADIAN. ) );
#3259 = EDGE_LOOP ( 'NONE', ( #1526, #1238, #273, #2602 ) ) ;
#3260 = ORIENTED_EDGE ( 'NONE', *, *, #854, .F. ) ;
#3261 = DIRECTION ( 'NONE',  ( 1.000000000000000000, 0.000000000000000000, 0.000000000000000000 ) ) ;
#3262 = DIRECTION ( 'NONE',  ( 1.000000000000000000, 1.120120665500546074E-15, 0.000000000000000000 ) ) ;
#3263 = EDGE_CURVE ( 'NONE', #3097, #4373, #7679, .T. ) ;
#3264 = CYLINDRICAL_SURFACE ( 'NONE', #4900, 0.07500000000000128786 ) ;
#3265 = ORIENTED_EDGE ( 'NONE', *, *, #4390, .T. ) ;
#3266 = LINE ( 'NONE', #2698, #1618 ) ;
#3267 = CARTESIAN_POINT ( 'NONE',  ( -4.315000000000000391, 0.2499999999999998890, -4.240000000000001101 ) ) ;
#3268 = VERTEX_POINT ( 'NONE', #1105 ) ;
#3269 = AXIS2_PLACEMENT_3D ( 'NONE', #6207, #8141, #5526 ) ;
#3270 = EDGE_LOOP ( 'NONE', ( #4616, #3155, #4484, #2591 ) ) ;
#3271 = DIRECTION ( 'NONE',  ( -0.7071067811865445751, 0.7071067811865503483, 0.000000000000000000 ) ) ;
#3272 = LINE ( 'NONE', #2615, #1660 ) ;
#3273 = LINE ( 'NONE', #3320, #5539 ) ;
#3274 = ADVANCED_FACE ( 'NONE', ( #1790 ), #5674, .F. ) ;
#3275 = CARTESIAN_POINT ( 'NONE',  ( -4.015772765614322282, 1.312776095340825622, -2.110000000000000320 ) ) ;
#3276 = VERTEX_POINT ( 'NONE', #4362 ) ;
#3277 = VERTEX_POINT ( 'NONE', #4491 ) ;
#3278 = CARTESIAN_POINT ( 'NONE',  ( 3.600484260976133832, 1.367500000000027693, 5.150000000000000355 ) ) ;
#3279 = FACE_OUTER_BOUND ( 'NONE', #249, .T. ) ;
#3280 = EDGE_CURVE ( 'NONE', #595, #7830, #7803, .T. ) ;
#3281 = PLANE ( 'NONE',  #7817 ) ;
#3282 = EDGE_CURVE ( 'NONE', #2419, #6766, #6188, .T. ) ;
#3283 = VECTOR ( 'NONE', #3651, 1000.000000000000000 ) ;
#3284 = DIRECTION ( 'NONE',  ( 1.000000000000000000, 0.000000000000000000, 0.000000000000000000 ) ) ;
#3285 = DIRECTION ( 'NONE',  ( -0.9625750189617818808, 0.2710153738641505328, 0.000000000000000000 ) ) ;
#3286 = CARTESIAN_POINT ( 'NONE',  ( 3.687973030627474280, 1.588512672022511119, 5.149154974055156764 ) ) ;
#3287 =( NAMED_UNIT ( * ) SI_UNIT ( $, .STERADIAN. ) SOLID_ANGLE_UNIT ( ) );
#3288 = ORIENTED_EDGE ( 'NONE', *, *, #3820, .T. ) ;
#3289 = AXIS2_PLACEMENT_3D ( 'NONE', #5705, #464, #3792 ) ;
#3290 = VECTOR ( 'NONE', #7960, 1000.000000000000227 ) ;
#3291 = EDGE_CURVE ( 'NONE', #5199, #6134, #4670, .T. ) ;
#3292 = ORIENTED_EDGE ( 'NONE', *, *, #5268, .F. ) ;
#3293 = ADVANCED_FACE ( 'NONE', ( #7000 ), #1069, .F. ) ;
#3294 = CARTESIAN_POINT ( 'NONE',  ( -4.222822763272206181, 1.371071533533628317, 3.379999999999999449 ) ) ;
#3295 = FACE_OUTER_BOUND ( 'NONE', #284, .T. ) ;
#3296 = CARTESIAN_POINT ( 'NONE',  ( 3.749992964849197641, 1.367449942301012022, 4.240000000000000213 ) ) ;
#3297 = VERTEX_POINT ( 'NONE', #8294 ) ;
#3298 = VECTOR ( 'NONE', #8474, 1000.000000000000000 ) ;
#3299 = CARTESIAN_POINT ( 'NONE',  ( 4.594243124080021445, 0.3286215912326184152, -0.4300000000000007150 ) ) ;
#3300 = FACE_OUTER_BOUND ( 'NONE', #4879, .T. ) ;
#3301 = ORIENTED_EDGE ( 'NONE', *, *, #3361, .F. ) ;
#3302 = ORIENTED_EDGE ( 'NONE', *, *, #4340, .F. ) ;
#3303 = EDGE_CURVE ( 'NONE', #2678, #617, #3131, .T. ) ;
#3304 = LINE ( 'NONE', #4043, #4464 ) ;
#3305 = ORIENTED_EDGE ( 'NONE', *, *, #1112, .T. ) ;
#3306 = ORIENTED_EDGE ( 'NONE', *, *, #5015, .T. ) ;
#3307 = VECTOR ( 'NONE', #6915, 1000.000000000000227 ) ;
#3308 = DIRECTION ( 'NONE',  ( 2.016181479920678149E-15, 1.000000000000000000, 0.000000000000000000 ) ) ;
#3309 = CYLINDRICAL_SURFACE ( 'NONE', #6906, 0.07500000000000128786 ) ;
#3310 = CARTESIAN_POINT ( 'NONE',  ( 3.601452754537960654, 1.582550057698995039, -5.149992964849196220 ) ) ;
#3311 = ORIENTED_EDGE ( 'NONE', *, *, #262, .F. ) ;
#3312 = FACE_OUTER_BOUND ( 'NONE', #3581, .T. ) ;
#3313 = ORIENTED_EDGE ( 'NONE', *, *, #7787, .F. ) ;
#3314 = VECTOR ( 'NONE', #1167, 1000.000000000000227 ) ;
#3315 = DIRECTION ( 'NONE',  ( -2.016181479920678149E-15, 1.000000000000000000, 0.000000000000000000 ) ) ;
#3316 = EDGE_LOOP ( 'NONE', ( #6732, #3745, #763, #3028 ) ) ;
#3317 = VERTEX_POINT ( 'NONE', #6565 ) ;
#3318 = CARTESIAN_POINT ( 'NONE',  ( 5.150000000000000355, 0.2145761423277614266, -4.650000000000000355 ) ) ;
#3319 = DIRECTION ( 'NONE',  ( 1.000000000000000000, 1.120120665500548440E-15, 0.000000000000000000 ) ) ;
#3320 = CARTESIAN_POINT ( 'NONE',  ( 4.315000000000000391, 0.2500000000000000000, -0.8400000000000005240 ) ) ;
#3321 = CARTESIAN_POINT ( 'NONE',  ( 3.601452754537959322, 1.367449942301005805, -5.149992964849196220 ) ) ;
#3322 = ORIENTED_EDGE ( 'NONE', *, *, #295, .T. ) ;
#3323 = DIRECTION ( 'NONE',  ( -1.000000000000000000, 0.000000000000000000, 0.000000000000000000 ) ) ;
#3324 = ORIENTED_EDGE ( 'NONE', *, *, #3760, .T. ) ;
#3325 = FACE_OUTER_BOUND ( 'NONE', #1262, .T. ) ;
#3326 = VECTOR ( 'NONE', #4647, 1000.000000000000000 ) ;
#3327 = ADVANCED_FACE ( 'NONE', ( #2666 ), #4531, .T. ) ;
#3328 = DIRECTION ( 'NONE',  ( -0.1378445374916251742, 0.9808148484639902520, -0.1378445374916252297 ) ) ;
#3329 = FACE_OUTER_BOUND ( 'NONE', #658, .T. ) ;
#3330 = AXIS2_PLACEMENT_3D ( 'NONE', #7560, #5626, #4233 ) ;
#3331 = DIRECTION ( 'NONE',  ( -0.9975640502598241977, -0.06975647374412528856, 0.000000000000000000 ) ) ;
#3332 = CARTESIAN_POINT ( 'NONE',  ( 4.594243124080021445, 0.3286215912326184152, 3.379999999999999449 ) ) ;
#3333 = ORIENTED_EDGE ( 'NONE', *, *, #6842, .F. ) ;
#3334 = EDGE_CURVE ( 'NONE', #7591, #120, #2055, .T. ) ;
#3335 = AXIS2_PLACEMENT_3D ( 'NONE', #6204, #2254, #4252 ) ;
#3336 = EDGE_CURVE ( 'NONE', #6426, #6096, #4245, .T. ) ;
#3337 = ORIENTED_EDGE ( 'NONE', *, *, #1913, .F. ) ;
#3338 = FACE_OUTER_BOUND ( 'NONE', #6910, .T. ) ;
#3339 = AXIS2_PLACEMENT_3D ( 'NONE', #2050, #769, #4098 ) ;
#3340 = CARTESIAN_POINT ( 'NONE',  ( 4.594243124080021445, 0.3286215912326184152, -1.700000000000000622 ) ) ;
#3341 = CARTESIAN_POINT ( 'NONE',  ( 3.943579639192182018, 1.367449942301011800, -4.240000000000001101 ) ) ;
#3342 = DIRECTION ( 'NONE',  ( -0.000000000000000000, -0.000000000000000000, -1.000000000000000000 ) ) ;
#3343 = ORIENTED_EDGE ( 'NONE', *, *, #8145, .T. ) ;
#3344 = VERTEX_POINT ( 'NONE', #1314 ) ;
#3345 = FILL_AREA_STYLE ('',( #5158 ) ) ;
#3346 = ORIENTED_EDGE ( 'NONE', *, *, #6249, .T. ) ;
#3347 = ORIENTED_EDGE ( 'NONE', *, *, #7303, .T. ) ;
#3348 = AXIS2_PLACEMENT_3D ( 'NONE', #4818, #5929, #3284 ) ;
#3349 = CARTESIAN_POINT ( 'NONE',  ( 4.574006762997095521, 0.03922814513537039444, -0.4300000000000007150 ) ) ;
#3350 = DIRECTION ( 'NONE',  ( -0.000000000000000000, -0.000000000000000000, -1.000000000000000000 ) ) ;
#3351 = DIRECTION ( 'NONE',  ( 0.000000000000000000, 0.1391731009600633839, 0.9902680687415706950 ) ) ;
#3352 = EDGE_LOOP ( 'NONE', ( #2200, #4046, #7135 ) ) ;
#3353 = DIRECTION ( 'NONE',  ( 0.2710153738641504773, 0.9625750189617817698, 0.000000000000000000 ) ) ;
#3354 = AXIS2_PLACEMENT_3D ( 'NONE', #7113, #3743, #5043 ) ;
#3355 = ADVANCED_FACE ( 'NONE', ( #3933 ), #4664, .F. ) ;
#3356 = CARTESIAN_POINT ( 'NONE',  ( -2.636643502869150169, 2.600000000000000089, -4.369579648282762463 ) ) ;
#3357 = ORIENTED_EDGE ( 'NONE', *, *, #4551, .F. ) ;
#3358 = ORIENTED_EDGE ( 'NONE', *, *, #222, .F. ) ;
#3359 = CARTESIAN_POINT ( 'NONE',  ( 4.594243124080021445, 0.3286215912326184152, 3.379999999999999449 ) ) ;
#3360 = AXIS2_PLACEMENT_3D ( 'NONE', #8228, #4749, #4095 ) ;
#3361 = EDGE_CURVE ( 'NONE', #6688, #6457, #2846, .T. ) ;
#3362 = CARTESIAN_POINT ( 'NONE',  ( 3.469579648282761219, 2.649999999999999911, -4.869579648282763351 ) ) ;
#3363 = DIRECTION ( 'NONE',  ( 0.06975647374412763391, -0.9975640502598240866, 0.000000000000000000 ) ) ;
#3364 = VECTOR ( 'NONE', #6618, 1000.000000000000000 ) ;
#3365 = ORIENTED_EDGE ( 'NONE', *, *, #3861, .T. ) ;
#3366 = FACE_OUTER_BOUND ( 'NONE', #7495, .T. ) ;
#3367 = ORIENTED_EDGE ( 'NONE', *, *, #2528, .F. ) ;
#3368 = PLANE ( 'NONE',  #4257 ) ;
#3369 = PRESENTATION_LAYER_ASSIGNMENT (  '', '', ( #1563 ) ) ;
#3370 = FACE_OUTER_BOUND ( 'NONE', #7287, .T. ) ;
#3371 = AXIS2_PLACEMENT_3D ( 'NONE', #2998, #5652, #3525 ) ;
#3372 = LINE ( 'NONE', #2806, #8428 ) ;
#3373 = LINE ( 'NONE', #1974, #7634 ) ;
#3374 = EDGE_CURVE ( 'NONE', #3533, #4000, #6607, .T. ) ;
#3375 = FACE_OUTER_BOUND ( 'NONE', #66, .T. ) ;
#3376 = AXIS2_PLACEMENT_3D ( 'NONE', #3809, #6449, #6371 ) ;
#3377 = CARTESIAN_POINT ( 'NONE',  ( -2.367412057337375586, 3.240698984613051170, 4.765481194722033464 ) ) ;
#3378 = ORIENTED_EDGE ( 'NONE', *, *, #3810, .F. ) ;
#3379 = CARTESIAN_POINT ( 'NONE',  ( -4.222822763272206181, 1.371071533533628317, -0.8400000000000005240 ) ) ;
#3380 = EDGE_CURVE ( 'NONE', #5310, #5862, #8497, .T. ) ;
#3381 = CARTESIAN_POINT ( 'NONE',  ( 3.943579639192182018, 1.292449942301011845, 1.700000000000000178 ) ) ;
#3382 = LINE ( 'NONE', #7871, #4478 ) ;
#3383 = CARTESIAN_POINT ( 'NONE',  ( -3.749992964849197641, 1.367449942301012022, 4.649999999999999467 ) ) ;
#3384 = ORIENTED_EDGE ( 'NONE', *, *, #3979, .F. ) ;
#3385 = ORIENTED_EDGE ( 'NONE', *, *, #1103, .T. ) ;
#3386 = ORIENTED_EDGE ( 'NONE', *, *, #1926, .F. ) ;
#3387 = CARTESIAN_POINT ( 'NONE',  ( 3.943579639192182018, 1.292449942301011845, 2.969999999999999751 ) ) ;
#3388 = VERTEX_POINT ( 'NONE', #5273 ) ;
#3389 = ORIENTED_EDGE ( 'NONE', *, *, #1531, .T. ) ;
#3390 = DIRECTION ( 'NONE',  ( 0.000000000000000000, 0.000000000000000000, 1.000000000000000000 ) ) ;
#3391 = ADVANCED_FACE ( 'NONE', ( #5874 ), #7984, .F. ) ;
#3392 = CARTESIAN_POINT ( 'NONE',  ( 3.687973030627473836, 1.361487327977495054, -5.149154974055157652 ) ) ;
#3393 = ADVANCED_FACE ( 'NONE', ( #1918 ), #7900, .F. ) ;
#3394 = DIRECTION ( 'NONE',  ( -0.000000000000000000, -0.000000000000000000, -1.000000000000000000 ) ) ;
#3395 = VERTEX_POINT ( 'NONE', #6653 ) ;
#3396 = LINE ( 'NONE', #3486, #1878 ) ;
#3397 = ORIENTED_EDGE ( 'NONE', *, *, #2421, .F. ) ;
#3398 = CARTESIAN_POINT ( 'NONE',  ( 4.589011388549212533, 0.2538042874631317170, 3.379999999999999449 ) ) ;
#3399 = EDGE_LOOP ( 'NONE', ( #1919, #1954, #1540 ) ) ;
#3400 = ORIENTED_EDGE ( 'NONE', *, *, #7807, .T. ) ;
#3401 = DIRECTION ( 'NONE',  ( 1.000000000000000000, 0.000000000000000000, 0.000000000000000000 ) ) ;
#3402 =( BOUNDED_CURVE ( )  B_SPLINE_CURVE ( 3, ( #1275, #7390, #3278, #3410 ),
 .UNSPECIFIED., .F., .F. ) 
 B_SPLINE_CURVE_WITH_KNOTS ( ( 4, 4 ),
 ( 6.273500125511113801, 6.283185307179586232 ),
 .UNSPECIFIED. ) 
 CURVE ( )  GEOMETRIC_REPRESENTATION_ITEM ( )  RATIONAL_B_SPLINE_CURVE ( ( 1.000000000000000000, 0.9999921831199466427, 0.9999921831199466427, 1.000000000000000000 ) ) 
 REPRESENTATION_ITEM ( '' )  );
#3403 = EDGE_CURVE ( 'NONE', #1380, #6755, #6695, .T. ) ;
#3404 = LINE ( 'NONE', #3930, #3582 ) ;
#3405 =( NAMED_UNIT ( * ) PLANE_ANGLE_UNIT ( ) SI_UNIT ( $, .RADIAN. ) );
#3406 = ORIENTED_EDGE ( 'NONE', *, *, #59, .F. ) ;
#3407 = DIRECTION ( 'NONE',  ( 0.9902680687415708061, -0.1391731009600620517, 0.000000000000000000 ) ) ;
#3408 = ORIENTED_EDGE ( 'NONE', *, *, #3069, .T. ) ;
#3409 = VERTEX_POINT ( 'NONE', #4576 ) ;
#3410 = CARTESIAN_POINT ( 'NONE',  ( 3.599999999999999201, 1.367500000000028360, 5.150000000000000355 ) ) ;
#3411 = AXIS2_PLACEMENT_3D ( 'NONE', #2333, #2956, #4251 ) ;
#3412 = ADVANCED_FACE ( 'NONE', ( #3366 ), #6520, .F. ) ;
#3413 = FACE_OUTER_BOUND ( 'NONE', #3127, .T. ) ;
#3414 = AXIS2_PLACEMENT_3D ( 'NONE', #4453, #7089, #6437 ) ;
#3415 = CARTESIAN_POINT ( 'NONE',  ( 4.015772765614318729, 1.312776095340824734, -1.700000000000000622 ) ) ;
#3416 = DIRECTION ( 'NONE',  ( 1.000000000000000000, 1.120120665500546074E-15, 0.000000000000000000 ) ) ;
#3417 = DIRECTION ( 'NONE',  ( -0.000000000000000000, -0.000000000000000000, -1.000000000000000000 ) ) ;
#3418 = AXIS2_PLACEMENT_3D ( 'NONE', #5318, #7302, #5225 ) ;
#3419 = VECTOR ( 'NONE', #7221, 1000.000000000000000 ) ;
#3420 = VECTOR ( 'NONE', #8532, 1000.000000000000000 ) ;
#3421 = ORIENTED_EDGE ( 'NONE', *, *, #8288, .F. ) ;
#3422 = DIRECTION ( 'NONE',  ( -0.000000000000000000, -0.000000000000000000, -1.000000000000000000 ) ) ;
#3423 =( NAMED_UNIT ( * ) SI_UNIT ( $, .STERADIAN. ) SOLID_ANGLE_UNIT ( ) );
#3424 = CARTESIAN_POINT ( 'NONE',  ( -5.150000000000000355, 0.2145761423277614266, -4.240000000000001101 ) ) ;
#3425 = VECTOR ( 'NONE', #504, 1000.000000000000000 ) ;
#3426 = LINE ( 'NONE', #8047, #1486 ) ;
#3427 = AXIS2_PLACEMENT_3D ( 'NONE', #1468, #2984, #1385 ) ;
#3428 = ORIENTED_EDGE ( 'NONE', *, *, #7806, .F. ) ;
#3429 = EDGE_LOOP ( 'NONE', ( #6697, #5695, #3593 ) ) ;
#3430 = CARTESIAN_POINT ( 'NONE',  ( 3.469579648282761219, 0.2999999999999999889, 4.999972658955196714 ) ) ;
#3431 = EDGE_CURVE ( 'NONE', #7602, #3934, #7684, .T. ) ;
#3432 = ORIENTED_EDGE ( 'NONE', *, *, #1662, .F. ) ;
#3433 = ORIENTED_EDGE ( 'NONE', *, *, #2062, .F. ) ;
#3434 = VECTOR ( 'NONE', #8361, 999.9999999999998863 ) ;
#3435 = DIRECTION ( 'NONE',  ( -0.000000000000000000, -0.000000000000000000, -1.000000000000000000 ) ) ;
#3436 = DIRECTION ( 'NONE',  ( -1.000000000000000000, 0.000000000000000000, 0.000000000000000000 ) ) ;
#3437 = CIRCLE ( 'NONE', #7987, 0.2901001153979760883 ) ;
#3438 = LINE ( 'NONE', #6084, #7316 ) ;
#3439 = CARTESIAN_POINT ( 'NONE',  ( 3.385851378539206369, 3.095757595440923993, 4.785851378539208056 ) ) ;
#3440 = ORIENTED_EDGE ( 'NONE', *, *, #3336, .T. ) ;
#3441 = FACE_OUTER_BOUND ( 'NONE', #2982, .T. ) ;
#3442 = ORIENTED_EDGE ( 'NONE', *, *, #271, .T. ) ;
#3443 = CARTESIAN_POINT ( 'NONE',  ( 4.315000000000000391, 0.2500000000000000000, -4.650000000000000355 ) ) ;
#3444 = VERTEX_POINT ( 'NONE', #2708 ) ;
#3445 = AXIS2_PLACEMENT_3D ( 'NONE', #1706, #6995, #5592 ) ;
#3446 = ADVANCED_FACE ( 'NONE', ( #7345 ), #4064, .T. ) ;
#3447 = EDGE_CURVE ( 'NONE', #1595, #7863, #126, .T. ) ;
#3448 = EDGE_LOOP ( 'NONE', ( #3343, #2949, #3853, #6823 ) ) ;
#3449 = CARTESIAN_POINT ( 'NONE',  ( -3.749992964849197641, 1.367449942301012022, -5.001452754537961454 ) ) ;
#3450 = LINE ( 'NONE', #40, #5794 ) ;
#3451 = DIRECTION ( 'NONE',  ( -2.016181479920678149E-15, -1.000000000000000000, -0.000000000000000000 ) ) ;
#3452 = AXIS2_PLACEMENT_3D ( 'NONE', #2662, #4060, #6730 ) ;
#3453 = ORIENTED_EDGE ( 'NONE', *, *, #3972, .F. ) ;
#3454 = DIRECTION ( 'NONE',  ( 2.016181479920678149E-15, -1.000000000000000000, 0.000000000000000000 ) ) ;
#3455 = ORIENTED_EDGE ( 'NONE', *, *, #4726, .F. ) ;
#3456 = ORIENTED_EDGE ( 'NONE', *, *, #1989, .T. ) ;
#3458 = EDGE_CURVE ( 'NONE', #6024, #4820, #2162, .T. ) ;
#3457 = FACE_OUTER_BOUND ( 'NONE', #5894, .T. ) ;
#3459 = EDGE_CURVE ( 'NONE', #8229, #5742, #2230, .T. ) ;
#3460 =( BOUNDED_CURVE ( )  B_SPLINE_CURVE ( 3, ( #3900, #2594, #7867, #143 ),
 .UNSPECIFIED., .F., .T. ) 
 B_SPLINE_CURVE_WITH_KNOTS ( ( 4, 4 ),
 ( -6.217248937900876626E-15, 0.009685181668469211580 ),
 .UNSPECIFIED. ) 
 CURVE ( )  GEOMETRIC_REPRESENTATION_ITEM ( )  RATIONAL_B_SPLINE_CURVE ( ( 1.000000000000000000, 0.9999921831199466427, 0.9999921831199466427, 1.000000000000000000 ) ) 
 REPRESENTATION_ITEM ( '' )  );
#3461 = CARTESIAN_POINT ( 'NONE',  ( 3.943579639192182018, 1.367449942301011800, 2.109999999999999876 ) ) ;
#3462 = DIRECTION ( 'NONE',  ( -0.9975640502598241977, 0.06975647374412528856, -0.000000000000000000 ) ) ;
#3463 = FACE_OUTER_BOUND ( 'NONE', #7382, .T. ) ;
#3464 = DIRECTION ( 'NONE',  ( -0.2710153738641577492, 0.9625750189617798824, -0.000000000000000000 ) ) ;
#3465 = ORIENTED_EDGE ( 'NONE', *, *, #4379, .F. ) ;
#3466 = DIRECTION ( 'NONE',  ( -0.000000000000000000, -0.000000000000000000, -1.000000000000000000 ) ) ;
#3467 = VECTOR ( 'NONE', #1211, 1000.000000000000114 ) ;
#3468 = ORIENTED_EDGE ( 'NONE', *, *, #3029, .F. ) ;
#3469 = EDGE_CURVE ( 'NONE', #4244, #7899, #7429, .T. ) ;
#3470 = DIRECTION ( 'NONE',  ( -1.000000000000000000, 0.000000000000000000, 0.000000000000000000 ) ) ;
#3471 = FACE_OUTER_BOUND ( 'NONE', #7122, .T. ) ;
#3472 = LINE ( 'NONE', #6753, #1836 ) ;
#3473 = DIRECTION ( 'NONE',  ( -1.000000000000000000, -1.120120665500548440E-15, -0.000000000000000000 ) ) ;
#3474 = ORIENTED_EDGE ( 'NONE', *, *, #7835, .T. ) ;
#3475 = CLOSED_SHELL ( 'NONE', ( #3936, #2640, #3896, #2026, #4666, #383, #6983, #5864, #4493, #4615, #2382, #3057, #2638, #2659 ) ) ;
#3476 = CARTESIAN_POINT ( 'NONE',  ( 4.522049997657887843, 0.3082954381928066367, -0.4300000000000007150 ) ) ;
#3477 = FACE_OUTER_BOUND ( 'NONE', #4569, .T. ) ;
#3478 = EDGE_LOOP ( 'NONE', ( #8168, #305, #5148, #1506 ) ) ;
#3479 = AXIS2_PLACEMENT_3D ( 'NONE', #7497, #6972, #2958 ) ;
#3480 = DIRECTION ( 'NONE',  ( 1.000000000000000000, -0.000000000000000000, -0.000000000000000000 ) ) ;
#3481 = DIRECTION ( 'NONE',  ( 0.000000000000000000, 0.000000000000000000, 1.000000000000000000 ) ) ;
#3482 = CARTESIAN_POINT ( 'NONE',  ( -5.134995374447882455, 0.000000000000000000, 3.379999999999999449 ) ) ;
#3483 = MECHANICAL_DESIGN_GEOMETRIC_PRESENTATION_REPRESENTATION (  '', ( #2964 ), #7615 ) ;
#3484 = PLANE ( 'NONE',  #4062 ) ;
#3485 = ORIENTED_EDGE ( 'NONE', *, *, #2834, .T. ) ;
#3486 = CARTESIAN_POINT ( 'NONE',  ( 5.134995374447882455, 0.000000000000000000, 2.109999999999999876 ) ) ;
#3487 = ADVANCED_FACE ( 'NONE', ( #8112 ), #2841, .F. ) ;
#3488 = DIRECTION ( 'NONE',  ( 1.000000000000000000, -1.120120665500548440E-15, 0.000000000000000000 ) ) ;
#3489 = EDGE_LOOP ( 'NONE', ( #4782, #1293, #100, #6918 ) ) ;
#3490 = CARTESIAN_POINT ( 'NONE',  ( -3.599972658955197691, 0.4291240348559907658, -5.018119858593998117 ) ) ;
#3491 = CARTESIAN_POINT ( 'NONE',  ( 4.222822763272201740, 1.371071533533629649, -2.110000000000000320 ) ) ;
#3492 = SURFACE_STYLE_USAGE ( .BOTH. , #846 ) ;
#3493 = AXIS2_PLACEMENT_3D ( 'NONE', #3939, #3243, #8505 ) ;
#3494 = EDGE_CURVE ( 'NONE', #5887, #6633, #2934, .T. ) ;
#3495 = VERTEX_POINT ( 'NONE', #6097 ) ;
#3496 = CARTESIAN_POINT ( 'NONE',  ( -3.601452754537962875, 1.582550057698988599, -5.149992964849197108 ) ) ;
#3497 = ADVANCED_FACE ( 'NONE', ( #5542 ), #4184, .T. ) ;
#3498 = VERTEX_POINT ( 'NONE', #4758 ) ;
#3499 = VERTEX_POINT ( 'NONE', #2184 ) ;
#3500 = LINE ( 'NONE', #2975, #1553 ) ;
#3501 = CARTESIAN_POINT ( 'NONE',  ( -3.600000000000000977, 1.582499999999972928, 5.150000000000000355 ) ) ;
#3502 = VECTOR ( 'NONE', #219, 1000.000000000000227 ) ;
#3503 = EDGE_CURVE ( 'NONE', #4655, #577, #3072, .T. ) ;
#3504 = FACE_OUTER_BOUND ( 'NONE', #3448, .T. ) ;
#3505 = DIRECTION ( 'NONE',  ( -1.000000000000000000, 0.000000000000000000, 0.000000000000000000 ) ) ;
#3506 = CARTESIAN_POINT ( 'NONE',  ( 3.943579639192182018, 1.582550057698989043, -4.650000000000000355 ) ) ;
#3507 = EDGE_CURVE ( 'NONE', #4113, #4851, #4227, .T. ) ;
#3508 = CARTESIAN_POINT ( 'NONE',  ( -3.943579639192182018, 1.367449942301011800, -1.700000000000000622 ) ) ;
#3509 = EDGE_LOOP ( 'NONE', ( #3975, #3964, #6006, #7650 ) ) ;
#3510 = PLANE ( 'NONE',  #660 ) ;
#3511 = ORIENTED_EDGE ( 'NONE', *, *, #6359, .T. ) ;
#3512 = VECTOR ( 'NONE', #2029, 1000.000000000000000 ) ;
#3513 = CARTESIAN_POINT ( 'NONE',  ( 4.594243124080021445, 0.3286215912326184152, -2.970000000000000639 ) ) ;
#3514 = SURFACE_STYLE_FILL_AREA ( #267 ) ;
#3515 = VERTEX_POINT ( 'NONE', #5496 ) ;
#3516 = EDGE_LOOP ( 'NONE', ( #747, #2571, #7171, #7653 ) ) ;
#3517 = LINE ( 'NONE', #3554, #6399 ) ;
#3518 = EDGE_CURVE ( 'NONE', #1357, #6688, #5219, .T. ) ;
#3519 = FACE_OUTER_BOUND ( 'NONE', #7096, .T. ) ;
#3520 = LINE ( 'NONE', #1565, #2221 ) ;
#3521 = ORIENTED_EDGE ( 'NONE', *, *, #1223, .T. ) ;
#3522 = CYLINDRICAL_SURFACE ( 'NONE', #4243, 0.2901001153979764768 ) ;
#3523 = CARTESIAN_POINT ( 'NONE',  ( 4.222822763272201740, 1.371071533533629649, -4.240000000000001101 ) ) ;
#3524 = DIRECTION ( 'NONE',  ( -0.000000000000000000, -0.000000000000000000, -1.000000000000000000 ) ) ;
#3525 = DIRECTION ( 'NONE',  ( 1.000000000000000000, 0.000000000000000000, 0.000000000000000000 ) ) ;
#3526 = ORIENTED_EDGE ( 'NONE', *, *, #1582, .F. ) ;
#3527 = FACE_OUTER_BOUND ( 'NONE', #2470, .T. ) ;
#3528 = PLANE ( 'NONE',  #6676 ) ;
#3529 = VERTEX_POINT ( 'NONE', #2890 ) ;
#3530 = LINE ( 'NONE', #5536, #6039 ) ;
#3531 = FACE_OUTER_BOUND ( 'NONE', #5506, .T. ) ;
#3532 = LINE ( 'NONE', #8110, #1630 ) ;
#3533 = VERTEX_POINT ( 'NONE', #980 ) ;
#3534 = PLANE ( 'NONE',  #2718 ) ;
#3535 = ORIENTED_EDGE ( 'NONE', *, *, #4979, .T. ) ;
#3536 = ORIENTED_EDGE ( 'NONE', *, *, #8083, .F. ) ;
#3537 = LINE ( 'NONE', #6178, #4747 ) ;
#3538 = DIRECTION ( 'NONE',  ( 0.9625750189617818808, 0.2710153738641505328, -0.000000000000000000 ) ) ;
#3539 = EDGE_CURVE ( 'NONE', #7547, #3549, #7004, .T. ) ;
#3540 = LINE ( 'NONE', #6700, #3683 ) ;
#3541 = CARTESIAN_POINT ( 'NONE',  ( -4.589011388549212533, 0.2538042874631301071, 4.649999999999999467 ) ) ;
#3542 = DIRECTION ( 'NONE',  ( -0.2710153738641577492, 0.9625750189617798824, -0.000000000000000000 ) ) ;
#3543 = CARTESIAN_POINT ( 'NONE',  ( 5.150000000000000355, 0.2145761423277614266, -4.650000000000000355 ) ) ;
#3544 = ORIENTED_EDGE ( 'NONE', *, *, #2856, .T. ) ;
#3545 = DIRECTION ( 'NONE',  ( 0.000000000000000000, 0.000000000000000000, 1.000000000000000000 ) ) ;
#3546 = EDGE_CURVE ( 'NONE', #8079, #8053, #7554, .T. ) ;
#3547 = CIRCLE ( 'NONE', #505, 0.1499999999999998002 ) ;
#3548 = ADVANCED_FACE ( 'NONE', ( #6733 ), #3534, .T. ) ;
#3549 = VERTEX_POINT ( 'NONE', #8157 ) ;
#3550 = LINE ( 'NONE', #2155, #4751 ) ;
#3551 = DIRECTION ( 'NONE',  ( -0.000000000000000000, -0.000000000000000000, -1.000000000000000000 ) ) ;
#3552 = LINE ( 'NONE', #2954, #5166 ) ;
#3553 = VERTEX_POINT ( 'NONE', #8028 ) ;
#3554 = CARTESIAN_POINT ( 'NONE',  ( 3.749992964849198085, 1.582550057698988821, -1.700000000000000622 ) ) ;
#3555 = EDGE_CURVE ( 'NONE', #6790, #1355, #4101, .T. ) ;
#3556 = VECTOR ( 'NONE', #8080, 999.9999999999998863 ) ;
#3557 = AXIS2_PLACEMENT_3D ( 'NONE', #7212, #6014, #3323 ) ;
#3558 = EDGE_CURVE ( 'NONE', #141, #4425, #3822, .T. ) ;
#3559 = LINE ( 'NONE', #8266, #498 ) ;
#3560 = LINE ( 'NONE', #395, #3614 ) ;
#3561 = ORIENTED_EDGE ( 'NONE', *, *, #6079, .F. ) ;
#3562 = CARTESIAN_POINT ( 'NONE',  ( -3.385851378539209033, 3.116633560584934237, 4.934391588850442822 ) ) ;
#3563 = DIRECTION ( 'NONE',  ( -0.000000000000000000, -0.000000000000000000, -1.000000000000000000 ) ) ;
#3564 = VECTOR ( 'NONE', #8372, 1000.000000000000000 ) ;
#3565 = FACE_OUTER_BOUND ( 'NONE', #393, .T. ) ;
#3566 = CIRCLE ( 'NONE', #662, 0.1499999999999998834 ) ;
#3567 = ADVANCED_FACE ( 'NONE', ( #5582 ), #8200, .T. ) ;
#3568 = CARTESIAN_POINT ( 'NONE',  ( 4.315000000000000391, 0.2500000000000000000, 2.109999999999999876 ) ) ;
#3569 = DIRECTION ( 'NONE',  ( -0.000000000000000000, -0.000000000000000000, -1.000000000000000000 ) ) ;
#3570 = FACE_OUTER_BOUND ( 'NONE', #4519, .T. ) ;
#3571 = STYLED_ITEM ( 'NONE', ( #3048 ), #2590 ) ;
#3572 = AXIS2_PLACEMENT_3D ( 'NONE', #2442, #5709, #3841 ) ;
#3573 = ORIENTED_EDGE ( 'NONE', *, *, #8265, .F. ) ;
#3574 = VECTOR ( 'NONE', #1981, 1000.000000000000000 ) ;
#3575 = DIRECTION ( 'NONE',  ( 0.2710153738641504773, 0.9625750189617817698, 0.000000000000000000 ) ) ;
#3576 = FILL_AREA_STYLE ('',( #6856 ) ) ;
#3577 = EDGE_CURVE ( 'NONE', #5862, #4005, #3977, .T. ) ;
#3578 = ORIENTED_EDGE ( 'NONE', *, *, #5047, .F. ) ;
#3579 = VECTOR ( 'NONE', #6282, 1000.000000000000000 ) ;
#3580 = DIRECTION ( 'NONE',  ( -0.2710153738641577492, 0.9625750189617798824, -0.000000000000000000 ) ) ;
#3581 = EDGE_LOOP ( 'NONE', ( #652, #2121, #2358, #7660, #2141, #12, #43, #8335, #6673, #1591, #8008, #7593 ) ) ;
#3582 = VECTOR ( 'NONE', #2793, 1000.000000000000000 ) ;
#3583 = ORIENTED_EDGE ( 'NONE', *, *, #4050, .T. ) ;
#3584 = UNCERTAINTY_MEASURE_WITH_UNIT (LENGTH_MEASURE( 1.000000000000000082E-05 ), #912, 'distance_accuracy_value', 'NONE');
#3585 = DIRECTION ( 'NONE',  ( 1.000000000000000000, -1.120120665500548440E-15, 0.000000000000000000 ) ) ;
#3586 = CARTESIAN_POINT ( 'NONE',  ( -3.749992964849198085, 1.582550057698988821, 1.700000000000000178 ) ) ;
#3587 = VECTOR ( 'NONE', #4606, 1000.000000000000000 ) ;
#3588 = EDGE_CURVE ( 'NONE', #6988, #1119, #3009, .T. ) ;
#3589 = CARTESIAN_POINT ( 'NONE',  ( -3.507790025727651528, -0.3559135173969454335, -4.759249815416415785 ) ) ;
#3590 = CARTESIAN_POINT ( 'NONE',  ( 4.574006762997095521, 0.03922814513537039444, -4.240000000000001101 ) ) ;
#3591 = CARTESIAN_POINT ( 'NONE',  ( 3.599999999999999201, -12.74127152210484937, 5.150000000000000355 ) ) ;
#3592 = LINE ( 'NONE', #177, #186 ) ;
#3593 = ORIENTED_EDGE ( 'NONE', *, *, #6102, .F. ) ;
#3594 = CARTESIAN_POINT ( 'NONE',  ( 4.222822763272201740, 1.371071533533629649, 2.109999999999999876 ) ) ;
#3595 = EDGE_CURVE ( 'NONE', #6342, #4490, #1872, .T. ) ;
#3596 = AXIS2_PLACEMENT_3D ( 'NONE', #4560, #2605, #7242 ) ;
#3597 = ORIENTED_EDGE ( 'NONE', *, *, #6739, .T. ) ;
#3598 = CARTESIAN_POINT ( 'NONE',  ( 3.749992964849198085, 1.582550057698988821, -2.970000000000000639 ) ) ;
#3599 = PRESENTATION_STYLE_ASSIGNMENT (( #956 ) ) ;
#3600 = ADVANCED_FACE ( 'NONE', ( #3697 ), #1664, .T. ) ;
#3601 = CARTESIAN_POINT ( 'NONE',  ( -3.108111041950426756, 2.500000000000000000, 4.869579648282762463 ) ) ;
#3602 = EDGE_CURVE ( 'NONE', #6042, #3011, #1170, .T. ) ;
#3603 = ORIENTED_EDGE ( 'NONE', *, *, #3833, .F. ) ;
#3604 = ORIENTED_EDGE ( 'NONE', *, *, #8143, .T. ) ;
#3605 = CIRCLE ( 'NONE', #8423, 0.07500000000000128786 ) ;
#3606 = LINE ( 'NONE', #6242, #2016 ) ;
#3607 = ORIENTED_EDGE ( 'NONE', *, *, #7436, .F. ) ;
#3608 = DIRECTION ( 'NONE',  ( -0.000000000000000000, -0.000000000000000000, -1.000000000000000000 ) ) ;
#3609 = DIRECTION ( 'NONE',  ( 0.2710153738641577492, -0.9625750189617798824, 0.000000000000000000 ) ) ;
#3610 = DIRECTION ( 'NONE',  ( -0.000000000000000000, -0.000000000000000000, -1.000000000000000000 ) ) ;
#3611 = DIRECTION ( 'NONE',  ( -0.000000000000000000, -0.000000000000000000, -1.000000000000000000 ) ) ;
#3612 = DIRECTION ( 'NONE',  ( -0.2710153738641577492, 0.9625750189617798824, -0.000000000000000000 ) ) ;
#3613 = CARTESIAN_POINT ( 'NONE',  ( 3.618119858593996874, 2.520875965144009356, 4.869579648282763351 ) ) ;
#3614 = VECTOR ( 'NONE', #5607, 1000.000000000000000 ) ;
#3615 = ORIENTED_EDGE ( 'NONE', *, *, #1728, .T. ) ;
#3616 = DIRECTION ( 'NONE',  ( -1.000000000000000000, 0.000000000000000000, 0.000000000000000000 ) ) ;
#3617 = CARTESIAN_POINT ( 'NONE',  ( 3.749992964849197641, 1.367449942301012022, -2.970000000000000639 ) ) ;
#3618 = FACE_OUTER_BOUND ( 'NONE', #1910, .T. ) ;
#3619 = VECTOR ( 'NONE', #6728, 1000.000000000000114 ) ;
#3620 = EDGE_LOOP ( 'NONE', ( #7717, #2393, #9, #6488 ) ) ;
#3621 = DIRECTION ( 'NONE',  ( -0.000000000000000000, -0.000000000000000000, -1.000000000000000000 ) ) ;
#3622 = ORIENTED_EDGE ( 'NONE', *, *, #715, .T. ) ;
#3623 = PLANE ( 'NONE',  #6528 ) ;
#3624 = LINE ( 'NONE', #8204, #4034 ) ;
#3625 = ADVANCED_FACE ( 'NONE', ( #6339 ), #3661, .F. ) ;
#3626 = AXIS2_PLACEMENT_3D ( 'NONE', #5685, #8310, #2374 ) ;
#3627 = DIRECTION ( 'NONE',  ( -1.000000000000000000, 0.000000000000000000, 0.000000000000000000 ) ) ;
#3628 = CARTESIAN_POINT ( 'NONE',  ( -3.943579639192182018, 1.367449942301015131, 1.700000000000000178 ) ) ;
#3629 = CARTESIAN_POINT ( 'NONE',  ( -4.222822763272206181, 1.371071533533628317, 4.649999999999999467 ) ) ;
#3630 = DIRECTION ( 'NONE',  ( 1.000000000000000000, 0.000000000000000000, -0.000000000000000000 ) ) ;
#3631 = ORIENTED_EDGE ( 'NONE', *, *, #5629, .F. ) ;
#3632 = LINE ( 'NONE', #6834, #2024 ) ;
#3633 = LINE ( 'NONE', #6921, #2179 ) ;
#3634 = AXIS2_PLACEMENT_3D ( 'NONE', #8078, #4110, #822 ) ;
#3635 = ORIENTED_EDGE ( 'NONE', *, *, #3503, .F. ) ;
#3636 = ADVANCED_FACE ( 'NONE', ( #2427 ), #1701, .F. ) ;
#3637 = VECTOR ( 'NONE', #6675, 1000.000000000000227 ) ;
#3638 = LINE ( 'NONE', #514, #4466 ) ;
#3639 =( NAMED_UNIT ( * ) PLANE_ANGLE_UNIT ( ) SI_UNIT ( $, .RADIAN. ) );
#3640 = AXIS2_PLACEMENT_3D ( 'NONE', #7286, #6721, #8058 ) ;
#3641 = DIRECTION ( 'NONE',  ( -0.2710153738641504773, -0.9625750189617817698, 0.000000000000000000 ) ) ;
#3642 = ORIENTED_EDGE ( 'NONE', *, *, #142, .T. ) ;
#3643 = CARTESIAN_POINT ( 'NONE',  ( -4.589011388549212533, 0.2538042874631317170, 0.4299999999999998268 ) ) ;
#3644 = ORIENTED_EDGE ( 'NONE', *, *, #5336, .T. ) ;
#3645 = VERTEX_POINT ( 'NONE', #6464 ) ;
#3646 = VECTOR ( 'NONE', #2377, 1000.000000000000000 ) ;
#3647 = EDGE_CURVE ( 'NONE', #4311, #3788, #2469, .T. ) ;
#3648 = DIRECTION ( 'NONE',  ( 0.000000000000000000, 0.1391731009600622737, 0.9902680687415706950 ) ) ;
#3649 = FACE_OUTER_BOUND ( 'NONE', #182, .T. ) ;
#3650 = CARTESIAN_POINT ( 'NONE',  ( -4.222822763272207958, 1.371071533533628761, 4.649999999999999467 ) ) ;
#3651 = DIRECTION ( 'NONE',  ( -2.016181479920678149E-15, -1.000000000000000000, -0.000000000000000000 ) ) ;
#3652 = PRESENTATION_LAYER_ASSIGNMENT (  '', '', ( #7384 ) ) ;
#3653 = PLANE ( 'NONE',  #7636 ) ;
#3654 = ORIENTED_EDGE ( 'NONE', *, *, #137, .F. ) ;
#3655 = DIRECTION ( 'NONE',  ( 0.000000000000000000, 0.000000000000000000, 1.000000000000000000 ) ) ;
#3656 = EDGE_CURVE ( 'NONE', #3865, #3499, #7826, .T. ) ;
#3657 = EDGE_CURVE ( 'NONE', #4325, #1596, #2875, .T. ) ;
#3658 = CARTESIAN_POINT ( 'NONE',  ( -4.015772765614322282, 1.312776095340825622, 3.379999999999999449 ) ) ;
#3659 = SURFACE_STYLE_USAGE ( .BOTH. , #3695 ) ;
#3660 = ORIENTED_EDGE ( 'NONE', *, *, #5882, .F. ) ;
#3661 = PLANE ( 'NONE',  #4112 ) ;
#3662 = EDGE_LOOP ( 'NONE', ( #4387, #6820, #3428, #1999 ) ) ;
#3663 = FACE_OUTER_BOUND ( 'NONE', #736, .T. ) ;
#3664 = EDGE_CURVE ( 'NONE', #6833, #5122, #1188, .T. ) ;
#3665 = DIRECTION ( 'NONE',  ( -0.000000000000000000, -0.000000000000000000, -1.000000000000000000 ) ) ;
#3666 = DIRECTION ( 'NONE',  ( -0.000000000000000000, -0.000000000000000000, -1.000000000000000000 ) ) ;
#3667 = CARTESIAN_POINT ( 'NONE',  ( 3.943579639192182018, 1.367449942301011800, -4.240000000000001101 ) ) ;
#3668 = CARTESIAN_POINT ( 'NONE',  ( 3.599972658955195914, 0.2999999999999999889, -4.869579648282763351 ) ) ;
#3669 = LINE ( 'NONE', #1256, #57 ) ;
#3670 = EDGE_LOOP ( 'NONE', ( #2036, #25, #5470, #1949 ) ) ;
#3671 = DIRECTION ( 'NONE',  ( -1.000000000000000000, 0.000000000000000000, 0.000000000000000000 ) ) ;
#3672 = ADVANCED_FACE ( 'NONE', ( #2309 ), #1132, .T. ) ;
#3673 = CARTESIAN_POINT ( 'NONE',  ( 3.943579639192182018, 1.292449942301011845, 0.4299999999999998268 ) ) ;
#3674 = VERTEX_POINT ( 'NONE', #5123 ) ;
#3675 = CARTESIAN_POINT ( 'NONE',  ( 0.000000000000000000, 0.2999999999999999889, 0.000000000000000000 ) ) ;
#3676 = PRESENTATION_STYLE_ASSIGNMENT (( #1843 ) ) ;
#3677 = ORIENTED_EDGE ( 'NONE', *, *, #8258, .T. ) ;
#3678 = VECTOR ( 'NONE', #3937, 1000.000000000000000 ) ;
#3679 = CARTESIAN_POINT ( 'NONE',  ( 3.943579639192182018, 1.292449942301011845, 2.109999999999999876 ) ) ;
#3680 = VERTEX_POINT ( 'NONE', #4388 ) ;
#3681 = ORIENTED_EDGE ( 'NONE', *, *, #6330, .T. ) ;
#3682 = DIRECTION ( 'NONE',  ( 1.000000000000000000, 0.000000000000000000, -0.000000000000000000 ) ) ;
#3683 = VECTOR ( 'NONE', #5462, 1000.000000000000227 ) ;
#3684 = LINE ( 'NONE', #400, #4683 ) ;
#3685 = PRESENTATION_STYLE_ASSIGNMENT (( #7102 ) ) ;
#3686 = LINE ( 'NONE', #6329, #7689 ) ;
#3687 = AXIS2_PLACEMENT_3D ( 'NONE', #3714, #6354, #1964 ) ;
#3688 = DIRECTION ( 'NONE',  ( 0.9975640502598241977, -0.06975647374412544122, -0.000000000000000000 ) ) ;
#3689 = ADVANCED_FACE ( 'NONE', ( #7029 ), #5740, .T. ) ;
#3690 = EDGE_LOOP ( 'NONE', ( #1306, #7979, #5481, #1316 ) ) ;
#3691 = CARTESIAN_POINT ( 'NONE',  ( 5.134995374447882455, 0.000000000000000000, -4.650000000000000355 ) ) ;
#3692 = VECTOR ( 'NONE', #2364, 1000.000000000000227 ) ;
#3693 = AXIS2_PLACEMENT_3D ( 'NONE', #4564, #1950, #5307 ) ;
#3694 = LINE ( 'NONE', #4428, #5244 ) ;
#3695 = SURFACE_SIDE_STYLE ('',( #2346 ) ) ;
#3696 = ORIENTED_EDGE ( 'NONE', *, *, #7873, .F. ) ;
#3697 = FACE_OUTER_BOUND ( 'NONE', #2454, .T. ) ;
#3698 = EDGE_CURVE ( 'NONE', #6134, #7430, #3740, .T. ) ;
#3699 = FACE_OUTER_BOUND ( 'NONE', #2821, .T. ) ;
#3700 = VECTOR ( 'NONE', #3836, 1000.000000000000000 ) ;
#3701 = EDGE_CURVE ( 'NONE', #2412, #2484, #7751, .T. ) ;
#3702 = VECTOR ( 'NONE', #7234, 1000.000000000000000 ) ;
#3703 = ORIENTED_EDGE ( 'NONE', *, *, #1094, .T. ) ;
#3704 = ORIENTED_EDGE ( 'NONE', *, *, #2233, .F. ) ;
#3705 = PLANE ( 'NONE',  #5691 ) ;
#3706 = STYLED_ITEM ( 'NONE', ( #8068 ), #2496 ) ;
#3707 = PLANE ( 'NONE',  #293 ) ;
#3708 = DIRECTION ( 'NONE',  ( -1.000000000000000000, 0.000000000000000000, 0.000000000000000000 ) ) ;
#3709 = CARTESIAN_POINT ( 'NONE',  ( -4.015772765614322282, 1.312776095340825622, 2.109999999999999876 ) ) ;
#3710 = AXIS2_PLACEMENT_3D ( 'NONE', #8514, #6027, #2071 ) ;
#3711 = EDGE_CURVE ( 'NONE', #5252, #1917, #5004, .T. ) ;
#3712 = DIRECTION ( 'NONE',  ( 1.000000000000000000, -1.120120665500546074E-15, -0.000000000000000000 ) ) ;
#3713 = ORIENTED_EDGE ( 'NONE', *, *, #5825, .F. ) ;
#3714 = CARTESIAN_POINT ( 'NONE',  ( -3.528687866222429470, 2.079423175727996842, 4.928687866222429825 ) ) ;
#3715 = EDGE_CURVE ( 'NONE', #5748, #6654, #366, .T. ) ;
#3716 = DIRECTION ( 'NONE',  ( 0.06975647374412545509, 0.9975640502598243087, -0.000000000000000000 ) ) ;
#3717 = VECTOR ( 'NONE', #2318, 1000.000000000000000 ) ;
#3718 = ORIENTED_EDGE ( 'NONE', *, *, #7681, .F. ) ;
#3719 = CARTESIAN_POINT ( 'NONE',  ( -3.749992964849197641, 1.367449942301012022, 5.001452754537961454 ) ) ;
#3720 = FACE_OUTER_BOUND ( 'NONE', #7205, .T. ) ;
#3721 = CIRCLE ( 'NONE', #140, 0.07500000000000041356 ) ;
#3722 = DIRECTION ( 'NONE',  ( -1.000000000000000000, 0.000000000000000000, 0.000000000000000000 ) ) ;
#3723 = ORIENTED_EDGE ( 'NONE', *, *, #3760, .F. ) ;
#3724 = ORIENTED_EDGE ( 'NONE', *, *, #5192, .F. ) ;
#3725 = ORIENTED_EDGE ( 'NONE', *, *, #8345, .F. ) ;
#3726 = EDGE_CURVE ( 'NONE', #2553, #4806, #3266, .T. ) ;
#3727 = DIRECTION ( 'NONE',  ( 0.2710153738641577492, -0.9625750189617798824, 0.000000000000000000 ) ) ;
#3728 = DIRECTION ( 'NONE',  ( -1.000000000000000000, -1.120120665500548440E-15, -0.000000000000000000 ) ) ;
#3729 = CARTESIAN_POINT ( 'NONE',  ( 4.315000000000000391, 0.2500000000000000000, 2.969999999999999751 ) ) ;
#3730 = LINE ( 'NONE', #6900, #6453 ) ;
#3731 = CIRCLE ( 'NONE', #1517, 0.2901001153979764768 ) ;
#3732 = CARTESIAN_POINT ( 'NONE',  ( 3.943579639192182018, 1.367449942301011800, -2.970000000000000639 ) ) ;
#3733 = ORIENTED_EDGE ( 'NONE', *, *, #8448, .F. ) ;
#3734 = CARTESIAN_POINT ( 'NONE',  ( 3.599999999999999201, 1.367500000000028360, -5.150000000000000355 ) ) ;
#3735 = VECTOR ( 'NONE', #6061, 1000.000000000000000 ) ;
#3736 = CARTESIAN_POINT ( 'NONE',  ( -5.150000000000000355, 0.2145761423277614266, 0.4299999999999998268 ) ) ;
#3737 = DIRECTION ( 'NONE',  ( 0.2710153738641504773, 0.9625750189617817698, 0.000000000000000000 ) ) ;
#3738 = EDGE_CURVE ( 'NONE', #7863, #3920, #3919, .T. ) ;
#3739 = ORIENTED_EDGE ( 'NONE', *, *, #1400, .F. ) ;
#3740 = LINE ( 'NONE', #8364, #110 ) ;
#3741 = ORIENTED_EDGE ( 'NONE', *, *, #3249, .T. ) ;
#3742 = VECTOR ( 'NONE', #8267, 1000.000000000000114 ) ;
#3743 = DIRECTION ( 'NONE',  ( -0.000000000000000000, -0.000000000000000000, -1.000000000000000000 ) ) ;
#3744 = ORIENTED_EDGE ( 'NONE', *, *, #1543, .T. ) ;
#3745 = ORIENTED_EDGE ( 'NONE', *, *, #8034, .F. ) ;
#3746 = DIRECTION ( 'NONE',  ( -0.000000000000000000, -0.000000000000000000, -1.000000000000000000 ) ) ;
#3747 = EDGE_CURVE ( 'NONE', #1623, #3549, #6878, .T. ) ;
#3748 = VECTOR ( 'NONE', #7938, 1000.000000000000114 ) ;
#3749 = DIRECTION ( 'NONE',  ( -0.1378445374916253130, -0.9808148484639900300, -0.1378445374916253130 ) ) ;
#3750 = DIRECTION ( 'NONE',  ( 0.2710153738641577492, -0.9625750189617798824, 0.000000000000000000 ) ) ;
#3751 = ADVANCED_FACE ( 'NONE', ( #2653 ), #7334, .F. ) ;
#3752 = CARTESIAN_POINT ( 'NONE',  ( -5.134995374447882455, 0.000000000000000000, 0.8399999999999996358 ) ) ;
#3753 = ORIENTED_EDGE ( 'NONE', *, *, #4206, .F. ) ;
#3754 = LINE ( 'NONE', #5053, #372 ) ;
#3755 = DIRECTION ( 'NONE',  ( -1.000000000000000000, 0.000000000000000000, 0.000000000000000000 ) ) ;
#3756 = COLOUR_RGB ( '',0.8000000000000000444, 0.8078431372549019773, 0.8000000000000000444 ) ;
#3757 = EDGE_LOOP ( 'NONE', ( #6637, #765, #7317, #4635 ) ) ;
#3758 = ADVANCED_FACE ( 'NONE', ( #2609 ), #1399, .F. ) ;
#3759 = DIRECTION ( 'NONE',  ( 0.2710153738641504773, 0.9625750189617817698, 0.000000000000000000 ) ) ;
#3760 = EDGE_CURVE ( 'NONE', #6342, #4000, #5076, .T. ) ;
#3761 = DIRECTION ( 'NONE',  ( -0.000000000000000000, -0.000000000000000000, -1.000000000000000000 ) ) ;
#3762 = LINE ( 'NONE', #6401, #2580 ) ;
#3763 = AXIS2_PLACEMENT_3D ( 'NONE', #2261, #5533, #1528 ) ;
#3764 =( NAMED_UNIT ( * ) SI_UNIT ( $, .STERADIAN. ) SOLID_ANGLE_UNIT ( ) );
#3765 = ORIENTED_EDGE ( 'NONE', *, *, #6563, .F. ) ;
#3766 = ORIENTED_EDGE ( 'NONE', *, *, #3132, .F. ) ;
#3767 = ORIENTED_EDGE ( 'NONE', *, *, #7606, .T. ) ;
#3768 = VECTOR ( 'NONE', #487, 1000.000000000000114 ) ;
#3769 = EDGE_CURVE ( 'NONE', #2667, #757, #5819, .T. ) ;
#3770 = CARTESIAN_POINT ( 'NONE',  ( 4.222822763272201740, 1.371071533533629649, -2.970000000000000639 ) ) ;
#3771 = VECTOR ( 'NONE', #7608, 1000.000000000000000 ) ;
#3772 = CARTESIAN_POINT ( 'NONE',  ( -3.469579648282762996, 0.2999999999999999889, -4.999972658955196714 ) ) ;
#3773 = DIRECTION ( 'NONE',  ( -0.000000000000000000, -0.000000000000000000, -1.000000000000000000 ) ) ;
#3774 = MECHANICAL_DESIGN_GEOMETRIC_PRESENTATION_REPRESENTATION (  '', ( #1563 ), #181 ) ;
#3775 = ADVANCED_FACE ( 'NONE', ( #2559 ), #7886, .F. ) ;
#3776 = DIRECTION ( 'NONE',  ( -1.000000000000000000, 0.000000000000000000, 0.000000000000000000 ) ) ;
#3777 = VECTOR ( 'NONE', #3957, 1000.000000000000000 ) ;
#3778 = VERTEX_POINT ( 'NONE', #5210 ) ;
#3779 = VERTEX_POINT ( 'NONE', #1996 ) ;
#3780 = DIRECTION ( 'NONE',  ( -0.9975640502598241977, -0.06975647374412544122, 0.000000000000000000 ) ) ;
#3781 = DIRECTION ( 'NONE',  ( 0.06975647374412545509, 0.9975640502598243087, -0.000000000000000000 ) ) ;
#3782 = COLOUR_RGB ( '',0.8000000000000000444, 0.8078431372549019773, 0.8000000000000000444 ) ;
#3783 = ORIENTED_EDGE ( 'NONE', *, *, #8307, .T. ) ;
#3784 = DIRECTION ( 'NONE',  ( -1.000000000000000000, 0.000000000000000000, 0.000000000000000000 ) ) ;
#3785 = VERTEX_POINT ( 'NONE', #1352 ) ;
#3786 = CARTESIAN_POINT ( 'NONE',  ( 3.943579639192182018, 1.292449942301011845, -4.650000000000000355 ) ) ;
#3787 = ORIENTED_EDGE ( 'NONE', *, *, #7416, .F. ) ;
#3788 = VERTEX_POINT ( 'NONE', #5168 ) ;
#3789 = DIRECTION ( 'NONE',  ( 0.000000000000000000, 0.000000000000000000, 1.000000000000000000 ) ) ;
#3790 = DIRECTION ( 'NONE',  ( -0.06975647374412764778, 0.9975640502598241977, 0.000000000000000000 ) ) ;
#3791 = CARTESIAN_POINT ( 'NONE',  ( -3.943579639192182018, 1.292449942301011845, -2.970000000000000639 ) ) ;
#3792 = DIRECTION ( 'NONE',  ( 1.000000000000000000, 0.000000000000000000, 0.000000000000000000 ) ) ;
#3793 = EDGE_LOOP ( 'NONE', ( #6772, #8477, #5713, #1717, #8238, #8525, #3322, #452, #2142, #5720, #6566, #4934 ) ) ;
#3794 = DIRECTION ( 'NONE',  ( 0.2710153738641504773, 0.9625750189617817698, 0.000000000000000000 ) ) ;
#3795 = DIRECTION ( 'NONE',  ( 1.000000000000000000, -1.120120665500546074E-15, -0.000000000000000000 ) ) ;
#3796 = ADVANCED_FACE ( 'NONE', ( #7838 ), #5344, .F. ) ;
#3797 = ORIENTED_EDGE ( 'NONE', *, *, #8265, .T. ) ;
#3798 = DIRECTION ( 'NONE',  ( 0.9625750189617818808, -0.2710153738641505328, 0.000000000000000000 ) ) ;
#3799 = CARTESIAN_POINT ( 'NONE',  ( -3.943579639192182018, 1.292449942301011845, -0.8400000000000005240 ) ) ;
#3800 = CARTESIAN_POINT ( 'NONE',  ( 3.943579639192182018, 1.292449942301011845, -2.110000000000000320 ) ) ;
#3801 = CARTESIAN_POINT ( 'NONE',  ( -4.589011388549212533, 0.2538042874631301071, -2.970000000000000639 ) ) ;
#3802 = ORIENTED_EDGE ( 'NONE', *, *, #3380, .T. ) ;
#3803 = ADVANCED_FACE ( 'NONE', ( #3312 ), #5953, .T. ) ;
#3804 = EDGE_CURVE ( 'NONE', #3023, #5939, #5775, .T. ) ;
#3805 = ORIENTED_EDGE ( 'NONE', *, *, #6473, .T. ) ;
#3806 = VERTEX_POINT ( 'NONE', #7972 ) ;
#3807 = DIRECTION ( 'NONE',  ( 1.000000000000000000, 0.000000000000000000, 0.000000000000000000 ) ) ;
#3808 = CARTESIAN_POINT ( 'NONE',  ( -3.749992964849198085, 1.582550057698988821, 3.379999999999999449 ) ) ;
#3809 = CARTESIAN_POINT ( 'NONE',  ( 3.943579639192182018, 1.292449942301011845, 0.8399999999999996358 ) ) ;
#3810 = EDGE_CURVE ( 'NONE', #3317, #4325, #2043, .T. ) ;
#3811 = VECTOR ( 'NONE', #4303, 1000.000000000000000 ) ;
#3812 = DIRECTION ( 'NONE',  ( -0.000000000000000000, -0.000000000000000000, -1.000000000000000000 ) ) ;
#3813 = EDGE_LOOP ( 'NONE', ( #7013, #2231, #1143, #8114 ) ) ;
#3814 = EDGE_CURVE ( 'NONE', #1078, #7988, #7793, .T. ) ;
#3815 = FACE_OUTER_BOUND ( 'NONE', #1453, .T. ) ;
#3816 = ORIENTED_EDGE ( 'NONE', *, *, #2566, .F. ) ;
#3817 = ORIENTED_EDGE ( 'NONE', *, *, #8288, .T. ) ;
#3818 = VECTOR ( 'NONE', #7047, 1000.000000000000114 ) ;
#3819 = FACE_OUTER_BOUND ( 'NONE', #5311, .T. ) ;
#3820 = EDGE_CURVE ( 'NONE', #8158, #3529, #1216, .T. ) ;
#3821 = DIRECTION ( 'NONE',  ( 0.000000000000000000, 1.000000000000000000, 0.000000000000000000 ) ) ;
#3822 = CIRCLE ( 'NONE', #8380, 0.07500000000000300870 ) ;
#3823 = ORIENTED_EDGE ( 'NONE', *, *, #6624, .F. ) ;
#3824 = DIRECTION ( 'NONE',  ( -0.06975647374412545509, 0.9975640502598243087, 0.000000000000000000 ) ) ;
#3825 = ORIENTED_EDGE ( 'NONE', *, *, #7153, .T. ) ;
#3826 = UNCERTAINTY_MEASURE_WITH_UNIT (LENGTH_MEASURE( 1.000000000000000082E-05 ), #4307, 'distance_accuracy_value', 'NONE');
#3827 = DIRECTION ( 'NONE',  ( -1.000000000000000000, 0.000000000000000000, 0.000000000000000000 ) ) ;
#3828 = EDGE_LOOP ( 'NONE', ( #2552, #6541, #4640 ) ) ;
#3829 = CIRCLE ( 'NONE', #5362, 0.2999999999999999334 ) ;
#3830 = VECTOR ( 'NONE', #5863, 1000.000000000000114 ) ;
#3831 = ORIENTED_EDGE ( 'NONE', *, *, #8203, .F. ) ;
#3832 = DIRECTION ( 'NONE',  ( -1.000000000000000000, 0.000000000000000000, 0.000000000000000000 ) ) ;
#3833 = EDGE_CURVE ( 'NONE', #1423, #8134, #578, .T. ) ;
#3834 = CARTESIAN_POINT ( 'NONE',  ( 4.574006762997095521, 0.03922814513537039444, 2.109999999999999876 ) ) ;
#3835 = CARTESIAN_POINT ( 'NONE',  ( 4.589011388549212533, 0.2538042874631317170, -3.380000000000000338 ) ) ;
#3836 = DIRECTION ( 'NONE',  ( 1.000000000000000000, 1.120120665500546074E-15, 0.000000000000000000 ) ) ;
#3837 = ORIENTED_EDGE ( 'NONE', *, *, #3747, .F. ) ;
#3838 = CIRCLE ( 'NONE', #2588, 0.07500000000000041356 ) ;
#3839 = CARTESIAN_POINT ( 'NONE',  ( -4.594243124080021445, 0.3286215912326184152, 3.379999999999999449 ) ) ;
#3840 = AXIS2_PLACEMENT_3D ( 'NONE', #4492, #3108, #3238 ) ;
#3841 = DIRECTION ( 'NONE',  ( 1.000000000000000000, 0.000000000000000000, -0.000000000000000000 ) ) ;
#3842 = VERTEX_POINT ( 'NONE', #8486 ) ;
#3843 = CARTESIAN_POINT ( 'NONE',  ( -2.636643502869150169, 2.600000000000000089, -4.369579648282762463 ) ) ;
#3844 = AXIS2_PLACEMENT_3D ( 'NONE', #6698, #4625, #6017 ) ;
#3845 = VERTEX_POINT ( 'NONE', #1571 ) ;
#3846 = VECTOR ( 'NONE', #7822, 1000.000000000000000 ) ;
#3847 = DIRECTION ( 'NONE',  ( -0.000000000000000000, -0.000000000000000000, -1.000000000000000000 ) ) ;
#3848 = CARTESIAN_POINT ( 'NONE',  ( -3.749992964849197641, 1.367449942301012022, 4.649999999999999467 ) ) ;
#3849 = EDGE_CURVE ( 'NONE', #1220, #7602, #203, .T. ) ;
#3850 = CARTESIAN_POINT ( 'NONE',  ( -4.315000000000000391, 0.2500000000000000000, -4.240000000000001101 ) ) ;
#3851 = LINE ( 'NONE', #6487, #1435 ) ;
#3852 = VECTOR ( 'NONE', #7228, 1000.000000000000000 ) ;
#3853 = ORIENTED_EDGE ( 'NONE', *, *, #5015, .F. ) ;
#3854 = EDGE_LOOP ( 'NONE', ( #5296, #3739, #7195, #1740 ) ) ;
#3855 = EDGE_LOOP ( 'NONE', ( #1986, #5866, #1495, #7042 ) ) ;
#3856 = VERTEX_POINT ( 'NONE', #4219 ) ;
#3857 = DIRECTION ( 'NONE',  ( -0.000000000000000000, -0.000000000000000000, -1.000000000000000000 ) ) ;
#3858 = VECTOR ( 'NONE', #4019, 1000.000000000000114 ) ;
#3859 = ADVANCED_FACE ( 'NONE', ( #113 ), #2786, .F. ) ;
#3860 = CARTESIAN_POINT ( 'NONE',  ( -4.594243124080021445, 0.3286215912326184152, 2.109999999999999876 ) ) ;
#3861 = EDGE_CURVE ( 'NONE', #2521, #3920, #3396, .T. ) ;
#3862 =( NAMED_UNIT ( * ) PLANE_ANGLE_UNIT ( ) SI_UNIT ( $, .RADIAN. ) );
#3863 = CARTESIAN_POINT ( 'NONE',  ( 4.015772765614318729, 1.312776095340824734, -2.970000000000000639 ) ) ;
#3864 = ORIENTED_EDGE ( 'NONE', *, *, #1381, .F. ) ;
#3865 = VERTEX_POINT ( 'NONE', #1612 ) ;
#3866 = ORIENTED_EDGE ( 'NONE', *, *, #1081, .F. ) ;
#3867 = EDGE_LOOP ( 'NONE', ( #2183, #211, #6142, #4521 ) ) ;
#3868 = ADVANCED_FACE ( 'NONE', ( #3527 ), #7419, .F. ) ;
#3869 = CARTESIAN_POINT ( 'NONE',  ( -3.469579648282762996, 0.4500000000000000111, 0.000000000000000000 ) ) ;
#3870 = DIRECTION ( 'NONE',  ( -1.000000000000000000, 0.000000000000000000, 0.000000000000000000 ) ) ;
#3871 = DIRECTION ( 'NONE',  ( -0.000000000000000000, -0.000000000000000000, -1.000000000000000000 ) ) ;
#3872 = ORIENTED_EDGE ( 'NONE', *, *, #832, .F. ) ;
#3873 = CARTESIAN_POINT ( 'NONE',  ( -4.574006762997095521, 0.03922814513537028341, -2.970000000000000639 ) ) ;
#3874 = ORIENTED_EDGE ( 'NONE', *, *, #6197, .T. ) ;
#3875 = LINE ( 'NONE', #2611, #2102 ) ;
#3876 = ORIENTED_EDGE ( 'NONE', *, *, #6149, .F. ) ;
#3877 = VECTOR ( 'NONE', #7167, 1000.000000000000227 ) ;
#3878 = ORIENTED_EDGE ( 'NONE', *, *, #1059, .F. ) ;
#3879 = LINE ( 'NONE', #7758, #4170 ) ;
#3880 = DIRECTION ( 'NONE',  ( -1.000000000000000000, 0.000000000000000000, 0.000000000000000000 ) ) ;
#3881 = DIRECTION ( 'NONE',  ( -0.9975640502598241977, 0.06975647374412528856, -0.000000000000000000 ) ) ;
#3882 = CARTESIAN_POINT ( 'NONE',  ( 3.385851378539205925, -0.1666335605849330326, -4.934391588850442822 ) ) ;
#3883 = ORIENTED_EDGE ( 'NONE', *, *, #7340, .F. ) ;
#3884 = DIRECTION ( 'NONE',  ( 0.9975640502598241977, -0.06975647374412528856, 0.000000000000000000 ) ) ;
#3885 = CARTESIAN_POINT ( 'NONE',  ( -3.108111041950426756, 2.500000000000000000, 4.869579648282764239 ) ) ;
#3886 = EDGE_LOOP ( 'NONE', ( #334, #7453, #169, #6345 ) ) ;
#3887 = EDGE_CURVE ( 'NONE', #3297, #892, #238, .T. ) ;
#3888 = CARTESIAN_POINT ( 'NONE',  ( 0.000000000000000000, 0.2999999999999999889, 4.999972658955196714 ) ) ;
#3889 = ORIENTED_EDGE ( 'NONE', *, *, #890, .F. ) ;
#3890 = DIRECTION ( 'NONE',  ( -1.000000000000000000, 0.000000000000000000, 0.000000000000000000 ) ) ;
#3891 =( LENGTH_UNIT ( ) NAMED_UNIT ( * ) SI_UNIT ( .MILLI., .METRE. ) );
#3892 = DIRECTION ( 'NONE',  ( -0.06975647374412764778, 0.9975640502598241977, 0.000000000000000000 ) ) ;
#3893 = FACE_OUTER_BOUND ( 'NONE', #5435, .T. ) ;
#3894 = LINE ( 'NONE', #7909, #992 ) ;
#3895 = EDGE_LOOP ( 'NONE', ( #7587, #7388, #7034, #5045 ) ) ;
#3896 = ADVANCED_FACE ( 'NONE', ( #4915 ), #7544, .F. ) ;
#3897 = ORIENTED_EDGE ( 'NONE', *, *, #7090, .T. ) ;
#3898 = CARTESIAN_POINT ( 'NONE',  ( 3.943579639192182018, 1.367449942301011800, 1.700000000000000178 ) ) ;
#3899 = VECTOR ( 'NONE', #5329, 1000.000000000000227 ) ;
#3900 = CARTESIAN_POINT ( 'NONE',  ( -3.750000000000000888, 1.367500000000028360, -4.999999999999999112 ) ) ;
#3901 = FILL_AREA_STYLE_COLOUR ( '', #5092 ) ;
#3902 = ORIENTED_EDGE ( 'NONE', *, *, #4924, .F. ) ;
#3903 = CARTESIAN_POINT ( 'NONE',  ( -3.943579639192182018, 1.582550057698989043, 0.4299999999999998268 ) ) ;
#3904 = CARTESIAN_POINT ( 'NONE',  ( 5.134995374447882455, 0.000000000000000000, 3.379999999999999449 ) ) ;
#3905 = ORIENTED_EDGE ( 'NONE', *, *, #8448, .T. ) ;
#3906 = ORIENTED_EDGE ( 'NONE', *, *, #1330, .T. ) ;
#3907 = VERTEX_POINT ( 'NONE', #282 ) ;
#3908 = DIRECTION ( 'NONE',  ( -0.000000000000000000, -0.000000000000000000, -1.000000000000000000 ) ) ;
#3909 = VECTOR ( 'NONE', #982, 1000.000000000000000 ) ;
#3910 = EDGE_CURVE ( 'NONE', #619, #8172, #382, .T. ) ;
#3911 = ORIENTED_EDGE ( 'NONE', *, *, #8483, .F. ) ;
#3912 = ORIENTED_EDGE ( 'NONE', *, *, #7835, .F. ) ;
#3913 = VECTOR ( 'NONE', #7092, 1000.000000000000114 ) ;
#3914 = DIRECTION ( 'NONE',  ( 0.000000000000000000, 0.000000000000000000, 1.000000000000000000 ) ) ;
#3915 = LINE ( 'NONE', #5900, #4704 ) ;
#3916 = AXIS2_PLACEMENT_3D ( 'NONE', #664, #5253, #1988 ) ;
#3917 = FACE_OUTER_BOUND ( 'NONE', #4868, .T. ) ;
#3918 = ORIENTED_EDGE ( 'NONE', *, *, #1603, .F. ) ;
#3919 = LINE ( 'NONE', #1302, #2304 ) ;
#3920 = VERTEX_POINT ( 'NONE', #5442 ) ;
#3921 = UNCERTAINTY_MEASURE_WITH_UNIT (LENGTH_MEASURE( 1.000000000000000082E-05 ), #6571, 'distance_accuracy_value', 'NONE');
#3922 = VECTOR ( 'NONE', #3871, 1000.000000000000000 ) ;
#3923 = LINE ( 'NONE', #3267, #3082 ) ;
#3924 = ORIENTED_EDGE ( 'NONE', *, *, #7033, .T. ) ;
#3925 = EDGE_CURVE ( 'NONE', #8465, #5044, #2088, .T. ) ;
#3926 = EDGE_CURVE ( 'NONE', #6678, #8489, #4259, .T. ) ;
#3927 = ORIENTED_EDGE ( 'NONE', *, *, #4196, .F. ) ;
#3928 = CARTESIAN_POINT ( 'NONE',  ( 5.134995374447882455, 0.000000000000000000, -2.970000000000000639 ) ) ;
#3929 = DIRECTION ( 'NONE',  ( 0.06975647374412763391, 0.9975640502598240866, -0.000000000000000000 ) ) ;
#3930 = CARTESIAN_POINT ( 'NONE',  ( -5.150000000000000355, 0.2145761423277614266, 2.109999999999999876 ) ) ;
#3931 = CARTESIAN_POINT ( 'NONE',  ( 4.594243124080021445, 0.3286215912326184152, -0.4300000000000007150 ) ) ;
#3932 = ORIENTED_EDGE ( 'NONE', *, *, #6567, .F. ) ;
#3933 = FACE_OUTER_BOUND ( 'NONE', #3886, .T. ) ;
#3934 = VERTEX_POINT ( 'NONE', #4874 ) ;
#3935 = FACE_OUTER_BOUND ( 'NONE', #7447, .T. ) ;
#3936 = ADVANCED_FACE ( 'NONE', ( #764 ), #2746, .T. ) ;
#3937 = DIRECTION ( 'NONE',  ( -2.016181479920678149E-15, -1.000000000000000000, -0.000000000000000000 ) ) ;
#3938 = CARTESIAN_POINT ( 'NONE',  ( 5.150000000000000355, 0.2145761423277614266, 4.240000000000000213 ) ) ;
#3939 = CARTESIAN_POINT ( 'NONE',  ( 5.134995374447882455, 0.000000000000000000, -4.240000000000001101 ) ) ;
#3940 = EDGE_CURVE ( 'NONE', #4422, #5190, #3566, .T. ) ;
#3941 = LINE ( 'NONE', #3848, #5300 ) ;
#3942 = CARTESIAN_POINT ( 'NONE',  ( 3.749992964849197641, 1.367449942301012022, 3.379999999999999449 ) ) ;
#3943 = CARTESIAN_POINT ( 'NONE',  ( -4.315000000000000391, 0.2499999999999998890, 0.8399999999999996358 ) ) ;
#3944 = ORIENTED_EDGE ( 'NONE', *, *, #7628, .F. ) ;
#3945 = EDGE_LOOP ( 'NONE', ( #6319, #7377, #3924, #5410 ) ) ;
#3946 = CARTESIAN_POINT ( 'NONE',  ( -3.528687866222429914, 2.079423175727996842, -4.928687866222428937 ) ) ;
#3947 = DIRECTION ( 'NONE',  ( -0.000000000000000000, -0.000000000000000000, -1.000000000000000000 ) ) ;
#3948 =( LENGTH_UNIT ( ) NAMED_UNIT ( * ) SI_UNIT ( .MILLI., .METRE. ) );
#3949 = ORIENTED_EDGE ( 'NONE', *, *, #377, .T. ) ;
#3950 = LINE ( 'NONE', #7190, #8527 ) ;
#3951 = ORIENTED_EDGE ( 'NONE', *, *, #5033, .F. ) ;
#3952 = SURFACE_STYLE_USAGE ( .BOTH. , #5201 ) ;
#3953 = ORIENTED_EDGE ( 'NONE', *, *, #6544, .F. ) ;
#3954 = ORIENTED_EDGE ( 'NONE', *, *, #3595, .F. ) ;
#3955 = DIRECTION ( 'NONE',  ( -0.000000000000000000, -0.000000000000000000, -1.000000000000000000 ) ) ;
#3956 = CARTESIAN_POINT ( 'NONE',  ( -3.749992964849198085, 1.582550057698988599, -5.001452754537961454 ) ) ;
#3957 = DIRECTION ( 'NONE',  ( -0.000000000000000000, -0.000000000000000000, -1.000000000000000000 ) ) ;
#3958 = ORIENTED_EDGE ( 'NONE', *, *, #8369, .T. ) ;
#3959 = CARTESIAN_POINT ( 'NONE',  ( 3.469579648282761219, 0.4500000000000000111, 4.869579648282763351 ) ) ;
#3960 = EDGE_CURVE ( 'NONE', #1803, #550, #1443, .T. ) ;
#3961 = PLANE ( 'NONE',  #8044 ) ;
#3962 = ORIENTED_EDGE ( 'NONE', *, *, #3334, .F. ) ;
#3963 = AXIS2_PLACEMENT_3D ( 'NONE', #8308, #5923, #2622 ) ;
#3964 = ORIENTED_EDGE ( 'NONE', *, *, #6247, .F. ) ;
#3965 = CARTESIAN_POINT ( 'NONE',  ( 3.749999999999999112, 1.582499999999972928, 5.000000000000000000 ) ) ;
#3966 = PLANE ( 'NONE',  #4159 ) ;
#3967 = FACE_OUTER_BOUND ( 'NONE', #1307, .T. ) ;
#3968 = DIRECTION ( 'NONE',  ( 0.000000000000000000, 0.000000000000000000, 1.000000000000000000 ) ) ;
#3969 = EDGE_CURVE ( 'NONE', #1357, #5338, #6850, .T. ) ;
#3970 = ORIENTED_EDGE ( 'NONE', *, *, #397, .F. ) ;
#3971 = CARTESIAN_POINT ( 'NONE',  ( -3.750000000000000888, 1.582499999999972928, -5.000000000000000888 ) ) ;
#3972 = EDGE_CURVE ( 'NONE', #3515, #227, #924, .T. ) ;
#3973 = EDGE_LOOP ( 'NONE', ( #3003, #3119, #5172, #4264 ) ) ;
#3974 = DIRECTION ( 'NONE',  ( -0.000000000000000000, -0.000000000000000000, -1.000000000000000000 ) ) ;
#3975 = ORIENTED_EDGE ( 'NONE', *, *, #5289, .T. ) ;
#3976 = VECTOR ( 'NONE', #6361, 1000.000000000000114 ) ;
#3977 = CIRCLE ( 'NONE', #243, 0.2999999999999999334 ) ;
#3978 = DIRECTION ( 'NONE',  ( -0.000000000000000000, -0.000000000000000000, -1.000000000000000000 ) ) ;
#3979 = EDGE_CURVE ( 'NONE', #7473, #2132, #4674, .T. ) ;
#3980 = CIRCLE ( 'NONE', #7831, 0.07500000000000128786 ) ;
#3981 = CARTESIAN_POINT ( 'NONE',  ( 3.749992964849197641, 1.367449942301012022, -1.700000000000000622 ) ) ;
#3982 = VECTOR ( 'NONE', #7157, 1000.000000000000227 ) ;
#3983 = LINE ( 'NONE', #4675, #2940 ) ;
#3984 = ADVANCED_FACE ( 'NONE', ( #802, #3441 ), #7465, .T. ) ;
#3985 = CARTESIAN_POINT ( 'NONE',  ( -4.222822763272207958, 1.371071533533628761, 4.240000000000000213 ) ) ;
#3986 = CARTESIAN_POINT ( 'NONE',  ( 3.601452754537961543, 1.582550057698988599, 5.149992964849197108 ) ) ;
#3987 = ORIENTED_EDGE ( 'NONE', *, *, #7713, .T. ) ;
#3988 = VECTOR ( 'NONE', #2360, 1000.000000000000000 ) ;
#3989 = CIRCLE ( 'NONE', #7163, 0.07500000000000300870 ) ;
#3990 = ORIENTED_EDGE ( 'NONE', *, *, #4131, .T. ) ;
#3991 = FACE_OUTER_BOUND ( 'NONE', #1814, .T. ) ;
#3992 = MECHANICAL_DESIGN_GEOMETRIC_PRESENTATION_REPRESENTATION (  '', ( #3706 ), #2889 ) ;
#3993 = DIRECTION ( 'NONE',  ( -0.000000000000000000, -0.000000000000000000, -1.000000000000000000 ) ) ;
#3994 = DIRECTION ( 'NONE',  ( 0.2710153738641504773, 0.9625750189617817698, 0.000000000000000000 ) ) ;
#3995 = ORIENTED_EDGE ( 'NONE', *, *, #4678, .F. ) ;
#3996 = CIRCLE ( 'NONE', #1901, 0.2901001153979764768 ) ;
#3997 = SURFACE_STYLE_FILL_AREA ( #7233 ) ;
#3998 = LINE ( 'NONE', #7783, #1887 ) ;
#3999 = ORIENTED_EDGE ( 'NONE', *, *, #2104, .T. ) ;
#4000 = VERTEX_POINT ( 'NONE', #357 ) ;
#4001 = ORIENTED_EDGE ( 'NONE', *, *, #2274, .T. ) ;
#4002 = DIRECTION ( 'NONE',  ( -0.000000000000000000, 0.000000000000000000, -1.000000000000000000 ) ) ;
#4003 = EDGE_CURVE ( 'NONE', #8201, #5680, #5653, .T. ) ;
#4004 = ORIENTED_EDGE ( 'NONE', *, *, #269, .F. ) ;
#4005 = VERTEX_POINT ( 'NONE', #7658 ) ;
#4006 = CIRCLE ( 'NONE', #1210, 0.07500000000000300870 ) ;
#4007 = LINE ( 'NONE', #6638, #5412 ) ;
#4008 = DIRECTION ( 'NONE',  ( 0.2710153738641504773, 0.9625750189617817698, 0.000000000000000000 ) ) ;
#4009 = CARTESIAN_POINT ( 'NONE',  ( 4.589011388549212533, 0.2538042874631317170, -0.8400000000000005240 ) ) ;
#4010 = VERTEX_POINT ( 'NONE', #4298 ) ;
#4011 = CARTESIAN_POINT ( 'NONE',  ( -3.601452754537963319, 1.582550057698988821, 5.149992964849197108 ) ) ;
#4012 = AXIS2_PLACEMENT_3D ( 'NONE', #771, #4621, #7253 ) ;
#4013 = PLANE ( 'NONE',  #1267 ) ;
#4014 = ORIENTED_EDGE ( 'NONE', *, *, #478, .T. ) ;
#4015 = VERTEX_POINT ( 'NONE', #2963 ) ;
#4016 = CARTESIAN_POINT ( 'NONE',  ( -4.589011388549212533, 0.2538042874631301071, -2.970000000000000639 ) ) ;
#4017 = ADVANCED_FACE ( 'NONE', ( #7698 ), #1723, .F. ) ;
#4018 = CARTESIAN_POINT ( 'NONE',  ( -3.943579639192182018, 1.367449942301011800, -0.4300000000000007150 ) ) ;
#4019 = DIRECTION ( 'NONE',  ( -0.2710153738641577492, 0.9625750189617798824, -0.000000000000000000 ) ) ;
#4020 = CYLINDRICAL_SURFACE ( 'NONE', #7688, 0.07500000000000041356 ) ;
#4021 = ORIENTED_EDGE ( 'NONE', *, *, #1683, .F. ) ;
#4022 = CARTESIAN_POINT ( 'NONE',  ( 0.000000000000000000, 2.520875965144008912, -5.018119858593998117 ) ) ;
#4023 = VERTEX_POINT ( 'NONE', #970 ) ;
#4024 = DIRECTION ( 'NONE',  ( -1.000000000000000000, 0.000000000000000000, 0.000000000000000000 ) ) ;
#4025 = AXIS2_PLACEMENT_3D ( 'NONE', #7066, #6503, #490 ) ;
#4026 = DIRECTION ( 'NONE',  ( -0.9975640502598241977, -0.06975647374412528856, 0.000000000000000000 ) ) ;
#4027 = EDGE_CURVE ( 'NONE', #2411, #6908, #4994, .T. ) ;
#4028 = DIRECTION ( 'NONE',  ( 1.000000000000000000, 0.000000000000000000, -0.000000000000000000 ) ) ;
#4029 = AXIS2_PLACEMENT_3D ( 'NONE', #8289, #6914, #2354 ) ;
#4030 = FILL_AREA_STYLE_COLOUR ( '', #3756 ) ;
#4031 = CARTESIAN_POINT ( 'NONE',  ( 3.599999999999999201, -12.74127152210484937, -4.999999999999999112 ) ) ;
#4032 = DIRECTION ( 'NONE',  ( 0.06975647374412763391, 0.9975640502598240866, -0.000000000000000000 ) ) ;
#4033 = FACE_OUTER_BOUND ( 'NONE', #1497, .T. ) ;
#4034 = VECTOR ( 'NONE', #7558, 1000.000000000000227 ) ;
#4035 = EDGE_CURVE ( 'NONE', #8178, #2906, #1692, .T. ) ;
#4036 = EDGE_CURVE ( 'NONE', #873, #5846, #8273, .T. ) ;
#4037 = ORIENTED_EDGE ( 'NONE', *, *, #5150, .F. ) ;
#4038 = AXIS2_PLACEMENT_3D ( 'NONE', #1912, #8412, #1266 ) ;
#4039 = DIRECTION ( 'NONE',  ( 0.000000000000000000, 0.000000000000000000, 1.000000000000000000 ) ) ;
#4040 = SURFACE_STYLE_USAGE ( .BOTH. , #1383 ) ;
#4041 = DIRECTION ( 'NONE',  ( -1.000000000000000000, 0.000000000000000000, 0.000000000000000000 ) ) ;
#4042 = ORIENTED_EDGE ( 'NONE', *, *, #6359, .F. ) ;
#4043 = CARTESIAN_POINT ( 'NONE',  ( 5.150000000000000355, 0.2145761423277614266, 4.240000000000000213 ) ) ;
#4044 = EDGE_CURVE ( 'NONE', #4663, #6490, #1767, .T. ) ;
#4045 = ORIENTED_EDGE ( 'NONE', *, *, #1529, .F. ) ;
#4046 = ORIENTED_EDGE ( 'NONE', *, *, #3940, .T. ) ;
#4047 = VECTOR ( 'NONE', #3563, 1000.000000000000000 ) ;
#4048 = CARTESIAN_POINT ( 'NONE',  ( -3.749992964849198085, 1.582550057698988821, 2.969999999999999751 ) ) ;
#4049 = CARTESIAN_POINT ( 'NONE',  ( 3.943579639192182018, 1.367449942301011800, 3.379999999999999449 ) ) ;
#4050 = EDGE_CURVE ( 'NONE', #4588, #6949, #5688, .T. ) ;
#4051 = DIRECTION ( 'NONE',  ( 1.000000000000000000, 0.000000000000000000, -5.839238655789068420E-15 ) ) ;
#4052 = ORIENTED_EDGE ( 'NONE', *, *, #3820, .F. ) ;
#4053 = AXIS2_PLACEMENT_3D ( 'NONE', #6101, #2801, #1498 ) ;
#4054 = CARTESIAN_POINT ( 'NONE',  ( 4.589011388549212533, 0.2538042874631317170, -4.240000000000001101 ) ) ;
#4055 = ORIENTED_EDGE ( 'NONE', *, *, #6657, .F. ) ;
#4056 = CIRCLE ( 'NONE', #3634, 0.2901001153979764768 ) ;
#4057 = VERTEX_POINT ( 'NONE', #5730 ) ;
#4058 = CARTESIAN_POINT ( 'NONE',  ( 4.222822763272201740, 1.371071533533629649, 2.109999999999999876 ) ) ;
#4059 = CIRCLE ( 'NONE', #3360, 0.2901001153979764768 ) ;
#4060 = DIRECTION ( 'NONE',  ( -0.9975640502598241977, 0.06975647374412764778, 0.000000000000000000 ) ) ;
#4061 = DIRECTION ( 'NONE',  ( -1.000000000000000000, 1.120120665500546074E-15, 0.000000000000000000 ) ) ;
#4062 = AXIS2_PLACEMENT_3D ( 'NONE', #2922, #6128, #4873 ) ;
#4063 = ORIENTED_EDGE ( 'NONE', *, *, #2538, .F. ) ;
#4064 = PLANE ( 'NONE',  #4805 ) ;
#4065 = ORIENTED_EDGE ( 'NONE', *, *, #4454, .T. ) ;
#4066 = CARTESIAN_POINT ( 'NONE',  ( 4.589011388549212533, 0.2538042874631317170, -4.650000000000000355 ) ) ;
#4067 = ORIENTED_EDGE ( 'NONE', *, *, #1958, .T. ) ;
#4068 = LINE ( 'NONE', #5365, #7343 ) ;
#4069 =( GEOMETRIC_REPRESENTATION_CONTEXT ( 3 ) GLOBAL_UNCERTAINTY_ASSIGNED_CONTEXT ( ( #4887 ) ) GLOBAL_UNIT_ASSIGNED_CONTEXT ( ( #4690, #6539, #7321 ) ) REPRESENTATION_CONTEXT ( 'NONE', 'WORKASPACE' ) );
#4070 = DIRECTION ( 'NONE',  ( -2.016181479920678149E-15, 1.000000000000000000, 0.000000000000000000 ) ) ;
#4071 = SURFACE_STYLE_FILL_AREA ( #2583 ) ;
#4072 = FACE_OUTER_BOUND ( 'NONE', #3399, .T. ) ;
#4073 = CARTESIAN_POINT ( 'NONE',  ( -3.749992964849198085, 1.582550057698988821, 0.4299999999999998268 ) ) ;
#4074 = AXIS2_PLACEMENT_3D ( 'NONE', #1600, #829, #999 ) ;
#4075 = EDGE_CURVE ( 'NONE', #1595, #2521, #6372, .T. ) ;
#4076 = ORIENTED_EDGE ( 'NONE', *, *, #8194, .F. ) ;
#4077 = ORIENTED_EDGE ( 'NONE', *, *, #5896, .F. ) ;
#4078 = PLANE ( 'NONE',  #5995 ) ;
#4079 = EDGE_CURVE ( 'NONE', #6384, #935, #8117, .T. ) ;
#4080 = PLANE ( 'NONE',  #4392 ) ;
#4081 = EDGE_CURVE ( 'NONE', #5989, #7213, #3686, .T. ) ;
#4082 = ORIENTED_EDGE ( 'NONE', *, *, #6355, .T. ) ;
#4083 = ORIENTED_EDGE ( 'NONE', *, *, #6197, .F. ) ;
#4084 = SURFACE_STYLE_USAGE ( .BOTH. , #8009 ) ;
#4085 = EDGE_LOOP ( 'NONE', ( #459, #1296, #8042, #4395, #8324, #265, #1978, #7918, #4165, #1392, #1735, #3440 ) ) ;
#4086 = ORIENTED_EDGE ( 'NONE', *, *, #665, .F. ) ;
#4087 = DIRECTION ( 'NONE',  ( 0.000000000000000000, 1.000000000000000000, 0.000000000000000000 ) ) ;
#4088 = CARTESIAN_POINT ( 'NONE',  ( -3.749992964849198085, 1.582550057698988821, -0.8400000000000005240 ) ) ;
#4089 = EDGE_CURVE ( 'NONE', #6044, #1127, #402, .T. ) ;
#4090 = CARTESIAN_POINT ( 'NONE',  ( 4.574006762997095521, 0.03922814513537039444, 4.649999999999999467 ) ) ;
#4091 = EDGE_CURVE ( 'NONE', #7148, #1580, #8313, .T. ) ;
#4092 = DIRECTION ( 'NONE',  ( -0.000000000000000000, -0.000000000000000000, -1.000000000000000000 ) ) ;
#4093 = ORIENTED_EDGE ( 'NONE', *, *, #1110, .T. ) ;
#4094 = DIRECTION ( 'NONE',  ( 0.000000000000000000, 1.000000000000000000, 0.000000000000000000 ) ) ;
#4095 = DIRECTION ( 'NONE',  ( 1.000000000000000000, 0.000000000000000000, 0.000000000000000000 ) ) ;
#4096 = EDGE_LOOP ( 'NONE', ( #5036, #1146, #3080, #5476 ) ) ;
#4097 = ORIENTED_EDGE ( 'NONE', *, *, #3124, .F. ) ;
#4098 = DIRECTION ( 'NONE',  ( 0.000000000000000000, 0.000000000000000000, 1.000000000000000000 ) ) ;
#4099 = DIRECTION ( 'NONE',  ( -0.000000000000000000, -0.000000000000000000, -1.000000000000000000 ) ) ;
#4100 = ORIENTED_EDGE ( 'NONE', *, *, #4678, .T. ) ;
#4101 = LINE ( 'NONE', #1451, #7557 ) ;
#4102 = ORIENTED_EDGE ( 'NONE', *, *, #3494, .T. ) ;
#4103 = CARTESIAN_POINT ( 'NONE',  ( 3.469579648282761219, 2.500000000000000000, 4.869579648282763351 ) ) ;
#4104 = AXIS2_PLACEMENT_3D ( 'NONE', #3888, #7904, #5277 ) ;
#4105 = DIRECTION ( 'NONE',  ( 1.000000000000000000, 0.000000000000000000, 0.000000000000000000 ) ) ;
#4106 = EDGE_CURVE ( 'NONE', #1905, #5989, #3730, .T. ) ;
#4107 = VECTOR ( 'NONE', #254, 1000.000000000000227 ) ;
#4108 = CARTESIAN_POINT ( 'NONE',  ( 4.522049997657887843, 0.3082954381928066367, 3.379999999999999449 ) ) ;
#4109 = LINE ( 'NONE', #6744, #7569 ) ;
#4110 = DIRECTION ( 'NONE',  ( 0.000000000000000000, 0.000000000000000000, 1.000000000000000000 ) ) ;
#4111 = DIRECTION ( 'NONE',  ( -1.000000000000000000, 0.000000000000000000, 0.000000000000000000 ) ) ;
#4112 = AXIS2_PLACEMENT_3D ( 'NONE', #4430, #8322, #6987 ) ;
#4113 = VERTEX_POINT ( 'NONE', #5034 ) ;
#4114 = EDGE_CURVE ( 'NONE', #3553, #2854, #443, .T. ) ;
#4115 = AXIS2_PLACEMENT_3D ( 'NONE', #4498, #7776, #1190 ) ;
#4116 = AXIS2_PLACEMENT_3D ( 'NONE', #5904, #1859, #1906 ) ;
#4117 = ORIENTED_EDGE ( 'NONE', *, *, #1935, .T. ) ;
#4118 = EDGE_CURVE ( 'NONE', #8019, #2508, #5068, .T. ) ;
#4119 = DIRECTION ( 'NONE',  ( -1.000000000000000000, -0.000000000000000000, 0.000000000000000000 ) ) ;
#4120 = PLANE ( 'NONE',  #6883 ) ;
#4121 = CARTESIAN_POINT ( 'NONE',  ( -3.943579639192182018, 1.292449942301011845, 0.4299999999999998268 ) ) ;
#4122 = AXIS2_PLACEMENT_3D ( 'NONE', #4974, #6430, #5788 ) ;
#4123 = DIRECTION ( 'NONE',  ( 1.000000000000000000, 1.120120665500546074E-15, 0.000000000000000000 ) ) ;
#4124 = VECTOR ( 'NONE', #7060, 1000.000000000000000 ) ;
#4125 = VERTEX_POINT ( 'NONE', #6413 ) ;
#4126 = CARTESIAN_POINT ( 'NONE',  ( 4.315000000000000391, 0.2500000000000000000, -2.110000000000000320 ) ) ;
#4127 = ORIENTED_EDGE ( 'NONE', *, *, #4770, .F. ) ;
#4128 = ORIENTED_EDGE ( 'NONE', *, *, #5872, .F. ) ;
#4129 = EDGE_CURVE ( 'NONE', #4851, #3865, #1656, .T. ) ;
#4130 = VECTOR ( 'NONE', #6379, 1000.000000000000227 ) ;
#4131 = EDGE_CURVE ( 'NONE', #2412, #195, #1809, .T. ) ;
#4132 = DIRECTION ( 'NONE',  ( -0.000000000000000000, -0.000000000000000000, -1.000000000000000000 ) ) ;
#4133 = DIRECTION ( 'NONE',  ( 0.2710153738641504773, 0.9625750189617817698, 0.000000000000000000 ) ) ;
#4134 = LINE ( 'NONE', #5484, #6470 ) ;
#4135 = DIRECTION ( 'NONE',  ( 1.000000000000000000, 0.000000000000000000, 0.000000000000000000 ) ) ;
#4136 = VERTEX_POINT ( 'NONE', #2460 ) ;
#4137 = CARTESIAN_POINT ( 'NONE',  ( 4.589011388549212533, 0.2538042874631317170, 4.240000000000000213 ) ) ;
#4138 = ORIENTED_EDGE ( 'NONE', *, *, #2172, .T. ) ;
#4139 = CARTESIAN_POINT ( 'NONE',  ( -3.749992964849198085, 1.582550057698988821, 4.649999999999999467 ) ) ;
#4140 = EDGE_CURVE ( 'NONE', #7955, #4899, #6293, .T. ) ;
#4141 = ORIENTED_EDGE ( 'NONE', *, *, #7628, .T. ) ;
#4142 = DIRECTION ( 'NONE',  ( -0.000000000000000000, -0.000000000000000000, -1.000000000000000000 ) ) ;
#4143 = LINE ( 'NONE', #6774, #2 ) ;
#4144 = CARTESIAN_POINT ( 'NONE',  ( 3.601452754537961098, 1.367449942301012245, 5.149992964849197108 ) ) ;
#4145 = VECTOR ( 'NONE', #3737, 1000.000000000000227 ) ;
#4146 = ORIENTED_EDGE ( 'NONE', *, *, #7655, .F. ) ;
#4147 = CARTESIAN_POINT ( 'NONE',  ( 4.222822763272201740, 1.371071533533629649, -4.240000000000001101 ) ) ;
#4148 = ORIENTED_EDGE ( 'NONE', *, *, #7913, .F. ) ;
#4149 = ORIENTED_EDGE ( 'NONE', *, *, #4027, .F. ) ;
#4150 = DIRECTION ( 'NONE',  ( 1.000000000000000000, 0.000000000000000000, 0.000000000000000000 ) ) ;
#4151 = DIRECTION ( 'NONE',  ( 0.000000000000000000, 0.000000000000000000, 1.000000000000000000 ) ) ;
#4152 = CARTESIAN_POINT ( 'NONE',  ( 4.589011388549212533, 0.2538042874631317170, 3.379999999999999449 ) ) ;
#4153 = PLANE ( 'NONE',  #4740 ) ;
#4154 = CARTESIAN_POINT ( 'NONE',  ( -3.749992964849197641, 1.367449942301012022, 0.8399999999999996358 ) ) ;
#4155 = CARTESIAN_POINT ( 'NONE',  ( 5.150000000000000355, 0.2145761423277614266, 0.8399999999999996358 ) ) ;
#4156 = ORIENTED_EDGE ( 'NONE', *, *, #1654, .T. ) ;
#4157 = DIRECTION ( 'NONE',  ( -1.000000000000000000, 0.000000000000000000, 0.000000000000000000 ) ) ;
#4158 = EDGE_CURVE ( 'NONE', #2035, #2645, #6608, .T. ) ;
#4159 = AXIS2_PLACEMENT_3D ( 'NONE', #1914, #5960, #5133 ) ;
#4160 = ORIENTED_EDGE ( 'NONE', *, *, #1818, .F. ) ;
#4161 = PLANE ( 'NONE',  #2883 ) ;
#4162 = DIRECTION ( 'NONE',  ( -0.000000000000000000, -0.000000000000000000, -1.000000000000000000 ) ) ;
#4163 = DIRECTION ( 'NONE',  ( -1.000000000000000000, 0.000000000000000000, 0.000000000000000000 ) ) ;
#4164 = DIRECTION ( 'NONE',  ( 0.000000000000000000, 0.000000000000000000, 1.000000000000000000 ) ) ;
#4165 = ORIENTED_EDGE ( 'NONE', *, *, #5370, .T. ) ;
#4166 = CARTESIAN_POINT ( 'NONE',  ( -4.015772765614322282, 1.312776095340825622, 4.240000000000000213 ) ) ;
#4167 = FACE_OUTER_BOUND ( 'NONE', #5082, .T. ) ;
#4168 = EDGE_LOOP ( 'NONE', ( #6240, #4368, #7232, #5198 ) ) ;
#4169 = ORIENTED_EDGE ( 'NONE', *, *, #2928, .F. ) ;
#4170 = VECTOR ( 'NONE', #632, 1000.000000000000227 ) ;
#4171 = CARTESIAN_POINT ( 'NONE',  ( 3.469579648282761664, 2.500000000000000000, 4.869579648282762463 ) ) ;
#4172 = DIRECTION ( 'NONE',  ( -1.000000000000000000, 0.000000000000000000, 0.000000000000000000 ) ) ;
#4173 = DIRECTION ( 'NONE',  ( -0.9975640502598241977, 0.06975647374412544122, 0.000000000000000000 ) ) ;
#4174 = FACE_OUTER_BOUND ( 'NONE', #2842, .T. ) ;
#4175 = ORIENTED_EDGE ( 'NONE', *, *, #5944, .F. ) ;
#4176 = DIRECTION ( 'NONE',  ( -0.06975647374412764778, 0.9975640502598241977, 0.000000000000000000 ) ) ;
#4177 = CARTESIAN_POINT ( 'NONE',  ( -5.134995374447882455, 0.000000000000000000, -2.110000000000000320 ) ) ;
#4178 = EDGE_CURVE ( 'NONE', #4015, #4965, #2503, .T. ) ;
#4179 = CIRCLE ( 'NONE', #8447, 0.2901001153979786418 ) ;
#4180 = ORIENTED_EDGE ( 'NONE', *, *, #377, .F. ) ;
#4181 = LINE ( 'NONE', #6254, #4656 ) ;
#4182 = CARTESIAN_POINT ( 'NONE',  ( 3.943579639192182018, 1.582550057698989043, -0.4300000000000007150 ) ) ;
#4183 = ORIENTED_EDGE ( 'NONE', *, *, #1944, .T. ) ;
#4184 = SPHERICAL_SURFACE ( 'NONE', #5069, 0.1499999999999999944 ) ;
#4185 = ORIENTED_EDGE ( 'NONE', *, *, #8419, .T. ) ;
#4186 = ORIENTED_EDGE ( 'NONE', *, *, #7584, .T. ) ;
#4187 = EDGE_CURVE ( 'NONE', #3495, #2688, #8476, .T. ) ;
#4188 = CYLINDRICAL_SURFACE ( 'NONE', #2243, 0.1499999999999999667 ) ;
#4189 = ADVANCED_FACE ( 'NONE', ( #3300 ), #2599, .T. ) ;
#4190 = VECTOR ( 'NONE', #8073, 1000.000000000000000 ) ;
#4191 = FACE_OUTER_BOUND ( 'NONE', #3855, .T. ) ;
#4192 = AXIS2_PLACEMENT_3D ( 'NONE', #4455, #5104, #2492 ) ;
#4193 = PLANE ( 'NONE',  #7477 ) ;
#4194 = CARTESIAN_POINT ( 'NONE',  ( -5.134995374447882455, 0.000000000000000000, 3.379999999999999449 ) ) ;
#4195 = LINE ( 'NONE', #2943, #7015 ) ;
#4196 = EDGE_CURVE ( 'NONE', #5465, #3907, #6540, .T. ) ;
#4197 = LINE ( 'NONE', #3508, #7638 ) ;
#4198 = VERTEX_POINT ( 'NONE', #7872 ) ;
#4199 = FACE_OUTER_BOUND ( 'NONE', #1642, .T. ) ;
#4200 = MECHANICAL_DESIGN_GEOMETRIC_PRESENTATION_REPRESENTATION (  '', ( #192 ), #4754 ) ;
#4201 = EDGE_CURVE ( 'NONE', #6678, #714, #2589, .T. ) ;
#4202 = DIRECTION ( 'NONE',  ( 0.000000000000000000, 0.000000000000000000, 1.000000000000000000 ) ) ;
#4203 = ORIENTED_EDGE ( 'NONE', *, *, #1017, .F. ) ;
#4204 = CIRCLE ( 'NONE', #5590, 0.2901001153979764768 ) ;
#4205 = ORIENTED_EDGE ( 'NONE', *, *, #5754, .F. ) ;
#4206 = EDGE_CURVE ( 'NONE', #5306, #6703, #5808, .T. ) ;
#4207 = FACE_OUTER_BOUND ( 'NONE', #6683, .T. ) ;
#4208 = FILL_AREA_STYLE_COLOUR ( '', #524 ) ;
#4209 = ORIENTED_EDGE ( 'NONE', *, *, #4878, .F. ) ;
#4210 = ORIENTED_EDGE ( 'NONE', *, *, #2967, .F. ) ;
#4211 =( NAMED_UNIT ( * ) PLANE_ANGLE_UNIT ( ) SI_UNIT ( $, .RADIAN. ) );
#4212 = DIRECTION ( 'NONE',  ( -1.000000000000000000, 0.000000000000000000, 0.000000000000000000 ) ) ;
#4213 = FACE_OUTER_BOUND ( 'NONE', #5089, .T. ) ;
#4214 = VERTEX_POINT ( 'NONE', #5197 ) ;
#4215 = DIRECTION ( 'NONE',  ( -0.000000000000000000, -0.000000000000000000, -1.000000000000000000 ) ) ;
#4216 = DIRECTION ( 'NONE',  ( -0.9625750189617798824, -0.2710153738641577492, 0.000000000000000000 ) ) ;
#4217 = DIRECTION ( 'NONE',  ( 0.000000000000000000, 0.000000000000000000, 1.000000000000000000 ) ) ;
#4218 = FACE_OUTER_BOUND ( 'NONE', #65, .T. ) ;
#4219 = CARTESIAN_POINT ( 'NONE',  ( 4.222822763272201740, 1.371071533533629649, 4.240000000000000213 ) ) ;
#4220 = DIRECTION ( 'NONE',  ( -0.000000000000000000, -0.000000000000000000, -1.000000000000000000 ) ) ;
#4221 = EDGE_LOOP ( 'NONE', ( #4451, #8135, #4042, #5769 ) ) ;
#4222 = DIRECTION ( 'NONE',  ( 1.000000000000000000, 0.000000000000000000, 0.000000000000000000 ) ) ;
#4223 = CARTESIAN_POINT ( 'NONE',  ( 4.594243124080021445, 0.3286215912326184152, 0.8399999999999996358 ) ) ;
#4224 = ADVANCED_FACE ( 'NONE', ( #61 ), #4553, .F. ) ;
#4225 = DIRECTION ( 'NONE',  ( 1.000000000000000000, -1.120120665500546074E-15, -0.000000000000000000 ) ) ;
#4226 = ORIENTED_EDGE ( 'NONE', *, *, #5770, .F. ) ;
#4227 = LINE ( 'NONE', #247, #1060 ) ;
#4228 = ORIENTED_EDGE ( 'NONE', *, *, #5879, .T. ) ;
#4229 = VERTEX_POINT ( 'NONE', #3863 ) ;
#4230 = FACE_OUTER_BOUND ( 'NONE', #7626, .T. ) ;
#4231 = DIRECTION ( 'NONE',  ( -1.000000000000000000, 0.000000000000000000, 0.000000000000000000 ) ) ;
#4232 = EDGE_CURVE ( 'NONE', #2196, #7530, #3950, .T. ) ;
#4233 = DIRECTION ( 'NONE',  ( 0.2710153738641577492, -0.9625750189617798824, 0.000000000000000000 ) ) ;
#4234 = CARTESIAN_POINT ( 'NONE',  ( 4.589011388549212533, 0.2538042874631317170, -4.650000000000000355 ) ) ;
#4235 = EDGE_CURVE ( 'NONE', #1674, #3806, #6743, .T. ) ;
#4236 = LINE ( 'NONE', #3591, #2880 ) ;
#4237 = VECTOR ( 'NONE', #326, 1000.000000000000227 ) ;
#4238 = CARTESIAN_POINT ( 'NONE',  ( 4.222822763272201740, 1.371071533533629649, 4.240000000000000213 ) ) ;
#4239 = ORIENTED_EDGE ( 'NONE', *, *, #2225, .F. ) ;
#4240 = CARTESIAN_POINT ( 'NONE',  ( -4.574006762997095521, 0.03922814513537028341, 2.109999999999999876 ) ) ;
#4241 = VERTEX_POINT ( 'NONE', #5249 ) ;
#4242 = EDGE_CURVE ( 'NONE', #6841, #7148, #6451, .T. ) ;
#4243 = AXIS2_PLACEMENT_3D ( 'NONE', #6164, #4215, #512 ) ;
#4244 = VERTEX_POINT ( 'NONE', #3209 ) ;
#4245 = CIRCLE ( 'NONE', #8510, 0.07500000000000300870 ) ;
#4246 = DIRECTION ( 'NONE',  ( 0.1378445374916255073, -0.9808148484639900300, 0.1378445374916254795 ) ) ;
#4247 = PRESENTATION_STYLE_ASSIGNMENT (( #5427 ) ) ;
#4248 = EDGE_LOOP ( 'NONE', ( #2836, #1088, #8091, #776 ) ) ;
#4249 = AXIS2_PLACEMENT_3D ( 'NONE', #7353, #7860, #7950 ) ;
#4250 = VECTOR ( 'NONE', #5261, 1000.000000000000227 ) ;
#4251 = DIRECTION ( 'NONE',  ( 0.000000000000000000, -0.000000000000000000, 1.000000000000000000 ) ) ;
#4252 = DIRECTION ( 'NONE',  ( -1.000000000000000000, 0.000000000000000000, 0.000000000000000000 ) ) ;
#4253 = ORIENTED_EDGE ( 'NONE', *, *, #4970, .T. ) ;
#4254 = DIRECTION ( 'NONE',  ( 0.000000000000000000, -0.1391731009600626623, -0.9902680687415706950 ) ) ;
#4255 = VECTOR ( 'NONE', #2480, 1000.000000000000000 ) ;
#4256 = CARTESIAN_POINT ( 'NONE',  ( 3.943579639192182018, 1.367449942301011800, -3.380000000000000338 ) ) ;
#4257 = AXIS2_PLACEMENT_3D ( 'NONE', #2761, #1920, #8031 ) ;
#4258 = DIRECTION ( 'NONE',  ( 1.000000000000000000, -1.120120665500546074E-15, -0.000000000000000000 ) ) ;
#4259 = LINE ( 'NONE', #2260, #4384 ) ;
#4260 = EDGE_CURVE ( 'NONE', #4057, #7747, #1985, .T. ) ;
#4261 = LINE ( 'NONE', #2134, #2381 ) ;
#4262 = VECTOR ( 'NONE', #4162, 1000.000000000000000 ) ;
#4263 = CIRCLE ( 'NONE', #527, 0.07500000000000128786 ) ;
#4264 = ORIENTED_EDGE ( 'NONE', *, *, #1641, .T. ) ;
#4265 = DIRECTION ( 'NONE',  ( 1.000000000000000000, 0.000000000000000000, 0.000000000000000000 ) ) ;
#4266 = CARTESIAN_POINT ( 'NONE',  ( 5.150000000000000355, 0.2145761423277614266, 3.379999999999999449 ) ) ;
#4267 = SURFACE_STYLE_FILL_AREA ( #2595 ) ;
#4268 = VERTEX_POINT ( 'NONE', #4639 ) ;
#4269 = CARTESIAN_POINT ( 'NONE',  ( 3.749999999999999112, 1.582499999999972928, 5.000000000000000000 ) ) ;
#4270 = VECTOR ( 'NONE', #7800, 1000.000000000000000 ) ;
#4271 = ORIENTED_EDGE ( 'NONE', *, *, #7596, .T. ) ;
#4272 = UNCERTAINTY_MEASURE_WITH_UNIT (LENGTH_MEASURE( 1.000000000000000082E-05 ), #2067, 'distance_accuracy_value', 'NONE');
#4273 = CARTESIAN_POINT ( 'NONE',  ( -3.749992964849198085, 1.582550057698988821, -4.240000000000001101 ) ) ;
#4274 = EDGE_CURVE ( 'NONE', #4325, #8007, #3998, .T. ) ;
#4275 = DIRECTION ( 'NONE',  ( -1.000000000000000000, 0.000000000000000000, 0.000000000000000000 ) ) ;
#4276 = CIRCLE ( 'NONE', #540, 0.1499999999999999667 ) ;
#4277 = DIRECTION ( 'NONE',  ( 1.000000000000000000, 1.120120665500548440E-15, 0.000000000000000000 ) ) ;
#4278 = CARTESIAN_POINT ( 'NONE',  ( -4.222822763272207958, 1.371071533533628761, -2.970000000000000639 ) ) ;
#4279 = FACE_OUTER_BOUND ( 'NONE', #1003, .T. ) ;
#4280 = CARTESIAN_POINT ( 'NONE',  ( -4.315000000000000391, 0.2499999999999998890, -2.110000000000000320 ) ) ;
#4281 = EDGE_LOOP ( 'NONE', ( #6483, #1801, #5943, #4918 ) ) ;
#4282 = DIRECTION ( 'NONE',  ( 1.000000000000000000, 0.000000000000000000, 0.000000000000000000 ) ) ;
#4283 = EDGE_CURVE ( 'NONE', #1747, #5071, #3255, .T. ) ;
#4284 = ORIENTED_EDGE ( 'NONE', *, *, #523, .T. ) ;
#4285 = DIRECTION ( 'NONE',  ( -1.000000000000000000, 0.000000000000000000, 0.000000000000000000 ) ) ;
#4286 = SURFACE_STYLE_USAGE ( .BOTH. , #2203 ) ;
#4287 = ORIENTED_EDGE ( 'NONE', *, *, #2908, .T. ) ;
#4288 = ORIENTED_EDGE ( 'NONE', *, *, #1476, .F. ) ;
#4289 = EDGE_CURVE ( 'NONE', #6949, #2667, #4595, .T. ) ;
#4290 = ADVANCED_FACE ( 'NONE', ( #1292 ), #5855, .F. ) ;
#4291 = VECTOR ( 'NONE', #1866, 1000.000000000000000 ) ;
#4292 = DIRECTION ( 'NONE',  ( -1.000000000000000000, 0.000000000000000000, 0.000000000000000000 ) ) ;
#4293 = LINE ( 'NONE', #6288, #165 ) ;
#4294 = ORIENTED_EDGE ( 'NONE', *, *, #5251, .T. ) ;
#4295 = FACE_OUTER_BOUND ( 'NONE', #894, .T. ) ;
#4296 = FACE_OUTER_BOUND ( 'NONE', #6714, .T. ) ;
#4297 = LINE ( 'NONE', #7582, #1971 ) ;
#4298 = CARTESIAN_POINT ( 'NONE',  ( 4.574006762997095521, 0.03922814513537039444, -1.700000000000000622 ) ) ;
#4299 = EDGE_CURVE ( 'NONE', #5071, #4113, #7103, .T. ) ;
#4300 = PLANE ( 'NONE',  #2950 ) ;
#4301 = VECTOR ( 'NONE', #5046, 1000.000000000000000 ) ;
#4302 = ORIENTED_EDGE ( 'NONE', *, *, #752, .F. ) ;
#4303 = DIRECTION ( 'NONE',  ( -0.000000000000000000, -1.000000000000000000, -0.000000000000000000 ) ) ;
#4304 = EDGE_CURVE ( 'NONE', #6119, #1784, #6884, .T. ) ;
#4305 = CIRCLE ( 'NONE', #4439, 0.2999999999999999334 ) ;
#4306 = DIRECTION ( 'NONE',  ( 0.000000000000000000, 0.9902680687415710281, 0.1391731009600601365 ) ) ;
#4307 =( LENGTH_UNIT ( ) NAMED_UNIT ( * ) SI_UNIT ( .MILLI., .METRE. ) );
#4308 = AXIS2_PLACEMENT_3D ( 'NONE', #1533, #5658, #6815 ) ;
#4309 = EDGE_LOOP ( 'NONE', ( #1172, #2687, #6696, #4665 ) ) ;
#4310 = CARTESIAN_POINT ( 'NONE',  ( -3.943579639192182018, 1.292449942301011845, -1.700000000000000622 ) ) ;
#4311 = VERTEX_POINT ( 'NONE', #4978 ) ;
#4312 = ORIENTED_EDGE ( 'NONE', *, *, #639, .T. ) ;
#4313 = CARTESIAN_POINT ( 'NONE',  ( 3.943579639192182018, 1.292449942301011845, 3.379999999999999449 ) ) ;
#4314 = DIRECTION ( 'NONE',  ( 0.000000000000000000, -0.1391731009600622182, 0.9902680687415708061 ) ) ;
#4315 = CIRCLE ( 'NONE', #3626, 0.1499999999999999667 ) ;
#4316 = FACE_OUTER_BOUND ( 'NONE', #6199, .T. ) ;
#4317 = DIRECTION ( 'NONE',  ( 0.06975647374412763391, -0.9975640502598240866, 0.000000000000000000 ) ) ;
#4318 = LINE ( 'NONE', #3668, #4672 ) ;
#4319 = CARTESIAN_POINT ( 'NONE',  ( 3.349999999999996092, -12.74127152210484937, 5.150000000000000355 ) ) ;
#4320 = VERTEX_POINT ( 'NONE', #6963 ) ;
#4321 = DIRECTION ( 'NONE',  ( 1.000000000000000000, 0.000000000000000000, 0.000000000000000000 ) ) ;
#4322 = CARTESIAN_POINT ( 'NONE',  ( 3.749992964849198085, 1.582550057698988821, -4.650000000000000355 ) ) ;
#4323 = CIRCLE ( 'NONE', #4457, 0.07500000000000300870 ) ;
#4324 = AXIS2_PLACEMENT_3D ( 'NONE', #7572, #1643, #4285 ) ;
#4325 = VERTEX_POINT ( 'NONE', #789 ) ;
#4326 = VECTOR ( 'NONE', #886, 1000.000000000000227 ) ;
#4327 = LINE ( 'NONE', #6438, #2248 ) ;
#4328 = EDGE_CURVE ( 'NONE', #1917, #908, #3426, .T. ) ;
#4329 = VECTOR ( 'NONE', #7018, 1000.000000000000000 ) ;
#4330 =( NAMED_UNIT ( * ) PLANE_ANGLE_UNIT ( ) SI_UNIT ( $, .RADIAN. ) );
#4331 = ORIENTED_EDGE ( 'NONE', *, *, #7767, .F. ) ;
#4332 = DIRECTION ( 'NONE',  ( -0.000000000000000000, -0.000000000000000000, -1.000000000000000000 ) ) ;
#4333 = CARTESIAN_POINT ( 'NONE',  ( -5.150000000000000355, 0.2145761423277614266, -1.700000000000000622 ) ) ;
#4334 = ORIENTED_EDGE ( 'NONE', *, *, #4494, .T. ) ;
#4335 =( BOUNDED_CURVE ( )  B_SPLINE_CURVE ( 3, ( #6243, #313, #8221, #3501 ),
 .UNSPECIFIED., .F., .T. ) 
 B_SPLINE_CURVE_WITH_KNOTS ( ( 4, 4 ),
 ( 3.131907471921318020, 3.141592653589793116 ),
 .UNSPECIFIED. ) 
 CURVE ( )  GEOMETRIC_REPRESENTATION_ITEM ( )  RATIONAL_B_SPLINE_CURVE ( ( 1.000000000000000000, 0.9999921831199466427, 0.9999921831199466427, 1.000000000000000000 ) ) 
 REPRESENTATION_ITEM ( '' )  );
#4336 = VECTOR ( 'NONE', #7535, 1000.000000000000000 ) ;
#4337 = CARTESIAN_POINT ( 'NONE',  ( -3.385851378539207701, -0.1457575954409239816, -4.785851378539208056 ) ) ;
#4338 = EDGE_CURVE ( 'NONE', #5700, #3674, #4774, .T. ) ;
#4339 = DIRECTION ( 'NONE',  ( -2.016181479920678149E-15, -1.000000000000000000, -0.000000000000000000 ) ) ;
#4340 = EDGE_CURVE ( 'NONE', #2058, #1580, #751, .T. ) ;
#4341 = FILL_AREA_STYLE ('',( #1691 ) ) ;
#4342 = CARTESIAN_POINT ( 'NONE',  ( 4.589011388549212533, 0.2538042874631317170, -0.4300000000000007150 ) ) ;
#4343 = AXIS2_PLACEMENT_3D ( 'NONE', #6318, #6403, #475 ) ;
#4344 = DIRECTION ( 'NONE',  ( -0.2710153738641504773, -0.9625750189617817698, 0.000000000000000000 ) ) ;
#4345 = ORIENTED_EDGE ( 'NONE', *, *, #4662, .F. ) ;
#4346 = DIRECTION ( 'NONE',  ( -0.9975640502598241977, 0.06975647374412528856, -0.000000000000000000 ) ) ;
#4347 = EDGE_CURVE ( 'NONE', #1963, #4965, #2776, .T. ) ;
#4348 = EDGE_CURVE ( 'NONE', #3173, #4851, #6672, .T. ) ;
#4349 = PLANE ( 'NONE',  #2904 ) ;
#4350 =( NAMED_UNIT ( * ) SI_UNIT ( $, .STERADIAN. ) SOLID_ANGLE_UNIT ( ) );
#4351 = ORIENTED_EDGE ( 'NONE', *, *, #4347, .F. ) ;
#4352 = DIRECTION ( 'NONE',  ( -0.000000000000000000, 0.000000000000000000, -1.000000000000000000 ) ) ;
#4353 = ORIENTED_EDGE ( 'NONE', *, *, #336, .T. ) ;
#4354 = UNCERTAINTY_MEASURE_WITH_UNIT (LENGTH_MEASURE( 1.000000000000000082E-05 ), #3086, 'distance_accuracy_value', 'NONE');
#4355 = FACE_OUTER_BOUND ( 'NONE', #3973, .T. ) ;
#4356 = CARTESIAN_POINT ( 'NONE',  ( -3.749992964849197641, 1.367449942301012022, -0.4300000000000007150 ) ) ;
#4357 = DIRECTION ( 'NONE',  ( -0.9625750189617798824, -0.2710153738641577492, 0.000000000000000000 ) ) ;
#4358 = CARTESIAN_POINT ( 'NONE',  ( -4.522049997657885179, 0.3082954381928062482, 0.4299999999999998268 ) ) ;
#4359 = DIRECTION ( 'NONE',  ( 0.000000000000000000, 0.000000000000000000, 1.000000000000000000 ) ) ;
#4360 = CARTESIAN_POINT ( 'NONE',  ( 5.150000000000000355, 0.2145761423277614266, 2.109999999999999876 ) ) ;
#4361 = ORIENTED_EDGE ( 'NONE', *, *, #551, .F. ) ;
#4362 = CARTESIAN_POINT ( 'NONE',  ( -4.589011388549212533, 0.2538042874631301071, 2.109999999999999876 ) ) ;
#4363 = DIRECTION ( 'NONE',  ( -0.000000000000000000, -0.000000000000000000, -1.000000000000000000 ) ) ;
#4364 = EDGE_CURVE ( 'NONE', #2385, #8006, #5919, .T. ) ;
#4365 = ORIENTED_EDGE ( 'NONE', *, *, #2474, .T. ) ;
#4366 = PLANE ( 'NONE',  #872 ) ;
#4367 = DIRECTION ( 'NONE',  ( 0.000000000000000000, 1.000000000000000000, 0.000000000000000000 ) ) ;
#4368 = ORIENTED_EDGE ( 'NONE', *, *, #3447, .F. ) ;
#4369 = CIRCLE ( 'NONE', #645, 0.07500000000000041356 ) ;
#4370 = LINE ( 'NONE', #4948, #6997 ) ;
#4371 = EDGE_CURVE ( 'NONE', #4958, #5025, #2326, .T. ) ;
#4372 = ORIENTED_EDGE ( 'NONE', *, *, #3539, .T. ) ;
#4373 = VERTEX_POINT ( 'NONE', #3383 ) ;
#4374 = LINE ( 'NONE', #7738, #2500 ) ;
#4375 = CARTESIAN_POINT ( 'NONE',  ( -4.222822763272207958, 1.371071533533628761, 0.8399999999999996358 ) ) ;
#4376 = DIRECTION ( 'NONE',  ( -0.000000000000000000, -0.000000000000000000, -1.000000000000000000 ) ) ;
#4377 = AXIS2_PLACEMENT_3D ( 'NONE', #7766, #7043, #3024 ) ;
#4378 = FACE_OUTER_BOUND ( 'NONE', #1035, .T. ) ;
#4379 = EDGE_CURVE ( 'NONE', #1888, #7837, #3633, .T. ) ;
#4380 = EDGE_CURVE ( 'NONE', #6465, #2703, #830, .T. ) ;
#4381 = ORIENTED_EDGE ( 'NONE', *, *, #3068, .T. ) ;
#4382 = CARTESIAN_POINT ( 'NONE',  ( 3.943579639192182018, 1.292449942301011845, -4.240000000000001101 ) ) ;
#4383 = VECTOR ( 'NONE', #3466, 1000.000000000000000 ) ;
#4384 = VECTOR ( 'NONE', #7504, 1000.000000000000000 ) ;
#4385 = DIRECTION ( 'NONE',  ( -0.000000000000000000, -0.000000000000000000, -1.000000000000000000 ) ) ;
#4386 = DIRECTION ( 'NONE',  ( 0.06975647374412763391, -0.9975640502598240866, 0.000000000000000000 ) ) ;
#4387 = ORIENTED_EDGE ( 'NONE', *, *, #4444, .T. ) ;
#4388 = CARTESIAN_POINT ( 'NONE',  ( -3.943579639192182018, 1.367449942301015131, -3.380000000000000338 ) ) ;
#4390 = EDGE_CURVE ( 'NONE', #2468, #2476, #6612, .T. ) ;
#4389 = FACE_OUTER_BOUND ( 'NONE', #2428, .T. ) ;
#4391 = CIRCLE ( 'NONE', #8255, 0.2901001153979764768 ) ;
#4392 = AXIS2_PLACEMENT_3D ( 'NONE', #1145, #3716, #6356 ) ;
#4393 = VERTEX_POINT ( 'NONE', #1676 ) ;
#4394 = EDGE_CURVE ( 'NONE', #7148, #8327, #2159, .T. ) ;
#4395 = ORIENTED_EDGE ( 'NONE', *, *, #4158, .T. ) ;
#4396 = DIRECTION ( 'NONE',  ( -0.000000000000000000, -0.000000000000000000, -1.000000000000000000 ) ) ;
#4397 = VECTOR ( 'NONE', #8025, 1000.000000000000114 ) ;
#4398 = CARTESIAN_POINT ( 'NONE',  ( 3.749992964849198085, 1.582550057698988821, 4.649999999999999467 ) ) ;
#4399 = CARTESIAN_POINT ( 'NONE',  ( -4.589011388549212533, 0.2538042874631317170, -4.650000000000000355 ) ) ;
#4400 = CARTESIAN_POINT ( 'NONE',  ( -4.574006762997095521, 0.03922814513537028341, 4.649999999999999467 ) ) ;
#4401 = VECTOR ( 'NONE', #4119, 1000.000000000000000 ) ;
#4402 = LINE ( 'NONE', #2944, #6536 ) ;
#4403 = VERTEX_POINT ( 'NONE', #2730 ) ;
#4404 = CARTESIAN_POINT ( 'NONE',  ( 3.943579639192182018, 1.292449942301011845, 3.379999999999999449 ) ) ;
#4405 = DIRECTION ( 'NONE',  ( 0.7036407875340267015, 0.7036407875340267015, -0.09889026361067926318 ) ) ;
#4406 = EDGE_CURVE ( 'NONE', #4958, #7515, #5383, .T. ) ;
#4407 = CIRCLE ( 'NONE', #535, 0.07500000000000300870 ) ;
#4408 = ORIENTED_EDGE ( 'NONE', *, *, #8501, .T. ) ;
#4409 = LINE ( 'NONE', #3562, #3818 ) ;
#4410 = EDGE_CURVE ( 'NONE', #7327, #6790, #7452, .T. ) ;
#4411 = CARTESIAN_POINT ( 'NONE',  ( 3.469579648282761219, 0.4500000000000000111, -4.869579648282763351 ) ) ;
#4412 = CARTESIAN_POINT ( 'NONE',  ( -3.943579639192182018, 1.367449942301011800, -0.8400000000000005240 ) ) ;
#4413 = VECTOR ( 'NONE', #1129, 1000.000000000000114 ) ;
#4414 = ORIENTED_EDGE ( 'NONE', *, *, #8472, .F. ) ;
#4415 = ORIENTED_EDGE ( 'NONE', *, *, #7259, .F. ) ;
#4416 = ORIENTED_EDGE ( 'NONE', *, *, #6617, .F. ) ;
#4417 = FACE_OUTER_BOUND ( 'NONE', #7986, .T. ) ;
#4418 = LINE ( 'NONE', #4992, #5376 ) ;
#4419 = DIRECTION ( 'NONE',  ( 0.2710153738641504773, -0.9625750189617817698, -0.000000000000000000 ) ) ;
#4420 = DIRECTION ( 'NONE',  ( -0.000000000000000000, -0.000000000000000000, -1.000000000000000000 ) ) ;
#4421 = VECTOR ( 'NONE', #3542, 1000.000000000000114 ) ;
#4422 = VERTEX_POINT ( 'NONE', #8254 ) ;
#4423 = DIRECTION ( 'NONE',  ( -1.000000000000000000, -1.120120665500548440E-15, -0.000000000000000000 ) ) ;
#4424 = ORIENTED_EDGE ( 'NONE', *, *, #8093, .T. ) ;
#4425 = VERTEX_POINT ( 'NONE', #993 ) ;
#4426 = CIRCLE ( 'NONE', #2075, 0.2901001153979760883 ) ;
#4427 = CARTESIAN_POINT ( 'NONE',  ( -5.134995374447882455, 0.000000000000000000, 4.649999999999999467 ) ) ;
#4428 = CARTESIAN_POINT ( 'NONE',  ( 3.599999999999999201, -12.74127152210484937, -5.150000000000000355 ) ) ;
#4429 = ORIENTED_EDGE ( 'NONE', *, *, #6200, .T. ) ;
#4430 = CARTESIAN_POINT ( 'NONE',  ( -4.222822763272207958, 1.371071533533628761, -2.970000000000000639 ) ) ;
#4431 = ADVANCED_FACE ( 'NONE', ( #6276 ), #346, .T. ) ;
#4432 = ORIENTED_EDGE ( 'NONE', *, *, #2014, .F. ) ;
#4433 = VERTEX_POINT ( 'NONE', #8005 ) ;
#4434 = AXIS2_PLACEMENT_3D ( 'NONE', #6060, #1455, #2763 ) ;
#4435 = CARTESIAN_POINT ( 'NONE',  ( -4.594243124080021445, 0.3286215912326184152, 2.969999999999999751 ) ) ;
#4436 = EDGE_LOOP ( 'NONE', ( #758, #5897, #8452, #4733, #3999, #7891 ) ) ;
#4437 = ORIENTED_EDGE ( 'NONE', *, *, #1518, .F. ) ;
#4438 = CARTESIAN_POINT ( 'NONE',  ( -4.589011388549212533, 0.2538042874631301071, 2.969999999999999751 ) ) ;
#4439 = AXIS2_PLACEMENT_3D ( 'NONE', #651, #7268, #1325 ) ;
#4440 = VECTOR ( 'NONE', #7510, 1000.000000000000000 ) ;
#4441 = CARTESIAN_POINT ( 'NONE',  ( 4.589011388549212533, 0.2538042874631317170, -0.8400000000000005240 ) ) ;
#4442 = LINE ( 'NONE', #1176, #4833 ) ;
#4443 = LINE ( 'NONE', #1029, #3425 ) ;
#4444 = EDGE_CURVE ( 'NONE', #5846, #141, #2074, .T. ) ;
#4445 = ORIENTED_EDGE ( 'NONE', *, *, #4232, .T. ) ;
#4446 = DIRECTION ( 'NONE',  ( 1.000000000000000000, 1.120120665500548440E-15, 0.000000000000000000 ) ) ;
#4447 = ADVANCED_FACE ( 'NONE', ( #1430 ), #4080, .F. ) ;
#4448 = ORIENTED_EDGE ( 'NONE', *, *, #7664, .T. ) ;
#4449 = CARTESIAN_POINT ( 'NONE',  ( -4.594243124080021445, 0.3286215912326184152, 1.700000000000000178 ) ) ;
#4450 = AXIS2_PLACEMENT_3D ( 'NONE', #8185, #8222, #279 ) ;
#4451 = ORIENTED_EDGE ( 'NONE', *, *, #4589, .T. ) ;
#4452 = ADVANCED_FACE ( 'NONE', ( #1793 ), #427, .F. ) ;
#4453 = CARTESIAN_POINT ( 'NONE',  ( -3.469579648282763440, 0.4500000000000000111, -4.869579648282762463 ) ) ;
#4454 = EDGE_CURVE ( 'NONE', #7714, #2790, #6521, .T. ) ;
#4455 = CARTESIAN_POINT ( 'NONE',  ( -4.222822763272207958, 1.371071533533628761, -0.4300000000000007150 ) ) ;
#4456 = DIRECTION ( 'NONE',  ( -0.000000000000000000, -0.000000000000000000, -1.000000000000000000 ) ) ;
#4457 = AXIS2_PLACEMENT_3D ( 'NONE', #1584, #2937, #4150 ) ;
#4458 = CARTESIAN_POINT ( 'NONE',  ( 3.943579639192182018, 1.292449942301011845, 0.8399999999999996358 ) ) ;
#4459 = ORIENTED_EDGE ( 'NONE', *, *, #7197, .T. ) ;
#4460 = CIRCLE ( 'NONE', #2510, 0.2901001153979760883 ) ;
#4461 = EDGE_CURVE ( 'NONE', #437, #7955, #1229, .T. ) ;
#4462 = VERTEX_POINT ( 'NONE', #5835 ) ;
#4463 = VERTEX_POINT ( 'NONE', #7804 ) ;
#4464 = VECTOR ( 'NONE', #4509, 1000.000000000000114 ) ;
#4465 = LINE ( 'NONE', #2995, #5139 ) ;
#4466 = VECTOR ( 'NONE', #7647, 1000.000000000000000 ) ;
#4467 = DIRECTION ( 'NONE',  ( 0.9975640502598241977, 0.06975647374412764778, -0.000000000000000000 ) ) ;
#4468 = DIRECTION ( 'NONE',  ( -0.000000000000000000, -0.000000000000000000, -1.000000000000000000 ) ) ;
#4469 = DIRECTION ( 'NONE',  ( 0.9975640502598241977, 0.06975647374412528856, 0.000000000000000000 ) ) ;
#4470 = VERTEX_POINT ( 'NONE', #5054 ) ;
#4471 = CARTESIAN_POINT ( 'NONE',  ( -3.943579639192182018, 1.292449942301011845, -4.240000000000001101 ) ) ;
#4472 = EDGE_CURVE ( 'NONE', #3174, #7708, #1753, .T. ) ;
#4473 = AXIS2_PLACEMENT_3D ( 'NONE', #4722, #2716, #5371 ) ;
#4474 = ORIENTED_EDGE ( 'NONE', *, *, #1223, .F. ) ;
#4475 = VERTEX_POINT ( 'NONE', #2532 ) ;
#4476 = CYLINDRICAL_SURFACE ( 'NONE', #6920, 0.2901001153979764768 ) ;
#4477 = CARTESIAN_POINT ( 'NONE',  ( -3.749992964849197641, 1.367449942301012022, 2.109999999999999876 ) ) ;
#4478 = VECTOR ( 'NONE', #6582, 1000.000000000000000 ) ;
#4479 = ORIENTED_EDGE ( 'NONE', *, *, #3095, .T. ) ;
#4480 = DIRECTION ( 'NONE',  ( -0.000000000000000000, -0.000000000000000000, -1.000000000000000000 ) ) ;
#4481 = VERTEX_POINT ( 'NONE', #4533 ) ;
#4482 = CYLINDRICAL_SURFACE ( 'NONE', #1812, 0.07500000000000345279 ) ;
#4483 = ORIENTED_EDGE ( 'NONE', *, *, #5987, .T. ) ;
#4484 = ORIENTED_EDGE ( 'NONE', *, *, #1317, .F. ) ;
#4485 = FACE_OUTER_BOUND ( 'NONE', #5513, .T. ) ;
#4486 = EDGE_CURVE ( 'NONE', #1158, #4750, #7123, .T. ) ;
#4487 = CARTESIAN_POINT ( 'NONE',  ( 3.749992964849198085, 1.582550057698988821, -0.4300000000000007150 ) ) ;
#4488 = CARTESIAN_POINT ( 'NONE',  ( -4.589011388549212533, 0.2538042874631301071, -1.700000000000000622 ) ) ;
#4489 = CARTESIAN_POINT ( 'NONE',  ( 5.150000000000000355, 0.2145761423277614266, -2.970000000000000639 ) ) ;
#4490 = VERTEX_POINT ( 'NONE', #1071 ) ;
#4491 = CARTESIAN_POINT ( 'NONE',  ( -3.749992964849197641, 1.367449942301012022, 0.4299999999999998268 ) ) ;
#4492 = CARTESIAN_POINT ( 'NONE',  ( -4.315000000000000391, 0.2500000000000000000, -2.970000000000000639 ) ) ;
#4493 = ADVANCED_FACE ( 'NONE', ( #7173 ), #1871, .F. ) ;
#4494 = EDGE_CURVE ( 'NONE', #209, #7468, #2445, .T. ) ;
#4495 = EDGE_LOOP ( 'NONE', ( #196, #6557, #5677, #7240 ) ) ;
#4496 = CARTESIAN_POINT ( 'NONE',  ( -4.594243124080021445, 0.3286215912326184152, -1.700000000000000622 ) ) ;
#4497 = PLANE ( 'NONE',  #8186 ) ;
#4498 = CARTESIAN_POINT ( 'NONE',  ( -3.943579639192182018, 1.292449942301011845, -0.4300000000000007150 ) ) ;
#4499 = SURFACE_SIDE_STYLE ('',( #7051 ) ) ;
#4500 = ORIENTED_EDGE ( 'NONE', *, *, #4685, .T. ) ;
#4501 = ORIENTED_EDGE ( 'NONE', *, *, #4561, .F. ) ;
#4502 = DIRECTION ( 'NONE',  ( -0.000000000000000000, -0.000000000000000000, -1.000000000000000000 ) ) ;
#4503 = DIRECTION ( 'NONE',  ( -1.000000000000000000, 0.000000000000000000, 0.000000000000000000 ) ) ;
#4504 = FACE_OUTER_BOUND ( 'NONE', #1414, .T. ) ;
#4505 = AXIS2_PLACEMENT_3D ( 'NONE', #4382, #7024, #1471 ) ;
#4506 = CARTESIAN_POINT ( 'NONE',  ( 3.749999999999999112, -12.74127152210484937, 4.749999999999997335 ) ) ;
#4507 = EDGE_LOOP ( 'NONE', ( #687, #4609, #2905, #7106 ) ) ;
#4508 = ORIENTED_EDGE ( 'NONE', *, *, #5268, .T. ) ;
#4509 = DIRECTION ( 'NONE',  ( 0.06975647374412763391, 0.9975640502598240866, -0.000000000000000000 ) ) ;
#4510 = ORIENTED_EDGE ( 'NONE', *, *, #744, .F. ) ;
#4511 = ORIENTED_EDGE ( 'NONE', *, *, #2516, .F. ) ;
#4512 = VECTOR ( 'NONE', #820, 1000.000000000000000 ) ;
#4513 = DIRECTION ( 'NONE',  ( -0.000000000000000000, -0.000000000000000000, -1.000000000000000000 ) ) ;
#4514 = LINE ( 'NONE', #4477, #1369 ) ;
#4515 = AXIS2_PLACEMENT_3D ( 'NONE', #1622, #893, #3454 ) ;
#4516 = ADVANCED_FACE ( 'NONE', ( #1108 ), #5750, .T. ) ;
#4517 = ORIENTED_EDGE ( 'NONE', *, *, #6200, .F. ) ;
#4518 = CARTESIAN_POINT ( 'NONE',  ( -4.315000000000000391, 0.2500000000000000000, 4.649999999999999467 ) ) ;
#4519 = EDGE_LOOP ( 'NONE', ( #5388, #2229, #3902, #1404, #8377, #7457, #7087, #5347, #3260, #2852, #2308, #4645 ) ) ;
#4520 = DIRECTION ( 'NONE',  ( -1.000000000000000000, 1.120120665500546074E-15, 0.000000000000000000 ) ) ;
#4521 = ORIENTED_EDGE ( 'NONE', *, *, #6717, .T. ) ;
#4522 = VECTOR ( 'NONE', #5105, 1000.000000000000000 ) ;
#4523 = AXIS2_PLACEMENT_3D ( 'NONE', #7070, #5777, #7667 ) ;
#4524 = ORIENTED_EDGE ( 'NONE', *, *, #1818, .T. ) ;
#4525 = DIRECTION ( 'NONE',  ( -1.000000000000000000, 1.120120665500548440E-15, 0.000000000000000000 ) ) ;
#4526 = FACE_OUTER_BOUND ( 'NONE', #1990, .T. ) ;
#4527 = CARTESIAN_POINT ( 'NONE',  ( 0.000000000000000000, 2.649999999999999911, 4.999972658955196714 ) ) ;
#4528 = FACE_OUTER_BOUND ( 'NONE', #5202, .T. ) ;
#4529 = VERTEX_POINT ( 'NONE', #7084 ) ;
#4530 = VECTOR ( 'NONE', #3363, 1000.000000000000114 ) ;
#4531 = CYLINDRICAL_SURFACE ( 'NONE', #5901, 0.1499999999999998002 ) ;
#4532 = VECTOR ( 'NONE', #4123, 1000.000000000000000 ) ;
#4533 = CARTESIAN_POINT ( 'NONE',  ( -4.574006762997095521, 0.03922814513537028341, 1.700000000000000178 ) ) ;
#4534 = EDGE_CURVE ( 'NONE', #3228, #6694, #1182, .T. ) ;
#4535 = LINE ( 'NONE', #8463, #7414 ) ;
#4536 = VECTOR ( 'NONE', #3451, 1000.000000000000000 ) ;
#4537 = VERTEX_POINT ( 'NONE', #8337 ) ;
#4538 = DIRECTION ( 'NONE',  ( -0.1378445374916255073, -0.9808148484639900300, -0.1378445374916254795 ) ) ;
#4539 = CARTESIAN_POINT ( 'NONE',  ( 4.315000000000000391, 0.2500000000000000000, -0.4300000000000007150 ) ) ;
#4540 = DIRECTION ( 'NONE',  ( 0.9975640502598241977, 0.06975647374412544122, 0.000000000000000000 ) ) ;
#4541 = CARTESIAN_POINT ( 'NONE',  ( 3.943579639192182018, 1.367449942301011800, -0.4300000000000007150 ) ) ;
#4542 = CARTESIAN_POINT ( 'NONE',  ( -4.574006762997095521, 0.03922814513537028341, 4.649999999999999467 ) ) ;
#4543 = EDGE_CURVE ( 'NONE', #4470, #4842, #5014, .T. ) ;
#4544 = VECTOR ( 'NONE', #7674, 1000.000000000000114 ) ;
#4545 = EDGE_LOOP ( 'NONE', ( #7924, #6284, #7887, #4981 ) ) ;
#4546 = ORIENTED_EDGE ( 'NONE', *, *, #1303, .T. ) ;
#4547 = DIRECTION ( 'NONE',  ( -0.1378445374916262844, 0.9808148484639904741, 0.1378445374916222044 ) ) ;
#4548 = VECTOR ( 'NONE', #5451, 1000.000000000000227 ) ;
#4549 = CARTESIAN_POINT ( 'NONE',  ( 3.943579639192182018, 1.367449942301011800, 0.4299999999999998268 ) ) ;
#4550 = DIRECTION ( 'NONE',  ( -0.06975647374412545509, 0.9975640502598243087, 0.000000000000000000 ) ) ;
#4551 = EDGE_CURVE ( 'NONE', #7409, #5059, #705, .T. ) ;
#4552 = LINE ( 'NONE', #7959, #6964 ) ;
#4553 = PLANE ( 'NONE',  #4953 ) ;
#4554 = ADVANCED_FACE ( 'NONE', ( #5100 ), #6433, .F. ) ;
#4555 = ORIENTED_EDGE ( 'NONE', *, *, #1886, .T. ) ;
#4556 = SURFACE_SIDE_STYLE ('',( #7236 ) ) ;
#4557 = VERTEX_POINT ( 'NONE', #5180 ) ;
#4558 = ORIENTED_EDGE ( 'NONE', *, *, #648, .T. ) ;
#4559 = DIRECTION ( 'NONE',  ( -0.000000000000000000, -0.000000000000000000, -1.000000000000000000 ) ) ;
#4560 = CARTESIAN_POINT ( 'NONE',  ( -3.943579639192182018, 1.292449942301011845, 4.649999999999999467 ) ) ;
#4561 = EDGE_CURVE ( 'NONE', #3788, #5846, #3152, .T. ) ;
#4562 = CYLINDRICAL_SURFACE ( 'NONE', #2113, 0.1499999999999998002 ) ;
#4563 = ORIENTED_EDGE ( 'NONE', *, *, #3595, .T. ) ;
#4564 = CARTESIAN_POINT ( 'NONE',  ( -3.749992964849198085, 1.582550057698988821, -0.4300000000000007150 ) ) ;
#4565 = ORIENTED_EDGE ( 'NONE', *, *, #868, .F. ) ;
#4566 = DIRECTION ( 'NONE',  ( 0.000000000000000000, 1.000000000000000000, -0.000000000000000000 ) ) ;
#4567 = ORIENTED_EDGE ( 'NONE', *, *, #6889, .F. ) ;
#4568 = AXIS2_PLACEMENT_3D ( 'NONE', #1254, #3914, #3261 ) ;
#4569 = EDGE_LOOP ( 'NONE', ( #6558, #8309 ) ) ;
#4570 = FACE_OUTER_BOUND ( 'NONE', #6809, .T. ) ;
#4571 = EDGE_CURVE ( 'NONE', #6423, #437, #2485, .T. ) ;
#4572 = CARTESIAN_POINT ( 'NONE',  ( 4.594243124080021445, 0.3286215912326184152, 1.700000000000000178 ) ) ;
#4573 = DIRECTION ( 'NONE',  ( 0.000000000000000000, -0.1391731009600622182, -0.9902680687415708061 ) ) ;
#4574 = DIRECTION ( 'NONE',  ( -0.7036407875340268125, -0.7036407875340268125, -0.09889026361067784765 ) ) ;
#4575 = ORIENTED_EDGE ( 'NONE', *, *, #7303, .F. ) ;
#4576 = CARTESIAN_POINT ( 'NONE',  ( -4.015772765614322282, 1.312776095340825622, 2.969999999999999751 ) ) ;
#4577 = EDGE_LOOP ( 'NONE', ( #7876, #3644, #7115, #3990, #3615, #6524, #1092, #4600, #4694, #5319, #7300, #6193 ) ) ;
#4578 = CYLINDRICAL_SURFACE ( 'NONE', #3844, 0.1499999999999999667 ) ;
#4579 = DIRECTION ( 'NONE',  ( -1.000000000000000000, -2.016181479920678149E-15, 0.000000000000000000 ) ) ;
#4580 = VECTOR ( 'NONE', #3746, 1000.000000000000000 ) ;
#4581 = CARTESIAN_POINT ( 'NONE',  ( 3.943579639192182018, 1.582550057698989043, -3.380000000000000338 ) ) ;
#4582 = LINE ( 'NONE', #7219, #7754 ) ;
#4583 = PRESENTATION_LAYER_ASSIGNMENT (  '', '', ( #7894 ) ) ;
#4584 = PLANE ( 'NONE',  #8046 ) ;
#4585 = DIRECTION ( 'NONE',  ( -0.000000000000000000, -0.000000000000000000, -1.000000000000000000 ) ) ;
#4586 = FILL_AREA_STYLE ('',( #5189 ) ) ;
#4587 = ORIENTED_EDGE ( 'NONE', *, *, #3738, .F. ) ;
#4588 = VERTEX_POINT ( 'NONE', #7307 ) ;
#4589 = EDGE_CURVE ( 'NONE', #6056, #1127, #4263, .T. ) ;
#4590 = DIRECTION ( 'NONE',  ( 0.2710153738641504773, -0.9625750189617817698, -0.000000000000000000 ) ) ;
#4591 = DIRECTION ( 'NONE',  ( -0.000000000000000000, -0.000000000000000000, -1.000000000000000000 ) ) ;
#4592 = CARTESIAN_POINT ( 'NONE',  ( 3.943579639192182018, 1.292449942301011845, 2.109999999999999876 ) ) ;
#4593 = ORIENTED_EDGE ( 'NONE', *, *, #5882, .T. ) ;
#4594 = SURFACE_SIDE_STYLE ('',( #6073 ) ) ;
#4595 = LINE ( 'NONE', #8434, #3702 ) ;
#4596 = ORIENTED_EDGE ( 'NONE', *, *, #5760, .F. ) ;
#4597 = ORIENTED_EDGE ( 'NONE', *, *, #5629, .T. ) ;
#4598 = FILL_AREA_STYLE_COLOUR ( '', #2110 ) ;
#4599 = CIRCLE ( 'NONE', #8183, 0.07500000000000300870 ) ;
#4600 = ORIENTED_EDGE ( 'NONE', *, *, #4075, .T. ) ;
#4601 = ORIENTED_EDGE ( 'NONE', *, *, #5073, .T. ) ;
#4602 = ADVANCED_FACE ( 'NONE', ( #3325 ), #3368, .F. ) ;
#4603 = VECTOR ( 'NONE', #2065, 1000.000000000000227 ) ;
#4604 = ADVANCED_FACE ( 'NONE', ( #2101 ), #6058, .T. ) ;
#4605 = CARTESIAN_POINT ( 'NONE',  ( 3.749992964849198085, 1.582550057698988821, 0.4299999999999998268 ) ) ;
#4606 = DIRECTION ( 'NONE',  ( -0.000000000000000000, -0.000000000000000000, -1.000000000000000000 ) ) ;
#4607 = STYLED_ITEM ( 'NONE', ( #6756 ), #5432 ) ;
#4608 = CARTESIAN_POINT ( 'NONE',  ( 4.015772765614318729, 1.312776095340824734, 4.649999999999999467 ) ) ;
#4609 = ORIENTED_EDGE ( 'NONE', *, *, #7448, .F. ) ;
#4610 = DIRECTION ( 'NONE',  ( 0.2710153738641504773, 0.9625750189617817698, 0.000000000000000000 ) ) ;
#4611 = ORIENTED_EDGE ( 'NONE', *, *, #3458, .T. ) ;
#4612 = AXIS2_PLACEMENT_3D ( 'NONE', #2696, #111, #1481 ) ;
#4613 = DIRECTION ( 'NONE',  ( -1.000000000000000000, 0.000000000000000000, 0.000000000000000000 ) ) ;
#4614 = EDGE_LOOP ( 'NONE', ( #7247, #4045, #2289, #6722 ) ) ;
#4615 = ADVANCED_FACE ( 'NONE', ( #85 ), #5411, .F. ) ;
#4616 = ORIENTED_EDGE ( 'NONE', *, *, #6303, .T. ) ;
#4617 = EDGE_CURVE ( 'NONE', #531, #790, #2669, .T. ) ;
#4618 = DIRECTION ( 'NONE',  ( -0.9975640502598241977, -0.06975647374412544122, 0.000000000000000000 ) ) ;
#4619 = COLOUR_RGB ( '',0.8000000000000000444, 0.8078431372549019773, 0.8000000000000000444 ) ;
#4620 = LINE ( 'NONE', #5174, #1524 ) ;
#4621 = DIRECTION ( 'NONE',  ( -0.000000000000000000, -0.000000000000000000, -1.000000000000000000 ) ) ;
#4622 = CARTESIAN_POINT ( 'NONE',  ( 3.600968516274152265, 1.367483313969916292, -5.149997654931400604 ) ) ;
#4623 = ORIENTED_EDGE ( 'NONE', *, *, #8438, .F. ) ;
#4624 = DIRECTION ( 'NONE',  ( -0.1378445374916253130, -0.9808148484639900300, 0.1378445374916253130 ) ) ;
#4625 = DIRECTION ( 'NONE',  ( -1.000000000000000000, 0.000000000000000000, 0.000000000000000000 ) ) ;
#4626 = EDGE_CURVE ( 'NONE', #7747, #6174, #4761, .T. ) ;
#4627 = CARTESIAN_POINT ( 'NONE',  ( -3.618119858593998650, 0.4291240348559906548, -4.869579648282762463 ) ) ;
#4628 = DIRECTION ( 'NONE',  ( 0.000000000000000000, 0.000000000000000000, 1.000000000000000000 ) ) ;
#4629 = CARTESIAN_POINT ( 'NONE',  ( -3.749992964849197641, 1.367449942301012022, -5.001452754537961454 ) ) ;
#4630 = DIRECTION ( 'NONE',  ( 0.000000000000000000, 0.000000000000000000, 1.000000000000000000 ) ) ;
#4631 = DIRECTION ( 'NONE',  ( -0.000000000000000000, -0.000000000000000000, -1.000000000000000000 ) ) ;
#4632 = ADVANCED_FACE ( 'NONE', ( #3935 ), #4578, .T. ) ;
#4633 = LINE ( 'NONE', #53, #6241 ) ;
#4634 = ORIENTED_EDGE ( 'NONE', *, *, #8226, .T. ) ;
#4635 = ORIENTED_EDGE ( 'NONE', *, *, #2414, .T. ) ;
#4636 = DIRECTION ( 'NONE',  ( 0.7071067811865474617, -0.7071067811865474617, 0.000000000000000000 ) ) ;
#4637 = LINE ( 'NONE', #5290, #5782 ) ;
#4638 = VERTEX_POINT ( 'NONE', #737 ) ;
#4639 = CARTESIAN_POINT ( 'NONE',  ( -4.222822763272206181, 1.371071533533628317, -0.4300000000000007150 ) ) ;
#4640 = ORIENTED_EDGE ( 'NONE', *, *, #1103, .F. ) ;
#4641 = ORIENTED_EDGE ( 'NONE', *, *, #1373, .F. ) ;
#4642 = VERTEX_POINT ( 'NONE', #6610 ) ;
#4643 = CARTESIAN_POINT ( 'NONE',  ( -4.594243124080021445, 0.3286215912326184152, 3.379999999999999449 ) ) ;
#4644 = EDGE_CURVE ( 'NONE', #1864, #7530, #5968, .T. ) ;
#4645 = ORIENTED_EDGE ( 'NONE', *, *, #3507, .F. ) ;
#4646 = ORIENTED_EDGE ( 'NONE', *, *, #104, .F. ) ;
#4647 = DIRECTION ( 'NONE',  ( -1.000000000000000000, -1.120120665500548440E-15, -0.000000000000000000 ) ) ;
#4648 = LINE ( 'NONE', #6719, #5101 ) ;
#4649 = CARTESIAN_POINT ( 'NONE',  ( -3.943579639192182018, 1.292449942301011845, -0.4300000000000007150 ) ) ;
#4650 = VERTEX_POINT ( 'NONE', #2011 ) ;
#4651 = CARTESIAN_POINT ( 'NONE',  ( -3.749992964849198085, 1.582550057698988821, 5.001452754537961454 ) ) ;
#4652 = EDGE_CURVE ( 'NONE', #867, #1220, #4715, .T. ) ;
#4653 = DIRECTION ( 'NONE',  ( -0.000000000000000000, -0.000000000000000000, -1.000000000000000000 ) ) ;
#4654 = EDGE_CURVE ( 'NONE', #1134, #8410, #2320, .T. ) ;
#4655 = VERTEX_POINT ( 'NONE', #5320 ) ;
#4656 = VECTOR ( 'NONE', #4960, 1000.000000000000000 ) ;
#4657 = ORIENTED_EDGE ( 'NONE', *, *, #1704, .T. ) ;
#4658 = CARTESIAN_POINT ( 'NONE',  ( 5.150000000000000355, 0.2145761423277614266, 2.969999999999999751 ) ) ;
#4659 = DIRECTION ( 'NONE',  ( -1.120120665500546074E-15, 1.000000000000000000, 0.000000000000000000 ) ) ;
#4660 = DIRECTION ( 'NONE',  ( 0.9975640502598241977, 0.06975647374412544122, 0.000000000000000000 ) ) ;
#4661 = DIRECTION ( 'NONE',  ( -0.06975647374412764778, -0.9975640502598241977, 0.000000000000000000 ) ) ;
#4662 = EDGE_CURVE ( 'NONE', #2468, #6713, #3402, .T. ) ;
#4663 = VERTEX_POINT ( 'NONE', #2711 ) ;
#4664 = CYLINDRICAL_SURFACE ( 'NONE', #3418, 0.07500000000000128786 ) ;
#4665 = ORIENTED_EDGE ( 'NONE', *, *, #4461, .T. ) ;
#4666 = ADVANCED_FACE ( 'NONE', ( #5360 ), #6568, .F. ) ;
#4667 = DIRECTION ( 'NONE',  ( 1.000000000000000000, 0.000000000000000000, -0.000000000000000000 ) ) ;
#4668 = AXIS2_PLACEMENT_3D ( 'NONE', #6663, #3417, #1422 ) ;
#4669 = EDGE_CURVE ( 'NONE', #6513, #5190, #7161, .T. ) ;
#4670 = CIRCLE ( 'NONE', #7134, 0.07500000000000041356 ) ;
#4671 = CARTESIAN_POINT ( 'NONE',  ( 3.749992964849195864, 1.367449942301012022, -5.001452754537961454 ) ) ;
#4672 = VECTOR ( 'NONE', #6307, 1000.000000000000000 ) ;
#4673 = CARTESIAN_POINT ( 'NONE',  ( -5.134995374447882455, 0.000000000000000000, -4.240000000000001101 ) ) ;
#4674 = CIRCLE ( 'NONE', #2723, 0.2901001153979786418 ) ;
#4675 = CARTESIAN_POINT ( 'NONE',  ( 3.749992964849197641, 1.367449942301012022, 3.379999999999999449 ) ) ;
#4676 = CARTESIAN_POINT ( 'NONE',  ( -5.134995374447882455, 0.000000000000000000, 0.4299999999999998268 ) ) ;
#4677 = DIRECTION ( 'NONE',  ( -1.000000000000000000, 1.120120665500548440E-15, 0.000000000000000000 ) ) ;
#4678 = EDGE_CURVE ( 'NONE', #6908, #8177, #8498, .T. ) ;
#4679 = FACE_OUTER_BOUND ( 'NONE', #5581, .T. ) ;
#4680 = VERTEX_POINT ( 'NONE', #4066 ) ;
#4681 = AXIS2_PLACEMENT_3D ( 'NONE', #1243, #7707, #6258 ) ;
#4682 = VECTOR ( 'NONE', #3795, 1000.000000000000000 ) ;
#4683 = VECTOR ( 'NONE', #4591, 1000.000000000000000 ) ;
#4684 = VERTEX_POINT ( 'NONE', #5921 ) ;
#4685 = EDGE_CURVE ( 'NONE', #5012, #7788, #2620, .T. ) ;
#4686 = CIRCLE ( 'NONE', #6206, 0.1499999999999998002 ) ;
#4687 = DIRECTION ( 'NONE',  ( 1.000000000000000000, 0.000000000000000000, 0.000000000000000000 ) ) ;
#4688 = LINE ( 'NONE', #1982, #6067 ) ;
#4689 = AXIS2_PLACEMENT_3D ( 'NONE', #7137, #1197, #1240 ) ;
#4690 =( LENGTH_UNIT ( ) NAMED_UNIT ( * ) SI_UNIT ( .MILLI., .METRE. ) );
#4691 = CARTESIAN_POINT ( 'NONE',  ( -5.150000000000000355, 0.2145761423277614266, -0.4300000000000007150 ) ) ;
#4692 = ORIENTED_EDGE ( 'NONE', *, *, #1252, .F. ) ;
#4693 = ORIENTED_EDGE ( 'NONE', *, *, #6529, .F. ) ;
#4694 = ORIENTED_EDGE ( 'NONE', *, *, #7787, .T. ) ;
#4695 = CARTESIAN_POINT ( 'NONE',  ( 4.594243124080021445, 0.3286215912326184152, -2.970000000000000639 ) ) ;
#4696 = VERTEX_POINT ( 'NONE', #2273 ) ;
#4697 = ORIENTED_EDGE ( 'NONE', *, *, #4987, .F. ) ;
#4698 = VECTOR ( 'NONE', #3350, 1000.000000000000000 ) ;
#4699 = DIRECTION ( 'NONE',  ( -0.000000000000000000, -0.000000000000000000, -1.000000000000000000 ) ) ;
#4700 = LINE ( 'NONE', #7375, #3172 ) ;
#4701 = CARTESIAN_POINT ( 'NONE',  ( -4.015772765614322282, 1.312776095340825622, 4.649999999999999467 ) ) ;
#4702 = ORIENTED_EDGE ( 'NONE', *, *, #2986, .F. ) ;
#4703 = DIRECTION ( 'NONE',  ( -1.000000000000000000, 0.000000000000000000, 0.000000000000000000 ) ) ;
#4704 = VECTOR ( 'NONE', #8529, 1000.000000000000000 ) ;
#4705 = CARTESIAN_POINT ( 'NONE',  ( -3.749992964849198085, 1.582550057698988821, -0.8400000000000005240 ) ) ;
#4706 = ORIENTED_EDGE ( 'NONE', *, *, #4364, .F. ) ;
#4707 = EDGE_LOOP ( 'NONE', ( #4508, #1778, #3787, #8210 ) ) ;
#4708 = FACE_OUTER_BOUND ( 'NONE', #5521, .T. ) ;
#4709 = PLANE ( 'NONE',  #3452 ) ;
#4710 = EDGE_CURVE ( 'NONE', #7515, #3845, #1541, .T. ) ;
#4711 = CARTESIAN_POINT ( 'NONE',  ( 4.574006762997095521, 0.03922814513537039444, -4.650000000000000355 ) ) ;
#4712 = ORIENTED_EDGE ( 'NONE', *, *, #7525, .F. ) ;
#4713 = DIRECTION ( 'NONE',  ( -0.000000000000000000, -0.000000000000000000, -1.000000000000000000 ) ) ;
#4714 = ORIENTED_EDGE ( 'NONE', *, *, #7873, .T. ) ;
#4715 = LINE ( 'NONE', #8547, #127 ) ;
#4716 = VECTOR ( 'NONE', #8166, 1000.000000000000000 ) ;
#4717 = CARTESIAN_POINT ( 'NONE',  ( 4.315000000000000391, 0.2500000000000000000, -1.700000000000000622 ) ) ;
#4718 = EDGE_CURVE ( 'NONE', #5641, #6908, #4323, .T. ) ;
#4719 = DIRECTION ( 'NONE',  ( 0.9975640502598241977, -0.06975647374412528856, 0.000000000000000000 ) ) ;
#4720 = ADVANCED_FACE ( 'NONE', ( #5586 ), #4188, .T. ) ;
#4721 = AXIS2_PLACEMENT_3D ( 'NONE', #6785, #857, #8120 ) ;
#4722 = CARTESIAN_POINT ( 'NONE',  ( -4.594243124080021445, 0.3286215912326184152, -1.700000000000000622 ) ) ;
#4723 = CARTESIAN_POINT ( 'NONE',  ( 5.150000000000000355, 0.2145761423277614266, 1.700000000000000178 ) ) ;
#4724 =( NAMED_UNIT ( * ) PLANE_ANGLE_UNIT ( ) SI_UNIT ( $, .RADIAN. ) );
#4725 = CLOSED_SHELL ( 'NONE', ( #1873, #4189, #7854, #10, #2424, #3984, #7397, #907, #328, #3446, #7289, #327, #5321, #2224, #6236, #5313, #184, #4720, #6831, #1804, #1106, #156, #1138, #5622, #86, #1489, #78, #5731, #628, #5063, #3497, #571, #3327, #7893, #4632, #8522, #477, #1884, #7551, #1148, #8320, #6448, #7816, #7326, #2285, #2369, #5468, #7716, #8041, #526, #976 ) ) ;
#4726 = EDGE_CURVE ( 'NONE', #4938, #7671, #8115, .T. ) ;
#4727 = ORIENTED_EDGE ( 'NONE', *, *, #4075, .F. ) ;
#4728 = ADVANCED_FACE ( 'NONE', ( #6825 ), #2143, .F. ) ;
#4729 = VECTOR ( 'NONE', #3187, 1000.000000000000000 ) ;
#4730 = CARTESIAN_POINT ( 'NONE',  ( -3.749992964849198085, 1.582550057698988821, -0.4300000000000007150 ) ) ;
#4731 = CARTESIAN_POINT ( 'NONE',  ( 4.015772765614318729, 1.312776095340824734, -0.4300000000000007150 ) ) ;
#4732 = CARTESIAN_POINT ( 'NONE',  ( 3.943579639192182018, 1.367449942301011800, -0.8400000000000005240 ) ) ;
#4733 = ORIENTED_EDGE ( 'NONE', *, *, #2606, .T. ) ;
#4734 = ORIENTED_EDGE ( 'NONE', *, *, #6907, .F. ) ;
#4735 = ORIENTED_EDGE ( 'NONE', *, *, #6036, .F. ) ;
#4736 = ADVANCED_FACE ( 'NONE', ( #5623 ), #335, .T. ) ;
#4737 = CARTESIAN_POINT ( 'NONE',  ( 4.222822763272201740, 1.371071533533629649, 0.4299999999999998268 ) ) ;
#4738 = VERTEX_POINT ( 'NONE', #6952 ) ;
#4739 = ORIENTED_EDGE ( 'NONE', *, *, #2293, .F. ) ;
#4740 = AXIS2_PLACEMENT_3D ( 'NONE', #6535, #2499, #5151 ) ;
#4741 = DIRECTION ( 'NONE',  ( 1.000000000000000000, -2.016181479920678149E-15, 0.000000000000000000 ) ) ;
#4742 = LINE ( 'NONE', #233, #2796 ) ;
#4743 = CARTESIAN_POINT ( 'NONE',  ( -4.315000000000000391, 0.2499999999999998890, 3.379999999999999449 ) ) ;
#4744 = CARTESIAN_POINT ( 'NONE',  ( -4.222822763272207958, 1.371071533533628761, -1.700000000000000622 ) ) ;
#4745 = ORIENTED_EDGE ( 'NONE', *, *, #2816, .F. ) ;
#4746 = DIRECTION ( 'NONE',  ( -0.000000000000000000, -0.000000000000000000, -1.000000000000000000 ) ) ;
#4747 = VECTOR ( 'NONE', #4795, 1000.000000000000114 ) ;
#4748 = ADVANCED_FACE ( 'NONE', ( #4230 ), #3623, .F. ) ;
#4749 = DIRECTION ( 'NONE',  ( 0.000000000000000000, 0.000000000000000000, 1.000000000000000000 ) ) ;
#4750 = VERTEX_POINT ( 'NONE', #6265 ) ;
#4751 = VECTOR ( 'NONE', #266, 1000.000000000000227 ) ;
#4752 = ORIENTED_EDGE ( 'NONE', *, *, #5229, .T. ) ;
#4753 = CARTESIAN_POINT ( 'NONE',  ( 5.134995374447882455, 0.000000000000000000, 0.8399999999999996358 ) ) ;
#4754 =( GEOMETRIC_REPRESENTATION_CONTEXT ( 3 ) GLOBAL_UNCERTAINTY_ASSIGNED_CONTEXT ( ( #2349 ) ) GLOBAL_UNIT_ASSIGNED_CONTEXT ( ( #1853, #7877, #8437 ) ) REPRESENTATION_CONTEXT ( 'NONE', 'WORKASPACE' ) );
#4755 = CYLINDRICAL_SURFACE ( 'NONE', #6481, 0.07500000000000300870 ) ;
#4756 = CARTESIAN_POINT ( 'NONE',  ( -4.315000000000000391, 0.2499999999999998890, 4.649999999999999467 ) ) ;
#4757 = VERTEX_POINT ( 'NONE', #171 ) ;
#4758 = CARTESIAN_POINT ( 'NONE',  ( -5.150000000000000355, 0.2145761423277614266, 3.379999999999999449 ) ) ;
#4759 = VERTEX_POINT ( 'NONE', #213 ) ;
#4760 = ORIENTED_EDGE ( 'NONE', *, *, #3969, .T. ) ;
#4761 = LINE ( 'NONE', #1966, #2740 ) ;
#4762 = EDGE_CURVE ( 'NONE', #7277, #2035, #5458, .T. ) ;
#4763 = CARTESIAN_POINT ( 'NONE',  ( -4.315000000000000391, 0.2499999999999998890, -3.380000000000000338 ) ) ;
#4764 = VECTOR ( 'NONE', #4468, 1000.000000000000000 ) ;
#4765 = CARTESIAN_POINT ( 'NONE',  ( -4.589011388549212533, 0.2538042874631317170, 4.649999999999999467 ) ) ;
#4766 = PLANE ( 'NONE',  #5809 ) ;
#4767 = DIRECTION ( 'NONE',  ( 0.000000000000000000, 0.9902680687415710281, 0.1391731009600601365 ) ) ;
#4768 = DIRECTION ( 'NONE',  ( 0.06975647374412530244, -0.9975640502598243087, 0.000000000000000000 ) ) ;
#4769 = ORIENTED_EDGE ( 'NONE', *, *, #7487, .F. ) ;
#4770 = EDGE_CURVE ( 'NONE', #6363, #301, #3537, .T. ) ;
#4771 = ADVANCED_FACE ( 'NONE', ( #6780 ), #7556, .F. ) ;
#4772 = VERTEX_POINT ( 'NONE', #4888 ) ;
#4773 = CARTESIAN_POINT ( 'NONE',  ( -3.943579639192182018, 1.292449942301011845, -3.380000000000000338 ) ) ;
#4774 = LINE ( 'NONE', #3026, #2731 ) ;
#4775 = ORIENTED_EDGE ( 'NONE', *, *, #1681, .F. ) ;
#4776 = FILL_AREA_STYLE ('',( #915 ) ) ;
#4777 = EDGE_LOOP ( 'NONE', ( #1389, #3063, #7885, #8435 ) ) ;
#4778 = CARTESIAN_POINT ( 'NONE',  ( -5.134995374447882455, 0.000000000000000000, -2.970000000000000639 ) ) ;
#4779 = CYLINDRICAL_SURFACE ( 'NONE', #7898, 0.07500000000000041356 ) ;
#4780 = FACE_OUTER_BOUND ( 'NONE', #3270, .T. ) ;
#4781 = LINE ( 'NONE', #4744, #461 ) ;
#4782 = ORIENTED_EDGE ( 'NONE', *, *, #22, .T. ) ;
#4783 = CARTESIAN_POINT ( 'NONE',  ( 3.749999999999999112, -12.74127152210484937, -4.999999999999999112 ) ) ;
#4784 = DIRECTION ( 'NONE',  ( 1.000000000000000000, -1.120120665500546074E-15, -0.000000000000000000 ) ) ;
#4785 = ORIENTED_EDGE ( 'NONE', *, *, #2262, .T. ) ;
#4786 = ORIENTED_EDGE ( 'NONE', *, *, #1728, .F. ) ;
#4787 = FACE_OUTER_BOUND ( 'NONE', #379, .T. ) ;
#4788 = EDGE_CURVE ( 'NONE', #1446, #3645, #3500, .T. ) ;
#4789 = DIRECTION ( 'NONE',  ( -0.000000000000000000, -0.000000000000000000, -1.000000000000000000 ) ) ;
#4790 = FACE_OUTER_BOUND ( 'NONE', #1196, .T. ) ;
#4791 = ORIENTED_EDGE ( 'NONE', *, *, #5588, .T. ) ;
#4792 = CARTESIAN_POINT ( 'NONE',  ( -4.594243124080021445, 0.3286215912326184152, 0.8399999999999996358 ) ) ;
#4793 = EDGE_LOOP ( 'NONE', ( #4437, #5886, #6586 ) ) ;
#4794 = VERTEX_POINT ( 'NONE', #8239 ) ;
#4795 = DIRECTION ( 'NONE',  ( 0.06975647374412763391, -0.9975640502598240866, 0.000000000000000000 ) ) ;
#4796 = AXIS2_PLACEMENT_3D ( 'NONE', #3843, #6482, #552 ) ;
#4797 = CARTESIAN_POINT ( 'NONE',  ( -4.315000000000000391, 0.2500000000000000000, 2.109999999999999876 ) ) ;
#4798 = PLANE ( 'NONE',  #3330 ) ;
#4799 = CARTESIAN_POINT ( 'NONE',  ( -3.601452754537962431, 1.367449942301012467, 5.149992964849197108 ) ) ;
#4800 = CARTESIAN_POINT ( 'NONE',  ( -4.015772765614322282, 1.312776095340825622, 4.649999999999999467 ) ) ;
#4801 = CARTESIAN_POINT ( 'NONE',  ( 4.315000000000000391, 0.2500000000000000000, -0.4300000000000007150 ) ) ;
#4802 = VERTEX_POINT ( 'NONE', #2895 ) ;
#4803 = ADVANCED_FACE ( 'NONE', ( #6144 ), #1667, .F. ) ;
#4804 = DIRECTION ( 'NONE',  ( -1.000000000000000000, 0.000000000000000000, 0.000000000000000000 ) ) ;
#4805 = AXIS2_PLACEMENT_3D ( 'NONE', #774, #3407, #6055 ) ;
#4806 = VERTEX_POINT ( 'NONE', #7595 ) ;
#4807 = CIRCLE ( 'NONE', #6597, 0.2901001153979764768 ) ;
#4808 = VECTOR ( 'NONE', #3773, 1000.000000000000000 ) ;
#4809 = ORIENTED_EDGE ( 'NONE', *, *, #8297, .F. ) ;
#4810 = FACE_OUTER_BOUND ( 'NONE', #3867, .T. ) ;
#4811 = ADVANCED_FACE ( 'NONE', ( #3457 ), #8159, .F. ) ;
#4812 = DIRECTION ( 'NONE',  ( 0.000000000000000000, 0.1391731009600622737, -0.9902680687415706950 ) ) ;
#4813 = DIRECTION ( 'NONE',  ( 1.000000000000000000, 0.000000000000000000, 0.000000000000000000 ) ) ;
#4814 = AXIS2_PLACEMENT_3D ( 'NONE', #1407, #7254, #4661 ) ;
#4815 = DIRECTION ( 'NONE',  ( -2.016181479920678149E-15, -1.000000000000000000, -0.000000000000000000 ) ) ;
#4816 = VECTOR ( 'NONE', #7404, 1000.000000000000000 ) ;
#4817 = VERTEX_POINT ( 'NONE', #2844 ) ;
#4818 = CARTESIAN_POINT ( 'NONE',  ( -3.943579639192182018, 1.292449942301011845, -0.8400000000000005240 ) ) ;
#4819 = DIRECTION ( 'NONE',  ( -0.000000000000000000, -0.000000000000000000, -1.000000000000000000 ) ) ;
#4820 = VERTEX_POINT ( 'NONE', #7032 ) ;
#4821 = ORIENTED_EDGE ( 'NONE', *, *, #1448, .T. ) ;
#4822 = VECTOR ( 'NONE', #7401, 1000.000000000000000 ) ;
#4823 = CYLINDRICAL_SURFACE ( 'NONE', #7954, 0.2901001153979764768 ) ;
#4824 = DIRECTION ( 'NONE',  ( 2.016181479920678149E-15, -1.000000000000000000, 0.000000000000000000 ) ) ;
#4825 = AXIS2_PLACEMENT_3D ( 'NONE', #881, #4217, #1610 ) ;
#4826 = EDGE_CURVE ( 'NONE', #4757, #2058, #5016, .T. ) ;
#4827 = CYLINDRICAL_SURFACE ( 'NONE', #1496, 0.2901001153979760883 ) ;
#4828 = ADVANCED_FACE ( 'NONE', ( #3663 ), #496, .F. ) ;
#4829 = LINE ( 'NONE', #969, #8054 ) ;
#4830 = ORIENTED_EDGE ( 'NONE', *, *, #1677, .T. ) ;
#4831 = DIRECTION ( 'NONE',  ( 1.000000000000000000, 0.000000000000000000, 0.000000000000000000 ) ) ;
#4832 = DIRECTION ( 'NONE',  ( -0.000000000000000000, -0.000000000000000000, -1.000000000000000000 ) ) ;
#4833 = VECTOR ( 'NONE', #5221, 1000.000000000000000 ) ;
#4834 = ORIENTED_EDGE ( 'NONE', *, *, #6303, .F. ) ;
#4835 = CARTESIAN_POINT ( 'NONE',  ( -4.315000000000000391, 0.2499999999999998890, -1.700000000000000622 ) ) ;
#4836 = ADVANCED_FACE ( 'NONE', ( #4389 ), #5005, .F. ) ;
#4837 = ADVANCED_FACE ( 'NONE', ( #3099 ), #1702, .F. ) ;
#4838 = LINE ( 'NONE', #977, #2756 ) ;
#4839 = VECTOR ( 'NONE', #3217, 1000.000000000000000 ) ;
#4840 = ORIENTED_EDGE ( 'NONE', *, *, #5721, .T. ) ;
#4841 = DIRECTION ( 'NONE',  ( -0.000000000000000000, -0.000000000000000000, -1.000000000000000000 ) ) ;
#4842 = VERTEX_POINT ( 'NONE', #1057 ) ;
#4843 = VERTEX_POINT ( 'NONE', #7794 ) ;
#4844 = DIRECTION ( 'NONE',  ( 1.000000000000000000, 0.000000000000000000, -0.000000000000000000 ) ) ;
#4845 = EDGE_CURVE ( 'NONE', #2703, #3788, #5664, .T. ) ;
#4846 = DIRECTION ( 'NONE',  ( 0.9625750189617818808, -0.2710153738641505328, 0.000000000000000000 ) ) ;
#4847 = LINE ( 'NONE', #8164, #370 ) ;
#4848 = DIRECTION ( 'NONE',  ( 0.000000000000000000, 0.000000000000000000, 1.000000000000000000 ) ) ;
#4849 = CARTESIAN_POINT ( 'NONE',  ( -5.134995374447882455, 0.000000000000000000, -1.700000000000000622 ) ) ;
#4850 = CARTESIAN_POINT ( 'NONE',  ( -3.750000000000000888, -12.74127152210484937, 5.000000000000000000 ) ) ;
#4851 = VERTEX_POINT ( 'NONE', #3137 ) ;
#4852 = CARTESIAN_POINT ( 'NONE',  ( -4.222822763272206181, 1.371071533533628317, -1.700000000000000622 ) ) ;
#4853 = VECTOR ( 'NONE', #2083, 1000.000000000000227 ) ;
#4854 = ORIENTED_EDGE ( 'NONE', *, *, #3887, .F. ) ;
#4855 = CIRCLE ( 'NONE', #4721, 0.07500000000000300870 ) ;
#4856 = ORIENTED_EDGE ( 'NONE', *, *, #4718, .T. ) ;
#4857 = DIRECTION ( 'NONE',  ( -0.9975640502598241977, -0.06975647374412544122, 0.000000000000000000 ) ) ;
#4858 =( LENGTH_UNIT ( ) NAMED_UNIT ( * ) SI_UNIT ( .MILLI., .METRE. ) );
#4859 = DIRECTION ( 'NONE',  ( 0.000000000000000000, -0.9902680687415710281, 0.1391731009600601365 ) ) ;
#4860 = VECTOR ( 'NONE', #231, 1000.000000000000114 ) ;
#4861 = ORIENTED_EDGE ( 'NONE', *, *, #6294, .F. ) ;
#4862 = VERTEX_POINT ( 'NONE', #2350 ) ;
#4863 = FILL_AREA_STYLE_COLOUR ( '', #7091 ) ;
#4864 = COLOUR_RGB ( '',0.8000000000000000444, 0.8078431372549019773, 0.8000000000000000444 ) ;
#4865 = CARTESIAN_POINT ( 'NONE',  ( -3.943579639192182018, 1.367449942301011800, 3.379999999999999449 ) ) ;
#4866 = ADVANCED_FACE ( 'NONE', ( #4355 ), #3012, .F. ) ;
#4867 = ORIENTED_EDGE ( 'NONE', *, *, #262, .T. ) ;
#4868 = EDGE_LOOP ( 'NONE', ( #6421, #5739, #3583, #3604, #1206, #2968, #3906, #1185, #5028, #5182, #4479, #2438 ) ) ;
#4869 = VECTOR ( 'NONE', #8196, 1000.000000000000000 ) ;
#4870 = LINE ( 'NONE', #8097, #5635 ) ;
#4871 = CARTESIAN_POINT ( 'NONE',  ( -3.469579648282763440, 0.4500000000000000666, 4.869579648282762463 ) ) ;
#4872 = CYLINDRICAL_SURFACE ( 'NONE', #1201, 0.07500000000000345279 ) ;
#4873 = DIRECTION ( 'NONE',  ( -0.2710153738641504773, 0.9625750189617817698, 0.000000000000000000 ) ) ;
#4874 = CARTESIAN_POINT ( 'NONE',  ( 4.522049997657887843, 0.3082954381928066367, 4.240000000000000213 ) ) ;
#4875 = CARTESIAN_POINT ( 'NONE',  ( -4.522049997657885179, 0.3082954381928062482, 3.379999999999999449 ) ) ;
#4876 = AXIS2_PLACEMENT_3D ( 'NONE', #6446, #1043, #3727 ) ;
#4877 = ADVANCED_FACE ( 'NONE', ( #3699 ), #4482, .F. ) ;
#4878 = EDGE_CURVE ( 'NONE', #1098, #6260, #5710, .T. ) ;
#4879 = EDGE_LOOP ( 'NONE', ( #5052, #2078, #6333, #7756 ) ) ;
#4880 = CARTESIAN_POINT ( 'NONE',  ( -3.943579639192182018, 1.367449942301011800, 0.8399999999999996358 ) ) ;
#4881 = CARTESIAN_POINT ( 'NONE',  ( -3.528687866222429914, 2.079423175727996842, -4.928687866222429825 ) ) ;
#4882 = CARTESIAN_POINT ( 'NONE',  ( -4.574006762997095521, 0.03922814513537028341, 3.379999999999999449 ) ) ;
#4883 = VECTOR ( 'NONE', #456, 1000.000000000000000 ) ;
#4884 = ORIENTED_EDGE ( 'NONE', *, *, #1205, .T. ) ;
#4885 = DIRECTION ( 'NONE',  ( 0.06975647374412763391, -0.9975640502598240866, 0.000000000000000000 ) ) ;
#4886 = ORIENTED_EDGE ( 'NONE', *, *, #137, .T. ) ;
#4887 = UNCERTAINTY_MEASURE_WITH_UNIT (LENGTH_MEASURE( 1.000000000000000082E-05 ), #4690, 'distance_accuracy_value', 'NONE');
#4888 = CARTESIAN_POINT ( 'NONE',  ( 4.522049997657887843, 0.3082954381928066367, -4.650000000000000355 ) ) ;
#4889 = VECTOR ( 'NONE', #874, 1000.000000000000227 ) ;
#4890 = CARTESIAN_POINT ( 'NONE',  ( -3.749992964849198085, 1.582550057698988821, 2.109999999999999876 ) ) ;
#4891 = AXIS2_PLACEMENT_3D ( 'NONE', #5930, #6, #5281 ) ;
#4892 = CARTESIAN_POINT ( 'NONE',  ( -3.943579639192182018, 1.367449942301011800, 4.240000000000000213 ) ) ;
#4893 = CARTESIAN_POINT ( 'NONE',  ( 4.315000000000000391, 0.2500000000000000000, 4.240000000000000213 ) ) ;
#4894 = CARTESIAN_POINT ( 'NONE',  ( -3.943579639192182018, 1.582550057698989043, 3.379999999999999449 ) ) ;
#4895 = DIRECTION ( 'NONE',  ( 0.2710153738641504773, -0.9625750189617817698, -0.000000000000000000 ) ) ;
#4896 = ORIENTED_EDGE ( 'NONE', *, *, #5924, .F. ) ;
#4897 = DIRECTION ( 'NONE',  ( -2.016181479920678149E-15, 1.000000000000000000, 0.000000000000000000 ) ) ;
#4898 = PRESENTATION_STYLE_ASSIGNMENT (( #1594 ) ) ;
#4899 = VERTEX_POINT ( 'NONE', #5698 ) ;
#4900 = AXIS2_PLACEMENT_3D ( 'NONE', #2744, #5259, #5902 ) ;
#4901 = ORIENTED_EDGE ( 'NONE', *, *, #3558, .F. ) ;
#4902 = EDGE_CURVE ( 'NONE', #170, #6845, #8286, .T. ) ;
#4903 = VECTOR ( 'NONE', #3641, 1000.000000000000227 ) ;
#4904 = CARTESIAN_POINT ( 'NONE',  ( 3.943579639192182018, 1.292449942301011845, -4.240000000000001101 ) ) ;
#4905 = CARTESIAN_POINT ( 'NONE',  ( 4.522049997657887843, 0.3082954381928066367, 4.649999999999999467 ) ) ;
#4906 = DIRECTION ( 'NONE',  ( 1.000000000000000000, -4.023780757665094132E-16, -2.863068777260351178E-15 ) ) ;
#4907 = ORIENTED_EDGE ( 'NONE', *, *, #4283, .T. ) ;
#4908 = CARTESIAN_POINT ( 'NONE',  ( 3.749992964849197641, 1.367449942301012022, -0.4300000000000007150 ) ) ;
#4909 = ORIENTED_EDGE ( 'NONE', *, *, #5510, .T. ) ;
#4910 = ORIENTED_EDGE ( 'NONE', *, *, #3068, .F. ) ;
#4911 = LINE ( 'NONE', #232, #7275 ) ;
#4912 = CARTESIAN_POINT ( 'NONE',  ( 3.600968516274153153, 1.582516686030081665, -5.149997654931400604 ) ) ;
#4913 = LINE ( 'NONE', #235, #1894 ) ;
#4914 = CARTESIAN_POINT ( 'NONE',  ( -3.943579639192182018, 1.367449942301015131, 0.4299999999999998268 ) ) ;
#4915 = FACE_OUTER_BOUND ( 'NONE', #2710, .T. ) ;
#4916 = ADVANCED_FACE ( 'NONE', ( #1736 ), #6343, .T. ) ;
#4917 = CARTESIAN_POINT ( 'NONE',  ( 4.315000000000000391, 0.2500000000000000000, 4.649999999999999467 ) ) ;
#4918 = ORIENTED_EDGE ( 'NONE', *, *, #2283, .F. ) ;
#4919 = DIRECTION ( 'NONE',  ( 0.2710153738641504773, -0.9625750189617817698, -0.000000000000000000 ) ) ;
#4920 = FACE_OUTER_BOUND ( 'NONE', #4922, .T. ) ;
#4921 = DIRECTION ( 'NONE',  ( 0.000000000000000000, 0.000000000000000000, -1.000000000000000000 ) ) ;
#4922 = EDGE_LOOP ( 'NONE', ( #680, #3962, #630, #7085 ) ) ;
#4923 = DIRECTION ( 'NONE',  ( 1.000000000000000000, -2.891205793294679805E-15, -4.063324754860147740E-16 ) ) ;
#4924 = EDGE_CURVE ( 'NONE', #7830, #2367, #8326, .T. ) ;
#4925 = ORIENTED_EDGE ( 'NONE', *, *, #6266, .F. ) ;
#4926 = DIRECTION ( 'NONE',  ( 0.9975640502598241977, -0.06975647374412528856, 0.000000000000000000 ) ) ;
#4927 = DIRECTION ( 'NONE',  ( -0.000000000000000000, -0.000000000000000000, -1.000000000000000000 ) ) ;
#4928 = DIRECTION ( 'NONE',  ( 2.016181479920678149E-15, -1.000000000000000000, 0.000000000000000000 ) ) ;
#4929 = CARTESIAN_POINT ( 'NONE',  ( -3.943579639192182018, 1.292449942301011845, -3.380000000000000338 ) ) ;
#4930 = CARTESIAN_POINT ( 'NONE',  ( -3.214177059128408676, 2.606066017177982364, -4.999972658955196714 ) ) ;
#4931 = ADVANCED_FACE ( 'NONE', ( #3181 ), #6383, .T. ) ;
#4932 = VECTOR ( 'NONE', #4346, 1000.000000000000227 ) ;
#4933 = LINE ( 'NONE', #7601, #2671 ) ;
#4934 = ORIENTED_EDGE ( 'NONE', *, *, #3657, .T. ) ;
#4935 = DIRECTION ( 'NONE',  ( 1.000000000000000000, -2.016181479920678149E-15, 0.000000000000000000 ) ) ;
#4936 = EDGE_CURVE ( 'NONE', #7747, #7527, #2654, .T. ) ;
#4937 = AXIS2_PLACEMENT_3D ( 'NONE', #5184, #2623, #7177 ) ;
#4938 = VERTEX_POINT ( 'NONE', #7073 ) ;
#4939 = AXIS2_PLACEMENT_3D ( 'NONE', #2530, #548, #3107 ) ;
#4940 = ADVANCED_FACE ( 'NONE', ( #1133 ), #6466, .F. ) ;
#4941 = CYLINDRICAL_SURFACE ( 'NONE', #590, 0.1499999999999999667 ) ;
#4942 = DIRECTION ( 'NONE',  ( -1.000000000000000000, 1.120120665500546074E-15, 0.000000000000000000 ) ) ;
#4943 = FACE_OUTER_BOUND ( 'NONE', #3429, .T. ) ;
#4944 = ORIENTED_EDGE ( 'NONE', *, *, #3193, .F. ) ;
#4945 = VECTOR ( 'NONE', #539, 1000.000000000000000 ) ;
#4946 = ADVANCED_FACE ( 'NONE', ( #6555 ), #114, .F. ) ;
#4947 = CYLINDRICAL_SURFACE ( 'NONE', #6718, 0.2901001153979782532 ) ;
#4948 = CARTESIAN_POINT ( 'NONE',  ( 3.943579639192182018, 1.582550057698989043, -1.700000000000000622 ) ) ;
#4949 = ORIENTED_EDGE ( 'NONE', *, *, #2885, .F. ) ;
#4950 = CARTESIAN_POINT ( 'NONE',  ( 4.015772765614318729, 1.312776095340824734, -3.380000000000000338 ) ) ;
#4951 = AXIS2_PLACEMENT_3D ( 'NONE', #2980, #8246, #2321 ) ;
#4952 = LINE ( 'NONE', #3482, #7575 ) ;
#4953 = AXIS2_PLACEMENT_3D ( 'NONE', #1204, #7142, #616 ) ;
#4954 = DIRECTION ( 'NONE',  ( 1.000000000000000000, 0.000000000000000000, 0.000000000000000000 ) ) ;
#4955 = DIRECTION ( 'NONE',  ( 0.06975647374412763391, -0.9975640502598240866, 0.000000000000000000 ) ) ;
#4956 = CARTESIAN_POINT ( 'NONE',  ( -4.315000000000000391, 0.2500000000000000000, 0.4299999999999998268 ) ) ;
#4957 = VECTOR ( 'NONE', #7852, 1000.000000000000114 ) ;
#4958 = VERTEX_POINT ( 'NONE', #8488 ) ;
#4959 = VECTOR ( 'NONE', #2783, 1000.000000000000000 ) ;
#4960 = DIRECTION ( 'NONE',  ( -0.000000000000000000, -0.000000000000000000, -1.000000000000000000 ) ) ;
#4961 = SPHERICAL_SURFACE ( 'NONE', #7174, 0.1499999999999999944 ) ;
#4962 = SURFACE_STYLE_USAGE ( .BOTH. , #2307 ) ;
#4963 = EDGE_LOOP ( 'NONE', ( #3141, #4077, #6980, #3456 ) ) ;
#4964 = CARTESIAN_POINT ( 'NONE',  ( -3.749992964849197641, 1.367449942301012022, 2.109999999999999876 ) ) ;
#4965 = VERTEX_POINT ( 'NONE', #4705 ) ;
#4966 = AXIS2_PLACEMENT_3D ( 'NONE', #6183, #255, #6306 ) ;
#4967 = VERTEX_POINT ( 'NONE', #6686 ) ;
#4968 = DIRECTION ( 'NONE',  ( -0.9975640502598241977, 0.06975647374412544122, 0.000000000000000000 ) ) ;
#4969 = CYLINDRICAL_SURFACE ( 'NONE', #1536, 0.2901001153979764768 ) ;
#4970 = EDGE_CURVE ( 'NONE', #2263, #8049, #4599, .T. ) ;
#4971 = AXIS2_PLACEMENT_3D ( 'NONE', #6692, #1960, #5914 ) ;
#4972 = CARTESIAN_POINT ( 'NONE',  ( 3.943579639192182018, 1.292449942301011845, 4.240000000000000213 ) ) ;
#4973 = DIRECTION ( 'NONE',  ( -0.000000000000000000, -0.000000000000000000, -1.000000000000000000 ) ) ;
#4974 = CARTESIAN_POINT ( 'NONE',  ( -3.943579639192182018, 1.292449942301011845, -4.240000000000001101 ) ) ;
#4975 = CARTESIAN_POINT ( 'NONE',  ( 3.943579639192182018, 1.367449942301011800, 0.8399999999999996358 ) ) ;
#4976 = ORIENTED_EDGE ( 'NONE', *, *, #5519, .T. ) ;
#4977 = DIRECTION ( 'NONE',  ( -0.000000000000000000, -0.000000000000000000, -1.000000000000000000 ) ) ;
#4978 = CARTESIAN_POINT ( 'NONE',  ( 3.943579639192182018, 1.582550057698989043, -0.8400000000000005240 ) ) ;
#4979 = EDGE_CURVE ( 'NONE', #5310, #3395, #183, .T. ) ;
#4980 = EDGE_CURVE ( 'NONE', #7723, #4680, #34, .T. ) ;
#4981 = ORIENTED_EDGE ( 'NONE', *, *, #1252, .T. ) ;
#4982 = PLANE ( 'NONE',  #6532 ) ;
#4983 = PLANE ( 'NONE',  #7742 ) ;
#4984 = ORIENTED_EDGE ( 'NONE', *, *, #7529, .F. ) ;
#4985 = ADVANCED_FACE ( 'NONE', ( #629 ), #4013, .F. ) ;
#4986 = AXIS2_PLACEMENT_3D ( 'NONE', #3129, #448, #5077 ) ;
#4987 = EDGE_CURVE ( 'NONE', #2362, #637, #2089, .T. ) ;
#4988 = LINE ( 'NONE', #1685, #8502 ) ;
#4989 = ORIENTED_EDGE ( 'NONE', *, *, #2486, .T. ) ;
#4990 = VERTEX_POINT ( 'NONE', #7204 ) ;
#4991 = CYLINDRICAL_SURFACE ( 'NONE', #1952, 0.1499999999999998002 ) ;
#4992 = CARTESIAN_POINT ( 'NONE',  ( -3.179745885146958884, 2.640497191159431711, 4.864740662351628053 ) ) ;
#4993 = CARTESIAN_POINT ( 'NONE',  ( 4.315000000000000391, 0.2500000000000000000, 1.700000000000000178 ) ) ;
#4994 = LINE ( 'NONE', #1046, #8519 ) ;
#4995 = PRODUCT ( 'UCC21750', 'UCC21750', '', ( #2111 ) ) ;
#4996 = FACE_OUTER_BOUND ( 'NONE', #4436, .T. ) ;
#4997 = CIRCLE ( 'NONE', #6111, 0.07500000000000300870 ) ;
#4998 = ORIENTED_EDGE ( 'NONE', *, *, #4980, .T. ) ;
#4999 = CARTESIAN_POINT ( 'NONE',  ( 4.594243124080021445, 0.3286215912326184152, -2.110000000000000320 ) ) ;
#5000 = AXIS2_PLACEMENT_3D ( 'NONE', #1552, #4202, #5420 ) ;
#5001 = CARTESIAN_POINT ( 'NONE',  ( -3.618119858593998650, 0.4291240348559906548, 4.999972658955196714 ) ) ;
#5002 = EDGE_CURVE ( 'NONE', #7618, #2916, #7499, .T. ) ;
#5003 = ORIENTED_EDGE ( 'NONE', *, *, #2157, .T. ) ;
#5004 = LINE ( 'NONE', #6947, #252 ) ;
#5005 = PLANE ( 'NONE',  #8319 ) ;
#5006 = CARTESIAN_POINT ( 'NONE',  ( -4.522049997657885179, 0.3082954381928062482, 2.109999999999999876 ) ) ;
#5007 = CIRCLE ( 'NONE', #5285, 0.07500000000000300870 ) ;
#5008 = PLANE ( 'NONE',  #7735 ) ;
#5009 = DIRECTION ( 'NONE',  ( -0.2710153738641504773, -0.9625750189617817698, 0.000000000000000000 ) ) ;
#5010 = FACE_OUTER_BOUND ( 'NONE', #5560, .T. ) ;
#5011 = LINE ( 'NONE', #4360, #6402 ) ;
#5012 = VERTEX_POINT ( 'NONE', #5213 ) ;
#5013 = CYLINDRICAL_SURFACE ( 'NONE', #4939, 0.2901001153979764768 ) ;
#5014 = LINE ( 'NONE', #3195, #4682 ) ;
#5015 = EDGE_CURVE ( 'NONE', #1264, #5823, #8534, .T. ) ;
#5016 = CIRCLE ( 'NONE', #7903, 0.2901001153979760883 ) ;
#5017 = VECTOR ( 'NONE', #6107, 1000.000000000000114 ) ;
#5018 = ORIENTED_EDGE ( 'NONE', *, *, #8345, .T. ) ;
#5019 = CIRCLE ( 'NONE', #1968, 0.2901001153979764768 ) ;
#5020 = CARTESIAN_POINT ( 'NONE',  ( -4.594243124080021445, 0.3286215912326184152, 0.4299999999999998268 ) ) ;
#5021 = LINE ( 'NONE', #4541, #8517 ) ;
#5022 = ADVANCED_FACE ( 'NONE', ( #2046 ), #3961, .F. ) ;
#5023 = VECTOR ( 'NONE', #2607, 1000.000000000000000 ) ;
#5024 = EDGE_CURVE ( 'NONE', #8177, #6244, #586, .T. ) ;
#5025 = VERTEX_POINT ( 'NONE', #5309 ) ;
#5026 = LINE ( 'NONE', #7651, #2153 ) ;
#5027 = FACE_OUTER_BOUND ( 'NONE', #8069, .T. ) ;
#5028 = ORIENTED_EDGE ( 'NONE', *, *, #7001, .T. ) ;
#5029 = MECHANICAL_DESIGN_GEOMETRIC_PRESENTATION_REPRESENTATION (  '', ( #6409 ), #1284 ) ;
#5030 = CARTESIAN_POINT ( 'NONE',  ( 4.589011388549212533, 0.2538042874631317170, 3.379999999999999449 ) ) ;
#5031 = EDGE_CURVE ( 'NONE', #3907, #6056, #3875, .T. ) ;
#5032 = LINE ( 'NONE', #6370, #6886 ) ;
#5033 = EDGE_CURVE ( 'NONE', #1119, #350, #6510, .T. ) ;
#5034 = CARTESIAN_POINT ( 'NONE',  ( -3.749992964849197641, 1.367449942301012022, -2.110000000000000320 ) ) ;
#5035 = CARTESIAN_POINT ( 'NONE',  ( -4.222822763272206181, 1.371071533533628317, 2.109999999999999876 ) ) ;
#5036 = ORIENTED_EDGE ( 'NONE', *, *, #7166, .T. ) ;
#5037 = CARTESIAN_POINT ( 'NONE',  ( 3.943579639192182018, 1.292449942301011845, 1.700000000000000178 ) ) ;
#5038 = CARTESIAN_POINT ( 'NONE',  ( 3.943579639192182018, 1.292449942301011845, 4.649999999999999467 ) ) ;
#5039 = CARTESIAN_POINT ( 'NONE',  ( 4.315000000000000391, 0.2500000000000000000, -2.970000000000000639 ) ) ;
#5040 = ORIENTED_EDGE ( 'NONE', *, *, #8161, .F. ) ;
#5041 = DIRECTION ( 'NONE',  ( -0.000000000000000000, -0.000000000000000000, -1.000000000000000000 ) ) ;
#5042 = ORIENTED_EDGE ( 'NONE', *, *, #6739, .F. ) ;
#5043 = DIRECTION ( 'NONE',  ( -1.000000000000000000, 0.000000000000000000, 0.000000000000000000 ) ) ;
#5044 = VERTEX_POINT ( 'NONE', #5906 ) ;
#5045 = ORIENTED_EDGE ( 'NONE', *, *, #5530, .F. ) ;
#5046 = DIRECTION ( 'NONE',  ( 1.000000000000000000, 1.120120665500546074E-15, 0.000000000000000000 ) ) ;
#5047 = EDGE_CURVE ( 'NONE', #1997, #5456, #7335, .T. ) ;
#5048 = CARTESIAN_POINT ( 'NONE',  ( 3.749992964849198085, 1.582550057698988821, 3.379999999999999449 ) ) ;
#5049 = DIRECTION ( 'NONE',  ( -0.000000000000000000, -0.000000000000000000, -1.000000000000000000 ) ) ;
#5050 = DIRECTION ( 'NONE',  ( 0.000000000000000000, 0.000000000000000000, -1.000000000000000000 ) ) ;
#5051 = PLANE ( 'NONE',  #5453 ) ;
#5052 = ORIENTED_EDGE ( 'NONE', *, *, #3132, .T. ) ;
#5053 = CARTESIAN_POINT ( 'NONE',  ( 5.150000000000000355, 0.2145761423277614266, 0.4299999999999998268 ) ) ;
#5054 = CARTESIAN_POINT ( 'NONE',  ( 3.749992964849197641, 1.367449942301012022, -4.650000000000000355 ) ) ;
#5055 = ORIENTED_EDGE ( 'NONE', *, *, #6255, .T. ) ;
#5056 = DIRECTION ( 'NONE',  ( 1.000000000000000000, -2.891205793294678228E-15, 1.671814187836142358E-29 ) ) ;
#5057 = CARTESIAN_POINT ( 'NONE',  ( -3.943579639192182018, 1.292449942301011845, 1.700000000000000178 ) ) ;
#5058 = LINE ( 'NONE', #1842, #7566 ) ;
#5059 = VERTEX_POINT ( 'NONE', #1909 ) ;
#5060 = VECTOR ( 'NONE', #3004, 1000.000000000000227 ) ;
#5061 = EDGE_LOOP ( 'NONE', ( #1326, #5790, #3313, #3365 ) ) ;
#5062 = ORIENTED_EDGE ( 'NONE', *, *, #6771, .F. ) ;
#5063 = ADVANCED_FACE ( 'NONE', ( #7933 ), #1402, .T. ) ;
#5064 = CARTESIAN_POINT ( 'NONE',  ( -5.134995374447882455, 0.000000000000000000, 3.379999999999999449 ) ) ;
#5065 = CARTESIAN_POINT ( 'NONE',  ( 5.150000000000000355, 0.2145761423277614266, 4.649999999999999467 ) ) ;
#5066 =( NAMED_UNIT ( * ) PLANE_ANGLE_UNIT ( ) SI_UNIT ( $, .RADIAN. ) );
#5067 = VECTOR ( 'NONE', #1757, 1000.000000000000227 ) ;
#5068 = LINE ( 'NONE', #1123, #4124 ) ;
#5069 = AXIS2_PLACEMENT_3D ( 'NONE', #6777, #6222, #6821 ) ;
#5070 = FACE_OUTER_BOUND ( 'NONE', #7746, .T. ) ;
#5071 = VERTEX_POINT ( 'NONE', #1998 ) ;
#5072 = ORIENTED_EDGE ( 'NONE', *, *, #2361, .F. ) ;
#5073 = EDGE_CURVE ( 'NONE', #4738, #6366, #3923, .T. ) ;
#5074 = AXIS2_PLACEMENT_3D ( 'NONE', #6095, #4921, #7513 ) ;
#5075 = EDGE_CURVE ( 'NONE', #112, #5945, #7290, .T. ) ;
#5076 = CIRCLE ( 'NONE', #4116, 0.1499999999999999667 ) ;
#5077 = DIRECTION ( 'NONE',  ( -1.000000000000000000, 0.000000000000000000, 0.000000000000000000 ) ) ;
#5078 = LINE ( 'NONE', #8482, #4413 ) ;
#5079 = LINE ( 'NONE', #7630, #263 ) ;
#5080 = VERTEX_POINT ( 'NONE', #4177 ) ;
#5081 = DIRECTION ( 'NONE',  ( -0.000000000000000000, -0.000000000000000000, -1.000000000000000000 ) ) ;
#5082 = EDGE_LOOP ( 'NONE', ( #784, #775, #673, #6531 ) ) ;
#5083 = DIRECTION ( 'NONE',  ( 0.9975640502598241977, -0.06975647374412528856, 0.000000000000000000 ) ) ;
#5084 = VECTOR ( 'NONE', #6580, 1000.000000000000000 ) ;
#5085 = VECTOR ( 'NONE', #7322, 1000.000000000000000 ) ;
#5086 = EDGE_LOOP ( 'NONE', ( #3248, #8020, #4735, #115 ) ) ;
#5087 = AXIS2_PLACEMENT_3D ( 'NONE', #1463, #6797, #2202 ) ;
#5088 = ADVANCED_FACE ( 'NONE', ( #3570 ), #8191, .F. ) ;
#5089 = EDGE_LOOP ( 'NONE', ( #5834, #717, #4769, #6216 ) ) ;
#5090 = EDGE_CURVE ( 'NONE', #471, #6042, #47, .T. ) ;
#5091 = DIRECTION ( 'NONE',  ( -0.000000000000000000, -0.000000000000000000, -1.000000000000000000 ) ) ;
#5092 = COLOUR_RGB ( '',0.8000000000000000444, 0.8078431372549019773, 0.8000000000000000444 ) ;
#5093 = FACE_OUTER_BOUND ( 'NONE', #2777, .T. ) ;
#5094 = DIRECTION ( 'NONE',  ( -0.06975647374412764778, -0.9975640502598241977, 0.000000000000000000 ) ) ;
#5095 = LINE ( 'NONE', #4400, #8119 ) ;
#5096 = VECTOR ( 'NONE', #8067, 1000.000000000000000 ) ;
#5097 = EDGE_LOOP ( 'NONE', ( #2465, #6425, #2840, #7359, #154, #2665, #6546, #7489, #3864, #8374, #4734, #3302 ) ) ;
#5098 = DIRECTION ( 'NONE',  ( 0.9625750189617818808, -0.2710153738641505328, 0.000000000000000000 ) ) ;
#5099 = ADVANCED_FACE ( 'NONE', ( #283 ), #7380, .F. ) ;
#5100 = FACE_OUTER_BOUND ( 'NONE', #5498, .T. ) ;
#5101 = VECTOR ( 'NONE', #6639, 1000.000000000000227 ) ;
#5102 = VERTEX_POINT ( 'NONE', #3443 ) ;
#5103 = DIRECTION ( 'NONE',  ( 0.1378445374916243693, 0.9808148484639901410, -0.1378445374916255906 ) ) ;
#5104 = DIRECTION ( 'NONE',  ( 0.9625750189617818808, -0.2710153738641505328, 0.000000000000000000 ) ) ;
#5105 = DIRECTION ( 'NONE',  ( -0.000000000000000000, -0.000000000000000000, -1.000000000000000000 ) ) ;
#5106 = VECTOR ( 'NONE', #5392, 1000.000000000000227 ) ;
#5107 = ADVANCED_FACE ( 'NONE', ( #2835 ), #3528, .F. ) ;
#5108 = ORIENTED_EDGE ( 'NONE', *, *, #4710, .T. ) ;
#5109 = ORIENTED_EDGE ( 'NONE', *, *, #8298, .F. ) ;
#5110 = VERTEX_POINT ( 'NONE', #1574 ) ;
#5111 = DIRECTION ( 'NONE',  ( 0.000000000000000000, 0.000000000000000000, 1.000000000000000000 ) ) ;
#5112 = DIRECTION ( 'NONE',  ( -0.000000000000000000, -0.000000000000000000, -1.000000000000000000 ) ) ;
#5113 = SURFACE_STYLE_FILL_AREA ( #4341 ) ;
#5114 = DIRECTION ( 'NONE',  ( -0.9975640502598241977, 0.06975647374412528856, -0.000000000000000000 ) ) ;
#5115 = VECTOR ( 'NONE', #4385, 1000.000000000000000 ) ;
#5116 = CARTESIAN_POINT ( 'NONE',  ( -3.749992964849197641, 1.367449942301012022, 4.649999999999999467 ) ) ;
#5117 = EDGE_CURVE ( 'NONE', #7617, #6119, #6851, .T. ) ;
#5118 = ORIENTED_EDGE ( 'NONE', *, *, #752, .T. ) ;
#5119 = ORIENTED_EDGE ( 'NONE', *, *, #2490, .F. ) ;
#5120 = CYLINDRICAL_SURFACE ( 'NONE', #6640, 0.1499999999999999667 ) ;
#5121 = DIRECTION ( 'NONE',  ( -0.000000000000000000, -0.000000000000000000, 1.000000000000000000 ) ) ;
#5122 = VERTEX_POINT ( 'NONE', #926 ) ;
#5123 = CARTESIAN_POINT ( 'NONE',  ( 4.315000000000000391, 0.2500000000000000000, -4.240000000000001101 ) ) ;
#5124 = ORIENTED_EDGE ( 'NONE', *, *, #695, .T. ) ;
#5125 = EDGE_CURVE ( 'NONE', #6766, #6426, #239, .T. ) ;
#5126 = CLOSED_SHELL ( 'NONE', ( #6898, #3183, #3165, #3186, #1579, #131, #1149, #6615, #4866, #3393, #5689, #1464, #5107, #3548 ) ) ;
#5127 = DIRECTION ( 'NONE',  ( -0.000000000000000000, -0.000000000000000000, -1.000000000000000000 ) ) ;
#5128 = EDGE_CURVE ( 'NONE', #4403, #1259, #6214, .T. ) ;
#5129 = ORIENTED_EDGE ( 'NONE', *, *, #2421, .T. ) ;
#5130 = ORIENTED_EDGE ( 'NONE', *, *, #7460, .T. ) ;
#5131 = CARTESIAN_POINT ( 'NONE',  ( 4.589011388549212533, 0.2538042874631317170, 2.969999999999999751 ) ) ;
#5132 = VECTOR ( 'NONE', #5091, 1000.000000000000000 ) ;
#5133 = DIRECTION ( 'NONE',  ( -1.000000000000000000, 0.000000000000000000, 0.000000000000000000 ) ) ;
#5134 = CARTESIAN_POINT ( 'NONE',  ( -4.522049997657885179, 0.3082954381928062482, 0.8399999999999996358 ) ) ;
#5135 = LINE ( 'NONE', #3709, #4255 ) ;
#5136 = ORIENTED_EDGE ( 'NONE', *, *, #3910, .F. ) ;
#5137 = DIRECTION ( 'NONE',  ( -0.000000000000000000, 0.000000000000000000, -1.000000000000000000 ) ) ;
#5138 = CARTESIAN_POINT ( 'NONE',  ( 5.134995374447882455, 0.000000000000000000, -2.970000000000000639 ) ) ;
#5139 = VECTOR ( 'NONE', #1120, 1000.000000000000000 ) ;
#5140 = EDGE_LOOP ( 'NONE', ( #5803, #7346, #5697, #1398 ) ) ;
#5141 = LINE ( 'NONE', #1279, #2295 ) ;
#5142 = CARTESIAN_POINT ( 'NONE',  ( 3.943579639192182018, 1.292449942301011845, -0.4300000000000007150 ) ) ;
#5143 = DIRECTION ( 'NONE',  ( -1.000000000000000000, 0.000000000000000000, 0.000000000000000000 ) ) ;
#5144 = AXIS2_PLACEMENT_3D ( 'NONE', #541, #6302, #2394 ) ;
#5145 =( NAMED_UNIT ( * ) SI_UNIT ( $, .STERADIAN. ) SOLID_ANGLE_UNIT ( ) );
#5146 = ORIENTED_EDGE ( 'NONE', *, *, #2124, .F. ) ;
#5147 = VECTOR ( 'NONE', #3761, 1000.000000000000000 ) ;
#5148 = ORIENTED_EDGE ( 'NONE', *, *, #682, .F. ) ;
#5149 = AXIS2_PLACEMENT_3D ( 'NONE', #4643, #2600, #63 ) ;
#5150 = EDGE_CURVE ( 'NONE', #2906, #4481, #6812, .T. ) ;
#5151 = DIRECTION ( 'NONE',  ( -0.9975640502598241977, 0.06975647374412544122, 0.000000000000000000 ) ) ;
#5152 = VECTOR ( 'NONE', #4258, 1000.000000000000000 ) ;
#5153 = CARTESIAN_POINT ( 'NONE',  ( 4.522049997657887843, 0.3082954381928066367, 0.8399999999999996358 ) ) ;
#5154 = CARTESIAN_POINT ( 'NONE',  ( -4.574006762997095521, 0.03922814513537028341, -2.970000000000000639 ) ) ;
#5155 = DIRECTION ( 'NONE',  ( 0.06975647374412763391, 0.9975640502598240866, -0.000000000000000000 ) ) ;
#5156 = ORIENTED_EDGE ( 'NONE', *, *, #4617, .F. ) ;
#5157 = ORIENTED_EDGE ( 'NONE', *, *, #1641, .F. ) ;
#5158 = FILL_AREA_STYLE_COLOUR ( '', #6267 ) ;
#5159 = COLOUR_RGB ( '',0.8000000000000000444, 0.8078431372549019773, 0.8000000000000000444 ) ;
#5160 = VERTEX_POINT ( 'NONE', #6252 ) ;
#5161 = VERTEX_POINT ( 'NONE', #6169 ) ;
#5162 = CARTESIAN_POINT ( 'NONE',  ( -4.015772765614322282, 1.312776095340825622, -1.700000000000000622 ) ) ;
#5163 = CARTESIAN_POINT ( 'NONE',  ( 4.222822763272201740, 1.371071533533629649, -4.240000000000001101 ) ) ;
#5164 = EDGE_CURVE ( 'NONE', #5823, #424, #7546, .T. ) ;
#5165 =( BOUNDED_CURVE ( )  B_SPLINE_CURVE ( 3, ( #2146, #7866, #7271, #4799 ),
 .UNSPECIFIED., .F., .F. ) 
 B_SPLINE_CURVE_WITH_KNOTS ( ( 4, 4 ),
 ( 0.000000000000000000, 0.009685181668469206376 ),
 .UNSPECIFIED. ) 
 CURVE ( )  GEOMETRIC_REPRESENTATION_ITEM ( )  RATIONAL_B_SPLINE_CURVE ( ( 1.000000000000000000, 0.9999921831199466427, 0.9999921831199466427, 1.000000000000000000 ) ) 
 REPRESENTATION_ITEM ( '' )  );
#5166 = VECTOR ( 'NONE', #270, 1000.000000000000000 ) ;
#5167 = ORIENTED_EDGE ( 'NONE', *, *, #5090, .T. ) ;
#5168 = CARTESIAN_POINT ( 'NONE',  ( 3.749992964849198085, 1.582550057698988821, -0.8400000000000005240 ) ) ;
#5169 = EDGE_LOOP ( 'NONE', ( #7081, #3660, #6677, #8299 ) ) ;
#5170 = DIRECTION ( 'NONE',  ( -0.000000000000000000, -0.000000000000000000, -1.000000000000000000 ) ) ;
#5171 = ORIENTED_EDGE ( 'NONE', *, *, #2387, .F. ) ;
#5172 = ORIENTED_EDGE ( 'NONE', *, *, #2000, .F. ) ;
#5173 = DIRECTION ( 'NONE',  ( -0.000000000000000000, -0.000000000000000000, -1.000000000000000000 ) ) ;
#5174 = CARTESIAN_POINT ( 'NONE',  ( 5.150000000000000355, 0.2145761423277614266, -2.970000000000000639 ) ) ;
#5175 = LINE ( 'NONE', #3835, #399 ) ;
#5176 = EDGE_CURVE ( 'NONE', #412, #5080, #4261, .T. ) ;
#5177 = CARTESIAN_POINT ( 'NONE',  ( -3.084119253891963730, 2.523991788058463470, -4.866207822363023183 ) ) ;
#5178 = ORIENTED_EDGE ( 'NONE', *, *, #3711, .T. ) ;
#5179 = LINE ( 'NONE', #2403, #6873 ) ;
#5180 = CARTESIAN_POINT ( 'NONE',  ( 3.943579639192182018, 1.582550057698989043, 2.969999999999999751 ) ) ;
#5181 = CARTESIAN_POINT ( 'NONE',  ( -3.469579648282763440, 0.4291240348559907103, 5.018119858593998117 ) ) ;
#5182 = ORIENTED_EDGE ( 'NONE', *, *, #720, .T. ) ;
#5183 = EDGE_CURVE ( 'NONE', #3268, #2164, #6901, .T. ) ;
#5184 = CARTESIAN_POINT ( 'NONE',  ( 4.594243124080021445, 0.3286215912326184152, -0.8400000000000005240 ) ) ;
#5185 = ADVANCED_FACE ( 'NONE', ( #2879 ), #972, .F. ) ;
#5186 = CARTESIAN_POINT ( 'NONE',  ( 3.749992964849198085, 1.582550057698988821, 4.240000000000000213 ) ) ;
#5187 = CARTESIAN_POINT ( 'NONE',  ( 3.600484260976133832, 1.582499999999971374, 5.150000000000000355 ) ) ;
#5188 = CARTESIAN_POINT ( 'NONE',  ( 4.594243124080021445, 0.3286215912326184152, -0.4300000000000007150 ) ) ;
#5189 = FILL_AREA_STYLE_COLOUR ( '', #4864 ) ;
#5190 = VERTEX_POINT ( 'NONE', #3613 ) ;
#5191 = ORIENTED_EDGE ( 'NONE', *, *, #3280, .T. ) ;
#5192 = EDGE_CURVE ( 'NONE', #8134, #5742, #7506, .T. ) ;
#5193 = DIRECTION ( 'NONE',  ( 1.120120665500546074E-15, 1.000000000000000000, -0.000000000000000000 ) ) ;
#5194 = CARTESIAN_POINT ( 'NONE',  ( -3.943579639192182018, 1.367449942301011800, 2.109999999999999876 ) ) ;
#5195 = LINE ( 'NONE', #7363, #7923 ) ;
#5196 = CIRCLE ( 'NONE', #2013, 0.07500000000000041356 ) ;
#5197 = CARTESIAN_POINT ( 'NONE',  ( 4.574006762997095521, 0.03922814513537039444, 4.649999999999999467 ) ) ;
#5198 = ORIENTED_EDGE ( 'NONE', *, *, #3546, .T. ) ;
#5199 = VERTEX_POINT ( 'NONE', #5613 ) ;
#5200 = EDGE_CURVE ( 'NONE', #5467, #595, #4059, .T. ) ;
#5201 = SURFACE_SIDE_STYLE ('',( #1249 ) ) ;
#5202 = EDGE_LOOP ( 'NONE', ( #725, #7931, #3970, #4910 ) ) ;
#5203 = ORIENTED_EDGE ( 'NONE', *, *, #18, .T. ) ;
#5204 = AXIS2_PLACEMENT_3D ( 'NONE', #4171, #6805, #2871 ) ;
#5205 = PLANE ( 'NONE',  #5553 ) ;
#5206 = CARTESIAN_POINT ( 'NONE',  ( -4.315000000000000391, 0.2500000000000000000, -1.700000000000000622 ) ) ;
#5207 = AXIS2_PLACEMENT_3D ( 'NONE', #5918, #7851, #1365 ) ;
#5208 = PLANE ( 'NONE',  #7915 ) ;
#5209 = ORIENTED_EDGE ( 'NONE', *, *, #4187, .F. ) ;
#5210 = CARTESIAN_POINT ( 'NONE',  ( -4.574006762997095521, 0.03922814513537028341, -4.650000000000000355 ) ) ;
#5211 = VERTEX_POINT ( 'NONE', #6724 ) ;
#5212 = UNCERTAINTY_MEASURE_WITH_UNIT (LENGTH_MEASURE( 1.000000000000000082E-05 ), #390, 'distance_accuracy_value', 'NONE');
#5213 = CARTESIAN_POINT ( 'NONE',  ( 3.943579639192182018, 1.367449942301011800, -1.700000000000000622 ) ) ;
#5214 = ORIENTED_EDGE ( 'NONE', *, *, #864, .T. ) ;
#5215 = AXIS2_PLACEMENT_3D ( 'NONE', #3800, #8382, #5143 ) ;
#5216 = AXIS2_PLACEMENT_3D ( 'NONE', #2877, #8147, #8017 ) ;
#5217 = ORIENTED_EDGE ( 'NONE', *, *, #2168, .F. ) ;
#5218 = DIRECTION ( 'NONE',  ( -0.000000000000000000, -0.000000000000000000, -1.000000000000000000 ) ) ;
#5219 =( BOUNDED_CURVE ( )  B_SPLINE_CURVE ( 3, ( #3496, #290, #333, #2268 ),
 .UNSPECIFIED., .F., .F. ) 
 B_SPLINE_CURVE_WITH_KNOTS ( ( 4, 4 ),
 ( 5.507472325450610384, 7.058898288908565632 ),
 .UNSPECIFIED. ) 
 CURVE ( )  GEOMETRIC_REPRESENTATION_ITEM ( )  RATIONAL_B_SPLINE_CURVE ( ( 1.000000000000000000, 0.8092813118237105474, 0.8092813118237105474, 1.000000000000000000 ) ) 
 REPRESENTATION_ITEM ( '' )  );
#5220 = CARTESIAN_POINT ( 'NONE',  ( -3.943579639192182018, 1.292449942301011845, -2.970000000000000639 ) ) ;
#5221 = DIRECTION ( 'NONE',  ( -1.000000000000000000, -0.000000000000000000, -0.000000000000000000 ) ) ;
#5222 = LINE ( 'NONE', #1226, #4530 ) ;
#5223 = ORIENTED_EDGE ( 'NONE', *, *, #2928, .T. ) ;
#5224 = AXIS2_PLACEMENT_3D ( 'NONE', #3019, #5671, #8291 ) ;
#5225 = DIRECTION ( 'NONE',  ( -1.000000000000000000, 0.000000000000000000, 0.000000000000000000 ) ) ;
#5226 = VECTOR ( 'NONE', #1337, 1000.000000000000000 ) ;
#5227 = ORIENTED_EDGE ( 'NONE', *, *, #1730, .T. ) ;
#5228 = CARTESIAN_POINT ( 'NONE',  ( 4.589011388549212533, 0.2538042874631317170, 2.109999999999999876 ) ) ;
#5229 = EDGE_CURVE ( 'NONE', #1231, #7788, #803, .T. ) ;
#5230 = DIRECTION ( 'NONE',  ( 0.000000000000000000, 0.000000000000000000, 1.000000000000000000 ) ) ;
#5231 = ORIENTED_EDGE ( 'NONE', *, *, #1324, .T. ) ;
#5232 = AXIS2_PLACEMENT_3D ( 'NONE', #3808, #6447, #1690 ) ;
#5233 = FACE_OUTER_BOUND ( 'NONE', #3793, .T. ) ;
#5234 = PRESENTATION_STYLE_ASSIGNMENT (( #6701 ) ) ;
#5235 = CARTESIAN_POINT ( 'NONE',  ( -3.469579648282762996, 0.4500000000000000111, 4.869579648282763351 ) ) ;
#5236 = LINE ( 'NONE', #4723, #2303 ) ;
#5237 = APPLICATION_PROTOCOL_DEFINITION ( 'draft international standard', 'automotive_design', 1998, #7285 ) ;
#5238 = AXIS2_PLACEMENT_3D ( 'NONE', #3189, #3232, #420 ) ;
#5239 = VERTEX_POINT ( 'NONE', #5035 ) ;
#5240 = ADVANCED_FACE ( 'NONE', ( #1013 ), #2418, .F. ) ;
#5241 = ADVANCED_FACE ( 'NONE', ( #4378 ), #1694, .F. ) ;
#5242 = ORIENTED_EDGE ( 'NONE', *, *, #2241, .T. ) ;
#5243 = CARTESIAN_POINT ( 'NONE',  ( -3.601452754537963319, 1.582550057698988821, 5.149992964849197108 ) ) ;
#5244 = VECTOR ( 'NONE', #7026, 1000.000000000000000 ) ;
#5245 = LINE ( 'NONE', #749, #3574 ) ;
#5246 = EDGE_LOOP ( 'NONE', ( #7125, #2608, #2529, #3677 ) ) ;
#5247 = FILL_AREA_STYLE_COLOUR ( '', #1020 ) ;
#5248 = ADVANCED_FACE ( 'NONE', ( #1086 ), #3002, .F. ) ;
#5249 = CARTESIAN_POINT ( 'NONE',  ( 4.222822763272201740, 1.371071533533629649, -3.380000000000000338 ) ) ;
#5250 = VERTEX_POINT ( 'NONE', #6415 ) ;
#5251 = EDGE_CURVE ( 'NONE', #2691, #5306, #5690, .T. ) ;
#5252 = VERTEX_POINT ( 'NONE', #1811 ) ;
#5253 = DIRECTION ( 'NONE',  ( 0.000000000000000000, 1.000000000000000000, 0.000000000000000000 ) ) ;
#5254 = ORIENTED_EDGE ( 'NONE', *, *, #5736, .F. ) ;
#5255 = ORIENTED_EDGE ( 'NONE', *, *, #644, .F. ) ;
#5256 = DIRECTION ( 'NONE',  ( 0.06975647374412763391, 0.9975640502598240866, -0.000000000000000000 ) ) ;
#5257 = LINE ( 'NONE', #671, #965 ) ;
#5258 = AXIS2_PLACEMENT_3D ( 'NONE', #6038, #4741, #3308 ) ;
#5259 = DIRECTION ( 'NONE',  ( -0.000000000000000000, -0.000000000000000000, -1.000000000000000000 ) ) ;
#5260 = VERTEX_POINT ( 'NONE', #6373 ) ;
#5261 = DIRECTION ( 'NONE',  ( 0.2710153738641504773, 0.9625750189617817698, 0.000000000000000000 ) ) ;
#5262 = ORIENTED_EDGE ( 'NONE', *, *, #38, .F. ) ;
#5263 = CARTESIAN_POINT ( 'NONE',  ( -3.943579639192182018, 1.292449942301011845, 3.379999999999999449 ) ) ;
#5264 = ORIENTED_EDGE ( 'NONE', *, *, #5875, .T. ) ;
#5265 = VECTOR ( 'NONE', #587, 1000.000000000000227 ) ;
#5266 = EDGE_LOOP ( 'NONE', ( #6500, #533, #1539, #6160 ) ) ;
#5267 = FACE_OUTER_BOUND ( 'NONE', #5441, .T. ) ;
#5268 = EDGE_CURVE ( 'NONE', #3785, #7211, #5767, .T. ) ;
#5269 = LINE ( 'NONE', #1268, #3046 ) ;
#5270 = CARTESIAN_POINT ( 'NONE',  ( -4.315000000000000391, 0.2499999999999998890, 2.109999999999999876 ) ) ;
#5271 = CYLINDRICAL_SURFACE ( 'NONE', #5771, 0.1500000000000002165 ) ;
#5272 = ORIENTED_EDGE ( 'NONE', *, *, #2760, .T. ) ;
#5273 = CARTESIAN_POINT ( 'NONE',  ( -3.943579639192182018, 1.582550057698989043, -1.700000000000000622 ) ) ;
#5274 = VERTEX_POINT ( 'NONE', #5732 ) ;
#5275 = EDGE_LOOP ( 'NONE', ( #2564, #2912, #2324, #8113, #6621, #5167, #6380, #8071, #4448, #1782, #7815, #1773 ) ) ;
#5276 = CARTESIAN_POINT ( 'NONE',  ( 3.943579639192182018, 1.367449942301011800, -1.700000000000000622 ) ) ;
#5277 = DIRECTION ( 'NONE',  ( 1.000000000000000000, 0.000000000000000000, 0.000000000000000000 ) ) ;
#5278 = CIRCLE ( 'NONE', #6374, 0.1500000000000002165 ) ;
#5279 = CYLINDRICAL_SURFACE ( 'NONE', #8240, 0.07500000000000128786 ) ;
#5280 = SURFACE_SIDE_STYLE ('',( #4071 ) ) ;
#5281 = DIRECTION ( 'NONE',  ( -1.000000000000000000, 0.000000000000000000, 0.000000000000000000 ) ) ;
#5282 = ADVANCED_FACE ( 'NONE', ( #5070 ), #6940, .T. ) ;
#5283 = CARTESIAN_POINT ( 'NONE',  ( -4.589011388549212533, 0.2538042874631317170, 3.379999999999999449 ) ) ;
#5284 = DIRECTION ( 'NONE',  ( -0.000000000000000000, -0.000000000000000000, -1.000000000000000000 ) ) ;
#5285 = AXIS2_PLACEMENT_3D ( 'NONE', #7351, #136, #647 ) ;
#5286 = ORIENTED_EDGE ( 'NONE', *, *, #3234, .F. ) ;
#5287 = ORIENTED_EDGE ( 'NONE', *, *, #6666, .T. ) ;
#5288 = CARTESIAN_POINT ( 'NONE',  ( -5.134995374447882455, 0.000000000000000000, 2.109999999999999876 ) ) ;
#5289 = EDGE_CURVE ( 'NONE', #5044, #2263, #8395, .T. ) ;
#5290 = CARTESIAN_POINT ( 'NONE',  ( -5.134995374447882455, 0.000000000000000000, -2.110000000000000320 ) ) ;
#5291 = EDGE_CURVE ( 'NONE', #2347, #8027, #445, .T. ) ;
#5292 = CARTESIAN_POINT ( 'NONE',  ( -4.315000000000000391, 0.2500000000000000000, -4.650000000000000355 ) ) ;
#5293 = ORIENTED_EDGE ( 'NONE', *, *, #7913, .T. ) ;
#5294 =( LENGTH_UNIT ( ) NAMED_UNIT ( * ) SI_UNIT ( .MILLI., .METRE. ) );
#5295 = CARTESIAN_POINT ( 'NONE',  ( -3.749992964849198085, 1.582550057698988821, 0.8399999999999996358 ) ) ;
#5296 = ORIENTED_EDGE ( 'NONE', *, *, #1059, .T. ) ;
#5297 = DIRECTION ( 'NONE',  ( -1.000000000000000000, 0.000000000000000000, 0.000000000000000000 ) ) ;
#5298 = EDGE_LOOP ( 'NONE', ( #1583, #7753, #1436, #6768, #2810, #981, #614, #2047, #654, #5856, #8485, #3442 ) ) ;
#5299 = ORIENTED_EDGE ( 'NONE', *, *, #5976, .F. ) ;
#5300 = VECTOR ( 'NONE', #3244, 1000.000000000000000 ) ;
#5301 = LINE ( 'NONE', #7928, #2208 ) ;
#5302 = EDGE_CURVE ( 'NONE', #5110, #2476, #1627, .T. ) ;
#5303 = DIRECTION ( 'NONE',  ( -0.000000000000000000, -0.000000000000000000, -1.000000000000000000 ) ) ;
#5304 = AXIS2_PLACEMENT_3D ( 'NONE', #4471, #7020, #1124 ) ;
#5305 = CARTESIAN_POINT ( 'NONE',  ( -3.943579639192182018, 1.367449942301011800, -2.970000000000000639 ) ) ;
#5306 = VERTEX_POINT ( 'NONE', #8275 ) ;
#5307 = DIRECTION ( 'NONE',  ( 1.000000000000000000, -1.120120665500548440E-15, 0.000000000000000000 ) ) ;
#5308 = AXIS2_PLACEMENT_3D ( 'NONE', #138, #1505, #4767 ) ;
#5309 = CARTESIAN_POINT ( 'NONE',  ( 5.150000000000000355, 0.2145761423277614266, 0.4299999999999998268 ) ) ;
#5310 = VERTEX_POINT ( 'NONE', #3043 ) ;
#5311 = EDGE_LOOP ( 'NONE', ( #5317, #1250, #6710, #3958 ) ) ;
#5312 = CARTESIAN_POINT ( 'NONE',  ( -4.522049997657885179, 0.3082954381928062482, 2.109999999999999876 ) ) ;
#5313 = ADVANCED_FACE ( 'NONE', ( #7659 ), #3653, .F. ) ;
#5314 = CARTESIAN_POINT ( 'NONE',  ( 3.618119858593996874, 0.4291240348559905993, 4.869579648282763351 ) ) ;
#5315 = LINE ( 'NONE', #2138, #3858 ) ;
#5316 = LINE ( 'NONE', #7941, #1485 ) ;
#5317 = ORIENTED_EDGE ( 'NONE', *, *, #6501, .T. ) ;
#5318 = CARTESIAN_POINT ( 'NONE',  ( -4.594243124080021445, 0.3286215912326184152, 3.379999999999999449 ) ) ;
#5319 = ORIENTED_EDGE ( 'NONE', *, *, #2566, .T. ) ;
#5320 = CARTESIAN_POINT ( 'NONE',  ( 3.749992964849196309, 1.582550057698988821, 5.001452754537962342 ) ) ;
#5321 = ADVANCED_FACE ( 'NONE', ( #4996 ), #7105, .F. ) ;
#5322 = DIRECTION ( 'NONE',  ( 0.000000000000000000, -5.782411586589358822E-15, -1.000000000000000000 ) ) ;
#5323 = CARTESIAN_POINT ( 'NONE',  ( -3.600000000000000977, 1.582499999999972928, -5.150000000000000355 ) ) ;
#5324 = CARTESIAN_POINT ( 'NONE',  ( -4.589011388549212533, 0.2538042874631317170, 0.8399999999999996358 ) ) ;
#5325 = CYLINDRICAL_SURFACE ( 'NONE', #4668, 0.2901001153979782532 ) ;
#5326 = DIRECTION ( 'NONE',  ( -0.000000000000000000, -0.000000000000000000, -1.000000000000000000 ) ) ;
#5327 = ORIENTED_EDGE ( 'NONE', *, *, #5125, .F. ) ;
#5328 = ORIENTED_EDGE ( 'NONE', *, *, #5408, .F. ) ;
#5329 = DIRECTION ( 'NONE',  ( -0.2710153738641504773, -0.9625750189617817698, 0.000000000000000000 ) ) ;
#5330 = CARTESIAN_POINT ( 'NONE',  ( -3.943579639192182018, 1.292449942301011845, -4.650000000000000355 ) ) ;
#5331 = CARTESIAN_POINT ( 'NONE',  ( 3.749999999999999112, 1.367500000000028360, 5.150000000000000355 ) ) ;
#5332 = CARTESIAN_POINT ( 'NONE',  ( -3.943579639192182018, 1.367449942301015131, -1.700000000000000622 ) ) ;
#5333 = EDGE_LOOP ( 'NONE', ( #591, #3397, #3718, #1038 ) ) ;
#5334 = ORIENTED_EDGE ( 'NONE', *, *, #7767, .T. ) ;
#5335 = ORIENTED_EDGE ( 'NONE', *, *, #8061, .F. ) ;
#5336 = EDGE_CURVE ( 'NONE', #1854, #700, #3171, .T. ) ;
#5337 = ORIENTED_EDGE ( 'NONE', *, *, #3280, .F. ) ;
#5338 = VERTEX_POINT ( 'NONE', #7062 ) ;
#5339 = DIRECTION ( 'NONE',  ( -1.000000000000000000, -1.120120665500546074E-15, 0.000000000000000000 ) ) ;
#5340 = CIRCLE ( 'NONE', #6436, 0.07500000000000300870 ) ;
#5341 = CARTESIAN_POINT ( 'NONE',  ( 3.601452754537959322, 1.367449942301005805, -5.149992964849196220 ) ) ;
#5342 = LINE ( 'NONE', #672, #6956 ) ;
#5343 = EDGE_LOOP ( 'NONE', ( #3385, #8315, #5042, #2642 ) ) ;
#5344 = PLANE ( 'NONE',  #7568 ) ;
#5345 = VERTEX_POINT ( 'NONE', #7585 ) ;
#5346 = CARTESIAN_POINT ( 'NONE',  ( -3.943579639192182018, 1.292449942301011845, 0.4299999999999998268 ) ) ;
#5347 = ORIENTED_EDGE ( 'NONE', *, *, #4235, .F. ) ;
#5348 = EDGE_CURVE ( 'NONE', #4373, #7379, #2461, .T. ) ;
#5349 = AXIS2_PLACEMENT_3D ( 'NONE', #5880, #646, #1232 ) ;
#5350 = ADVANCED_FACE ( 'NONE', ( #3815 ), #4300, .T. ) ;
#5351 = ORIENTED_EDGE ( 'NONE', *, *, #3234, .T. ) ;
#5352 = CARTESIAN_POINT ( 'NONE',  ( -3.749997654931401581, 1.367483313969922953, 5.000968516274154396 ) ) ;
#5353 = VECTOR ( 'NONE', #3580, 1000.000000000000114 ) ;
#5354 = CARTESIAN_POINT ( 'NONE',  ( 3.749992964849197641, 1.367449942301012022, -2.970000000000000639 ) ) ;
#5355 = CARTESIAN_POINT ( 'NONE',  ( 3.749992964849197641, 1.367449942301012022, 2.109999999999999876 ) ) ;
#5356 = ORIENTED_EDGE ( 'NONE', *, *, #2538, .T. ) ;
#5357 = CARTESIAN_POINT ( 'NONE',  ( -3.749997654931401581, 1.582516686030076558, -5.000968516274154396 ) ) ;
#5358 = ORIENTED_EDGE ( 'NONE', *, *, #1424, .T. ) ;
#5359 = ORIENTED_EDGE ( 'NONE', *, *, #7559, .F. ) ;
#5361 = EDGE_CURVE ( 'NONE', #332, #8516, #7227, .T. ) ;
#5360 = FACE_OUTER_BOUND ( 'NONE', #678, .T. ) ;
#5362 = AXIS2_PLACEMENT_3D ( 'NONE', #516, #4367, #7649 ) ;
#5363 = AXIS2_PLACEMENT_3D ( 'NONE', #8235, #4480, #7592 ) ;
#5364 = EDGE_CURVE ( 'NONE', #6285, #1220, #3304, .T. ) ;
#5365 = CARTESIAN_POINT ( 'NONE',  ( -4.589011388549212533, 0.2538042874631317170, -2.110000000000000320 ) ) ;
#5366 = AXIS2_PLACEMENT_3D ( 'NONE', #5871, #1916, #8457 ) ;
#5367 = DIRECTION ( 'NONE',  ( -1.000000000000000000, 0.000000000000000000, 0.000000000000000000 ) ) ;
#5368 = VECTOR ( 'NONE', #467, 1000.000000000000000 ) ;
#5369 =( NAMED_UNIT ( * ) SI_UNIT ( $, .STERADIAN. ) SOLID_ANGLE_UNIT ( ) );
#5370 = EDGE_CURVE ( 'NONE', #6035, #2419, #7147, .T. ) ;
#5371 = DIRECTION ( 'NONE',  ( -1.000000000000000000, 0.000000000000000000, 0.000000000000000000 ) ) ;
#5372 = PLANE ( 'NONE',  #6059 ) ;
#5373 = DIRECTION ( 'NONE',  ( 1.000000000000000000, 0.000000000000000000, 0.000000000000000000 ) ) ;
#5374 = COLOUR_RGB ( '',0.8000000000000000444, 0.8078431372549019773, 0.8000000000000000444 ) ;
#5375 = AXIS2_PLACEMENT_3D ( 'NONE', #2059, #6736, #130 ) ;
#5376 = VECTOR ( 'NONE', #1121, 999.9999999999998863 ) ;
#5377 = ORIENTED_EDGE ( 'NONE', *, *, #3263, .F. ) ;
#5378 = EDGE_CURVE ( 'NONE', #3268, #2972, #322, .T. ) ;
#5379 = FACE_OUTER_BOUND ( 'NONE', #7464, .T. ) ;
#5380 = CARTESIAN_POINT ( 'NONE',  ( -3.677228076533665568, 2.100299140872006198, 4.928687866222429825 ) ) ;
#5381 = AXIS2_PLACEMENT_3D ( 'NONE', #2544, #5193, #8513 ) ;
#5382 =( NAMED_UNIT ( * ) SI_UNIT ( $, .STERADIAN. ) SOLID_ANGLE_UNIT ( ) );
#5383 = LINE ( 'NONE', #1033, #3154 ) ;
#5384 = ORIENTED_EDGE ( 'NONE', *, *, #1499, .T. ) ;
#5385 = ORIENTED_EDGE ( 'NONE', *, *, #7870, .F. ) ;
#5386 = SURFACE_STYLE_FILL_AREA ( #2735 ) ;
#5387 = MANIFOLD_SOLID_BREP ( 'Cut-Extrude2', #4725 ) ;
#5388 = ORIENTED_EDGE ( 'NONE', *, *, #4299, .F. ) ;
#5389 = ORIENTED_EDGE ( 'NONE', *, *, #6256, .F. ) ;
#5390 = VECTOR ( 'NONE', #3130, 1000.000000000000000 ) ;
#5391 = CYLINDRICAL_SURFACE ( 'NONE', #1923, 0.1499999999999998002 ) ;
#5392 = DIRECTION ( 'NONE',  ( 0.9975640502598241977, -0.06975647374412544122, -0.000000000000000000 ) ) ;
#5393 = DIRECTION ( 'NONE',  ( -1.000000000000000000, -1.120120665500546074E-15, 0.000000000000000000 ) ) ;
#5394 = ORIENTED_EDGE ( 'NONE', *, *, #4196, .T. ) ;
#5395 = DIRECTION ( 'NONE',  ( 0.1378445374916254795, 0.9808148484639900300, 0.1378445374916255073 ) ) ;
#5396 = EDGE_CURVE ( 'NONE', #8327, #4470, #5991, .T. ) ;
#5397 = ORIENTED_EDGE ( 'NONE', *, *, #3249, .F. ) ;
#5398 = CARTESIAN_POINT ( 'NONE',  ( 4.594243124080021445, 0.3286215912326184152, 2.969999999999999751 ) ) ;
#5399 = EDGE_LOOP ( 'NONE', ( #7114, #8407, #2785, #1452, #4693, #1207, #4834, #734, #4712, #5254, #3455, #2797 ) ) ;
#5400 = ORIENTED_EDGE ( 'NONE', *, *, #7935, .F. ) ;
#5401 = CARTESIAN_POINT ( 'NONE',  ( 4.015772765614318729, 1.312776095340824734, -2.110000000000000320 ) ) ;
#5402 = MANIFOLD_SOLID_BREP ( 'LPattern1[8]', #2082 ) ;
#5403 = DIRECTION ( 'NONE',  ( -1.000000000000000000, 0.000000000000000000, 0.000000000000000000 ) ) ;
#5404 = DIRECTION ( 'NONE',  ( 1.000000000000000000, 0.000000000000000000, -0.000000000000000000 ) ) ;
#5405 = EDGE_CURVE ( 'NONE', #2543, #6423, #5019, .T. ) ;
#5406 = ORIENTED_EDGE ( 'NONE', *, *, #8084, .T. ) ;
#5407 = DIRECTION ( 'NONE',  ( -0.000000000000000000, -0.000000000000000000, -1.000000000000000000 ) ) ;
#5408 = EDGE_CURVE ( 'NONE', #3097, #1315, #2549, .T. ) ;
#5409 = EDGE_LOOP ( 'NONE', ( #3825, #8347, #6431, #7632 ) ) ;
#5410 = ORIENTED_EDGE ( 'NONE', *, *, #2283, .T. ) ;
#5411 = PLANE ( 'NONE',  #119 ) ;
#5412 = VECTOR ( 'NONE', #4699, 1000.000000000000000 ) ;
#5413 = CARTESIAN_POINT ( 'NONE',  ( -4.594243124080021445, 0.3286215912326184152, 3.379999999999999449 ) ) ;
#5414 = EDGE_CURVE ( 'NONE', #6593, #1355, #620, .T. ) ;
#5415 = DIRECTION ( 'NONE',  ( -1.000000000000000000, 1.120120665500548440E-15, 0.000000000000000000 ) ) ;
#5416 = CARTESIAN_POINT ( 'NONE',  ( 4.574006762997095521, 0.03922814513537039444, -2.970000000000000639 ) ) ;
#5417 = CLOSED_SHELL ( 'NONE', ( #6514, #1191, #795, #421 ) ) ;
#5418 = DIRECTION ( 'NONE',  ( -0.2710153738641504773, -0.9625750189617817698, 0.000000000000000000 ) ) ;
#5419 = LINE ( 'NONE', #3942, #8378 ) ;
#5420 = DIRECTION ( 'NONE',  ( 1.000000000000000000, 0.000000000000000000, 0.000000000000000000 ) ) ;
#5421 = CIRCLE ( 'NONE', #2780, 0.07500000000000300870 ) ;
#5422 = ORIENTED_EDGE ( 'NONE', *, *, #5597, .F. ) ;
#5423 = AXIS2_PLACEMENT_3D ( 'NONE', #7861, #5885, #2022 ) ;
#5424 = AXIS2_PLACEMENT_3D ( 'NONE', #8491, #1865, #4618 ) ;
#5425 = LINE ( 'NONE', #3598, #5528 ) ;
#5426 = LINE ( 'NONE', #3341, #6747 ) ;
#5427 = SURFACE_STYLE_USAGE ( .BOTH. , #310 ) ;
#5428 = DIRECTION ( 'NONE',  ( -0.000000000000000000, -0.000000000000000000, -1.000000000000000000 ) ) ;
#5429 = ORIENTED_EDGE ( 'NONE', *, *, #6037, .T. ) ;
#5430 = ORIENTED_EDGE ( 'NONE', *, *, #2629, .F. ) ;
#5431 = LINE ( 'NONE', #7407, #4889 ) ;
#5432 = MANIFOLD_SOLID_BREP ( 'Boss-Extrude2[2]', #3194 ) ;
#5433 = EDGE_CURVE ( 'NONE', #1472, #3553, #791, .T. ) ;
#5434 = VERTEX_POINT ( 'NONE', #1391 ) ;
#5435 = EDGE_LOOP ( 'NONE', ( #914, #2269, #1991, #1965 ) ) ;
#5436 = AXIS2_PLACEMENT_3D ( 'NONE', #398, #5726, #2294 ) ;
#5437 = DIRECTION ( 'NONE',  ( -1.000000000000000000, 0.000000000000000000, 0.000000000000000000 ) ) ;
#5438 = CARTESIAN_POINT ( 'NONE',  ( -5.150000000000000355, 0.2145761423277614266, 4.649999999999999467 ) ) ;
#5439 = PLANE ( 'NONE',  #4825 ) ;
#5440 = DIRECTION ( 'NONE',  ( 0.000000000000000000, 0.000000000000000000, 1.000000000000000000 ) ) ;
#5441 = EDGE_LOOP ( 'NONE', ( #166, #3406, #2433, #8451 ) ) ;
#5442 = CARTESIAN_POINT ( 'NONE',  ( 5.134995374447882455, 0.000000000000000000, 1.700000000000000178 ) ) ;
#5443 = VECTOR ( 'NONE', #3315, 1000.000000000000000 ) ;
#5444 = CARTESIAN_POINT ( 'NONE',  ( -4.594243124080021445, 0.3286215912326184152, 4.649999999999999467 ) ) ;
#5445 = ORIENTED_EDGE ( 'NONE', *, *, #6090, .F. ) ;
#5446 = VECTOR ( 'NONE', #1281, 1000.000000000000227 ) ;
#5447 = VERTEX_POINT ( 'NONE', #4166 ) ;
#5448 = DIRECTION ( 'NONE',  ( -1.000000000000000000, 0.000000000000000000, 0.000000000000000000 ) ) ;
#5449 = EDGE_CURVE ( 'NONE', #1943, #8158, #5431, .T. ) ;
#5450 = VECTOR ( 'NONE', #323, 1000.000000000000000 ) ;
#5451 = DIRECTION ( 'NONE',  ( -0.9975640502598241977, -0.06975647374412528856, 0.000000000000000000 ) ) ;
#5452 = CARTESIAN_POINT ( 'NONE',  ( 3.943579639192182018, 1.367449942301011800, -1.700000000000000622 ) ) ;
#5453 = AXIS2_PLACEMENT_3D ( 'NONE', #4319, #3219, #3630 ) ;
#5454 = ORIENTED_EDGE ( 'NONE', *, *, #842, .F. ) ;
#5455 = CARTESIAN_POINT ( 'NONE',  ( 3.943579639192182018, 1.292449942301011845, -0.8400000000000005240 ) ) ;
#5456 = VERTEX_POINT ( 'NONE', #4737 ) ;
#5457 = ORIENTED_EDGE ( 'NONE', *, *, #3726, .T. ) ;
#5458 = LINE ( 'NONE', #896, #1957 ) ;
#5459 = DIRECTION ( 'NONE',  ( 0.2710153738641504773, 0.9625750189617817698, 0.000000000000000000 ) ) ;
#5460 = VECTOR ( 'NONE', #4419, 1000.000000000000227 ) ;
#5461 = EDGE_CURVE ( 'NONE', #723, #3549, #8050, .T. ) ;
#5462 = DIRECTION ( 'NONE',  ( 0.9975640502598241977, -0.06975647374412544122, -0.000000000000000000 ) ) ;
#5463 = CARTESIAN_POINT ( 'NONE',  ( 4.594243124080021445, 0.3286215912326184152, 3.379999999999999449 ) ) ;
#5464 = LINE ( 'NONE', #7394, #4603 ) ;
#5465 = VERTEX_POINT ( 'NONE', #191 ) ;
#5466 = CARTESIAN_POINT ( 'NONE',  ( 3.749992964849197641, 1.367449942301012022, -1.700000000000000622 ) ) ;
#5467 = VERTEX_POINT ( 'NONE', #5477 ) ;
#5468 = ADVANCED_FACE ( 'NONE', ( #6078 ), #1562, .T. ) ;
#5469 = EDGE_CURVE ( 'NONE', #101, #7389, #3517, .T. ) ;
#5470 = ORIENTED_EDGE ( 'NONE', *, *, #4338, .F. ) ;
#5471 = CARTESIAN_POINT ( 'NONE',  ( 3.469579648282761219, 2.500000000000000000, 0.000000000000000000 ) ) ;
#5472 = DIRECTION ( 'NONE',  ( 1.000000000000000000, 1.120120665500548440E-15, 0.000000000000000000 ) ) ;
#5473 = CARTESIAN_POINT ( 'NONE',  ( -3.943579639192182018, 1.292449942301011845, 0.8399999999999996358 ) ) ;
#5474 = CARTESIAN_POINT ( 'NONE',  ( 3.749154974055155964, 1.361487327977487949, 5.087973030627475524 ) ) ;
#5475 = EDGE_LOOP ( 'NONE', ( #8462, #1737, #3384, #2560 ) ) ;
#5476 = ORIENTED_EDGE ( 'NONE', *, *, #5164, .T. ) ;
#5477 = CARTESIAN_POINT ( 'NONE',  ( -4.574006762997095521, 0.03922814513537028341, -1.700000000000000622 ) ) ;
#5478 = EDGE_CURVE ( 'NONE', #6230, #5160, #8136, .T. ) ;
#5479 = DIRECTION ( 'NONE',  ( -0.2710153738641577492, 0.9625750189617798824, -0.000000000000000000 ) ) ;
#5480 = ORIENTED_EDGE ( 'NONE', *, *, #2692, .F. ) ;
#5481 = ORIENTED_EDGE ( 'NONE', *, *, #5556, .F. ) ;
#5482 = DIRECTION ( 'NONE',  ( -1.000000000000000000, 0.000000000000000000, 0.000000000000000000 ) ) ;
#5483 = CARTESIAN_POINT ( 'NONE',  ( -5.134995374447882455, 0.000000000000000000, -0.4300000000000007150 ) ) ;
#5484 = CARTESIAN_POINT ( 'NONE',  ( 3.385851378539207257, 3.116633560584933793, -4.934391588850442822 ) ) ;
#5485 = EDGE_CURVE ( 'NONE', #773, #4403, #147, .T. ) ;
#5486 = DIRECTION ( 'NONE',  ( -0.9975640502598241977, 0.06975647374412528856, -0.000000000000000000 ) ) ;
#5487 = ORIENTED_EDGE ( 'NONE', *, *, #8002, .F. ) ;
#5488 = DIRECTION ( 'NONE',  ( 1.000000000000000000, -2.016181479920678149E-15, 0.000000000000000000 ) ) ;
#5489 = ORIENTED_EDGE ( 'NONE', *, *, #6213, .F. ) ;
#5490 = CARTESIAN_POINT ( 'NONE',  ( -3.600000000000000977, -12.74127152210484937, -5.150000000000000355 ) ) ;
#5491 = ORIENTED_EDGE ( 'NONE', *, *, #306, .T. ) ;
#5492 = FACE_OUTER_BOUND ( 'NONE', #1772, .T. ) ;
#5493 = DIRECTION ( 'NONE',  ( 0.000000000000000000, -0.000000000000000000, 1.000000000000000000 ) ) ;
#5494 = CARTESIAN_POINT ( 'NONE',  ( -3.943579639192182018, 1.582550057698989043, -4.650000000000000355 ) ) ;
#5495 = ORIENTED_EDGE ( 'NONE', *, *, #5478, .F. ) ;
#5496 = CARTESIAN_POINT ( 'NONE',  ( 3.749999999999999112, 1.367500000000028360, -4.999999999999999112 ) ) ;
#5497 = ORIENTED_EDGE ( 'NONE', *, *, #2816, .T. ) ;
#5498 = EDGE_LOOP ( 'NONE', ( #2612, #16, #4083, #7370 ) ) ;
#5499 = DIRECTION ( 'NONE',  ( -1.000000000000000000, 1.120120665500548440E-15, 0.000000000000000000 ) ) ;
#5500 = AXIS2_PLACEMENT_3D ( 'NONE', #6801, #7537, #875 ) ;
#5501 = PLANE ( 'NONE',  #4434 ) ;
#5502 = LINE ( 'NONE', #135, #788 ) ;
#5503 = CARTESIAN_POINT ( 'NONE',  ( -4.589011388549212533, 0.2538042874631317170, -4.240000000000001101 ) ) ;
#5504 = DIRECTION ( 'NONE',  ( 0.000000000000000000, 1.000000000000000000, -0.000000000000000000 ) ) ;
#5505 = CARTESIAN_POINT ( 'NONE',  ( -4.522049997657885179, 0.3082954381928062482, -4.240000000000001101 ) ) ;
#5506 = EDGE_LOOP ( 'NONE', ( #4284, #883, #4925, #5108 ) ) ;
#5507 = CARTESIAN_POINT ( 'NONE',  ( 3.943579639192182018, 1.292449942301011845, -0.8400000000000005240 ) ) ;
#5508 = VECTOR ( 'NONE', #5791, 1000.000000000000000 ) ;
#5509 = MANIFOLD_SOLID_BREP ( 'LPattern1[12]', #6925 ) ;
#5510 = EDGE_CURVE ( 'NONE', #6664, #7158, #1408, .T. ) ;
#5511 = VECTOR ( 'NONE', #1114, 1000.000000000000000 ) ;
#5512 = AXIS2_PLACEMENT_3D ( 'NONE', #6043, #8103, #6212 ) ;
#5513 = EDGE_LOOP ( 'NONE', ( #3136, #1833 ) ) ;
#5514 = DIRECTION ( 'NONE',  ( 0.000000000000000000, 0.000000000000000000, 1.000000000000000000 ) ) ;
#5515 = DIRECTION ( 'NONE',  ( 0.1378445374916251742, 0.9808148484639901410, 0.1378445374916252852 ) ) ;
#5516 = ADVANCED_FACE ( 'NONE', ( #1420 ), #741, .F. ) ;
#5517 = LINE ( 'NONE', #8217, #4903 ) ;
#5518 = CIRCLE ( 'NONE', #938, 0.1499999999999999667 ) ;
#5519 = EDGE_CURVE ( 'NONE', #4393, #608, #1024, .T. ) ;
#5520 = VECTOR ( 'NONE', #549, 1000.000000000000000 ) ;
#5521 = EDGE_LOOP ( 'NONE', ( #5565, #793, #5242, #2990 ) ) ;
#5522 = CARTESIAN_POINT ( 'NONE',  ( 3.469579648282761664, 2.500000000000000000, -4.869579648282762463 ) ) ;
#5523 = DIRECTION ( 'NONE',  ( -1.000000000000000000, -1.120120665500546074E-15, 0.000000000000000000 ) ) ;
#5524 = ORIENTED_EDGE ( 'NONE', *, *, #2814, .F. ) ;
#5525 = COLOUR_RGB ( '',0.8000000000000000444, 0.8078431372549019773, 0.8000000000000000444 ) ;
#5526 = DIRECTION ( 'NONE',  ( 1.000000000000000000, 0.000000000000000000, -0.000000000000000000 ) ) ;
#5527 = CARTESIAN_POINT ( 'NONE',  ( 4.015772765614318729, 1.312776095340824734, -4.240000000000001101 ) ) ;
#5528 = VECTOR ( 'NONE', #7400, 1000.000000000000000 ) ;
#5529 = DIRECTION ( 'NONE',  ( -0.000000000000000000, -0.000000000000000000, -1.000000000000000000 ) ) ;
#5530 = EDGE_CURVE ( 'NONE', #8480, #4422, #2064, .T. ) ;
#5531 = CARTESIAN_POINT ( 'NONE',  ( -3.749992964849197641, 1.367449942301012022, -2.970000000000000639 ) ) ;
#5532 = DIRECTION ( 'NONE',  ( 1.000000000000000000, 1.120120665500546074E-15, 0.000000000000000000 ) ) ;
#5533 = DIRECTION ( 'NONE',  ( 0.000000000000000000, 0.000000000000000000, 1.000000000000000000 ) ) ;
#5534 = AXIS2_PLACEMENT_3D ( 'NONE', #6517, #503, #8371 ) ;
#5535 = ORIENTED_EDGE ( 'NONE', *, *, #1720, .F. ) ;
#5536 = CARTESIAN_POINT ( 'NONE',  ( 5.150000000000000355, 0.2145761423277614266, -2.970000000000000639 ) ) ;
#5537 = PLANE ( 'NONE',  #1218 ) ;
#5538 = CARTESIAN_POINT ( 'NONE',  ( 3.943579639192182018, 1.367449942301011800, 0.8399999999999996358 ) ) ;
#5539 = VECTOR ( 'NONE', #2705, 1000.000000000000227 ) ;
#5540 = ADVANCED_FACE ( 'NONE', ( #7263 ), #5881, .F. ) ;
#5541 = ORIENTED_EDGE ( 'NONE', *, *, #4289, .F. ) ;
#5542 = FACE_OUTER_BOUND ( 'NONE', #4793, .T. ) ;
#5543 = ORIENTED_EDGE ( 'NONE', *, *, #8399, .F. ) ;
#5544 = DIRECTION ( 'NONE',  ( 0.06975647374412545509, 0.9975640502598243087, -0.000000000000000000 ) ) ;
#5545 = LINE ( 'NONE', #1062, #8304 ) ;
#5546 = EDGE_CURVE ( 'NONE', #7988, #3097, #5007, .T. ) ;
#5547 = DIRECTION ( 'NONE',  ( -0.06975647374412764778, 0.9975640502598241977, 0.000000000000000000 ) ) ;
#5548 = DIRECTION ( 'NONE',  ( -1.000000000000000000, 0.000000000000000000, 0.000000000000000000 ) ) ;
#5549 = LINE ( 'NONE', #4800, #4716 ) ;
#5550 = CARTESIAN_POINT ( 'NONE',  ( -5.134995374447882455, 0.000000000000000000, -3.380000000000000338 ) ) ;
#5551 = ORIENTED_EDGE ( 'NONE', *, *, #8501, .F. ) ;
#5552 = DIRECTION ( 'NONE',  ( -1.000000000000000000, 0.000000000000000000, 0.000000000000000000 ) ) ;
#5553 = AXIS2_PLACEMENT_3D ( 'NONE', #4427, #7152, #3780 ) ;
#5554 = VECTOR ( 'NONE', #3017, 1000.000000000000000 ) ;
#5555 = EDGE_LOOP ( 'NONE', ( #2239, #3535 ) ) ;
#5556 = EDGE_CURVE ( 'NONE', #1287, #2553, #7948, .T. ) ;
#5557 = CARTESIAN_POINT ( 'NONE',  ( 3.507790025727649752, -0.3559135173969456556, 4.759249815416416673 ) ) ;
#5558 = FILL_AREA_STYLE ('',( #6159 ) ) ;
#5559 = AXIS2_PLACEMENT_3D ( 'NONE', #2847, #2189, #4151 ) ;
#5560 = EDGE_LOOP ( 'NONE', ( #2826, #3696, #3133, #768 ) ) ;
#5561 = VERTEX_POINT ( 'NONE', #5186 ) ;
#5562 = MANIFOLD_SOLID_BREP ( 'LPattern1[9]', #8022 ) ;
#5563 = CYLINDRICAL_SURFACE ( 'NONE', #5500, 0.2901001153979764768 ) ;
#5564 = ORIENTED_EDGE ( 'NONE', *, *, #3078, .T. ) ;
#5565 = ORIENTED_EDGE ( 'NONE', *, *, #3380, .F. ) ;
#5566 = VECTOR ( 'NONE', #7845, 1000.000000000000227 ) ;
#5567 = EDGE_CURVE ( 'NONE', #6903, #3228, #3983, .T. ) ;
#5568 = DIRECTION ( 'NONE',  ( -0.000000000000000000, -0.000000000000000000, -1.000000000000000000 ) ) ;
#5569 = DIRECTION ( 'NONE',  ( -1.000000000000000000, 1.120120665500548440E-15, 0.000000000000000000 ) ) ;
#5570 = DIRECTION ( 'NONE',  ( -1.000000000000000000, 0.000000000000000000, 0.000000000000000000 ) ) ;
#5571 = DIRECTION ( 'NONE',  ( 0.9625750189617818808, -0.2710153738641505328, 0.000000000000000000 ) ) ;
#5572 = CARTESIAN_POINT ( 'NONE',  ( 3.749992964849197641, 1.367449942301012022, 2.109999999999999876 ) ) ;
#5573 = DIRECTION ( 'NONE',  ( -0.000000000000000000, -0.000000000000000000, -1.000000000000000000 ) ) ;
#5574 = VECTOR ( 'NONE', #2673, 1000.000000000000114 ) ;
#5575 = CARTESIAN_POINT ( 'NONE',  ( -4.315000000000000391, 0.2499999999999998890, -0.4300000000000007150 ) ) ;
#5576 = EDGE_CURVE ( 'NONE', #6098, #1995, #1879, .T. ) ;
#5577 = EDGE_CURVE ( 'NONE', #7921, #209, #4582, .T. ) ;
#5578 = CARTESIAN_POINT ( 'NONE',  ( -3.943579639192182018, 1.582550057698989043, -0.4300000000000007150 ) ) ;
#5579 =( LENGTH_UNIT ( ) NAMED_UNIT ( * ) SI_UNIT ( .MILLI., .METRE. ) );
#5580 = AXIS2_PLACEMENT_3D ( 'NONE', #4273, #2188, #3585 ) ;
#5581 = EDGE_LOOP ( 'NONE', ( #2630, #3724, #3603, #4791 ) ) ;
#5582 = FACE_OUTER_BOUND ( 'NONE', #5964, .T. ) ;
#5583 = VERTEX_POINT ( 'NONE', #2829 ) ;
#5584 = PRODUCT_DEFINITION_CONTEXT ( 'detailed design', #1796, 'design' ) ;
#5585 = VECTOR ( 'NONE', #3073, 1000.000000000000000 ) ;
#5586 = FACE_OUTER_BOUND ( 'NONE', #581, .T. ) ;
#5587 = VECTOR ( 'NONE', #2924, 1000.000000000000000 ) ;
#5588 = EDGE_CURVE ( 'NONE', #1423, #8229, #6895, .T. ) ;
#5589 = CARTESIAN_POINT ( 'NONE',  ( -3.943579639192182018, 1.292449942301011845, 3.379999999999999449 ) ) ;
#5590 = AXIS2_PLACEMENT_3D ( 'NONE', #2784, #7970, #1948 ) ;
#5591 = PLANE ( 'NONE',  #6646 ) ;
#5592 = DIRECTION ( 'NONE',  ( -1.000000000000000000, 0.000000000000000000, 0.000000000000000000 ) ) ;
#5593 = CARTESIAN_POINT ( 'NONE',  ( 3.943579639192182018, 1.367449942301011800, 2.109999999999999876 ) ) ;
#5594 = CARTESIAN_POINT ( 'NONE',  ( 4.315000000000000391, 0.2500000000000000000, 3.379999999999999449 ) ) ;
#5595 = ORIENTED_EDGE ( 'NONE', *, *, #6717, .F. ) ;
#5596 = CYLINDRICAL_SURFACE ( 'NONE', #6871, 0.07500000000000300870 ) ;
#5597 = EDGE_CURVE ( 'NONE', #227, #510, #1889, .T. ) ;
#5598 = AXIS2_PLACEMENT_3D ( 'NONE', #1708, #1673, #2357 ) ;
#5599 = VERTEX_POINT ( 'NONE', #150 ) ;
#5600 = PRESENTATION_LAYER_ASSIGNMENT (  '', '', ( #2676 ) ) ;
#5601 = CARTESIAN_POINT ( 'NONE',  ( 5.134995374447882455, 0.000000000000000000, -0.8400000000000005240 ) ) ;
#5602 = CARTESIAN_POINT ( 'NONE',  ( 4.522049997657887843, 0.3082954381928066367, -4.240000000000001101 ) ) ;
#5603 = SURFACE_STYLE_FILL_AREA ( #5558 ) ;
#5604 = ORIENTED_EDGE ( 'NONE', *, *, #4242, .T. ) ;
#5605 = ORIENTED_EDGE ( 'NONE', *, *, #2190, .T. ) ;
#5606 = PLANE ( 'NONE',  #921 ) ;
#5607 = DIRECTION ( 'NONE',  ( -0.000000000000000000, -0.000000000000000000, -1.000000000000000000 ) ) ;
#5608 = ORIENTED_EDGE ( 'NONE', *, *, #4644, .F. ) ;
#5609 = DIRECTION ( 'NONE',  ( 0.9975640502598241977, 0.06975647374412544122, 0.000000000000000000 ) ) ;
#5610 = CARTESIAN_POINT ( 'NONE',  ( -4.522049997657885179, 0.3082954381928062482, -2.970000000000000639 ) ) ;
#5611 = CARTESIAN_POINT ( 'NONE',  ( 4.574006762997095521, 0.03922814513537039444, -0.4300000000000007150 ) ) ;
#5612 = CARTESIAN_POINT ( 'NONE',  ( 4.222822763272201740, 1.371071533533629649, -0.4300000000000007150 ) ) ;
#5613 = CARTESIAN_POINT ( 'NONE',  ( 4.589011388549212533, 0.2538042874631317170, -2.970000000000000639 ) ) ;
#5614 = ADVANCED_FACE ( 'NONE', ( #920 ), #967, .F. ) ;
#5615 = EDGE_LOOP ( 'NONE', ( #4909, #2505, #1979, #1936 ) ) ;
#5616 = CARTESIAN_POINT ( 'NONE',  ( 3.749999999999999112, -12.74127152210484937, 5.000000000000000000 ) ) ;
#5617 = DIRECTION ( 'NONE',  ( 1.000000000000000000, 0.000000000000000000, 0.000000000000000000 ) ) ;
#5618 =( LENGTH_UNIT ( ) NAMED_UNIT ( * ) SI_UNIT ( .MILLI., .METRE. ) );
#5619 = EDGE_LOOP ( 'NONE', ( #5840, #4821, #2244, #600, #7291, #7279, #1217, #4294, #3164, #3306, #5003, #631 ) ) ;
#5620 = DIRECTION ( 'NONE',  ( 5.839238655789050276E-15, 0.000000000000000000, -1.000000000000000000 ) ) ;
#5621 = ORIENTED_EDGE ( 'NONE', *, *, #1424, .F. ) ;
#5622 = ADVANCED_FACE ( 'NONE', ( #8098 ), #2257, .T. ) ;
#5623 = FACE_OUTER_BOUND ( 'NONE', #7945, .T. ) ;
#5624 = ADVANCED_FACE ( 'NONE', ( #6246 ), #6847, .F. ) ;
#5625 = FACE_OUTER_BOUND ( 'NONE', #6497, .T. ) ;
#5626 = DIRECTION ( 'NONE',  ( -0.9625750189617798824, -0.2710153738641577492, 0.000000000000000000 ) ) ;
#5627 = LINE ( 'NONE', #6958, #3717 ) ;
#5628 = CARTESIAN_POINT ( 'NONE',  ( 4.594243124080021445, 0.3286215912326184152, -1.700000000000000622 ) ) ;
#5629 = EDGE_CURVE ( 'NONE', #7703, #908, #317, .T. ) ;
#5630 = AXIS2_PLACEMENT_3D ( 'NONE', #833, #6843, #4292 ) ;
#5631 = CARTESIAN_POINT ( 'NONE',  ( 4.574006762997095521, 0.03922814513537039444, 1.700000000000000178 ) ) ;
#5632 = ORIENTED_EDGE ( 'NONE', *, *, #6294, .T. ) ;
#5633 = CARTESIAN_POINT ( 'NONE',  ( -4.015772765614322282, 1.312776095340825622, -4.650000000000000355 ) ) ;
#5634 = EDGE_CURVE ( 'NONE', #6593, #6623, #2960, .T. ) ;
#5635 = VECTOR ( 'NONE', #7683, 1000.000000000000000 ) ;
#5636 = EDGE_LOOP ( 'NONE', ( #6289, #1150, #5136, #54 ) ) ;
#5637 = EDGE_CURVE ( 'NONE', #5680, #8016, #4742, .T. ) ;
#5638 = AXIS2_PLACEMENT_3D ( 'NONE', #6311, #5098, #3794 ) ;
#5639 = CARTESIAN_POINT ( 'NONE',  ( 4.222822763272201740, 1.371071533533629649, -1.700000000000000622 ) ) ;
#5640 =( NAMED_UNIT ( * ) PLANE_ANGLE_UNIT ( ) SI_UNIT ( $, .RADIAN. ) );
#5641 = VERTEX_POINT ( 'NONE', #8056 ) ;
#5642 = VECTOR ( 'NONE', #2853, 1000.000000000000000 ) ;
#5643 = VECTOR ( 'NONE', #2923, 1000.000000000000227 ) ;
#5644 = DIRECTION ( 'NONE',  ( -1.000000000000000000, -1.120120665500546074E-15, 0.000000000000000000 ) ) ;
#5645 = CARTESIAN_POINT ( 'NONE',  ( -3.634753883400412278, 2.185489192905979206, 5.070243076306388375 ) ) ;
#5646 = ORIENTED_EDGE ( 'NONE', *, *, #7133, .F. ) ;
#5647 = EDGE_CURVE ( 'NONE', #6933, #973, #865, .T. ) ;
#5648 = PLANE ( 'NONE',  #7355 ) ;
#5649 = VECTOR ( 'NONE', #5962, 1000.000000000000227 ) ;
#5650 = DIRECTION ( 'NONE',  ( -0.000000000000000000, -0.000000000000000000, -1.000000000000000000 ) ) ;
#5651 = VECTOR ( 'NONE', #7920, 1000.000000000000000 ) ;
#5652 = DIRECTION ( 'NONE',  ( 0.000000000000000000, 0.000000000000000000, 1.000000000000000000 ) ) ;
#5653 = LINE ( 'NONE', #4342, #6321 ) ;
#5654 = DIRECTION ( 'NONE',  ( 1.000000000000000000, -1.120120665500546074E-15, -0.000000000000000000 ) ) ;
#5655 = VECTOR ( 'NONE', #828, 1000.000000000000000 ) ;
#5656 = ORIENTED_EDGE ( 'NONE', *, *, #6037, .F. ) ;
#5657 = VECTOR ( 'NONE', #4339, 1000.000000000000000 ) ;
#5658 = DIRECTION ( 'NONE',  ( -0.000000000000000000, -0.000000000000000000, -1.000000000000000000 ) ) ;
#5659 = CARTESIAN_POINT ( 'NONE',  ( 4.315000000000000391, 0.2500000000000000000, -4.240000000000001101 ) ) ;
#5660 = EDGE_CURVE ( 'NONE', #3110, #8007, #2167, .T. ) ;
#5661 = EDGE_LOOP ( 'NONE', ( #4884, #7964, #2284, #1515 ) ) ;
#5662 = DIRECTION ( 'NONE',  ( 0.000000000000000000, 0.000000000000000000, 1.000000000000000000 ) ) ;
#5663 = AXIS2_PLACEMENT_3D ( 'NONE', #1288, #6578, #655 ) ;
#5664 = LINE ( 'NONE', #1023, #4883 ) ;
#5665 = CARTESIAN_POINT ( 'NONE',  ( -3.749992964849197641, 1.367449942301012022, -3.380000000000000338 ) ) ;
#5666 = AXIS2_PLACEMENT_3D ( 'NONE', #2226, #7550, #6944 ) ;
#5667 = EDGE_CURVE ( 'NONE', #7971, #7046, #2498, .T. ) ;
#5668 = PLANE ( 'NONE',  #4029 ) ;
#5669 = CARTESIAN_POINT ( 'NONE',  ( 3.943579639192182018, 1.292449942301011845, 0.4299999999999998268 ) ) ;
#5670 = ADVANCED_FACE ( 'NONE', ( #199 ), #6126, .F. ) ;
#5671 = DIRECTION ( 'NONE',  ( 0.000000000000000000, 0.000000000000000000, -1.000000000000000000 ) ) ;
#5672 = PLANE ( 'NONE',  #3089 ) ;
#5673 = ORIENTED_EDGE ( 'NONE', *, *, #7727, .F. ) ;
#5674 = PLANE ( 'NONE',  #5638 ) ;
#5675 = CARTESIAN_POINT ( 'NONE',  ( -3.749992964849198085, 1.582550057698988821, -0.4300000000000007150 ) ) ;
#5676 = EDGE_CURVE ( 'NONE', #4965, #6664, #2872, .T. ) ;
#5677 = ORIENTED_EDGE ( 'NONE', *, *, #428, .F. ) ;
#5678 = LINE ( 'NONE', #1714, #5147 ) ;
#5679 = PLANE ( 'NONE',  #1617 ) ;
#5680 = VERTEX_POINT ( 'NONE', #1608 ) ;
#5681 = VECTOR ( 'NONE', #574, 1000.000000000000000 ) ;
#5682 = CARTESIAN_POINT ( 'NONE',  ( 3.749992964849197641, 1.367449942301012022, -3.380000000000000338 ) ) ;
#5683 = CARTESIAN_POINT ( 'NONE',  ( -3.750000000000000888, -12.74127152210484937, 4.749999999999997335 ) ) ;
#5684 = ORIENTED_EDGE ( 'NONE', *, *, #1958, .F. ) ;
#5685 = CARTESIAN_POINT ( 'NONE',  ( -3.108111041950426312, 2.499999999999999556, 4.869579648282763351 ) ) ;
#5686 = DIRECTION ( 'NONE',  ( 1.000000000000000000, 0.000000000000000000, 0.000000000000000000 ) ) ;
#5687 = DIRECTION ( 'NONE',  ( 0.06975647374412763391, -0.9975640502598240866, 0.000000000000000000 ) ) ;
#5688 = LINE ( 'NONE', #7622, #3283 ) ;
#5689 = ADVANCED_FACE ( 'NONE', ( #6716 ), #4779, .F. ) ;
#5690 = LINE ( 'NONE', #6979, #1819 ) ;
#5691 = AXIS2_PLACEMENT_3D ( 'NONE', #337, #6346, #2352 ) ;
#5692 = LINE ( 'NONE', #1659, #4237 ) ;
#5693 = CIRCLE ( 'NONE', #3065, 0.2901001153979764768 ) ;
#5694 = CARTESIAN_POINT ( 'NONE',  ( -4.015772765614322282, 1.312776095340825622, -2.970000000000000639 ) ) ;
#5695 = ORIENTED_EDGE ( 'NONE', *, *, #5825, .T. ) ;
#5696 = DIRECTION ( 'NONE',  ( 0.000000000000000000, 1.000000000000000000, 0.000000000000000000 ) ) ;
#5697 = ORIENTED_EDGE ( 'NONE', *, *, #1, .F. ) ;
#5698 = CARTESIAN_POINT ( 'NONE',  ( 5.150000000000000355, 0.2145761423277614266, -3.380000000000000338 ) ) ;
#5699 = ORIENTED_EDGE ( 'NONE', *, *, #1720, .T. ) ;
#5700 = VERTEX_POINT ( 'NONE', #5527 ) ;
#5701 = CARTESIAN_POINT ( 'NONE',  ( -3.943579639192182018, 1.367449942301011800, 0.4299999999999998268 ) ) ;
#5702 = AXIS2_PLACEMENT_3D ( 'NONE', #2413, #6935, #1005 ) ;
#5703 = FACE_OUTER_BOUND ( 'NONE', #6803, .T. ) ;
#5704 = LINE ( 'NONE', #2051, #5096 ) ;
#5705 = CARTESIAN_POINT ( 'NONE',  ( 3.943579639192182018, 1.292449942301011845, 0.8399999999999996358 ) ) ;
#5706 = DIRECTION ( 'NONE',  ( 1.000000000000000000, 0.000000000000000000, 0.000000000000000000 ) ) ;
#5707 = ORIENTED_EDGE ( 'NONE', *, *, #648, .F. ) ;
#5708 = CARTESIAN_POINT ( 'NONE',  ( -3.749992964849198085, 1.582550057698988821, 0.4299999999999998268 ) ) ;
#5709 = DIRECTION ( 'NONE',  ( 0.000000000000000000, 0.000000000000000000, 1.000000000000000000 ) ) ;
#5710 = CIRCLE ( 'NONE', #7631, 0.2901001153979764768 ) ;
#5711 = ADVANCED_FACE ( 'NONE', ( #7501 ), #1568, .F. ) ;
#5712 = AXIS2_PLACEMENT_3D ( 'NONE', #5883, #7178, #3892 ) ;
#5713 = ORIENTED_EDGE ( 'NONE', *, *, #7104, .T. ) ;
#5714 = DIRECTION ( 'NONE',  ( -0.000000000000000000, -0.000000000000000000, -1.000000000000000000 ) ) ;
#5715 = VECTOR ( 'NONE', #2220, 1000.000000000000227 ) ;
#5716 = DIRECTION ( 'NONE',  ( 0.000000000000000000, 0.000000000000000000, 1.000000000000000000 ) ) ;
#5717 = DIRECTION ( 'NONE',  ( -0.9975640502598241977, 0.06975647374412544122, 0.000000000000000000 ) ) ;
#5718 = VECTOR ( 'NONE', #6808, 1000.000000000000000 ) ;
#5719 = CARTESIAN_POINT ( 'NONE',  ( -2.636643502869150169, 2.600000000000000089, -4.069579648282762641 ) ) ;
#5720 = ORIENTED_EDGE ( 'NONE', *, *, #8472, .T. ) ;
#5721 = EDGE_CURVE ( 'NONE', #8264, #617, #1545, .T. ) ;
#5722 = EDGE_CURVE ( 'NONE', #488, #2154, #4465, .T. ) ;
#5723 = ORIENTED_EDGE ( 'NONE', *, *, #2938, .T. ) ;
#5724 = ORIENTED_EDGE ( 'NONE', *, *, #909, .F. ) ;
#5725 = VECTOR ( 'NONE', #1122, 1000.000000000000000 ) ;
#5726 = DIRECTION ( 'NONE',  ( 0.7036407875340321416, 0.7036407875340213725, -0.09889026361067795867 ) ) ;
#5727 = CARTESIAN_POINT ( 'NONE',  ( 4.522049997657887843, 0.3082954381928066367, 2.109999999999999876 ) ) ;
#5728 = SURFACE_SIDE_STYLE ('',( #3168 ) ) ;
#5729 = ADVANCED_FACE ( 'NONE', ( #4295 ), #1805, .F. ) ;
#5730 = CARTESIAN_POINT ( 'NONE',  ( -4.222822763272206181, 1.371071533533628317, -4.240000000000001101 ) ) ;
#5731 = ADVANCED_FACE ( 'NONE', ( #4417 ), #4991, .T. ) ;
#5732 = CARTESIAN_POINT ( 'NONE',  ( 4.589011388549212533, 0.2538042874631317170, -3.380000000000000338 ) ) ;
#5733 = ORIENTED_EDGE ( 'NONE', *, *, #952, .F. ) ;
#5734 = ORIENTED_EDGE ( 'NONE', *, *, #4129, .T. ) ;
#5735 = CARTESIAN_POINT ( 'NONE',  ( 3.943579639192182018, 1.292449942301011845, 2.109999999999999876 ) ) ;
#5736 = EDGE_CURVE ( 'NONE', #7671, #1575, #4179, .T. ) ;
#5737 = CARTESIAN_POINT ( 'NONE',  ( 5.134995374447882455, 0.000000000000000000, -1.700000000000000622 ) ) ;
#5738 = LINE ( 'NONE', #6299, #3434 ) ;
#5739 = ORIENTED_EDGE ( 'NONE', *, *, #1582, .T. ) ;
#5740 = CYLINDRICAL_SURFACE ( 'NONE', #5363, 0.2901001153979782532 ) ;
#5741 = CARTESIAN_POINT ( 'NONE',  ( 3.943579639192182018, 1.292449942301011845, -0.4300000000000007150 ) ) ;
#5742 = VERTEX_POINT ( 'NONE', #8349 ) ;
#5743 = EDGE_LOOP ( 'NONE', ( #7420, #3433, #2068, #2222 ) ) ;
#5744 = LINE ( 'NONE', #585, #1401 ) ;
#5745 = FACE_OUTER_BOUND ( 'NONE', #24, .T. ) ;
#5746 = FACE_OUTER_BOUND ( 'NONE', #3757, .T. ) ;
#5747 = DIRECTION ( 'NONE',  ( -0.000000000000000000, -0.000000000000000000, -1.000000000000000000 ) ) ;
#5748 = VERTEX_POINT ( 'NONE', #7056 ) ;
#5749 = PLANE ( 'NONE',  #1184 ) ;
#5750 = PLANE ( 'NONE',  #3572 ) ;
#5751 = ORIENTED_EDGE ( 'NONE', *, *, #996, .F. ) ;
#5752 = DIRECTION ( 'NONE',  ( -0.9975640502598241977, -0.06975647374412528856, 0.000000000000000000 ) ) ;
#5753 = DIRECTION ( 'NONE',  ( -0.000000000000000000, -0.000000000000000000, -1.000000000000000000 ) ) ;
#5754 = EDGE_CURVE ( 'NONE', #619, #4241, #2456, .T. ) ;
#5755 = LINE ( 'NONE', #1235, #5067 ) ;
#5756 = ORIENTED_EDGE ( 'NONE', *, *, #6100, .T. ) ;
#5757 = CIRCLE ( 'NONE', #2991, 0.2901001153979764768 ) ;
#5758 = EDGE_LOOP ( 'NONE', ( #7224, #994, #7065, #5781 ) ) ;
#5759 = DIRECTION ( 'NONE',  ( -0.000000000000000000, -0.000000000000000000, -1.000000000000000000 ) ) ;
#5760 = EDGE_CURVE ( 'NONE', #2176, #8363, #6941, .T. ) ;
#5761 = PLANE ( 'NONE',  #5927 ) ;
#5762 = EDGE_CURVE ( 'NONE', #272, #4642, #6290, .T. ) ;
#5763 = FILL_AREA_STYLE_COLOUR ( '', #3782 ) ;
#5764 = AXIS2_PLACEMENT_3D ( 'NONE', #221, #7603, #1638 ) ;
#5765 = CARTESIAN_POINT ( 'NONE',  ( 3.943579639192182018, 1.367449942301011800, 2.109999999999999876 ) ) ;
#5766 = VECTOR ( 'NONE', #3135, 1000.000000000000000 ) ;
#5767 = LINE ( 'NONE', #403, #3768 ) ;
#5768 = ORIENTED_EDGE ( 'NONE', *, *, #8483, .T. ) ;
#5769 = ORIENTED_EDGE ( 'NONE', *, *, #7467, .T. ) ;
#5770 = EDGE_CURVE ( 'NONE', #471, #4638, #4374, .T. ) ;
#5771 = AXIS2_PLACEMENT_3D ( 'NONE', #5177, #4574, #2052 ) ;
#5772 = AXIS2_PLACEMENT_3D ( 'NONE', #6938, #2379, #6978 ) ;
#5773 = DIRECTION ( 'NONE',  ( 1.000000000000000000, 0.000000000000000000, 0.000000000000000000 ) ) ;
#5774 = CARTESIAN_POINT ( 'NONE',  ( 3.385851378539206813, -0.1666335605849331991, 4.934391588850442822 ) ) ;
#5775 =( BOUNDED_CURVE ( )  B_SPLINE_CURVE ( 3, ( #4651, #7288, #6684, #4011 ),
 .UNSPECIFIED., .F., .F. ) 
 B_SPLINE_CURVE_WITH_KNOTS ( ( 4, 4 ),
 ( 5.507472325450609496, 7.058898288908560303 ),
 .UNSPECIFIED. ) 
 CURVE ( )  GEOMETRIC_REPRESENTATION_ITEM ( )  RATIONAL_B_SPLINE_CURVE ( ( 1.000000000000000000, 0.8092813118237116576, 0.8092813118237116576, 1.000000000000000000 ) ) 
 REPRESENTATION_ITEM ( '' )  );
#5776 = ORIENTED_EDGE ( 'NONE', *, *, #4845, .F. ) ;
#5777 = DIRECTION ( 'NONE',  ( -0.000000000000000000, -0.000000000000000000, -1.000000000000000000 ) ) ;
#5778 = CARTESIAN_POINT ( 'NONE',  ( 3.943579639192182018, 1.367449942301011800, 4.649999999999999467 ) ) ;
#5779 =( GEOMETRIC_REPRESENTATION_CONTEXT ( 3 ) GLOBAL_UNCERTAINTY_ASSIGNED_CONTEXT ( ( #6950 ) ) GLOBAL_UNIT_ASSIGNED_CONTEXT ( ( #5618, #1620, #4350 ) ) REPRESENTATION_CONTEXT ( 'NONE', 'WORKASPACE' ) );
#5780 = AXIS2_PLACEMENT_3D ( 'NONE', #6584, #5941, #1896 ) ;
#5781 = ORIENTED_EDGE ( 'NONE', *, *, #8203, .T. ) ;
#5782 = VECTOR ( 'NONE', #1332, 1000.000000000000227 ) ;
#5783 = ORIENTED_EDGE ( 'NONE', *, *, #116, .T. ) ;
#5784 = CARTESIAN_POINT ( 'NONE',  ( -5.134995374447882455, 0.000000000000000000, -1.700000000000000622 ) ) ;
#5785 = STYLED_ITEM ( 'NONE', ( #3599 ), #2770 ) ;
#5786 = DIRECTION ( 'NONE',  ( -1.000000000000000000, 0.000000000000000000, 0.000000000000000000 ) ) ;
#5787 = LINE ( 'NONE', #2479, #4270 ) ;
#5788 = DIRECTION ( 'NONE',  ( 1.000000000000000000, 0.000000000000000000, 0.000000000000000000 ) ) ;
#5789 = VECTOR ( 'NONE', #7561, 1000.000000000000227 ) ;
#5790 = ORIENTED_EDGE ( 'NONE', *, *, #8226, .F. ) ;
#5791 = DIRECTION ( 'NONE',  ( -0.000000000000000000, -0.000000000000000000, -1.000000000000000000 ) ) ;
#5792 = CARTESIAN_POINT ( 'NONE',  ( 3.749992964849197641, 1.367449942301012022, -0.8400000000000005240 ) ) ;
#5793 = ADVANCED_FACE ( 'NONE', ( #522 ), #7100, .F. ) ;
#5794 = VECTOR ( 'NONE', #2616, 1000.000000000000000 ) ;
#5795 = EDGE_LOOP ( 'NONE', ( #1297, #3578, #8096, #8366, #5397, #5335, #7244, #1875, #6480, #1658, #2310, #7827 ) ) ;
#5796 = DIRECTION ( 'NONE',  ( -2.016181479920678149E-15, 1.000000000000000000, 0.000000000000000000 ) ) ;
#5797 = FACE_OUTER_BOUND ( 'NONE', #7808, .T. ) ;
#5798 = CARTESIAN_POINT ( 'NONE',  ( 3.749992964849198085, 1.582550057698988821, 3.379999999999999449 ) ) ;
#5799 = VECTOR ( 'NONE', #3524, 1000.000000000000000 ) ;
#5800 = SURFACE_STYLE_FILL_AREA ( #6362 ) ;
#5801 = ORIENTED_EDGE ( 'NONE', *, *, #2000, .T. ) ;
#5802 = ADVANCED_FACE ( 'NONE', ( #1082 ), #1688, .F. ) ;
#5803 = ORIENTED_EDGE ( 'NONE', *, *, #8284, .T. ) ;
#5804 = ORIENTED_EDGE ( 'NONE', *, *, #2536, .T. ) ;
#5805 = DIRECTION ( 'NONE',  ( 2.016181479920678149E-15, -1.000000000000000000, 0.000000000000000000 ) ) ;
#5806 = CARTESIAN_POINT ( 'NONE',  ( -3.943579639192182018, 1.292449942301011845, 2.969999999999999751 ) ) ;
#5807 = CARTESIAN_POINT ( 'NONE',  ( 3.943579639192182018, 1.582550057698989043, -2.970000000000000639 ) ) ;
#5808 = LINE ( 'NONE', #3904, #386 ) ;
#5809 = AXIS2_PLACEMENT_3D ( 'NONE', #5593, #945, #7393 ) ;
#5810 = ORIENTED_EDGE ( 'NONE', *, *, #7140, .F. ) ;
#5811 = DIRECTION ( 'NONE',  ( -0.9625750189617818808, 0.2710153738641505328, 0.000000000000000000 ) ) ;
#5812 = ADVANCED_FACE ( 'NONE', ( #481 ), #5648, .F. ) ;
#5813 = ORIENTED_EDGE ( 'NONE', *, *, #3494, .F. ) ;
#5814 = VERTEX_POINT ( 'NONE', #4950 ) ;
#5815 = VECTOR ( 'NONE', #8455, 1000.000000000000000 ) ;
#5816 = CARTESIAN_POINT ( 'NONE',  ( -3.634753883400412278, 2.185489192905979206, -4.928687866222428937 ) ) ;
#5817 = DIRECTION ( 'NONE',  ( -0.000000000000000000, -0.000000000000000000, -1.000000000000000000 ) ) ;
#5818 = ORIENTED_EDGE ( 'NONE', *, *, #2387, .T. ) ;
#5819 = LINE ( 'NONE', #8445, #3420 ) ;
#5820 = EDGE_LOOP ( 'NONE', ( #5936, #7850, #1294, #2116 ) ) ;
#5821 = UNCERTAINTY_MEASURE_WITH_UNIT (LENGTH_MEASURE( 1.000000000000000082E-05 ), #1516, 'distance_accuracy_value', 'NONE');
#5822 = CARTESIAN_POINT ( 'NONE',  ( -4.594243124080021445, 0.3286215912326184152, -4.240000000000001101 ) ) ;
#5823 = VERTEX_POINT ( 'NONE', #5030 ) ;
#5824 = ADVANCED_FACE ( 'NONE', ( #354 ), #7693, .F. ) ;
#5825 = EDGE_CURVE ( 'NONE', #7708, #1388, #4315, .T. ) ;
#5826 = ORIENTED_EDGE ( 'NONE', *, *, #4106, .T. ) ;
#5827 = LINE ( 'NONE', #6515, #7888 ) ;
#5828 = VECTOR ( 'NONE', #4525, 1000.000000000000000 ) ;
#5829 = LINE ( 'NONE', #6474, #3877 ) ;
#5830 = CARTESIAN_POINT ( 'NONE',  ( 3.599999999999999201, 1.582499999999972928, 5.150000000000000355 ) ) ;
#5831 = CYLINDRICAL_SURFACE ( 'NONE', #5366, 0.07500000000000041356 ) ;
#5832 = ORIENTED_EDGE ( 'NONE', *, *, #4274, .T. ) ;
#5833 = CARTESIAN_POINT ( 'NONE',  ( 4.594243124080021445, 0.3286215912326184152, -2.970000000000000639 ) ) ;
#5834 = ORIENTED_EDGE ( 'NONE', *, *, #3747, .T. ) ;
#5835 = CARTESIAN_POINT ( 'NONE',  ( 3.943579639192182018, 1.582550057698989043, 1.700000000000000178 ) ) ;
#5836 = EDGE_LOOP ( 'NONE', ( #6344, #1509, #7961, #7333 ) ) ;
#5837 = EDGE_CURVE ( 'NONE', #4268, #2362, #7014, .T. ) ;
#5838 = AXIS2_PLACEMENT_3D ( 'NONE', #4871, #7374, #2782 ) ;
#5839 = DIRECTION ( 'NONE',  ( -0.000000000000000000, -0.000000000000000000, -1.000000000000000000 ) ) ;
#5840 = ORIENTED_EDGE ( 'NONE', *, *, #4201, .T. ) ;
#5841 = LINE ( 'NONE', #697, #1178 ) ;
#5842 = EDGE_CURVE ( 'NONE', #4475, #5059, #5165, .T. ) ;
#5843 = DIRECTION ( 'NONE',  ( 1.000000000000000000, 1.120120665500548440E-15, 0.000000000000000000 ) ) ;
#5844 = DIRECTION ( 'NONE',  ( -0.000000000000000000, -0.000000000000000000, -1.000000000000000000 ) ) ;
#5845 = AXIS2_PLACEMENT_3D ( 'NONE', #5398, #7840, #8018 ) ;
#5846 = VERTEX_POINT ( 'NONE', #5888 ) ;
#5847 = AXIS2_PLACEMENT_3D ( 'NONE', #3513, #3422, #185 ) ;
#5848 = ORIENTED_EDGE ( 'NONE', *, *, #2920, .T. ) ;
#5849 = ORIENTED_EDGE ( 'NONE', *, *, #8343, .T. ) ;
#5850 = AXIS2_PLACEMENT_3D ( 'NONE', #1047, #3125, #3776 ) ;
#5851 = CARTESIAN_POINT ( 'NONE',  ( 4.522049997657887843, 0.3082954381928066367, -4.240000000000001101 ) ) ;
#5852 = VECTOR ( 'NONE', #5486, 1000.000000000000227 ) ;
#5853 = LINE ( 'NONE', #3251, #3298 ) ;
#5854 = CARTESIAN_POINT ( 'NONE',  ( -5.150000000000000355, 0.2145761423277614266, -0.4300000000000007150 ) ) ;
#5855 = PLANE ( 'NONE',  #2881 ) ;
#5856 = ORIENTED_EDGE ( 'NONE', *, *, #7926, .T. ) ;
#5857 = ORIENTED_EDGE ( 'NONE', *, *, #3336, .F. ) ;
#5858 = ORIENTED_EDGE ( 'NONE', *, *, #8504, .F. ) ;
#5859 = LINE ( 'NONE', #623, #286 ) ;
#5860 = CARTESIAN_POINT ( 'NONE',  ( 3.469579648282761219, 2.649999999999999911, 4.869579648282763351 ) ) ;
#5861 = DIRECTION ( 'NONE',  ( 0.9625750189617818808, -0.2710153738641505328, 0.000000000000000000 ) ) ;
#5862 = VERTEX_POINT ( 'NONE', #1503 ) ;
#5863 = DIRECTION ( 'NONE',  ( 0.06975647374412763391, -0.9975640502598240866, 0.000000000000000000 ) ) ;
#5864 = ADVANCED_FACE ( 'NONE', ( #3338 ), #4153, .F. ) ;
#5865 = DIRECTION ( 'NONE',  ( 0.9975640502598241977, 0.06975647374412528856, 0.000000000000000000 ) ) ;
#5866 = ORIENTED_EDGE ( 'NONE', *, *, #7648, .F. ) ;
#5867 = ORIENTED_EDGE ( 'NONE', *, *, #1373, .T. ) ;
#5868 = CARTESIAN_POINT ( 'NONE',  ( 4.315000000000000391, 0.2500000000000000000, 2.109999999999999876 ) ) ;
#5869 = CARTESIAN_POINT ( 'NONE',  ( -3.573679867968970747, 2.055307139125464921, 5.083551290014054480 ) ) ;
#5870 = DIRECTION ( 'NONE',  ( -1.000000000000000000, 0.000000000000000000, 0.000000000000000000 ) ) ;
#5871 = CARTESIAN_POINT ( 'NONE',  ( 4.594243124080021445, 0.3286215912326184152, 4.649999999999999467 ) ) ;
#5872 = EDGE_CURVE ( 'NONE', #5338, #1826, #579, .T. ) ;
#5873 = ORIENTED_EDGE ( 'NONE', *, *, #236, .T. ) ;
#5874 = FACE_OUTER_BOUND ( 'NONE', #2558, .T. ) ;
#5875 = EDGE_CURVE ( 'NONE', #4490, #4000, #1680, .T. ) ;
#5876 = DIRECTION ( 'NONE',  ( 1.000000000000000000, 0.000000000000000000, 0.000000000000000000 ) ) ;
#5877 = CARTESIAN_POINT ( 'NONE',  ( 4.594243124080021445, 0.3286215912326184152, -0.8400000000000005240 ) ) ;
#5878 = EDGE_LOOP ( 'NONE', ( #6478, #7869, #1761, #5756 ) ) ;
#5879 = EDGE_CURVE ( 'NONE', #2522, #6174, #6786, .T. ) ;
#5880 = CARTESIAN_POINT ( 'NONE',  ( -2.636643502869150169, 2.600000000000000089, -4.369579648282762463 ) ) ;
#5881 = PLANE ( 'NONE',  #3493 ) ;
#5882 = EDGE_CURVE ( 'NONE', #8052, #4684, #3250, .T. ) ;
#5883 = CARTESIAN_POINT ( 'NONE',  ( -5.150000000000000355, 0.2145761423277614266, 2.109999999999999876 ) ) ;
#5884 = CYLINDRICAL_SURFACE ( 'NONE', #7967, 0.2901001153979782532 ) ;
#5885 = DIRECTION ( 'NONE',  ( 0.9975640502598241977, 0.06975647374412764778, -0.000000000000000000 ) ) ;
#5886 = ORIENTED_EDGE ( 'NONE', *, *, #3303, .T. ) ;
#5887 = VERTEX_POINT ( 'NONE', #5851 ) ;
#5888 = CARTESIAN_POINT ( 'NONE',  ( 3.749992964849197641, 1.367449942301012022, -0.8400000000000005240 ) ) ;
#5889 = LINE ( 'NONE', #5194, #2597 ) ;
#5890 = DIRECTION ( 'NONE',  ( -1.000000000000000000, 0.000000000000000000, 0.000000000000000000 ) ) ;
#5891 = ORIENTED_EDGE ( 'NONE', *, *, #4936, .T. ) ;
#5892 = CIRCLE ( 'NONE', #234, 0.2901001153979760883 ) ;
#5893 = DIRECTION ( 'NONE',  ( -0.000000000000000000, -0.000000000000000000, -1.000000000000000000 ) ) ;
#5894 = EDGE_LOOP ( 'NONE', ( #8305, #2090, #1762, #3134 ) ) ;
#5895 = DIRECTION ( 'NONE',  ( -1.000000000000000000, 0.000000000000000000, 0.000000000000000000 ) ) ;
#5896 = EDGE_CURVE ( 'NONE', #2035, #7837, #2592, .T. ) ;
#5897 = ORIENTED_EDGE ( 'NONE', *, *, #3361, .T. ) ;
#5898 = EDGE_LOOP ( 'NONE', ( #6892, #5993, #4432, #7003 ) ) ;
#5899 = DIRECTION ( 'NONE',  ( -0.000000000000000000, 0.000000000000000000, -1.000000000000000000 ) ) ;
#5900 = CARTESIAN_POINT ( 'NONE',  ( -3.599972658955197691, 0.2999999999999999889, 4.869579648282763351 ) ) ;
#5901 = AXIS2_PLACEMENT_3D ( 'NONE', #2619, #4624, #592 ) ;
#5902 = DIRECTION ( 'NONE',  ( -1.000000000000000000, 0.000000000000000000, 0.000000000000000000 ) ) ;
#5903 = ORIENTED_EDGE ( 'NONE', *, *, #6842, .T. ) ;
#5904 = CARTESIAN_POINT ( 'NONE',  ( 3.469579648282762108, 2.499999999999999556, -4.869579648282763351 ) ) ;
#5905 = ORIENTED_EDGE ( 'NONE', *, *, #2408, .T. ) ;
#5906 = CARTESIAN_POINT ( 'NONE',  ( -4.315000000000000391, 0.2499999999999998890, 0.4299999999999998268 ) ) ;
#5907 = ORIENTED_EDGE ( 'NONE', *, *, #4626, .T. ) ;
#5908 = CIRCLE ( 'NONE', #7009, 0.2901001153979760883 ) ;
#5909 = AXIS2_PLACEMENT_3D ( 'NONE', #4310, #1821, #2348 ) ;
#5910 = ORIENTED_EDGE ( 'NONE', *, *, #4235, .T. ) ;
#5911 = CARTESIAN_POINT ( 'NONE',  ( 5.134995374447882455, 0.000000000000000000, 4.649999999999999467 ) ) ;
#5912 = ADVANCED_FACE ( 'NONE', ( #3991 ), #858, .T. ) ;
#5913 = CARTESIAN_POINT ( 'NONE',  ( 3.749992964849198085, 1.582550057698988821, 4.649999999999999467 ) ) ;
#5914 = DIRECTION ( 'NONE',  ( 2.016181479920678149E-15, 1.000000000000000000, 0.000000000000000000 ) ) ;
#5915 = CARTESIAN_POINT ( 'NONE',  ( -4.522049997657885179, 0.3082954381928062482, -0.4300000000000007150 ) ) ;
#5916 = ORIENTED_EDGE ( 'NONE', *, *, #3715, .F. ) ;
#5917 = AXIS2_PLACEMENT_3D ( 'NONE', #2617, #7342, #7897 ) ;
#5918 = CARTESIAN_POINT ( 'NONE',  ( 4.589011388549212533, 0.2538042874631317170, -4.240000000000001101 ) ) ;
#5919 = CIRCLE ( 'NONE', #3427, 0.07500000000000300870 ) ;
#5920 = ORIENTED_EDGE ( 'NONE', *, *, #644, .T. ) ;
#5921 = CARTESIAN_POINT ( 'NONE',  ( 3.943579639192182018, 1.582550057698989043, 0.4299999999999998268 ) ) ;
#5922 = ORIENTED_EDGE ( 'NONE', *, *, #7700, .F. ) ;
#5923 = DIRECTION ( 'NONE',  ( -0.9625750189617818808, 0.2710153738641505328, 0.000000000000000000 ) ) ;
#5924 = EDGE_CURVE ( 'NONE', #2411, #6234, #7184, .T. ) ;
#5925 = COLOUR_RGB ( '',0.8000000000000000444, 0.8078431372549019773, 0.8000000000000000444 ) ;
#5926 = EDGE_CURVE ( 'NONE', #2645, #3779, #7956, .T. ) ;
#5927 = AXIS2_PLACEMENT_3D ( 'NONE', #8390, #4467, #2458 ) ;
#5928 = CARTESIAN_POINT ( 'NONE',  ( -3.749992964849198085, 1.582550057698988821, -4.650000000000000355 ) ) ;
#5929 = DIRECTION ( 'NONE',  ( 0.000000000000000000, 0.000000000000000000, 1.000000000000000000 ) ) ;
#5930 = CARTESIAN_POINT ( 'NONE',  ( -3.943579639192182018, 1.292449942301011845, 4.240000000000000213 ) ) ;
#5931 = CARTESIAN_POINT ( 'NONE',  ( 5.150000000000000355, 0.2145761423277614266, -4.240000000000001101 ) ) ;
#5932 = VECTOR ( 'NONE', #7914, 1000.000000000000000 ) ;
#5933 = VERTEX_POINT ( 'NONE', #8430 ) ;
#5934 = EDGE_CURVE ( 'NONE', #6170, #4750, #1848, .T. ) ;
#5935 = EDGE_CURVE ( 'NONE', #7670, #8052, #6752, .T. ) ;
#5936 = ORIENTED_EDGE ( 'NONE', *, *, #8411, .T. ) ;
#5937 = CIRCLE ( 'NONE', #8140, 0.07500000000000128786 ) ;
#5938 = DIRECTION ( 'NONE',  ( 1.000000000000000000, 1.120120665500546074E-15, 0.000000000000000000 ) ) ;
#5939 = VERTEX_POINT ( 'NONE', #5243 ) ;
#5940 = LINE ( 'NONE', #659, #756 ) ;
#5941 = DIRECTION ( 'NONE',  ( 0.000000000000000000, 0.000000000000000000, 1.000000000000000000 ) ) ;
#5942 = VERTEX_POINT ( 'NONE', #611 ) ;
#5943 = ORIENTED_EDGE ( 'NONE', *, *, #2315, .F. ) ;
#5944 = EDGE_CURVE ( 'NONE', #4463, #7023, #3162, .T. ) ;
#5945 = VERTEX_POINT ( 'NONE', #562 ) ;
#5946 = ORIENTED_EDGE ( 'NONE', *, *, #3960, .F. ) ;
#5947 = FACE_OUTER_BOUND ( 'NONE', #2165, .T. ) ;
#5948 = CARTESIAN_POINT ( 'NONE',  ( 3.599999999999999201, 1.367500000000028360, 5.150000000000000355 ) ) ;
#5949 = VECTOR ( 'NONE', #5899, 1000.000000000000000 ) ;
#5950 = ADVANCED_FACE ( 'NONE', ( #3207 ), #8473, .F. ) ;
#5951 = CARTESIAN_POINT ( 'NONE',  ( 3.469579648282761219, 2.500000000000000000, 4.869579648282763351 ) ) ;
#5952 = EDGE_LOOP ( 'NONE', ( #6274, #6942, #499, #4989, #4138, #55, #8285, #3949, #5801, #5287, #6860, #7235 ) ) ;
#5953 = PLANE ( 'NONE',  #7978 ) ;
#5954 = EDGE_LOOP ( 'NONE', ( #2891, #2185, #35, #5394 ) ) ;
#5955 = CARTESIAN_POINT ( 'NONE',  ( 4.222822763272201740, 1.371071533533629649, 0.4299999999999998268 ) ) ;
#5956 = ORIENTED_EDGE ( 'NONE', *, *, #1895, .T. ) ;
#5957 = AXIS2_PLACEMENT_3D ( 'NONE', #8331, #6270, #7673 ) ;
#5958 = ORIENTED_EDGE ( 'NONE', *, *, #2486, .F. ) ;
#5959 = CYLINDRICAL_SURFACE ( 'NONE', #6659, 0.07500000000000041356 ) ;
#5960 = DIRECTION ( 'NONE',  ( -0.000000000000000000, 0.000000000000000000, -1.000000000000000000 ) ) ;
#5961 = DIRECTION ( 'NONE',  ( -0.000000000000000000, -0.000000000000000000, -1.000000000000000000 ) ) ;
#5962 = DIRECTION ( 'NONE',  ( -0.2710153738641504773, -0.9625750189617817698, 0.000000000000000000 ) ) ;
#5963 = CLOSED_SHELL ( 'NONE', ( #785, #5729, #4728, #796, #118, #3758, #4985, #5022, #5711, #3202, #2864, #6365, #5282, #8450 ) ) ;
#5964 = EDGE_LOOP ( 'NONE', ( #1795, #1080, #3205, #2707 ) ) ;
#5965 = CARTESIAN_POINT ( 'NONE',  ( 4.594243124080021445, 0.3286215912326184152, 4.240000000000000213 ) ) ;
#5966 = ORIENTED_EDGE ( 'NONE', *, *, #2490, .T. ) ;
#5967 = VERTEX_POINT ( 'NONE', #3898 ) ;
#5968 = LINE ( 'NONE', #1318, #4957 ) ;
#5969 = CARTESIAN_POINT ( 'NONE',  ( -4.222822763272206181, 1.371071533533628317, -2.970000000000000639 ) ) ;
#5970 = VECTOR ( 'NONE', #6648, 1000.000000000000000 ) ;
#5971 = CARTESIAN_POINT ( 'NONE',  ( -4.594243124080021445, 0.3286215912326184152, 4.649999999999999467 ) ) ;
#5972 = CARTESIAN_POINT ( 'NONE',  ( 3.385851378539207257, 3.116633560584933793, 4.934391588850442822 ) ) ;
#5973 = CARTESIAN_POINT ( 'NONE',  ( 3.749992964849197641, 1.367449942301012022, 0.8399999999999996358 ) ) ;
#5974 = DIRECTION ( 'NONE',  ( -0.9975640502598241977, 0.06975647374412764778, 0.000000000000000000 ) ) ;
#5975 = CARTESIAN_POINT ( 'NONE',  ( -4.574006762997095521, 0.03922814513537028341, -2.110000000000000320 ) ) ;
#5976 = EDGE_CURVE ( 'NONE', #6384, #4198, #6209, .T. ) ;
#5977 = AXIS2_PLACEMENT_3D ( 'NONE', #1159, #2336, #3083 ) ;
#5978 = ORIENTED_EDGE ( 'NONE', *, *, #2967, .T. ) ;
#5979 = ORIENTED_EDGE ( 'NONE', *, *, #5760, .T. ) ;
#5980 = DIRECTION ( 'NONE',  ( -0.000000000000000000, -0.000000000000000000, -1.000000000000000000 ) ) ;
#5981 = AXIS2_PLACEMENT_3D ( 'NONE', #4139, #204, #3488 ) ;
#5982 = PRODUCT_RELATED_PRODUCT_CATEGORY ( 'part', '', ( #4995 ) ) ;
#5983 = LINE ( 'NONE', #2027, #6748 ) ;
#5984 = DIRECTION ( 'NONE',  ( 1.120120665500548440E-15, -1.000000000000000000, 0.000000000000000000 ) ) ;
#5985 = EDGE_CURVE ( 'NONE', #8470, #2906, #2633, .T. ) ;
#5986 = CARTESIAN_POINT ( 'NONE',  ( -4.589011388549212533, 0.2538042874631317170, -2.970000000000000639 ) ) ;
#5987 = EDGE_CURVE ( 'NONE', #7702, #4680, #2849, .T. ) ;
#5988 = ORIENTED_EDGE ( 'NONE', *, *, #4304, .T. ) ;
#5989 = VERTEX_POINT ( 'NONE', #8245 ) ;
#5990 = ORIENTED_EDGE ( 'NONE', *, *, #1409, .T. ) ;
#5991 = LINE ( 'NONE', #8523, #1012 ) ;
#5992 = VECTOR ( 'NONE', #2965, 1000.000000000000000 ) ;
#5993 = ORIENTED_EDGE ( 'NONE', *, *, #8089, .F. ) ;
#5994 = VERTEX_POINT ( 'NONE', #2942 ) ;
#5995 = AXIS2_PLACEMENT_3D ( 'NONE', #7533, #6704, #1598 ) ;
#5996 = CARTESIAN_POINT ( 'NONE',  ( -3.749992964849198085, 1.582550057698988821, -3.380000000000000338 ) ) ;
#5997 = ADVANCED_FACE ( 'NONE', ( #6829 ), #8165, .T. ) ;
#5998 = CYLINDRICAL_SURFACE ( 'NONE', #3596, 0.2901001153979782532 ) ;
#5999 = VECTOR ( 'NONE', #1434, 1000.000000000000000 ) ;
#6000 = EDGE_CURVE ( 'NONE', #4642, #6845, #1671, .T. ) ;
#6001 = CARTESIAN_POINT ( 'NONE',  ( 3.601452754537960654, 1.582550057698995039, -5.149992964849196220 ) ) ;
#6002 = EDGE_LOOP ( 'NONE', ( #7278, #5328, #8357, #6587 ) ) ;
#6003 = DIRECTION ( 'NONE',  ( 1.000000000000000000, 7.228014483236697541E-16, 0.000000000000000000 ) ) ;
#6004 = VECTOR ( 'NONE', #882, 1000.000000000000000 ) ;
#6005 = DIRECTION ( 'NONE',  ( 0.06975647374412530244, -0.9975640502598243087, 0.000000000000000000 ) ) ;
#6006 = ORIENTED_EDGE ( 'NONE', *, *, #6502, .F. ) ;
#6007 = ORIENTED_EDGE ( 'NONE', *, *, #8151, .T. ) ;
#6008 = DIRECTION ( 'NONE',  ( -0.000000000000000000, -0.000000000000000000, -1.000000000000000000 ) ) ;
#6009 = EDGE_CURVE ( 'NONE', #7183, #2396, #943, .T. ) ;
#6010 = VECTOR ( 'NONE', #5687, 1000.000000000000114 ) ;
#6011 = DIRECTION ( 'NONE',  ( 1.000000000000000000, -0.000000000000000000, -5.839238655789068420E-15 ) ) ;
#6012 = DIRECTION ( 'NONE',  ( -2.016181479920678149E-15, -1.000000000000000000, -0.000000000000000000 ) ) ;
#6013 = EDGE_LOOP ( 'NONE', ( #6836, #6015, #7965, #3642, #3008, #6629 ) ) ;
#6014 = DIRECTION ( 'NONE',  ( -0.000000000000000000, 0.000000000000000000, -1.000000000000000000 ) ) ;
#6015 = ORIENTED_EDGE ( 'NONE', *, *, #5597, .T. ) ;
#6016 = ORIENTED_EDGE ( 'NONE', *, *, #4710, .F. ) ;
#6017 = DIRECTION ( 'NONE',  ( 0.000000000000000000, 0.000000000000000000, 1.000000000000000000 ) ) ;
#6018 = CARTESIAN_POINT ( 'NONE',  ( 5.134995374447882455, 0.000000000000000000, -2.110000000000000320 ) ) ;
#6019 = EDGE_CURVE ( 'NONE', #4843, #8470, #7599, .T. ) ;
#6020 = CARTESIAN_POINT ( 'NONE',  ( -5.150000000000000355, 0.2145761423277614266, -1.700000000000000622 ) ) ;
#6021 = DIRECTION ( 'NONE',  ( 0.000000000000000000, 1.000000000000000000, 0.000000000000000000 ) ) ;
#6022 = CARTESIAN_POINT ( 'NONE',  ( -3.385851378539208145, -0.1666335605849333656, 4.934391588850442822 ) ) ;
#6023 = CARTESIAN_POINT ( 'NONE',  ( -3.749992964849198085, 1.582550057698988821, -4.650000000000000355 ) ) ;
#6024 = VERTEX_POINT ( 'NONE', #8207 ) ;
#6025 = ORIENTED_EDGE ( 'NONE', *, *, #5985, .F. ) ;
#6026 = EDGE_CURVE ( 'NONE', #908, #964, #2751, .T. ) ;
#6027 = DIRECTION ( 'NONE',  ( -0.000000000000000000, -0.000000000000000000, -1.000000000000000000 ) ) ;
#6028 = LINE ( 'NONE', #2727, #4822 ) ;
#6029 = SURFACE_STYLE_USAGE ( .BOTH. , #4594 ) ;
#6030 = CARTESIAN_POINT ( 'NONE',  ( 3.749992964849198085, 1.582550057698988821, -0.4300000000000007150 ) ) ;
#6031 = ORIENTED_EDGE ( 'NONE', *, *, #4348, .T. ) ;
#6032 = ORIENTED_EDGE ( 'NONE', *, *, #2293, .T. ) ;
#6033 = DIRECTION ( 'NONE',  ( 1.000000000000000000, 2.891205793294679411E-15, -1.671814187836143479E-29 ) ) ;
#6034 = ORIENTED_EDGE ( 'NONE', *, *, #5361, .F. ) ;
#6035 = VERTEX_POINT ( 'NONE', #4194 ) ;
#6036 = EDGE_CURVE ( 'NONE', #7527, #6363, #2277, .T. ) ;
#6037 = EDGE_CURVE ( 'NONE', #892, #5252, #5627, .T. ) ;
#6038 = CARTESIAN_POINT ( 'NONE',  ( 3.749992964849197641, 1.367449942301012022, 3.379999999999999449 ) ) ;
#6039 = VECTOR ( 'NONE', #3045, 1000.000000000000000 ) ;
#6040 = CARTESIAN_POINT ( 'NONE',  ( -3.943579639192182018, 1.582550057698989043, -0.8400000000000005240 ) ) ;
#6041 = FACE_OUTER_BOUND ( 'NONE', #1445, .T. ) ;
#6042 = VERTEX_POINT ( 'NONE', #3541 ) ;
#6043 = CARTESIAN_POINT ( 'NONE',  ( -4.589011388549212533, 0.2538042874631317170, -1.700000000000000622 ) ) ;
#6044 = VERTEX_POINT ( 'NONE', #7640 ) ;
#6045 = DIRECTION ( 'NONE',  ( -0.9975640502598241977, 0.06975647374412528856, -0.000000000000000000 ) ) ;
#6046 = ORIENTED_EDGE ( 'NONE', *, *, #8074, .T. ) ;
#6047 = EDGE_CURVE ( 'NONE', #2206, #1134, #1632, .T. ) ;
#6048 = AXIS2_PLACEMENT_3D ( 'NONE', #2166, #3798, #3759 ) ;
#6049 = EDGE_LOOP ( 'NONE', ( #887, #3631, #2455, #5178 ) ) ;
#6050 = CYLINDRICAL_SURFACE ( 'NONE', #3339, 0.1499999999999999667 ) ;
#6051 = AXIS2_PLACEMENT_3D ( 'NONE', #6962, #1032, #381 ) ;
#6052 = CARTESIAN_POINT ( 'NONE',  ( -4.594243124080021445, 0.3286215912326184152, 0.8399999999999996358 ) ) ;
#6053 = LINE ( 'NONE', #7427, #6191 ) ;
#6054 = ORIENTED_EDGE ( 'NONE', *, *, #6796, .T. ) ;
#6055 = DIRECTION ( 'NONE',  ( 0.000000000000000000, 0.000000000000000000, -1.000000000000000000 ) ) ;
#6056 = VERTEX_POINT ( 'NONE', #4358 ) ;
#6057 = EDGE_LOOP ( 'NONE', ( #5910, #4004, #8533, #3055 ) ) ;
#6058 = PLANE ( 'NONE',  #6459 ) ;
#6059 = AXIS2_PLACEMENT_3D ( 'NONE', #7266, #5974, #51 ) ;
#6060 = CARTESIAN_POINT ( 'NONE',  ( -3.749992964849197641, 1.367449942301012022, -1.700000000000000622 ) ) ;
#6061 = DIRECTION ( 'NONE',  ( -0.000000000000000000, -0.000000000000000000, -1.000000000000000000 ) ) ;
#6062 = VECTOR ( 'NONE', #7364, 1000.000000000000000 ) ;
#6063 =( NAMED_UNIT ( * ) PLANE_ANGLE_UNIT ( ) SI_UNIT ( $, .RADIAN. ) );
#6064 = SPHERICAL_SURFACE ( 'NONE', #5308, 0.1499999999999999944 ) ;
#6065 = LINE ( 'NONE', #6022, #2873 ) ;
#6066 = EDGE_CURVE ( 'NONE', #4990, #4738, #3996, .T. ) ;
#6067 = VECTOR ( 'NONE', #7320, 1000.000000000000000 ) ;
#6068 = VECTOR ( 'NONE', #1084, 1000.000000000000000 ) ;
#6069 = VERTEX_POINT ( 'NONE', #3628 ) ;
#6070 = CARTESIAN_POINT ( 'NONE',  ( -5.134995374447882455, 0.000000000000000000, -0.4300000000000007150 ) ) ;
#6071 = DIRECTION ( 'NONE',  ( -0.000000000000000000, 0.000000000000000000, -1.000000000000000000 ) ) ;
#6072 = AXIS2_PLACEMENT_3D ( 'NONE', #4929, #4848, #6227 ) ;
#6073 = SURFACE_STYLE_FILL_AREA ( #1984 ) ;
#6074 = DIRECTION ( 'NONE',  ( 0.2710153738641504773, -0.9625750189617817698, -0.000000000000000000 ) ) ;
#6075 = VERTEX_POINT ( 'NONE', #8290 ) ;
#6076 = ORIENTED_EDGE ( 'NONE', *, *, #2834, .F. ) ;
#6077 = ORIENTED_EDGE ( 'NONE', *, *, #7405, .F. ) ;
#6078 = FACE_OUTER_BOUND ( 'NONE', #7494, .T. ) ;
#6079 = EDGE_CURVE ( 'NONE', #6223, #4136, #6148, .T. ) ;
#6080 = ORIENTED_EDGE ( 'NONE', *, *, #6462, .T. ) ;
#6081 = ORIENTED_EDGE ( 'NONE', *, *, #1529, .T. ) ;
#6082 = LINE ( 'NONE', #2038, #4853 ) ;
#6083 = CARTESIAN_POINT ( 'NONE',  ( 3.749992964849196309, 1.582550057698988821, -5.001452754537961454 ) ) ;
#6084 = CARTESIAN_POINT ( 'NONE',  ( 3.599972658955195914, 0.4291240348559907658, 5.018119858593998117 ) ) ;
#6085 = CARTESIAN_POINT ( 'NONE',  ( 3.749992964849196309, 1.582550057698988821, -5.001452754537961454 ) ) ;
#6086 = EDGE_LOOP ( 'NONE', ( #506, #2721, #6779, #4555 ) ) ;
#6087 = CARTESIAN_POINT ( 'NONE',  ( 0.000000000000000000, 2.649999999999999911, 0.000000000000000000 ) ) ;
#6088 = ORIENTED_EDGE ( 'NONE', *, *, #6781, .F. ) ;
#6089 = CARTESIAN_POINT ( 'NONE',  ( -5.134995374447882455, 0.000000000000000000, 4.649999999999999467 ) ) ;
#6090 = EDGE_CURVE ( 'NONE', #757, #4537, #4407, .T. ) ;
#6091 = ORIENTED_EDGE ( 'NONE', *, *, #2976, .F. ) ;
#6092 = EDGE_LOOP ( 'NONE', ( #5334, #6076, #1126, #2402 ) ) ;
#6093 = CARTESIAN_POINT ( 'NONE',  ( -3.528687866222430358, 2.100299140872004866, 5.077228076533665480 ) ) ;
#6094 = DIRECTION ( 'NONE',  ( -1.000000000000000000, 0.000000000000000000, 0.000000000000000000 ) ) ;
#6095 = CARTESIAN_POINT ( 'NONE',  ( -3.750000000000000888, -12.74127152210484937, -5.150000000000000355 ) ) ;
#6096 = VERTEX_POINT ( 'NONE', #217 ) ;
#6097 = CARTESIAN_POINT ( 'NONE',  ( -3.749992964849198085, 1.582550057698988821, 0.8399999999999996358 ) ) ;
#6098 = VERTEX_POINT ( 'NONE', #8121 ) ;
#6099 = ORIENTED_EDGE ( 'NONE', *, *, #6729, .F. ) ;
#6100 = EDGE_CURVE ( 'NONE', #8436, #4842, #2193, .T. ) ;
#6101 = CARTESIAN_POINT ( 'NONE',  ( 3.943579639192182018, 1.367449942301011800, -4.240000000000001101 ) ) ;
#6102 = EDGE_CURVE ( 'NONE', #3174, #1388, #1639, .T. ) ;
#6103 = AXIS2_PLACEMENT_3D ( 'NONE', #7833, #1902, #7198 ) ;
#6104 = CARTESIAN_POINT ( 'NONE',  ( -4.522049997657885179, 0.3082954381928062482, 1.700000000000000178 ) ) ;
#6105 = LINE ( 'NONE', #1419, #426 ) ;
#6106 = DIRECTION ( 'NONE',  ( -0.06975647374412545509, 0.9975640502598243087, 0.000000000000000000 ) ) ;
#6107 = DIRECTION ( 'NONE',  ( -0.2710153738641577492, 0.9625750189617798824, -0.000000000000000000 ) ) ;
#6108 = ORIENTED_EDGE ( 'NONE', *, *, #4274, .F. ) ;
#6109 = CARTESIAN_POINT ( 'NONE',  ( 3.749992964849198085, 1.582550057698988821, 0.8399999999999996358 ) ) ;
#6110 = EDGE_CURVE ( 'NONE', #5338, #2632, #2048, .T. ) ;
#6111 = AXIS2_PLACEMENT_3D ( 'NONE', #2939, #6913, #8243 ) ;
#6112 = ORIENTED_EDGE ( 'NONE', *, *, #2093, .F. ) ;
#6113 = EDGE_CURVE ( 'NONE', #5456, #4684, #6477, .T. ) ;
#6114 =( BOUNDED_CURVE ( )  B_SPLINE_CURVE ( 3, ( #6085, #2651, #1441, #6001 ),
 .UNSPECIFIED., .F., .T. ) 
 B_SPLINE_CURVE_WITH_KNOTS ( ( 4, 4 ),
 ( 2.365879671860814160, 3.917305635318769408 ),
 .UNSPECIFIED. ) 
 CURVE ( )  GEOMETRIC_REPRESENTATION_ITEM ( )  RATIONAL_B_SPLINE_CURVE ( ( 1.000000000000000000, 0.8092813118237105474, 0.8092813118237105474, 1.000000000000000000 ) ) 
 REPRESENTATION_ITEM ( '' )  );
#6115 = DIRECTION ( 'NONE',  ( 1.000000000000000000, 0.000000000000000000, 0.000000000000000000 ) ) ;
#6116 = CARTESIAN_POINT ( 'NONE',  ( -3.749992964849198085, 1.582550057698988821, 5.001452754537961454 ) ) ;
#6117 = CARTESIAN_POINT ( 'NONE',  ( -3.943579639192182018, 1.292449942301011845, -4.240000000000001101 ) ) ;
#6118 = CARTESIAN_POINT ( 'NONE',  ( 3.601452754537961098, 1.367449942301012245, 5.149992964849197108 ) ) ;
#6119 = VERTEX_POINT ( 'NONE', #4893 ) ;
#6120 = ORIENTED_EDGE ( 'NONE', *, *, #7935, .T. ) ;
#6121 = DIRECTION ( 'NONE',  ( -0.000000000000000000, -0.000000000000000000, -1.000000000000000000 ) ) ;
#6122 = ORIENTED_EDGE ( 'NONE', *, *, #486, .F. ) ;
#6123 = EDGE_LOOP ( 'NONE', ( #8397, #4702, #1862, #3485 ) ) ;
#6124 = VECTOR ( 'NONE', #1924, 1000.000000000000000 ) ;
#6125 = CARTESIAN_POINT ( 'NONE',  ( 4.522049997657887843, 0.3082954381928066367, 0.4299999999999998268 ) ) ;
#6126 = PLANE ( 'NONE',  #3075 ) ;
#6127 = CARTESIAN_POINT ( 'NONE',  ( -4.594243124080021445, 0.3286215912326184152, 0.8399999999999996358 ) ) ;
#6128 = DIRECTION ( 'NONE',  ( 0.9625750189617818808, 0.2710153738641505328, -0.000000000000000000 ) ) ;
#6129 = ORIENTED_EDGE ( 'NONE', *, *, #4626, .F. ) ;
#6130 = DIRECTION ( 'NONE',  ( -0.000000000000000000, -0.000000000000000000, -1.000000000000000000 ) ) ;
#6131 = AXIS2_PLACEMENT_3D ( 'NONE', #8449, #5170, #4613 ) ;
#6132 = CARTESIAN_POINT ( 'NONE',  ( -5.134995374447882455, 0.000000000000000000, 1.700000000000000178 ) ) ;
#6133 = CIRCLE ( 'NONE', #2805, 0.1499999999999999667 ) ;
#6134 = VERTEX_POINT ( 'NONE', #7523 ) ;
#6135 = CARTESIAN_POINT ( 'NONE',  ( -3.943579639192182018, 1.292449942301011845, 4.649999999999999467 ) ) ;
#6136 = VECTOR ( 'NONE', #3908, 1000.000000000000000 ) ;
#6137 = CARTESIAN_POINT ( 'NONE',  ( -3.749992964849197641, 1.367449942301012022, -1.700000000000000622 ) ) ;
#6138 = ADVANCED_FACE ( 'NONE', ( #1587 ), #1744, .F. ) ;
#6139 = VECTOR ( 'NONE', #1611, 1000.000000000000000 ) ;
#6140 = ORIENTED_EDGE ( 'NONE', *, *, #4380, .T. ) ;
#6141 = CARTESIAN_POINT ( 'NONE',  ( 3.469579648282761664, 0.4500000000000000666, 4.869579648282762463 ) ) ;
#6142 = ORIENTED_EDGE ( 'NONE', *, *, #3291, .F. ) ;
#6143 = ORIENTED_EDGE ( 'NONE', *, *, #6544, .T. ) ;
#6144 = FACE_OUTER_BOUND ( 'NONE', #7149, .T. ) ;
#6145 = DIRECTION ( 'NONE',  ( -0.2710153738641504773, 0.9625750189617817698, 0.000000000000000000 ) ) ;
#6146 = EDGE_CURVE ( 'NONE', #6542, #3297, #3027, .T. ) ;
#6147 = DIRECTION ( 'NONE',  ( -0.000000000000000000, -0.000000000000000000, -1.000000000000000000 ) ) ;
#6148 = LINE ( 'NONE', #6271, #8542 ) ;
#6149 = EDGE_CURVE ( 'NONE', #4422, #7708, #4442, .T. ) ;
#6150 = FACE_OUTER_BOUND ( 'NONE', #2255, .T. ) ;
#6151 = LINE ( 'NONE', #2766, #1425 ) ;
#6152 = ORIENTED_EDGE ( 'NONE', *, *, #6405, .F. ) ;
#6153 = DIRECTION ( 'NONE',  ( 1.000000000000000000, 1.120120665500548440E-15, 0.000000000000000000 ) ) ;
#6154 = ADVANCED_FACE ( 'NONE', ( #6390 ), #8332, .T. ) ;
#6155 = VERTEX_POINT ( 'NONE', #5830 ) ;
#6156 = EDGE_CURVE ( 'NONE', #4023, #8125, #2436, .T. ) ;
#6157 = CARTESIAN_POINT ( 'NONE',  ( 3.507790025727649752, 3.305913517396946055, 4.759249815416415785 ) ) ;
#6158 = LINE ( 'NONE', #8174, #4262 ) ;
#6159 = FILL_AREA_STYLE_COLOUR ( '', #2959 ) ;
#6160 = ORIENTED_EDGE ( 'NONE', *, *, #2693, .T. ) ;
#6161 = DIRECTION ( 'NONE',  ( -0.000000000000000000, 0.000000000000000000, 1.000000000000000000 ) ) ;
#6162 = DIRECTION ( 'NONE',  ( -1.000000000000000000, 0.000000000000000000, 0.000000000000000000 ) ) ;
#6163 = DIRECTION ( 'NONE',  ( 0.9975640502598241977, 0.06975647374412544122, 0.000000000000000000 ) ) ;
#6164 = CARTESIAN_POINT ( 'NONE',  ( 4.594243124080021445, 0.3286215912326184152, -1.700000000000000622 ) ) ;
#6165 = DIRECTION ( 'NONE',  ( -0.1378445374916253130, 0.9808148484639900300, 0.1378445374916253130 ) ) ;
#6166 = LINE ( 'NONE', #5611, #1278 ) ;
#6167 = DIRECTION ( 'NONE',  ( -0.000000000000000000, -0.000000000000000000, -1.000000000000000000 ) ) ;
#6168 = ADVANCED_FACE ( 'NONE', ( #5746 ), #8456, .F. ) ;
#6169 = CARTESIAN_POINT ( 'NONE',  ( 4.222822763272201740, 1.371071533533629649, -0.4300000000000007150 ) ) ;
#6170 = VERTEX_POINT ( 'NONE', #1225 ) ;
#6171 = CARTESIAN_POINT ( 'NONE',  ( -4.315000000000000391, 0.2500000000000000000, 4.240000000000000213 ) ) ;
#6172 = FACE_OUTER_BOUND ( 'NONE', #8471, .T. ) ;
#6173 = DIRECTION ( 'NONE',  ( 0.2710153738641504773, 0.9625750189617817698, 0.000000000000000000 ) ) ;
#6174 = VERTEX_POINT ( 'NONE', #1141 ) ;
#6175 = DIRECTION ( 'NONE',  ( 1.000000000000000000, 0.000000000000000000, 0.000000000000000000 ) ) ;
#6176 = ORIENTED_EDGE ( 'NONE', *, *, #5302, .T. ) ;
#6177 = ORIENTED_EDGE ( 'NONE', *, *, #1459, .F. ) ;
#6178 = CARTESIAN_POINT ( 'NONE',  ( -5.150000000000000355, 0.2145761423277614266, -4.240000000000001101 ) ) ;
#6179 = VECTOR ( 'NONE', #5714, 1000.000000000000000 ) ;
#6180 = ADVANCED_FACE ( 'NONE', ( #6349 ), #2399, .T. ) ;
#6181 = DIRECTION ( 'NONE',  ( 0.000000000000000000, 0.000000000000000000, 1.000000000000000000 ) ) ;
#6182 = DIRECTION ( 'NONE',  ( -0.06975647374412530244, -0.9975640502598243087, 0.000000000000000000 ) ) ;
#6183 = CARTESIAN_POINT ( 'NONE',  ( -3.108111041950426312, 2.500000000000000000, 4.869579648282763351 ) ) ;
#6184 = DIRECTION ( 'NONE',  ( -0.9625750189617818808, 0.2710153738641505328, 0.000000000000000000 ) ) ;
#6185 = DIRECTION ( 'NONE',  ( -0.000000000000000000, -0.000000000000000000, -1.000000000000000000 ) ) ;
#6186 = ORIENTED_EDGE ( 'NONE', *, *, #1074, .T. ) ;
#6187 = CARTESIAN_POINT ( 'NONE',  ( 4.594243124080021445, 0.3286215912326184152, 4.649999999999999467 ) ) ;
#6188 = CIRCLE ( 'NONE', #1613, 0.2901001153979764768 ) ;
#6189 = EDGE_CURVE ( 'NONE', #4899, #5274, #5175, .T. ) ;
#6190 = EDGE_CURVE ( 'NONE', #637, #4650, #7711, .T. ) ;
#6191 = VECTOR ( 'NONE', #163, 1000.000000000000227 ) ;
#6192 = VECTOR ( 'NONE', #4094, 1000.000000000000000 ) ;
#6193 = ORIENTED_EDGE ( 'NONE', *, *, #70, .T. ) ;
#6194 = CARTESIAN_POINT ( 'NONE',  ( -3.749992964849198085, 1.582550057698988821, 3.379999999999999449 ) ) ;
#6195 = FACE_OUTER_BOUND ( 'NONE', #1724, .T. ) ;
#6196 = DIRECTION ( 'NONE',  ( -0.000000000000000000, -0.000000000000000000, -1.000000000000000000 ) ) ;
#6197 = EDGE_CURVE ( 'NONE', #6687, #2196, #3145, .T. ) ;
#6198 = VECTOR ( 'NONE', #3473, 1000.000000000000000 ) ;
#6199 = EDGE_LOOP ( 'NONE', ( #5272, #3883, #8339, #1931 ) ) ;
#6200 = EDGE_CURVE ( 'NONE', #2484, #5967, #5787, .T. ) ;
#6201 =( NAMED_UNIT ( * ) SI_UNIT ( $, .STERADIAN. ) SOLID_ANGLE_UNIT ( ) );
#6202 = EDGE_CURVE ( 'NONE', #5967, #550, #134, .T. ) ;
#6203 = DIRECTION ( 'NONE',  ( -0.2710153738641504773, -0.9625750189617817698, 0.000000000000000000 ) ) ;
#6204 = CARTESIAN_POINT ( 'NONE',  ( 3.469579648282761219, 0.4500000000000000111, 0.000000000000000000 ) ) ;
#6205 = VERTEX_POINT ( 'NONE', #5134 ) ;
#6206 = AXIS2_PLACEMENT_3D ( 'NONE', #2860, #5515, #4812 ) ;
#6207 = CARTESIAN_POINT ( 'NONE',  ( -3.943579639192182018, 1.292449942301011845, 1.700000000000000178 ) ) ;
#6208 = DIRECTION ( 'NONE',  ( -0.000000000000000000, -0.000000000000000000, -1.000000000000000000 ) ) ;
#6209 = CIRCLE ( 'NONE', #5663, 0.1499999999999999667 ) ;
#6210 = DIRECTION ( 'NONE',  ( 0.9975640502598241977, 0.06975647374412528856, 0.000000000000000000 ) ) ;
#6211 = LINE ( 'NONE', #1655, #1139 ) ;
#6212 = DIRECTION ( 'NONE',  ( 0.9975640502598241977, 0.06975647374412528856, 0.000000000000000000 ) ) ;
#6213 = EDGE_CURVE ( 'NONE', #8007, #1492, #4006, .T. ) ;
#6214 = LINE ( 'NONE', #5490, #5587 ) ;
#6215 = AXIS2_PLACEMENT_3D ( 'NONE', #2084, #1255, #7968 ) ;
#6216 = ORIENTED_EDGE ( 'NONE', *, *, #7369, .F. ) ;
#6217 = LINE ( 'NONE', #406, #4932 ) ;
#6218 = EDGE_CURVE ( 'NONE', #8079, #1595, #268, .T. ) ;
#6219 = CARTESIAN_POINT ( 'NONE',  ( -3.600968516274154929, 1.367483313969922953, -5.149997654931401492 ) ) ;
#6220 = CARTESIAN_POINT ( 'NONE',  ( -3.943579639192182018, 1.292449942301011845, 3.379999999999999449 ) ) ;
#6221 = VERTEX_POINT ( 'NONE', #1830 ) ;
#6222 = DIRECTION ( 'NONE',  ( 1.000000000000000000, 0.000000000000000000, -0.000000000000000000 ) ) ;
#6223 = VERTEX_POINT ( 'NONE', #4488 ) ;
#6224 = DIRECTION ( 'NONE',  ( -0.000000000000000000, -0.000000000000000000, -1.000000000000000000 ) ) ;
#6225 = DIRECTION ( 'NONE',  ( 0.06975647374412763391, 0.9975640502598240866, -0.000000000000000000 ) ) ;
#6226 = FACE_OUTER_BOUND ( 'NONE', #6092, .T. ) ;
#6227 = DIRECTION ( 'NONE',  ( 1.000000000000000000, 0.000000000000000000, 0.000000000000000000 ) ) ;
#6228 = DIRECTION ( 'NONE',  ( 0.1378445374916255073, 0.9808148484639900300, -0.1378445374916254795 ) ) ;
#6229 = LINE ( 'NONE', #4238, #5017 ) ;
#6230 = VERTEX_POINT ( 'NONE', #6475 ) ;
#6231 = CARTESIAN_POINT ( 'NONE',  ( 4.574006762997095521, 0.03922814513537039444, 0.8399999999999996358 ) ) ;
#6232 = AXIS2_PLACEMENT_3D ( 'NONE', #4572, #7208, #5786 ) ;
#6233 = VECTOR ( 'NONE', #216, 1000.000000000000227 ) ;
#6234 = VERTEX_POINT ( 'NONE', #546 ) ;
#6235 = PLANE ( 'NONE',  #7086 ) ;
#6236 = ADVANCED_FACE ( 'NONE', ( #463 ), #3104, .F. ) ;
#6237 = LINE ( 'NONE', #5602, #3161 ) ;
#6238 = CARTESIAN_POINT ( 'NONE',  ( -4.589011388549212533, 0.2538042874631317170, 2.109999999999999876 ) ) ;
#6239 = AXIS2_PLACEMENT_3D ( 'NONE', #1500, #4846, #5459 ) ;
#6240 = ORIENTED_EDGE ( 'NONE', *, *, #1681, .T. ) ;
#6241 = VECTOR ( 'NONE', #5326, 1000.000000000000000 ) ;
#6242 = CARTESIAN_POINT ( 'NONE',  ( -4.222822763272207958, 1.371071533533628761, -2.110000000000000320 ) ) ;
#6243 = CARTESIAN_POINT ( 'NONE',  ( -3.601452754537963319, 1.582550057698988821, 5.149992964849197108 ) ) ;
#6244 = VERTEX_POINT ( 'NONE', #3060 ) ;
#6245 = LINE ( 'NONE', #3071, #6179 ) ;
#6246 = FACE_OUTER_BOUND ( 'NONE', #618, .T. ) ;
#6247 = EDGE_CURVE ( 'NONE', #4463, #2263, #5704, .T. ) ;
#6248 = PLANE ( 'NONE',  #1348 ) ;
#6249 = EDGE_CURVE ( 'NONE', #2196, #5250, #1310, .T. ) ;
#6250 = DIRECTION ( 'NONE',  ( 1.000000000000000000, 0.000000000000000000, 0.000000000000000000 ) ) ;
#6251 = DIRECTION ( 'NONE',  ( 0.2710153738641577492, -0.9625750189617798824, 0.000000000000000000 ) ) ;
#6252 = CARTESIAN_POINT ( 'NONE',  ( 3.749992964849198085, 1.582550057698988821, -2.110000000000000320 ) ) ;
#6253 = ORIENTED_EDGE ( 'NONE', *, *, #3887, .T. ) ;
#6254 = CARTESIAN_POINT ( 'NONE',  ( 3.943579639192182018, 1.367449942301011800, -2.970000000000000639 ) ) ;
#6255 = EDGE_CURVE ( 'NONE', #4843, #8178, #3404, .T. ) ;
#6256 = EDGE_CURVE ( 'NONE', #2347, #8384, #6602, .T. ) ;
#6257 = DIRECTION ( 'NONE',  ( 0.000000000000000000, 0.000000000000000000, 1.000000000000000000 ) ) ;
#6258 = DIRECTION ( 'NONE',  ( 1.000000000000000000, -1.120120665500548440E-15, 0.000000000000000000 ) ) ;
#6259 = AXIS2_PLACEMENT_3D ( 'NONE', #5822, #1780, #3827 ) ;
#6260 = VERTEX_POINT ( 'NONE', #7341 ) ;
#6261 = CARTESIAN_POINT ( 'NONE',  ( 3.749999999999999556, 1.582499999999971374, 5.000484260976135076 ) ) ;
#6262 = EDGE_LOOP ( 'NONE', ( #8182, #692, #3766, #6176, #6338, #2870 ) ) ;
#6263 = UNCERTAINTY_MEASURE_WITH_UNIT (LENGTH_MEASURE( 1.000000000000000082E-05 ), #5294, 'distance_accuracy_value', 'NONE');
#6264 = CIRCLE ( 'NONE', #1962, 0.07500000000000300870 ) ;
#6265 = CARTESIAN_POINT ( 'NONE',  ( 3.749992964849198085, 1.582550057698988821, -3.380000000000000338 ) ) ;
#6266 = EDGE_CURVE ( 'NONE', #7515, #3054, #2457, .T. ) ;
#6267 = COLOUR_RGB ( '',0.1019607843137254888, 0.1019607843137254888, 0.1019607843137254888 ) ;
#6268 = FACE_OUTER_BOUND ( 'NONE', #754, .T. ) ;
#6269 = CIRCLE ( 'NONE', #2519, 0.2901001153979786418 ) ;
#6270 = DIRECTION ( 'NONE',  ( 0.000000000000000000, 0.000000000000000000, 1.000000000000000000 ) ) ;
#6271 = CARTESIAN_POINT ( 'NONE',  ( -4.589011388549212533, 0.2538042874631317170, -1.700000000000000622 ) ) ;
#6272 = DIRECTION ( 'NONE',  ( -0.2710153738641504773, -0.9625750189617817698, 0.000000000000000000 ) ) ;
#6273 = CARTESIAN_POINT ( 'NONE',  ( -4.222822763272207958, 1.371071533533628761, 3.379999999999999449 ) ) ;
#6274 = ORIENTED_EDGE ( 'NONE', *, *, #7068, .T. ) ;
#6275 = LINE ( 'NONE', #6231, #5642 ) ;
#6276 = FACE_OUTER_BOUND ( 'NONE', #5795, .T. ) ;
#6277 = EDGE_CURVE ( 'NONE', #4680, #4772, #3721, .T. ) ;
#6278 = STYLED_ITEM ( 'NONE', ( #7823 ), #8274 ) ;
#6279 = ORIENTED_EDGE ( 'NONE', *, *, #4845, .T. ) ;
#6280 = COLOUR_RGB ( '',1.000000000000000000, 1.000000000000000000, 1.000000000000000000 ) ;
#6281 = DIRECTION ( 'NONE',  ( 1.000000000000000000, 0.000000000000000000, 0.000000000000000000 ) ) ;
#6282 = DIRECTION ( 'NONE',  ( -2.016181479920678149E-15, -1.000000000000000000, -0.000000000000000000 ) ) ;
#6283 = DIRECTION ( 'NONE',  ( 0.9975640502598241977, 0.06975647374412528856, 0.000000000000000000 ) ) ;
#6284 = ORIENTED_EDGE ( 'NONE', *, *, #7881, .F. ) ;
#6285 = VERTEX_POINT ( 'NONE', #1406 ) ;
#6286 = DIRECTION ( 'NONE',  ( -0.9975640502598241977, -0.06975647374412528856, 0.000000000000000000 ) ) ;
#6287 = EDGE_CURVE ( 'NONE', #2790, #1888, #3450, .T. ) ;
#6288 = CARTESIAN_POINT ( 'NONE',  ( 4.315000000000000391, 0.2500000000000000000, -1.700000000000000622 ) ) ;
#6289 = ORIENTED_EDGE ( 'NONE', *, *, #3122, .T. ) ;
#6290 = LINE ( 'NONE', #6410, #7216 ) ;
#6291 = CARTESIAN_POINT ( 'NONE',  ( -3.749992964849197641, 1.367449942301012022, 2.109999999999999876 ) ) ;
#6292 = CARTESIAN_POINT ( 'NONE',  ( 3.943579639192182018, 1.367449942301011800, -2.970000000000000639 ) ) ;
#6293 = LINE ( 'NONE', #7276, #2037 ) ;
#6294 = EDGE_CURVE ( 'NONE', #728, #4320, #5315, .T. ) ;
#6295 = ADVANCED_FACE ( 'NONE', ( #3967 ), #4709, .F. ) ;
#6296 = ORIENTED_EDGE ( 'NONE', *, *, #2473, .F. ) ;
#6297 = DIRECTION ( 'NONE',  ( -0.000000000000000000, -0.000000000000000000, -1.000000000000000000 ) ) ;
#6298 = CARTESIAN_POINT ( 'NONE',  ( -3.600000000000000977, 1.367500000000028360, -5.150000000000000355 ) ) ;
#6299 = CARTESIAN_POINT ( 'NONE',  ( -3.679745885146959772, 2.140497191159431711, -4.935011079702820602 ) ) ;
#6300 = EDGE_LOOP ( 'NONE', ( #314, #1951, #2002, #4593 ) ) ;
#6301 = DIRECTION ( 'NONE',  ( -0.000000000000000000, -0.000000000000000000, -1.000000000000000000 ) ) ;
#6303 = EDGE_CURVE ( 'NONE', #3011, #8229, #8540, .T. ) ;
#6302 = DIRECTION ( 'NONE',  ( 0.9625750189617818808, 0.2710153738641505328, -0.000000000000000000 ) ) ;
#6304 = DIRECTION ( 'NONE',  ( -1.000000000000000000, 0.000000000000000000, 0.000000000000000000 ) ) ;
#6305 = CARTESIAN_POINT ( 'NONE',  ( -3.943579639192182018, 1.367449942301015131, -0.8400000000000005240 ) ) ;
#6306 = DIRECTION ( 'NONE',  ( 1.000000000000000000, 0.000000000000000000, -5.782411586589358033E-15 ) ) ;
#6307 = DIRECTION ( 'NONE',  ( 1.000000000000000000, -0.000000000000000000, 0.000000000000000000 ) ) ;
#6308 = VECTOR ( 'NONE', #5479, 1000.000000000000114 ) ;
#6309 = DIRECTION ( 'NONE',  ( -1.000000000000000000, -1.120120665500548440E-15, -0.000000000000000000 ) ) ;
#6310 = VERTEX_POINT ( 'NONE', #5270 ) ;
#6311 = CARTESIAN_POINT ( 'NONE',  ( -4.222822763272207958, 1.371071533533628761, -1.700000000000000622 ) ) ;
#6312 = DIRECTION ( 'NONE',  ( -0.000000000000000000, 0.000000000000000000, -1.000000000000000000 ) ) ;
#6313 = VECTOR ( 'NONE', #5796, 1000.000000000000000 ) ;
#6314 = ORIENTED_EDGE ( 'NONE', *, *, #5200, .T. ) ;
#6315 = AXIS2_PLACEMENT_3D ( 'NONE', #8544, #688, #3884 ) ;
#6316 = EDGE_CURVE ( 'NONE', #3533, #5583, #4276, .T. ) ;
#6317 = LINE ( 'NONE', #2329, #3913 ) ;
#6318 = CARTESIAN_POINT ( 'NONE',  ( -4.594243124080021445, 0.3286215912326184152, -0.4300000000000007150 ) ) ;
#6319 = ORIENTED_EDGE ( 'NONE', *, *, #5461, .T. ) ;
#6320 = CIRCLE ( 'NONE', #380, 0.07500000000000041356 ) ;
#6321 = VECTOR ( 'NONE', #5114, 1000.000000000000227 ) ;
#6322 = CARTESIAN_POINT ( 'NONE',  ( -3.749992964849198085, 1.582550057698988821, 4.649999999999999467 ) ) ;
#6323 = DIRECTION ( 'NONE',  ( -1.000000000000000000, 0.000000000000000000, 0.000000000000000000 ) ) ;
#6324 = ORIENTED_EDGE ( 'NONE', *, *, #6434, .F. ) ;
#6325 = DIRECTION ( 'NONE',  ( -0.000000000000000000, -0.000000000000000000, -1.000000000000000000 ) ) ;
#6326 = CIRCLE ( 'NONE', #8526, 0.07500000000000300870 ) ;
#6327 = CARTESIAN_POINT ( 'NONE',  ( 3.599999999999999201, 1.582499999999972928, -5.150000000000000355 ) ) ;
#6328 = VECTOR ( 'NONE', #1513, 1000.000000000000000 ) ;
#6329 = CARTESIAN_POINT ( 'NONE',  ( 5.134995374447882455, 0.000000000000000000, -0.4300000000000007150 ) ) ;
#6330 = EDGE_CURVE ( 'NONE', #964, #2176, #1360, .T. ) ;
#6331 = CARTESIAN_POINT ( 'NONE',  ( -4.315000000000000391, 0.2500000000000000000, 3.379999999999999449 ) ) ;
#6332 = AXIS2_PLACEMENT_3D ( 'NONE', #6337, #409, #5890 ) ;
#6333 = ORIENTED_EDGE ( 'NONE', *, *, #2044, .T. ) ;
#6334 = AXIS2_PLACEMENT_3D ( 'NONE', #1722, #5650, #4503 ) ;
#6335 = DIRECTION ( 'NONE',  ( 0.000000000000000000, 0.000000000000000000, 1.000000000000000000 ) ) ;
#6336 = DIRECTION ( 'NONE',  ( -1.000000000000000000, 0.000000000000000000, 0.000000000000000000 ) ) ;
#6337 = CARTESIAN_POINT ( 'NONE',  ( -4.594243124080021445, 0.3286215912326184152, -2.970000000000000639 ) ) ;
#6338 = ORIENTED_EDGE ( 'NONE', *, *, #7340, .T. ) ;
#6339 = FACE_OUTER_BOUND ( 'NONE', #979, .T. ) ;
#6340 = EDGE_CURVE ( 'NONE', #8537, #3856, #1269, .T. ) ;
#6341 = VECTOR ( 'NONE', #4502, 1000.000000000000000 ) ;
#6342 = VERTEX_POINT ( 'NONE', #3362 ) ;
#6343 = CYLINDRICAL_SURFACE ( 'NONE', #3354, 0.2901001153979760883 ) ;
#6344 = ORIENTED_EDGE ( 'NONE', *, *, #1593, .T. ) ;
#6345 = ORIENTED_EDGE ( 'NONE', *, *, #5183, .T. ) ;
#6346 = DIRECTION ( 'NONE',  ( -0.9902680687415708061, -0.1391731009600620517, 0.000000000000000000 ) ) ;
#6347 = AXIS2_PLACEMENT_3D ( 'NONE', #5038, #7665, #6461 ) ;
#6348 = CARTESIAN_POINT ( 'NONE',  ( 3.749992964849198085, 1.582550057698988821, 0.8399999999999996358 ) ) ;
#6349 = FACE_OUTER_BOUND ( 'NONE', #5333, .T. ) ;
#6350 = DIRECTION ( 'NONE',  ( 0.000000000000000000, 1.000000000000000000, 0.000000000000000000 ) ) ;
#6351 = ADVANCED_FACE ( 'NONE', ( #684 ), #79, .F. ) ;
#6352 = DIRECTION ( 'NONE',  ( -1.000000000000000000, 0.000000000000000000, 0.000000000000000000 ) ) ;
#6353 = ORIENTED_EDGE ( 'NONE', *, *, #1969, .T. ) ;
#6354 = DIRECTION ( 'NONE',  ( 0.1378445374916263955, 0.9808148484639911402, -0.1378445374916174027 ) ) ;
#6355 = EDGE_CURVE ( 'NONE', #2367, #5071, #7855, .T. ) ;
#6356 = DIRECTION ( 'NONE',  ( -0.9975640502598241977, 0.06975647374412544122, 0.000000000000000000 ) ) ;
#6357 = ORIENTED_EDGE ( 'NONE', *, *, #2262, .F. ) ;
#6358 = EDGE_CURVE ( 'NONE', #4425, #1995, #3273, .T. ) ;
#6359 = EDGE_CURVE ( 'NONE', #6205, #6044, #7458, .T. ) ;
#6360 = CARTESIAN_POINT ( 'NONE',  ( 4.522049997657887843, 0.3082954381928066367, -3.380000000000000338 ) ) ;
#6361 = DIRECTION ( 'NONE',  ( -0.2710153738641577492, 0.9625750189617798824, -0.000000000000000000 ) ) ;
#6362 = FILL_AREA_STYLE ('',( #2410 ) ) ;
#6363 = VERTEX_POINT ( 'NONE', #810 ) ;
#6364 = VECTOR ( 'NONE', #1546, 1000.000000000000000 ) ;
#6365 = ADVANCED_FACE ( 'NONE', ( #2094 ), #4755, .F. ) ;
#6366 = VERTEX_POINT ( 'NONE', #2931 ) ;
#6367 = EDGE_LOOP ( 'NONE', ( #6946, #3927, #6152, #3817 ) ) ;
#6368 = CARTESIAN_POINT ( 'NONE',  ( -4.222822763272207958, 1.371071533533628761, -0.4300000000000007150 ) ) ;
#6369 = AXIS2_PLACEMENT_3D ( 'NONE', #4717, #3538, #6145 ) ;
#6370 = CARTESIAN_POINT ( 'NONE',  ( -3.943579639192182018, 1.367449942301015131, 2.109999999999999876 ) ) ;
#6371 = DIRECTION ( 'NONE',  ( -1.000000000000000000, 0.000000000000000000, 0.000000000000000000 ) ) ;
#6372 = LINE ( 'NONE', #8354, #6598 ) ;
#6373 = CARTESIAN_POINT ( 'NONE',  ( 3.943579639192182018, 1.582550057698989043, 4.649999999999999467 ) ) ;
#6374 = AXIS2_PLACEMENT_3D ( 'NONE', #2434, #544, #3271 ) ;
#6375 = ORIENTED_EDGE ( 'NONE', *, *, #5637, .T. ) ;
#6376 = FACE_OUTER_BOUND ( 'NONE', #351, .T. ) ;
#6377 = MECHANICAL_DESIGN_GEOMETRIC_PRESENTATION_REPRESENTATION (  '', ( #7894 ), #721 ) ;
#6378 = CARTESIAN_POINT ( 'NONE',  ( -5.134995374447882455, 0.000000000000000000, -0.4300000000000007150 ) ) ;
#6379 = DIRECTION ( 'NONE',  ( -0.9975640502598241977, 0.06975647374412528856, -0.000000000000000000 ) ) ;
#6380 = ORIENTED_EDGE ( 'NONE', *, *, #1317, .T. ) ;
#6381 = CARTESIAN_POINT ( 'NONE',  ( -4.589011388549212533, 0.2538042874631301071, 4.649999999999999467 ) ) ;
#6382 = STYLED_ITEM ( 'NONE', ( #5234 ), #5562 ) ;
#6383 = CYLINDRICAL_SURFACE ( 'NONE', #2802, 0.2901001153979760883 ) ;
#6384 = VERTEX_POINT ( 'NONE', #1019 ) ;
#6385 = EDGE_LOOP ( 'NONE', ( #4611, #5956, #5858, #7028 ) ) ;
#6386 = CARTESIAN_POINT ( 'NONE',  ( -3.749992964849198085, 1.582550057698988821, 2.109999999999999876 ) ) ;
#6387 = EDGE_CURVE ( 'NONE', #1264, #1165, #1661, .T. ) ;
#6388 = AXIS2_PLACEMENT_3D ( 'NONE', #5778, #1095, #4520 ) ;
#6389 = DIRECTION ( 'NONE',  ( 0.1378445374916253130, -0.9808148484639900300, 0.1378445374916253130 ) ) ;
#6390 = FACE_OUTER_BOUND ( 'NONE', #5636, .T. ) ;
#6391 = DIRECTION ( 'NONE',  ( -0.06975647374412764778, -0.9975640502598241977, 0.000000000000000000 ) ) ;
#6392 = ORIENTED_EDGE ( 'NONE', *, *, #3969, .F. ) ;
#6393 = PLANE ( 'NONE',  #2575 ) ;
#6394 = CARTESIAN_POINT ( 'NONE',  ( 5.134995374447882455, 0.000000000000000000, -2.970000000000000639 ) ) ;
#6395 = EDGE_CURVE ( 'NONE', #7527, #4023, #4838, .T. ) ;
#6396 = ADVANCED_FACE ( 'NONE', ( #6172 ), #5537, .F. ) ;
#6397 = ORIENTED_EDGE ( 'NONE', *, *, #142, .F. ) ;
#6398 = SPHERICAL_SURFACE ( 'NONE', #97, 0.1499999999999999944 ) ;
#6399 = VECTOR ( 'NONE', #7367, 1000.000000000000000 ) ;
#6400 = CARTESIAN_POINT ( 'NONE',  ( 3.943579639192182018, 1.367449942301011800, -3.380000000000000338 ) ) ;
#6401 = CARTESIAN_POINT ( 'NONE',  ( 3.749992964849197641, 1.367449942301012022, 4.240000000000000213 ) ) ;
#6402 = VECTOR ( 'NONE', #2981, 1000.000000000000114 ) ;
#6403 = DIRECTION ( 'NONE',  ( -0.000000000000000000, -0.000000000000000000, -1.000000000000000000 ) ) ;
#6404 = VERTEX_POINT ( 'NONE', #6137 ) ;
#6405 = EDGE_CURVE ( 'NONE', #2688, #5465, #3032, .T. ) ;
#6406 = ADVANCED_FACE ( 'NONE', ( #3531 ), #1534, .F. ) ;
#6407 = ORIENTED_EDGE ( 'NONE', *, *, #3726, .F. ) ;
#6408 = EDGE_LOOP ( 'NONE', ( #1883, #7976, #5040, #7612 ) ) ;
#6409 = STYLED_ITEM ( 'NONE', ( #3685 ), #8227 ) ;
#6410 = CARTESIAN_POINT ( 'NONE',  ( 5.150000000000000355, 0.2145761423277614266, -1.700000000000000622 ) ) ;
#6411 = DIRECTION ( 'NONE',  ( 0.000000000000000000, 0.000000000000000000, -1.000000000000000000 ) ) ;
#6412 = CARTESIAN_POINT ( 'NONE',  ( 5.150000000000000355, 0.2145761423277614266, 2.109999999999999876 ) ) ;
#6413 = CARTESIAN_POINT ( 'NONE',  ( -5.150000000000000355, 0.2145761423277614266, 2.969999999999999751 ) ) ;
#6414 = ORIENTED_EDGE ( 'NONE', *, *, #116, .F. ) ;
#6415 = CARTESIAN_POINT ( 'NONE',  ( -4.574006762997095521, 0.03922814513537028341, 0.8399999999999996358 ) ) ;
#6416 = ORIENTED_EDGE ( 'NONE', *, *, #3577, .T. ) ;
#6417 = ORIENTED_EDGE ( 'NONE', *, *, #701, .F. ) ;
#6418 = DIRECTION ( 'NONE',  ( -0.000000000000000000, -0.000000000000000000, -1.000000000000000000 ) ) ;
#6419 = DIRECTION ( 'NONE',  ( -1.120120665500546074E-15, 1.000000000000000000, 0.000000000000000000 ) ) ;
#6420 = ADVANCED_FACE ( 'NONE', ( #4920 ), #2970, .F. ) ;
#6421 = ORIENTED_EDGE ( 'NONE', *, *, #6554, .T. ) ;
#6422 = CARTESIAN_POINT ( 'NONE',  ( -2.636643502869150169, 2.649999999999999911, -4.369579648282762463 ) ) ;
#6423 = VERTEX_POINT ( 'NONE', #8109 ) ;
#6424 = DIRECTION ( 'NONE',  ( -1.000000000000000000, 0.000000000000000000, 0.000000000000000000 ) ) ;
#6425 = ORIENTED_EDGE ( 'NONE', *, *, #852, .F. ) ;
#6426 = VERTEX_POINT ( 'NONE', #3658 ) ;
#6427 = DIRECTION ( 'NONE',  ( 1.000000000000000000, 0.000000000000000000, 0.000000000000000000 ) ) ;
#6428 = FACE_OUTER_BOUND ( 'NONE', #7668, .T. ) ;
#6429 = DIRECTION ( 'NONE',  ( -0.9625750189617798824, -0.2710153738641577492, 0.000000000000000000 ) ) ;
#6430 = DIRECTION ( 'NONE',  ( 0.000000000000000000, 0.000000000000000000, 1.000000000000000000 ) ) ;
#6431 = ORIENTED_EDGE ( 'NONE', *, *, #2274, .F. ) ;
#6432 = CARTESIAN_POINT ( 'NONE',  ( 3.749992964849197641, 1.367449942301012022, 3.379999999999999449 ) ) ;
#6433 = PLANE ( 'NONE',  #944 ) ;
#6434 = EDGE_CURVE ( 'NONE', #5933, #1963, #8280, .T. ) ;
#6435 = ORIENTED_EDGE ( 'NONE', *, *, #2056, .T. ) ;
#6436 = AXIS2_PLACEMENT_3D ( 'NONE', #916, #4819, #2992 ) ;
#6437 = DIRECTION ( 'NONE',  ( 0.000000000000000000, 5.782411586589358822E-15, -1.000000000000000000 ) ) ;
#6438 = CARTESIAN_POINT ( 'NONE',  ( 5.150000000000000355, 0.2145761423277614266, -4.240000000000001101 ) ) ;
#6439 = DIRECTION ( 'NONE',  ( -0.000000000000000000, -0.000000000000000000, -1.000000000000000000 ) ) ;
#6440 = EDGE_CURVE ( 'NONE', #3674, #5102, #8232, .T. ) ;
#6441 = VERTEX_POINT ( 'NONE', #5578 ) ;
#6442 = AXIS2_PLACEMENT_3D ( 'NONE', #1972, #4628, #4028 ) ;
#6443 = VECTOR ( 'NONE', #3621, 1000.000000000000000 ) ;
#6444 = ORIENTED_EDGE ( 'NONE', *, *, #5200, .F. ) ;
#6445 = ORIENTED_EDGE ( 'NONE', *, *, #7460, .F. ) ;
#6446 = CARTESIAN_POINT ( 'NONE',  ( 4.222822763272201740, 1.371071533533629649, 0.8399999999999996358 ) ) ;
#6447 = DIRECTION ( 'NONE',  ( -1.120120665500548440E-15, -1.000000000000000000, 0.000000000000000000 ) ) ;
#6448 = ADVANCED_FACE ( 'NONE', ( #7472 ), #4961, .T. ) ;
#6449 = DIRECTION ( 'NONE',  ( -0.000000000000000000, 0.000000000000000000, -1.000000000000000000 ) ) ;
#6450 = AXIS2_PLACEMENT_3D ( 'NONE', #5283, #4768, #2020 ) ;
#6451 = LINE ( 'NONE', #1938, #5226 ) ;
#6452 = ADVANCED_FACE ( 'NONE', ( #2265 ), #8197, .T. ) ;
#6453 = VECTOR ( 'NONE', #7741, 1000.000000000000227 ) ;
#6454 = ORIENTED_EDGE ( 'NONE', *, *, #501, .F. ) ;
#6455 = CARTESIAN_POINT ( 'NONE',  ( 4.589011388549212533, 0.2538042874631317170, -0.4300000000000007150 ) ) ;
#6456 = ORIENTED_EDGE ( 'NONE', *, *, #6277, .T. ) ;
#6457 = VERTEX_POINT ( 'NONE', #1619 ) ;
#6458 = AXIS2_PLACEMENT_3D ( 'NONE', #4489, #8333, #6391 ) ;
#6459 = AXIS2_PLACEMENT_3D ( 'NONE', #7990, #2573, #4667 ) ;
#6460 = CARTESIAN_POINT ( 'NONE',  ( -3.943579639192182018, 1.367449942301015131, -1.700000000000000622 ) ) ;
#6461 = DIRECTION ( 'NONE',  ( -1.000000000000000000, 0.000000000000000000, 0.000000000000000000 ) ) ;
#6462 = EDGE_CURVE ( 'NONE', #4393, #4403, #6939, .T. ) ;
#6463 = ORIENTED_EDGE ( 'NONE', *, *, #1944, .F. ) ;
#6464 = CARTESIAN_POINT ( 'NONE',  ( 4.315000000000000391, 0.2500000000000000000, 0.4299999999999998268 ) ) ;
#6465 = VERTEX_POINT ( 'NONE', #4182 ) ;
#6466 = CYLINDRICAL_SURFACE ( 'NONE', #6131, 0.07500000000000300870 ) ;
#6467 = PRESENTATION_LAYER_ASSIGNMENT (  '', '', ( #3706 ) ) ;
#6468 = VECTOR ( 'NONE', #1413, 1000.000000000000227 ) ;
#6469 = ORIENTED_EDGE ( 'NONE', *, *, #7260, .T. ) ;
#6470 = VECTOR ( 'NONE', #6764, 1000.000000000000114 ) ;
#6471 = VERTEX_POINT ( 'NONE', #931 ) ;
#6472 = LINE ( 'NONE', #6386, #5828 ) ;
#6473 = EDGE_CURVE ( 'NONE', #4588, #5561, #4143, .T. ) ;
#6474 = CARTESIAN_POINT ( 'NONE',  ( 4.315000000000000391, 0.2500000000000000000, 0.4299999999999998268 ) ) ;
#6475 = CARTESIAN_POINT ( 'NONE',  ( 3.943579639192182018, 1.582550057698989043, -2.110000000000000320 ) ) ;
#6476 = DIRECTION ( 'NONE',  ( -0.000000000000000000, -0.000000000000000000, -1.000000000000000000 ) ) ;
#6477 = CIRCLE ( 'NONE', #1083, 0.2901001153979760883 ) ;
#6478 = ORIENTED_EDGE ( 'NONE', *, *, #1381, .T. ) ;
#6479 = DIRECTION ( 'NONE',  ( 0.000000000000000000, 0.000000000000000000, 1.000000000000000000 ) ) ;
#6480 = ORIENTED_EDGE ( 'NONE', *, *, #3664, .F. ) ;
#6481 = AXIS2_PLACEMENT_3D ( 'NONE', #7385, #1449, #6094 ) ;
#6482 = DIRECTION ( 'NONE',  ( 0.000000000000000000, 1.000000000000000000, 0.000000000000000000 ) ) ;
#6483 = ORIENTED_EDGE ( 'NONE', *, *, #5976, .T. ) ;
#6484 = DIRECTION ( 'NONE',  ( -1.000000000000000000, 0.000000000000000000, 0.000000000000000000 ) ) ;
#6485 = CARTESIAN_POINT ( 'NONE',  ( 3.749992964849198085, 1.582550057698988821, -2.970000000000000639 ) ) ;
#6486 = DIRECTION ( 'NONE',  ( -0.000000000000000000, -0.000000000000000000, -1.000000000000000000 ) ) ;
#6487 = CARTESIAN_POINT ( 'NONE',  ( -5.134995374447882455, 0.000000000000000000, -1.700000000000000622 ) ) ;
#6488 = ORIENTED_EDGE ( 'NONE', *, *, #8214, .T. ) ;
#6489 = EDGE_LOOP ( 'NONE', ( #4524, #6887, #850, #3288 ) ) ;
#6490 = VERTEX_POINT ( 'NONE', #3491 ) ;
#6491 = EDGE_CURVE ( 'NONE', #7802, #8064, #207, .T. ) ;
#6492 = DIRECTION ( 'NONE',  ( -1.000000000000000000, 0.000000000000000000, 0.000000000000000000 ) ) ;
#6493 = DIRECTION ( 'NONE',  ( -0.000000000000000000, -0.000000000000000000, -1.000000000000000000 ) ) ;
#6494 = LINE ( 'NONE', #8312, #3646 ) ;
#6495 = DIRECTION ( 'NONE',  ( -1.000000000000000000, 1.120120665500548440E-15, 0.000000000000000000 ) ) ;
#6496 = AXIS2_PLACEMENT_3D ( 'NONE', #4487, #6516, #3319 ) ;
#6497 = EDGE_LOOP ( 'NONE', ( #5124, #4086, #4414, #5018 ) ) ;
#6498 =( LENGTH_UNIT ( ) NAMED_UNIT ( * ) SI_UNIT ( .MILLI., .METRE. ) );
#6499 = VERTEX_POINT ( 'NONE', #2181 ) ;
#6500 = ORIENTED_EDGE ( 'NONE', *, *, #6358, .T. ) ;
#6501 = EDGE_CURVE ( 'NONE', #8396, #1272, #1908, .T. ) ;
#6502 = EDGE_CURVE ( 'NONE', #8465, #4463, #3178, .T. ) ;
#6503 = DIRECTION ( 'NONE',  ( 0.000000000000000000, 0.000000000000000000, 1.000000000000000000 ) ) ;
#6504 = CARTESIAN_POINT ( 'NONE',  ( -4.574006762997095521, 0.03922814513537028341, -0.4300000000000007150 ) ) ;
#6505 = CARTESIAN_POINT ( 'NONE',  ( 3.749992964849198085, 1.582550057698988821, 2.969999999999999751 ) ) ;
#6506 = ORIENTED_EDGE ( 'NONE', *, *, #8307, .F. ) ;
#6507 = DIRECTION ( 'NONE',  ( -0.000000000000000000, -0.000000000000000000, -1.000000000000000000 ) ) ;
#6508 = UNCERTAINTY_MEASURE_WITH_UNIT (LENGTH_MEASURE( 1.000000000000000082E-05 ), #5579, 'distance_accuracy_value', 'NONE');
#6509 = VECTOR ( 'NONE', #3056, 1000.000000000000000 ) ;
#6510 = LINE ( 'NONE', #676, #5443 ) ;
#6511 = ORIENTED_EDGE ( 'NONE', *, *, #193, .F. ) ;
#6512 = EDGE_CURVE ( 'NONE', #7120, #6221, #1817, .T. ) ;
#6513 = VERTEX_POINT ( 'NONE', #5860 ) ;
#6514 = ADVANCED_FACE ( 'NONE', ( #7791 ), #492, .T. ) ;
#6515 = CARTESIAN_POINT ( 'NONE',  ( 4.015772765614318729, 1.312776095340824734, 4.649999999999999467 ) ) ;
#6516 = DIRECTION ( 'NONE',  ( 1.120120665500548440E-15, -1.000000000000000000, 0.000000000000000000 ) ) ;
#6517 = CARTESIAN_POINT ( 'NONE',  ( -4.594243124080021445, 0.3286215912326184152, 4.649999999999999467 ) ) ;
#6518 = LINE ( 'NONE', #7210, #6606 ) ;
#6519 = EDGE_LOOP ( 'NONE', ( #360, #1208, #493, #2472 ) ) ;
#6520 = PLANE ( 'NONE',  #3557 ) ;
#6521 = LINE ( 'NONE', #7002, #5520 ) ;
#6522 = VECTOR ( 'NONE', #6208, 1000.000000000000000 ) ;
#6523 = CARTESIAN_POINT ( 'NONE',  ( 3.749992964849195864, 1.367449942301012022, -5.001452754537961454 ) ) ;
#6524 = ORIENTED_EDGE ( 'NONE', *, *, #6671, .T. ) ;
#6525 = FACE_OUTER_BOUND ( 'NONE', #7925, .T. ) ;
#6526 = CARTESIAN_POINT ( 'NONE',  ( -4.315000000000000391, 0.2500000000000000000, -1.700000000000000622 ) ) ;
#6527 = DIRECTION ( 'NONE',  ( -1.000000000000000000, 0.000000000000000000, 0.000000000000000000 ) ) ;
#6528 = AXIS2_PLACEMENT_3D ( 'NONE', #6861, #8202, #4926 ) ;
#6529 = EDGE_CURVE ( 'NONE', #5742, #7618, #7749, .T. ) ;
#6530 = CARTESIAN_POINT ( 'NONE',  ( 3.601452754537961543, 1.582550057698988599, 5.149992964849197108 ) ) ;
#6531 = ORIENTED_EDGE ( 'NONE', *, *, #7870, .T. ) ;
#6532 = AXIS2_PLACEMENT_3D ( 'NONE', #3799, #1679, #1152 ) ;
#6533 = EDGE_LOOP ( 'NONE', ( #950, #8212, #1215, #8478 ) ) ;
#6534 = MECHANICAL_DESIGN_GEOMETRIC_PRESENTATION_REPRESENTATION (  '', ( #596 ), #2812 ) ;
#6535 = CARTESIAN_POINT ( 'NONE',  ( 5.134995374447882455, 0.000000000000000000, 2.109999999999999876 ) ) ;
#6536 = VECTOR ( 'NONE', #7155, 1000.000000000000227 ) ;
#6537 = CARTESIAN_POINT ( 'NONE',  ( 3.749992964849198085, 1.582550057698988821, 2.969999999999999751 ) ) ;
#6538 = ORIENTED_EDGE ( 'NONE', *, *, #597, .T. ) ;
#6539 =( NAMED_UNIT ( * ) PLANE_ANGLE_UNIT ( ) SI_UNIT ( $, .RADIAN. ) );
#6540 = LINE ( 'NONE', #566, #5651 ) ;
#6541 = ORIENTED_EDGE ( 'NONE', *, *, #2315, .T. ) ;
#6542 = VERTEX_POINT ( 'NONE', #5694 ) ;
#6543 = DIRECTION ( 'NONE',  ( -0.000000000000000000, -0.000000000000000000, -1.000000000000000000 ) ) ;
#6544 = EDGE_CURVE ( 'NONE', #7046, #773, #3694, .T. ) ;
#6545 = AXIS2_PLACEMENT_3D ( 'NONE', #3299, #2073, #2598 ) ;
#6546 = ORIENTED_EDGE ( 'NONE', *, *, #2340, .F. ) ;
#6547 = ORIENTED_EDGE ( 'NONE', *, *, #6705, .F. ) ;
#6548 = CARTESIAN_POINT ( 'NONE',  ( 3.469579648282761219, 2.649999999999999911, 0.000000000000000000 ) ) ;
#6549 = CARTESIAN_POINT ( 'NONE',  ( -4.015772765614322282, 1.312776095340825622, 1.700000000000000178 ) ) ;
#6550 = COLOUR_RGB ( '',0.8000000000000000444, 0.8078431372549019773, 0.8000000000000000444 ) ;
#6551 = CARTESIAN_POINT ( 'NONE',  ( 5.134995374447882455, 0.000000000000000000, -3.380000000000000338 ) ) ;
#6552 = ORIENTED_EDGE ( 'NONE', *, *, #4260, .T. ) ;
#6553 = CARTESIAN_POINT ( 'NONE',  ( 3.749992964849197641, 1.367449942301012022, -4.240000000000001101 ) ) ;
#6554 = EDGE_CURVE ( 'NONE', #8537, #5260, #1508, .T. ) ;
#6555 = FACE_OUTER_BOUND ( 'NONE', #1651, .T. ) ;
#6556 = EDGE_CURVE ( 'NONE', #7547, #2468, #1857, .T. ) ;
#6557 = ORIENTED_EDGE ( 'NONE', *, *, #229, .F. ) ;
#6558 = ORIENTED_EDGE ( 'NONE', *, *, #3458, .F. ) ;
#6559 = DIRECTION ( 'NONE',  ( 1.000000000000000000, -1.120120665500548440E-15, 0.000000000000000000 ) ) ;
#6560 = DIRECTION ( 'NONE',  ( -0.000000000000000000, -0.000000000000000000, -1.000000000000000000 ) ) ;
#6561 = CARTESIAN_POINT ( 'NONE',  ( -4.222822763272207958, 1.371071533533628761, -3.380000000000000338 ) ) ;
#6562 = FACE_OUTER_BOUND ( 'NONE', #3854, .T. ) ;
#6563 = EDGE_CURVE ( 'NONE', #189, #4642, #5078, .T. ) ;
#6564 = ORIENTED_EDGE ( 'NONE', *, *, #5660, .F. ) ;
#6565 = CARTESIAN_POINT ( 'NONE',  ( -4.315000000000000391, 0.2499999999999998890, -0.4300000000000007150 ) ) ;
#6566 = ORIENTED_EDGE ( 'NONE', *, *, #3810, .T. ) ;
#6567 = EDGE_CURVE ( 'NONE', #8125, #6911, #8317, .T. ) ;
#6568 = CYLINDRICAL_SURFACE ( 'NONE', #5375, 0.07500000000000345279 ) ;
#6569 = LINE ( 'NONE', #5969, #6583 ) ;
#6570 = LINE ( 'NONE', #4673, #1609 ) ;
#6571 =( LENGTH_UNIT ( ) NAMED_UNIT ( * ) SI_UNIT ( .MILLI., .METRE. ) );
#6572 = LINE ( 'NONE', #1841, #2105 ) ;
#6573 = CARTESIAN_POINT ( 'NONE',  ( 3.749154974055155964, 1.588512672022511119, 5.087973030627475524 ) ) ;
#6574 = DIRECTION ( 'NONE',  ( -2.016181479920678149E-15, -1.000000000000000000, -0.000000000000000000 ) ) ;
#6575 = ORIENTED_EDGE ( 'NONE', *, *, #2648, .T. ) ;
#6576 = ORIENTED_EDGE ( 'NONE', *, *, #6009, .F. ) ;
#6577 = EDGE_CURVE ( 'NONE', #6988, #4802, #4514, .T. ) ;
#6578 = DIRECTION ( 'NONE',  ( 1.000000000000000000, -0.000000000000000000, -0.000000000000000000 ) ) ;
#6579 = PLANE ( 'NONE',  #816 ) ;
#6580 = DIRECTION ( 'NONE',  ( 1.000000000000000000, 0.000000000000000000, 0.000000000000000000 ) ) ;
#6581 = EDGE_LOOP ( 'NONE', ( #8546, #1900, #7054, #4445 ) ) ;
#6582 = DIRECTION ( 'NONE',  ( -0.000000000000000000, -0.000000000000000000, -1.000000000000000000 ) ) ;
#6583 = VECTOR ( 'NONE', #48, 1000.000000000000000 ) ;
#6584 = CARTESIAN_POINT ( 'NONE',  ( 3.943579639192182018, 1.292449942301011845, 3.379999999999999449 ) ) ;
#6585 = ORIENTED_EDGE ( 'NONE', *, *, #2629, .T. ) ;
#6586 = ORIENTED_EDGE ( 'NONE', *, *, #5721, .F. ) ;
#6587 = ORIENTED_EDGE ( 'NONE', *, *, #2012, .T. ) ;
#6588 = EDGE_LOOP ( 'NONE', ( #3408, #1942, #2097, #5783 ) ) ;
#6589 = CARTESIAN_POINT ( 'NONE',  ( -3.359249815416416318, 3.285037552252936699, -4.759249815416414897 ) ) ;
#6590 = CARTESIAN_POINT ( 'NONE',  ( 3.749154974055156853, 1.361487327977495276, -5.087973030627476412 ) ) ;
#6591 = VECTOR ( 'NONE', #5407, 1000.000000000000000 ) ;
#6592 = FACE_OUTER_BOUND ( 'NONE', #3895, .T. ) ;
#6593 = VERTEX_POINT ( 'NONE', #6378 ) ;
#6594 = DIRECTION ( 'NONE',  ( 2.016181479920678149E-15, 1.000000000000000000, 0.000000000000000000 ) ) ;
#6595 = DIRECTION ( 'NONE',  ( -0.2710153738641504773, -0.9625750189617817698, 0.000000000000000000 ) ) ;
#6596 = ORIENTED_EDGE ( 'NONE', *, *, #4652, .F. ) ;
#6597 = AXIS2_PLACEMENT_3D ( 'NONE', #3332, #650, #7395 ) ;
#6598 = VECTOR ( 'NONE', #3087, 1000.000000000000227 ) ;
#6599 = EDGE_LOOP ( 'NONE', ( #4156, #8282, #8149, #6081 ) ) ;
#6600 = SPHERICAL_SURFACE ( 'NONE', #8171, 0.1499999999999999944 ) ;
#6601 = DIRECTION ( 'NONE',  ( -0.000000000000000000, -0.000000000000000000, -1.000000000000000000 ) ) ;
#6602 = LINE ( 'NONE', #5354, #8398 ) ;
#6603 = ADVANCED_FACE ( 'NONE', ( #7706 ), #2512, .F. ) ;
#6604 = FACE_OUTER_BOUND ( 'NONE', #6086, .T. ) ;
#6605 = ORIENTED_EDGE ( 'NONE', *, *, #5676, .F. ) ;
#6606 = VECTOR ( 'NONE', #635, 1000.000000000000000 ) ;
#6607 = LINE ( 'NONE', #4022, #653 ) ;
#6608 = CIRCLE ( 'NONE', #7440, 0.2901001153979786418 ) ;
#6609 = ORIENTED_EDGE ( 'NONE', *, *, #6922, .T. ) ;
#6610 = CARTESIAN_POINT ( 'NONE',  ( 5.150000000000000355, 0.2145761423277614266, -2.110000000000000320 ) ) ;
#6611 = ORIENTED_EDGE ( 'NONE', *, *, #8143, .F. ) ;
#6612 =( BOUNDED_CURVE ( )  B_SPLINE_CURVE ( 3, ( #6118, #2820, #5474, #8090 ),
 .UNSPECIFIED., .F., .F. ) 
 B_SPLINE_CURVE_WITH_KNOTS ( ( 4, 4 ),
 ( 2.365879671860819933, 3.917305635318766299 ),
 .UNSPECIFIED. ) 
 CURVE ( )  GEOMETRIC_REPRESENTATION_ITEM ( )  RATIONAL_B_SPLINE_CURVE ( ( 1.000000000000000000, 0.8092813118237126568, 0.8092813118237126568, 1.000000000000000000 ) ) 
 REPRESENTATION_ITEM ( '' )  );
#6613 = DIRECTION ( 'NONE',  ( 2.016181479920678149E-15, -1.000000000000000000, 0.000000000000000000 ) ) ;
#6614 = CIRCLE ( 'NONE', #8263, 0.2901001153979786418 ) ;
#6615 = ADVANCED_FACE ( 'NONE', ( #1091 ), #3093, .F. ) ;
#6616 = CARTESIAN_POINT ( 'NONE',  ( 4.589011388549212533, 0.2538042874631317170, 4.649999999999999467 ) ) ;
#6617 = EDGE_CURVE ( 'NONE', #935, #6933, #2467, .T. ) ;
#6618 = DIRECTION ( 'NONE',  ( -0.000000000000000000, -0.000000000000000000, -1.000000000000000000 ) ) ;
#6619 = FACE_OUTER_BOUND ( 'NONE', #7607, .T. ) ;
#6620 = CARTESIAN_POINT ( 'NONE',  ( -2.636643502869150169, 2.649999999999999911, -4.069579648282762641 ) ) ;
#6621 = ORIENTED_EDGE ( 'NONE', *, *, #2814, .T. ) ;
#6622 = EDGE_CURVE ( 'NONE', #1446, #4529, #8000, .T. ) ;
#6623 = VERTEX_POINT ( 'NONE', #6504 ) ;
#6624 = EDGE_CURVE ( 'NONE', #567, #3276, #5937, .T. ) ;
#6625 = DIRECTION ( 'NONE',  ( -0.9902680687415706950, -0.1391731009600633839, 0.000000000000000000 ) ) ;
#6626 = VECTOR ( 'NONE', #5121, 1000.000000000000000 ) ;
#6627 = LINE ( 'NONE', #7916, #2039 ) ;
#6628 = CARTESIAN_POINT ( 'NONE',  ( -3.943579639192182018, 1.582550057698989043, 0.8399999999999996358 ) ) ;
#6629 = ORIENTED_EDGE ( 'NONE', *, *, #3503, .T. ) ;
#6630 = DIRECTION ( 'NONE',  ( -0.9975640502598241977, -0.06975647374412528856, 0.000000000000000000 ) ) ;
#6631 = DIRECTION ( 'NONE',  ( 0.000000000000000000, 0.000000000000000000, -1.000000000000000000 ) ) ;
#6632 = ORIENTED_EDGE ( 'NONE', *, *, #3143, .F. ) ;
#6633 = VERTEX_POINT ( 'NONE', #5163 ) ;
#6634 = ADVANCED_FACE ( 'NONE', ( #7629 ), #4349, .F. ) ;
#6635 = CARTESIAN_POINT ( 'NONE',  ( -5.134995374447882455, 0.000000000000000000, 3.379999999999999449 ) ) ;
#6636 = ORIENTED_EDGE ( 'NONE', *, *, #6395, .F. ) ;
#6637 = ORIENTED_EDGE ( 'NONE', *, *, #7662, .T. ) ;
#6638 = CARTESIAN_POINT ( 'NONE',  ( 4.015772765614318729, 1.312776095340824734, -4.240000000000001101 ) ) ;
#6639 = DIRECTION ( 'NONE',  ( 0.2710153738641504773, -0.9625750189617817698, -0.000000000000000000 ) ) ;
#6640 = AXIS2_PLACEMENT_3D ( 'NONE', #3869, #3177, #2423 ) ;
#6641 = CYLINDRICAL_SURFACE ( 'NONE', #3224, 0.1499999999999998002 ) ;
#6642 = ORIENTED_EDGE ( 'NONE', *, *, #6387, .F. ) ;
#6643 = DIRECTION ( 'NONE',  ( -2.016181479920678149E-15, 1.000000000000000000, 0.000000000000000000 ) ) ;
#6644 = DIRECTION ( 'NONE',  ( -0.2710153738641577492, 0.9625750189617798824, -0.000000000000000000 ) ) ;
#6645 = VERTEX_POINT ( 'NONE', #2388 ) ;
#6646 = AXIS2_PLACEMENT_3D ( 'NONE', #5048, #8206, #4277 ) ;
#6647 = ORIENTED_EDGE ( 'NONE', *, *, #2079, .T. ) ;
#6648 = DIRECTION ( 'NONE',  ( -0.000000000000000000, -0.000000000000000000, -1.000000000000000000 ) ) ;
#6649 = DIRECTION ( 'NONE',  ( -0.000000000000000000, -0.000000000000000000, -1.000000000000000000 ) ) ;
#6650 = DIRECTION ( 'NONE',  ( 1.000000000000000000, 0.000000000000000000, 0.000000000000000000 ) ) ;
#6651 = AXIS2_PLACEMENT_3D ( 'NONE', #2670, #7391, #5322 ) ;
#6652 = ORIENTED_EDGE ( 'NONE', *, *, #2241, .F. ) ;
#6653 = CARTESIAN_POINT ( 'NONE',  ( -2.636643502869150169, 2.600000000000000089, -4.069579648282762641 ) ) ;
#6654 = VERTEX_POINT ( 'NONE', #6549 ) ;
#6655 = CARTESIAN_POINT ( 'NONE',  ( -4.594243124080021445, 0.3286215912326184152, 0.4299999999999998268 ) ) ;
#6656 = AXIS2_PLACEMENT_3D ( 'NONE', #607, #2720, #2628 ) ;
#6657 = EDGE_CURVE ( 'NONE', #595, #1802, #1396, .T. ) ;
#6658 = CARTESIAN_POINT ( 'NONE',  ( 4.589011388549212533, 0.2538042874631317170, -1.700000000000000622 ) ) ;
#6659 = AXIS2_PLACEMENT_3D ( 'NONE', #3359, #6008, #5448 ) ;
#6660 = DIRECTION ( 'NONE',  ( 0.000000000000000000, 1.000000000000000000, 0.000000000000000000 ) ) ;
#6661 = DIRECTION ( 'NONE',  ( -2.016181479920678149E-15, -1.000000000000000000, -0.000000000000000000 ) ) ;
#6662 = FACE_OUTER_BOUND ( 'NONE', #7069, .T. ) ;
#6663 = CARTESIAN_POINT ( 'NONE',  ( -3.943579639192182018, 1.292449942301011845, -1.700000000000000622 ) ) ;
#6664 = VERTEX_POINT ( 'NONE', #6040 ) ;
#6665 = EDGE_CURVE ( 'NONE', #4433, #7213, #29, .T. ) ;
#6666 = EDGE_CURVE ( 'NONE', #272, #170, #8013, .T. ) ;
#6667 = ORIENTED_EDGE ( 'NONE', *, *, #4340, .T. ) ;
#6668 = AXIS2_PLACEMENT_3D ( 'NONE', #4313, #7476, #2232 ) ;
#6669 = LINE ( 'NONE', #7272, #1635 ) ;
#6670 = AXIS2_PLACEMENT_3D ( 'NONE', #4031, #6021, #604 ) ;
#6671 = EDGE_CURVE ( 'NONE', #1803, #8079, #4648, .T. ) ;
#6672 = LINE ( 'NONE', #2120, #4816 ) ;
#6673 = ORIENTED_EDGE ( 'NONE', *, *, #7021, .F. ) ;
#6674 = VERTEX_POINT ( 'NONE', #719 ) ;
#6675 = DIRECTION ( 'NONE',  ( 0.9975640502598241977, 0.06975647374412544122, 0.000000000000000000 ) ) ;
#6676 = AXIS2_PLACEMENT_3D ( 'NONE', #8104, #1484, #7421 ) ;
#6677 = ORIENTED_EDGE ( 'NONE', *, *, #5935, .F. ) ;
#6678 = VERTEX_POINT ( 'NONE', #7283 ) ;
#6679 = AXIS2_PLACEMENT_3D ( 'NONE', #3650, #5571, #8101 ) ;
#6680 = PLANE ( 'NONE',  #2475 ) ;
#6681 = CARTESIAN_POINT ( 'NONE',  ( -3.943579639192182018, 1.292449942301011845, -3.380000000000000338 ) ) ;
#6682 = FACE_OUTER_BOUND ( 'NONE', #7196, .T. ) ;
#6683 = EDGE_LOOP ( 'NONE', ( #2789, #6397, #3954, #2136 ) ) ;
#6684 = CARTESIAN_POINT ( 'NONE',  ( -3.687973030627476501, 1.588512672022510896, 5.149154974055158540 ) ) ;
#6685 = AXIS2_PLACEMENT_3D ( 'NONE', #6238, #7403, #6283 ) ;
#6686 = CARTESIAN_POINT ( 'NONE',  ( 4.015772765614318729, 1.312776095340824734, -4.650000000000000355 ) ) ;
#6687 = VERTEX_POINT ( 'NONE', #1903 ) ;
#6688 = VERTEX_POINT ( 'NONE', #3956 ) ;
#6689 = CARTESIAN_POINT ( 'NONE',  ( -4.589011388549212533, 0.2538042874631317170, 3.379999999999999449 ) ) ;
#6690 = ADVANCED_FACE ( 'NONE', ( #624 ), #2649, .F. ) ;
#6691 = VECTOR ( 'NONE', #2861, 1000.000000000000000 ) ;
#6692 = CARTESIAN_POINT ( 'NONE',  ( 3.749992964849197641, 1.367449942301012022, -0.4300000000000007150 ) ) ;
#6693 = LINE ( 'NONE', #1535, #3148 ) ;
#6694 = VERTEX_POINT ( 'NONE', #4049 ) ;
#6695 = LINE ( 'NONE', #735, #1739 ) ;
#6696 = ORIENTED_EDGE ( 'NONE', *, *, #1597, .F. ) ;
#6697 = ORIENTED_EDGE ( 'NONE', *, *, #4472, .T. ) ;
#6698 = CARTESIAN_POINT ( 'NONE',  ( 0.000000000000000000, 2.500000000000000000, 4.869579648282763351 ) ) ;
#6699 = DIRECTION ( 'NONE',  ( -1.000000000000000000, 0.000000000000000000, 0.000000000000000000 ) ) ;
#6700 = CARTESIAN_POINT ( 'NONE',  ( 5.134995374447882455, 0.000000000000000000, -4.240000000000001101 ) ) ;
#6701 = SURFACE_STYLE_USAGE ( .BOTH. , #5280 ) ;
#6702 = EDGE_CURVE ( 'NONE', #973, #7547, #3438, .T. ) ;
#6703 = VERTEX_POINT ( 'NONE', #1349 ) ;
#6704 = DIRECTION ( 'NONE',  ( 0.9625750189617818808, 0.2710153738641505328, -0.000000000000000000 ) ) ;
#6705 = EDGE_CURVE ( 'NONE', #4214, #1784, #1440, .T. ) ;
#6706 = PRESENTATION_STYLE_ASSIGNMENT (( #4040 ) ) ;
#6707 = SURFACE_SIDE_STYLE ('',( #3997 ) ) ;
#6708 = CARTESIAN_POINT ( 'NONE',  ( 4.594243124080021445, 0.3286215912326184152, 4.240000000000000213 ) ) ;
#6709 = EDGE_LOOP ( 'NONE', ( #1911, #3733, #1939, #7456 ) ) ;
#6710 = ORIENTED_EDGE ( 'NONE', *, *, #5405, .F. ) ;
#6711 = ORIENTED_EDGE ( 'NONE', *, *, #1640, .F. ) ;
#6712 = PRESENTATION_STYLE_ASSIGNMENT (( #4084 ) ) ;
#6713 = VERTEX_POINT ( 'NONE', #5948 ) ;
#6714 = EDGE_LOOP ( 'NONE', ( #3358, #1754, #6879, #3607, #4984, #5608, #4565, #2288, #246, #5109, #4210, #716 ) ) ;
#6715 = CARTESIAN_POINT ( 'NONE',  ( -3.943579639192182018, 1.367449942301015131, -0.4300000000000007150 ) ) ;
#6716 = FACE_OUTER_BOUND ( 'NONE', #839, .T. ) ;
#6717 = EDGE_CURVE ( 'NONE', #5199, #5274, #109, .T. ) ;
#6718 = AXIS2_PLACEMENT_3D ( 'NONE', #1564, #6121, #6162 ) ;
#6719 = CARTESIAN_POINT ( 'NONE',  ( 4.315000000000000391, 0.2500000000000000000, 2.109999999999999876 ) ) ;
#6720 = ADVANCED_FACE ( 'NONE', ( #2555 ), #5998, .T. ) ;
#6721 = DIRECTION ( 'NONE',  ( -1.000000000000000000, -2.016181479920678149E-15, 0.000000000000000000 ) ) ;
#6722 = ORIENTED_EDGE ( 'NONE', *, *, #7507, .T. ) ;
#6723 = CARTESIAN_POINT ( 'NONE',  ( -3.943579639192182018, 1.292449942301011845, 4.649999999999999467 ) ) ;
#6724 = CARTESIAN_POINT ( 'NONE',  ( -4.015772765614322282, 1.312776095340825622, -4.240000000000001101 ) ) ;
#6725 = ORIENTED_EDGE ( 'NONE', *, *, #6929, .T. ) ;
#6726 = AXIS2_PLACEMENT_3D ( 'NONE', #1321, #7905, #2581 ) ;
#6727 = ORIENTED_EDGE ( 'NONE', *, *, #2474, .F. ) ;
#6728 = DIRECTION ( 'NONE',  ( 0.06975647374412763391, 0.9975640502598240866, -0.000000000000000000 ) ) ;
#6729 = EDGE_CURVE ( 'NONE', #5945, #3680, #2462, .T. ) ;
#6730 = DIRECTION ( 'NONE',  ( -0.06975647374412764778, -0.9975640502598241977, 0.000000000000000000 ) ) ;
#6731 = CARTESIAN_POINT ( 'NONE',  ( 5.134995374447882455, 0.000000000000000000, 2.109999999999999876 ) ) ;
#6732 = ORIENTED_EDGE ( 'NONE', *, *, #1156, .T. ) ;
#6733 = FACE_OUTER_BOUND ( 'NONE', #2827, .T. ) ;
#6734 = ORIENTED_EDGE ( 'NONE', *, *, #2536, .F. ) ;
#6735 = ORIENTED_EDGE ( 'NONE', *, *, #2681, .T. ) ;
#6736 = DIRECTION ( 'NONE',  ( -0.000000000000000000, -0.000000000000000000, -1.000000000000000000 ) ) ;
#6737 = AXIS2_PLACEMENT_3D ( 'NONE', #8425, #2493, #5717 ) ;
#6738 = VECTOR ( 'NONE', #6130, 1000.000000000000000 ) ;
#6739 = EDGE_CURVE ( 'NONE', #918, #99, #2550, .T. ) ;
#6740 = CARTESIAN_POINT ( 'NONE',  ( 3.749997654931400248, 1.367483313969922953, -5.000968516274153508 ) ) ;
#6741 = VECTOR ( 'NONE', #6272, 1000.000000000000227 ) ;
#6742 = DIRECTION ( 'NONE',  ( 1.000000000000000000, 1.120120665500546074E-15, 0.000000000000000000 ) ) ;
#6743 = CIRCLE ( 'NONE', #8256, 0.07500000000000128786 ) ;
#6744 = CARTESIAN_POINT ( 'NONE',  ( -4.222822763272206181, 1.371071533533628317, -4.240000000000001101 ) ) ;
#6745 = CARTESIAN_POINT ( 'NONE',  ( 4.222822763272201740, 1.371071533533629649, 4.649999999999999467 ) ) ;
#6746 = CARTESIAN_POINT ( 'NONE',  ( -3.749992964849197641, 1.367449942301012022, 0.4299999999999998268 ) ) ;
#6747 = VECTOR ( 'NONE', #7361, 1000.000000000000000 ) ;
#6748 = VECTOR ( 'NONE', #2635, 1000.000000000000000 ) ;
#6749 = ORIENTED_EDGE ( 'NONE', *, *, #2762, .T. ) ;
#6750 = DIRECTION ( 'NONE',  ( 1.000000000000000000, 0.000000000000000000, 0.000000000000000000 ) ) ;
#6751 = CARTESIAN_POINT ( 'NONE',  ( 4.574006762997095521, 0.03922814513537039444, 3.379999999999999449 ) ) ;
#6752 = CIRCLE ( 'NONE', #4689, 0.2901001153979760883 ) ;
#6753 = CARTESIAN_POINT ( 'NONE',  ( -3.943579639192182018, 1.582550057698989043, 4.649999999999999467 ) ) ;
#6754 = CARTESIAN_POINT ( 'NONE',  ( 5.150000000000000355, 0.2145761423277614266, 0.8399999999999996358 ) ) ;
#6755 = VERTEX_POINT ( 'NONE', #69 ) ;
#6756 = PRESENTATION_STYLE_ASSIGNMENT (( #102 ) ) ;
#6757 = CARTESIAN_POINT ( 'NONE',  ( -4.574006762997095521, 0.03922814513537028341, -0.8400000000000005240 ) ) ;
#6758 = EDGE_CURVE ( 'NONE', #6075, #4663, #799, .T. ) ;
#6759 = EDGE_LOOP ( 'NONE', ( #4100, #5385, #4896, #146 ) ) ;
#6760 = EDGE_LOOP ( 'NONE', ( #5979, #6454, #518, #8545 ) ) ;
#6761 = AXIS2_PLACEMENT_3D ( 'NONE', #731, #4099, #162 ) ;
#6762 = DIRECTION ( 'NONE',  ( -0.000000000000000000, -0.000000000000000000, -1.000000000000000000 ) ) ;
#6763 = CARTESIAN_POINT ( 'NONE',  ( 3.749999999999999556, 1.582499999999971374, -5.000484260976134188 ) ) ;
#6764 = DIRECTION ( 'NONE',  ( 0.1378445374916254795, -0.9808148484639900300, -0.1378445374916255073 ) ) ;
#6765 = FACE_OUTER_BOUND ( 'NONE', #3478, .T. ) ;
#6766 = VERTEX_POINT ( 'NONE', #4743 ) ;
#6767 = CARTESIAN_POINT ( 'NONE',  ( 3.469579648282762108, 2.499999999999999556, 4.869579648282763351 ) ) ;
#6768 = ORIENTED_EDGE ( 'NONE', *, *, #1459, .T. ) ;
#6769 = CARTESIAN_POINT ( 'NONE',  ( 4.589011388549212533, 0.2538042874631317170, 3.379999999999999449 ) ) ;
#6770 = EDGE_CURVE ( 'NONE', #3344, #6645, #4700, .T. ) ;
#6771 = EDGE_CURVE ( 'NONE', #3549, #4862, #3915, .T. ) ;
#6772 = ORIENTED_EDGE ( 'NONE', *, *, #428, .T. ) ;
#6773 = LINE ( 'NONE', #4016, #5970 ) ;
#6774 = CARTESIAN_POINT ( 'NONE',  ( 3.749992964849198085, 1.582550057698988821, 4.649999999999999467 ) ) ;
#6775 = DIRECTION ( 'NONE',  ( -2.016181479920678149E-15, -1.000000000000000000, -0.000000000000000000 ) ) ;
#6776 = EDGE_LOOP ( 'NONE', ( #2420, #4692, #4127, #6986 ) ) ;
#6777 = CARTESIAN_POINT ( 'NONE',  ( -3.528687866222430358, 2.079423175727996398, 4.928687866222429825 ) ) ;
#6778 = ORIENTED_EDGE ( 'NONE', *, *, #5075, .T. ) ;
#6779 = ORIENTED_EDGE ( 'NONE', *, *, #3095, .F. ) ;
#6781 = EDGE_CURVE ( 'NONE', #1287, #3344, #5257, .T. ) ;
#6780 = FACE_OUTER_BOUND ( 'NONE', #2779, .T. ) ;
#6782 = VECTOR ( 'NONE', #8492, 999.9999999999998863 ) ;
#6783 = ADVANCED_FACE ( 'NONE', ( #1947 ), #3309, .F. ) ;
#6784 = LINE ( 'NONE', #5701, #4301 ) ;
#6785 = CARTESIAN_POINT ( 'NONE',  ( 3.943579639192182018, 1.292449942301011845, -4.650000000000000355 ) ) ;
#6786 = LINE ( 'NONE', #1890, #3899 ) ;
#6787 = LINE ( 'NONE', #5416, #7292 ) ;
#6788 = CLOSED_SHELL ( 'NONE', ( #7478, #3176, #6420, #2443, #8408, #7349, #6992, #2862, #6295, #4836, #6406, #5793, #8180, #4431 ) ) ;
#6789 = CARTESIAN_POINT ( 'NONE',  ( 4.589011388549212533, 0.2538042874631317170, -4.240000000000001101 ) ) ;
#6790 = VERTEX_POINT ( 'NONE', #1653 ) ;
#6791 = CARTESIAN_POINT ( 'NONE',  ( 3.943579639192182018, 1.367449942301011800, 0.8399999999999996358 ) ) ;
#6792 =( LENGTH_UNIT ( ) NAMED_UNIT ( * ) SI_UNIT ( .MILLI., .METRE. ) );
#6793 = ORIENTED_EDGE ( 'NONE', *, *, #3804, .F. ) ;
#6794 = AXIS2_PLACEMENT_3D ( 'NONE', #4890, #2523, #6559 ) ;
#6795 = ORIENTED_EDGE ( 'NONE', *, *, #3175, .T. ) ;
#6796 = EDGE_CURVE ( 'NONE', #4229, #5814, #6807, .T. ) ;
#6797 = DIRECTION ( 'NONE',  ( 0.06975647374412530244, -0.9975640502598243087, 0.000000000000000000 ) ) ;
#6798 = AXIS2_PLACEMENT_3D ( 'NONE', #8269, #6325, #3038 ) ;
#6799 = ORIENTED_EDGE ( 'NONE', *, *, #1312, .T. ) ;
#6800 = SURFACE_SIDE_STYLE ('',( #2123 ) ) ;
#6801 = CARTESIAN_POINT ( 'NONE',  ( 4.594243124080021445, 0.3286215912326184152, 3.379999999999999449 ) ) ;
#6802 = FACE_OUTER_BOUND ( 'NONE', #3489, .T. ) ;
#6803 = EDGE_LOOP ( 'NONE', ( #2697, #1442, #8524, #7035 ) ) ;
#6804 = AXIS2_PLACEMENT_3D ( 'NONE', #6975, #1652, #3682 ) ;
#6805 = DIRECTION ( 'NONE',  ( 1.000000000000000000, 2.891205793294679411E-15, 1.671814187836143479E-29 ) ) ;
#6806 = CARTESIAN_POINT ( 'NONE',  ( 4.594243124080021445, 0.3286215912326184152, -1.700000000000000622 ) ) ;
#6807 = LINE ( 'NONE', #6936, #5799 ) ;
#6808 = DIRECTION ( 'NONE',  ( -0.000000000000000000, -0.000000000000000000, -1.000000000000000000 ) ) ;
#6809 = EDGE_LOOP ( 'NONE', ( #959, #1520, #4706, #4657 ) ) ;
#6810 = CARTESIAN_POINT ( 'NONE',  ( 4.015772765614318729, 1.312776095340824734, 2.109999999999999876 ) ) ;
#6811 = EDGE_CURVE ( 'NONE', #1134, #2176, #1523, .T. ) ;
#6812 = LINE ( 'NONE', #6132, #4326 ) ;
#6813 = VECTOR ( 'NONE', #8301, 1000.000000000000000 ) ;
#6814 = ORIENTED_EDGE ( 'NONE', *, *, #4035, .T. ) ;
#6815 = DIRECTION ( 'NONE',  ( -1.000000000000000000, 0.000000000000000000, 0.000000000000000000 ) ) ;
#6816 = PRESENTATION_LAYER_ASSIGNMENT (  '', '', ( #4607 ) ) ;
#6817 = CARTESIAN_POINT ( 'NONE',  ( 4.594243124080021445, 0.3286215912326184152, -3.380000000000000338 ) ) ;
#6818 = ADVANCED_FACE ( 'NONE', ( #922 ), #6248, .F. ) ;
#6819 = CIRCLE ( 'NONE', #3371, 0.2901001153979764768 ) ;
#6820 = ORIENTED_EDGE ( 'NONE', *, *, #2908, .F. ) ;
#6821 = DIRECTION ( 'NONE',  ( 0.000000000000000000, -0.9902680687415710281, 0.1391731009600603308 ) ) ;
#6822 = ADVANCED_FACE ( 'NONE', ( #4296 ), #5439, .F. ) ;
#6823 = ORIENTED_EDGE ( 'NONE', *, *, #6387, .T. ) ;
#6824 = VERTEX_POINT ( 'NONE', #319 ) ;
#6825 = FACE_OUTER_BOUND ( 'NONE', #7792, .T. ) ;
#6826 = CYLINDRICAL_SURFACE ( 'NONE', #8431, 0.2901001153979764768 ) ;
#6827 = CIRCLE ( 'NONE', #1147, 0.07500000000000300870 ) ;
#6828 = CARTESIAN_POINT ( 'NONE',  ( 3.749992964849198085, 1.582550057698988821, 1.700000000000000178 ) ) ;
#6829 = FACE_OUTER_BOUND ( 'NONE', #8321, .T. ) ;
#6830 = FACE_OUTER_BOUND ( 'NONE', #2517, .T. ) ;
#6831 = ADVANCED_FACE ( 'NONE', ( #3649 ), #200, .T. ) ;
#6832 = LINE ( 'NONE', #5550, #2375 ) ;
#6833 = VERTEX_POINT ( 'NONE', #2170 ) ;
#6834 = CARTESIAN_POINT ( 'NONE',  ( -4.574006762997095521, 0.03922814513537028341, 0.8399999999999996358 ) ) ;
#6835 = ORIENTED_EDGE ( 'NONE', *, *, #50, .T. ) ;
#6836 = ORIENTED_EDGE ( 'NONE', *, *, #2044, .F. ) ;
#6837 = EDGE_CURVE ( 'NONE', #4198, #4393, #4913, .T. ) ;
#6838 = DIRECTION ( 'NONE',  ( 0.2710153738641504773, 0.9625750189617817698, 0.000000000000000000 ) ) ;
#6839 = CARTESIAN_POINT ( 'NONE',  ( 3.749992964849198085, 1.582550057698988821, -4.240000000000001101 ) ) ;
#6840 = EDGE_LOOP ( 'NONE', ( #4510, #3635, #1247, #8082, #6112, #4345, #3265, #3170 ) ) ;
#6841 = VERTEX_POINT ( 'NONE', #7462 ) ;
#6842 = EDGE_CURVE ( 'NONE', #6035, #6471, #4952, .T. ) ;
#6843 = DIRECTION ( 'NONE',  ( 0.000000000000000000, 0.000000000000000000, 1.000000000000000000 ) ) ;
#6844 = LINE ( 'NONE', #4333, #4860 ) ;
#6845 = VERTEX_POINT ( 'NONE', #2216 ) ;
#6846 = SPHERICAL_SURFACE ( 'NONE', #5204, 0.1499999999999999944 ) ;
#6847 = PLANE ( 'NONE',  #2365 ) ;
#6848 = DIRECTION ( 'NONE',  ( -0.000000000000000000, -0.000000000000000000, -1.000000000000000000 ) ) ;
#6849 = LINE ( 'NONE', #2831, #5152 ) ;
#6850 = LINE ( 'NONE', #884, #3140 ) ;
#6851 = LINE ( 'NONE', #4917, #6953 ) ;
#6852 = ORIENTED_EDGE ( 'NONE', *, *, #4079, .T. ) ;
#6853 = LINE ( 'NONE', #7627, #2290 ) ;
#6854 = AXIS2_PLACEMENT_3D ( 'NONE', #1319, #4579, #6613 ) ;
#6855 = DIRECTION ( 'NONE',  ( 1.000000000000000000, 4.023780757665118291E-16, -2.863068777260368533E-15 ) ) ;
#6856 = FILL_AREA_STYLE_COLOUR ( '', #5374 ) ;
#6857 = ORIENTED_EDGE ( 'NONE', *, *, #5073, .F. ) ;
#6858 = DIRECTION ( 'NONE',  ( 0.2710153738641504773, -0.9625750189617817698, -0.000000000000000000 ) ) ;
#6859 = EDGE_LOOP ( 'NONE', ( #4185, #5487, #7305, #5903 ) ) ;
#6860 = ORIENTED_EDGE ( 'NONE', *, *, #7145, .T. ) ;
#6861 = CARTESIAN_POINT ( 'NONE',  ( 4.589011388549212533, 0.2538042874631317170, -2.970000000000000639 ) ) ;
#6862 = VECTOR ( 'NONE', #1877, 1000.000000000000227 ) ;
#6863 = VECTOR ( 'NONE', #1180, 1000.000000000000000 ) ;
#6864 = CARTESIAN_POINT ( 'NONE',  ( 5.150000000000000355, 0.2145761423277614266, -0.4300000000000007150 ) ) ;
#6865 = EDGE_CURVE ( 'NONE', #8384, #7443, #7415, .T. ) ;
#6866 = DIRECTION ( 'NONE',  ( 0.000000000000000000, 0.000000000000000000, 1.000000000000000000 ) ) ;
#6867 = CARTESIAN_POINT ( 'NONE',  ( 4.589011388549212533, 0.2538042874631317170, -2.110000000000000320 ) ) ;
#6868 = LINE ( 'NONE', #2278, #6741 ) ;
#6869 = LINE ( 'NONE', #4155, #318 ) ;
#6870 = ORIENTED_EDGE ( 'NONE', *, *, #4003, .T. ) ;
#6871 = AXIS2_PLACEMENT_3D ( 'NONE', #344, #2983, #4804 ) ;
#6872 = LINE ( 'NONE', #991, #3556 ) ;
#6873 = VECTOR ( 'NONE', #7082, 1000.000000000000000 ) ;
#6874 = ORIENTED_EDGE ( 'NONE', *, *, #2516, .T. ) ;
#6875 = ADVANCED_FACE ( 'NONE', ( #7502 ), #2874, .F. ) ;
#6876 = AXIS2_PLACEMENT_3D ( 'NONE', #6220, #2932, #5404 ) ;
#6877 = ADVANCED_FACE ( 'NONE', ( #3565 ), #4872, .F. ) ;
#6878 = CIRCLE ( 'NONE', #2441, 0.1499999999999999667 ) ;
#6879 = ORIENTED_EDGE ( 'NONE', *, *, #5289, .F. ) ;
#6880 = CARTESIAN_POINT ( 'NONE',  ( -3.943579639192182018, 1.292449942301011845, -1.700000000000000622 ) ) ;
#6881 = SURFACE_STYLE_FILL_AREA ( #1599 ) ;
#6882 = CARTESIAN_POINT ( 'NONE',  ( -4.589011388549212533, 0.2538042874631301071, -3.380000000000000338 ) ) ;
#6883 = AXIS2_PLACEMENT_3D ( 'NONE', #4592, #60, #2028 ) ;
#6884 = CIRCLE ( 'NONE', #807, 0.2901001153979764768 ) ;
#6885 = ORIENTED_EDGE ( 'NONE', *, *, #2693, .F. ) ;
#6886 = VECTOR ( 'NONE', #5112, 1000.000000000000000 ) ;
#6887 = ORIENTED_EDGE ( 'NONE', *, *, #7991, .F. ) ;
#6888 = ADVANCED_FACE ( 'NONE', ( #4780 ), #8144, .F. ) ;
#6889 = EDGE_CURVE ( 'NONE', #4000, #7971, #4134, .T. ) ;
#6890 = LINE ( 'NONE', #8137, #7809 ) ;
#6891 = CARTESIAN_POINT ( 'NONE',  ( 3.601452754537959322, 1.367449942301005805, -5.149992964849196220 ) ) ;
#6892 = ORIENTED_EDGE ( 'NONE', *, *, #5047, .T. ) ;
#6893 = AXIS2_PLACEMENT_3D ( 'NONE', #1559, #3551, #1511 ) ;
#6894 = DIRECTION ( 'NONE',  ( -0.000000000000000000, -0.000000000000000000, -1.000000000000000000 ) ) ;
#6895 = LINE ( 'NONE', #5438, #4047 ) ;
#6896 = VECTOR ( 'NONE', #5009, 1000.000000000000227 ) ;
#6897 = LINE ( 'NONE', #968, #5657 ) ;
#6898 = ADVANCED_FACE ( 'NONE', ( #8100 ), #4827, .T. ) ;
#6899 = CARTESIAN_POINT ( 'NONE',  ( 4.589011388549212533, 0.2538042874631317170, 2.969999999999999751 ) ) ;
#6900 = CARTESIAN_POINT ( 'NONE',  ( 5.134995374447882455, 0.000000000000000000, -0.4300000000000007150 ) ) ;
#6901 = LINE ( 'NONE', #4875, #5450 ) ;
#6902 = VECTOR ( 'NONE', #5493, 1000.000000000000000 ) ;
#6903 = VERTEX_POINT ( 'NONE', #2258 ) ;
#6904 = CARTESIAN_POINT ( 'NONE',  ( 3.749992964849198085, 1.582550057698988821, 2.109999999999999876 ) ) ;
#6905 = LINE ( 'NONE', #8281, #8127 ) ;
#6906 = AXIS2_PLACEMENT_3D ( 'NONE', #8223, #3610, #8057 ) ;
#6907 = EDGE_CURVE ( 'NONE', #1580, #4470, #6897, .T. ) ;
#6908 = VERTEX_POINT ( 'NONE', #3167 ) ;
#6909 = DIRECTION ( 'NONE',  ( -2.016181479920678149E-15, 1.000000000000000000, 0.000000000000000000 ) ) ;
#6910 = EDGE_LOOP ( 'NONE', ( #1450, #2452, #4727, #2149 ) ) ;
#6911 = VERTEX_POINT ( 'NONE', #441 ) ;
#6912 = CARTESIAN_POINT ( 'NONE',  ( -3.749992964849198085, 1.582550057698988821, 4.240000000000000213 ) ) ;
#6913 = DIRECTION ( 'NONE',  ( -0.000000000000000000, -0.000000000000000000, -1.000000000000000000 ) ) ;
#6914 = DIRECTION ( 'NONE',  ( 0.06975647374412545509, 0.9975640502598243087, -0.000000000000000000 ) ) ;
#6915 = DIRECTION ( 'NONE',  ( -0.9975640502598241977, 0.06975647374412528856, -0.000000000000000000 ) ) ;
#6916 = CARTESIAN_POINT ( 'NONE',  ( -4.315000000000000391, 0.2500000000000000000, 4.649999999999999467 ) ) ;
#6917 = CARTESIAN_POINT ( 'NONE',  ( 3.943579639192182018, 1.367449942301011800, -2.110000000000000320 ) ) ;
#6918 = ORIENTED_EDGE ( 'NONE', *, *, #7752, .T. ) ;
#6919 = DIRECTION ( 'NONE',  ( 1.000000000000000000, -1.120120665500546074E-15, -0.000000000000000000 ) ) ;
#6920 = AXIS2_PLACEMENT_3D ( 'NONE', #7790, #8401, #7705 ) ;
#6921 = CARTESIAN_POINT ( 'NONE',  ( -3.749992964849198085, 1.582550057698988821, 2.969999999999999751 ) ) ;
#6922 = EDGE_CURVE ( 'NONE', #6841, #2058, #7656, .T. ) ;
#6923 = AXIS2_PLACEMENT_3D ( 'NONE', #6994, #3666, #8244 ) ;
#6924 = ORIENTED_EDGE ( 'NONE', *, *, #418, .T. ) ;
#6925 = CLOSED_SHELL ( 'NONE', ( #6603, #5670, #368, #636, #3796, #7185, #8352, #7532, #2531, #5912, #5185, #4940, #4516, #1049 ) ) ;
#6926 = DIRECTION ( 'NONE',  ( 0.000000000000000000, 0.000000000000000000, -1.000000000000000000 ) ) ;
#6927 = EDGE_CURVE ( 'NONE', #7837, #3779, #6614, .T. ) ;
#6928 = VECTOR ( 'NONE', #6225, 1000.000000000000114 ) ;
#6929 = EDGE_CURVE ( 'NONE', #5465, #6205, #2997, .T. ) ;
#6930 = ORIENTED_EDGE ( 'NONE', *, *, #7596, .F. ) ;
#6931 = AXIS2_PLACEMENT_3D ( 'NONE', #3377, #1377, #2541 ) ;
#6932 = CARTESIAN_POINT ( 'NONE',  ( 5.150000000000000355, 0.2145761423277614266, 4.649999999999999467 ) ) ;
#6933 = VERTEX_POINT ( 'NONE', #3085 ) ;
#6934 = AXIS2_PLACEMENT_3D ( 'NONE', #1785, #3789, #6427 ) ;
#6935 = DIRECTION ( 'NONE',  ( -0.000000000000000000, -0.000000000000000000, -1.000000000000000000 ) ) ;
#6936 = CARTESIAN_POINT ( 'NONE',  ( 4.015772765614318729, 1.312776095340824734, -2.970000000000000639 ) ) ;
#6937 = CYLINDRICAL_SURFACE ( 'NONE', #324, 0.1499999999999999667 ) ;
#6938 = CARTESIAN_POINT ( 'NONE',  ( -3.469579648282762996, 0.4500000000000000111, -4.869579648282763351 ) ) ;
#6939 =( BOUNDED_CURVE ( )  B_SPLINE_CURVE ( 3, ( #7589, #6219, #7426, #6298 ),
 .UNSPECIFIED., .F., .T. ) 
 B_SPLINE_CURVE_WITH_KNOTS ( ( 4, 4 ),
 ( 6.273500125511117353, 6.283185307179586232 ),
 .UNSPECIFIED. ) 
 CURVE ( )  GEOMETRIC_REPRESENTATION_ITEM ( )  RATIONAL_B_SPLINE_CURVE ( ( 1.000000000000000000, 0.9999921831199466427, 0.9999921831199466427, 1.000000000000000000 ) ) 
 REPRESENTATION_ITEM ( '' )  );
#6940 = PLANE ( 'NONE',  #5304 ) ;
#6941 = CIRCLE ( 'NONE', #5702, 0.07500000000000128786 ) ;
#6942 = ORIENTED_EDGE ( 'NONE', *, *, #5469, .T. ) ;
#6943 = LINE ( 'NONE', #1016, #5060 ) ;
#6944 = DIRECTION ( 'NONE',  ( 1.000000000000000000, 0.000000000000000000, -0.000000000000000000 ) ) ;
#6945 = AXIS2_PLACEMENT_3D ( 'NONE', #1624, #853, #7432 ) ;
#6946 = ORIENTED_EDGE ( 'NONE', *, *, #8298, .T. ) ;
#6947 = CARTESIAN_POINT ( 'NONE',  ( -3.749992964849198085, 1.582550057698988821, -2.970000000000000639 ) ) ;
#6948 = EDGE_LOOP ( 'NONE', ( #4065, #7643, #4239, #5356 ) ) ;
#6949 = VERTEX_POINT ( 'NONE', #2501 ) ;
#6950 = UNCERTAINTY_MEASURE_WITH_UNIT (LENGTH_MEASURE( 1.000000000000000082E-05 ), #5618, 'distance_accuracy_value', 'NONE');
#6951 = CIRCLE ( 'NONE', #8193, 0.2901001153979764768 ) ;
#6952 = CARTESIAN_POINT ( 'NONE',  ( -4.315000000000000391, 0.2499999999999998890, -4.240000000000001101 ) ) ;
#6953 = VECTOR ( 'NONE', #4220, 1000.000000000000000 ) ;
#6954 = PLANE ( 'NONE',  #8026 ) ;
#6955 = EDGE_CURVE ( 'NONE', #3054, #1997, #1199, .T. ) ;
#6956 = VECTOR ( 'NONE', #4092, 1000.000000000000000 ) ;
#6957 = CYLINDRICAL_SURFACE ( 'NONE', #1791, 0.1499999999999998002 ) ;
#6958 = CARTESIAN_POINT ( 'NONE',  ( -3.749992964849197641, 1.367449942301012022, -2.970000000000000639 ) ) ;
#6959 = CARTESIAN_POINT ( 'NONE',  ( 3.599972658955195914, 2.649999999999999911, 0.000000000000000000 ) ) ;
#6960 = LINE ( 'NONE', #2557, #197 ) ;
#6961 = ORIENTED_EDGE ( 'NONE', *, *, #5075, .F. ) ;
#6962 = CARTESIAN_POINT ( 'NONE',  ( -3.749992964849197641, 1.367449942301012022, -2.970000000000000639 ) ) ;
#6963 = CARTESIAN_POINT ( 'NONE',  ( 4.222822763272201740, 1.371071533533629649, 1.700000000000000178 ) ) ;
#6964 = VECTOR ( 'NONE', #7189, 1000.000000000000114 ) ;
#6965 = VERTEX_POINT ( 'NONE', #5727 ) ;
#6966 = EDGE_CURVE ( 'NONE', #8444, #5561, #2337, .T. ) ;
#6967 = DIRECTION ( 'NONE',  ( -0.000000000000000000, -0.000000000000000000, -1.000000000000000000 ) ) ;
#6968 = SURFACE_SIDE_STYLE ('',( #6881 ) ) ;
#6969 = FACE_OUTER_BOUND ( 'NONE', #4614, .T. ) ;
#6970 = ORIENTED_EDGE ( 'NONE', *, *, #4283, .F. ) ;
#6971 = PLANE ( 'NONE',  #6854 ) ;
#6972 = DIRECTION ( 'NONE',  ( 0.000000000000000000, 0.000000000000000000, 1.000000000000000000 ) ) ;
#6973 = ORIENTED_EDGE ( 'NONE', *, *, #7376, .T. ) ;
#6974 = EDGE_CURVE ( 'NONE', #1257, #6069, #5032, .T. ) ;
#6975 = CARTESIAN_POINT ( 'NONE',  ( -3.943579639192182018, 1.292449942301011845, 4.240000000000000213 ) ) ;
#6976 = CYLINDRICAL_SURFACE ( 'NONE', #2322, 0.2901001153979764768 ) ;
#6977 = CARTESIAN_POINT ( 'NONE',  ( -5.150000000000000355, 0.2145761423277614266, -2.970000000000000639 ) ) ;
#6978 = DIRECTION ( 'NONE',  ( -1.000000000000000000, 0.000000000000000000, 5.782411586589358033E-15 ) ) ;
#6979 = CARTESIAN_POINT ( 'NONE',  ( 5.134995374447882455, 0.000000000000000000, 3.379999999999999449 ) ) ;
#6980 = ORIENTED_EDGE ( 'NONE', *, *, #4762, .F. ) ;
#6981 = LINE ( 'NONE', #3691, #783 ) ;
#6982 = EDGE_CURVE ( 'NONE', #1272, #7955, #525, .T. ) ;
#6983 = ADVANCED_FACE ( 'NONE', ( #1849 ), #8311, .T. ) ;
#6984 = CARTESIAN_POINT ( 'NONE',  ( 4.315000000000000391, 0.2500000000000000000, -4.240000000000001101 ) ) ;
#6985 =( BOUNDED_CURVE ( )  B_SPLINE_CURVE ( 3, ( #274, #1001, #7577, #7408 ),
 .UNSPECIFIED., .F., .T. ) 
 B_SPLINE_CURVE_WITH_KNOTS ( ( 4, 4 ),
 ( 3.141592653589793116, 3.151277835258265103 ),
 .UNSPECIFIED. ) 
 CURVE ( )  GEOMETRIC_REPRESENTATION_ITEM ( )  RATIONAL_B_SPLINE_CURVE ( ( 1.000000000000000000, 0.9999921831199466427, 0.9999921831199466427, 1.000000000000000000 ) ) 
 REPRESENTATION_ITEM ( '' )  );
#6986 = ORIENTED_EDGE ( 'NONE', *, *, #8247, .T. ) ;
#6987 = DIRECTION ( 'NONE',  ( 0.2710153738641504773, 0.9625750189617817698, 0.000000000000000000 ) ) ;
#6988 = VERTEX_POINT ( 'NONE', #6291 ) ;
#6989 = ORIENTED_EDGE ( 'NONE', *, *, #2361, .T. ) ;
#6990 = DIRECTION ( 'NONE',  ( -0.06975647374412530244, -0.9975640502598243087, 0.000000000000000000 ) ) ;
#6991 = PRODUCT_DEFINITION_SHAPE ( 'NONE', 'NONE',  #848 ) ;
#6992 = ADVANCED_FACE ( 'NONE', ( #482 ), #6976, .T. ) ;
#6993 = DIRECTION ( 'NONE',  ( -0.000000000000000000, -0.000000000000000000, -1.000000000000000000 ) ) ;
#6994 = CARTESIAN_POINT ( 'NONE',  ( 4.594243124080021445, 0.3286215912326184152, -4.240000000000001101 ) ) ;
#6995 = DIRECTION ( 'NONE',  ( -0.000000000000000000, -0.000000000000000000, -1.000000000000000000 ) ) ;
#6996 = LINE ( 'NONE', #2437, #1193 ) ;
#6997 = VECTOR ( 'NONE', #8340, 1000.000000000000000 ) ;
#6998 = CARTESIAN_POINT ( 'NONE',  ( -3.943579639192182018, 1.292449942301011845, -1.700000000000000622 ) ) ;
#6999 = ORIENTED_EDGE ( 'NONE', *, *, #501, .T. ) ;
#7000 = FACE_OUTER_BOUND ( 'NONE', #2488, .T. ) ;
#7001 = EDGE_CURVE ( 'NONE', #794, #867, #355, .T. ) ;
#7002 = CARTESIAN_POINT ( 'NONE',  ( -3.943579639192182018, 1.367449942301011800, 2.969999999999999751 ) ) ;
#7003 = ORIENTED_EDGE ( 'NONE', *, *, #6955, .T. ) ;
#7004 = CIRCLE ( 'NONE', #3001, 0.1500000000000000222 ) ;
#7005 = DIRECTION ( 'NONE',  ( 0.000000000000000000, -0.000000000000000000, 1.000000000000000000 ) ) ;
#7006 = DIRECTION ( 'NONE',  ( 1.000000000000000000, 0.000000000000000000, 0.000000000000000000 ) ) ;
#7007 = LINE ( 'NONE', #5719, #610 ) ;
#7008 = ORIENTED_EDGE ( 'NONE', *, *, #2650, .T. ) ;
#7009 = AXIS2_PLACEMENT_3D ( 'NONE', #5507, #949, #4157 ) ;
#7010 = AXIS2_PLACEMENT_3D ( 'NONE', #2175, #4746, #7378 ) ;
#7011 = DIRECTION ( 'NONE',  ( 1.000000000000000000, 0.000000000000000000, 0.000000000000000000 ) ) ;
#7012 = ORIENTED_EDGE ( 'NONE', *, *, #6622, .T. ) ;
#7013 = ORIENTED_EDGE ( 'NONE', *, *, #6907, .T. ) ;
#7014 = LINE ( 'NONE', #6368, #440 ) ;
#7015 = VECTOR ( 'NONE', #1634, 1000.000000000000227 ) ;
#7016 = DIRECTION ( 'NONE',  ( 0.06975647374412763391, 0.9975640502598240866, -0.000000000000000000 ) ) ;
#7017 = VECTOR ( 'NONE', #5428, 1000.000000000000000 ) ;
#7018 = DIRECTION ( 'NONE',  ( -0.000000000000000000, -0.000000000000000000, -1.000000000000000000 ) ) ;
#7019 = CARTESIAN_POINT ( 'NONE',  ( 4.222822763272201740, 1.371071533533629649, -2.110000000000000320 ) ) ;
#7020 = DIRECTION ( 'NONE',  ( 0.000000000000000000, 0.000000000000000000, 1.000000000000000000 ) ) ;
#7021 = EDGE_CURVE ( 'NONE', #7443, #5814, #3989, .T. ) ;
#7022 =( GEOMETRIC_REPRESENTATION_CONTEXT ( 3 ) GLOBAL_UNCERTAINTY_ASSIGNED_CONTEXT ( ( #455 ) ) GLOBAL_UNIT_ASSIGNED_CONTEXT ( ( #8260, #3639, #997 ) ) REPRESENTATION_CONTEXT ( 'NONE', 'WORKASPACE' ) );
#7023 = VERTEX_POINT ( 'NONE', #8271 ) ;
#7024 = DIRECTION ( 'NONE',  ( -0.000000000000000000, -0.000000000000000000, -1.000000000000000000 ) ) ;
#7025 = CARTESIAN_POINT ( 'NONE',  ( 3.943579639192182018, 1.582550057698989043, 2.109999999999999876 ) ) ;
#7026 = DIRECTION ( 'NONE',  ( -0.000000000000000000, -1.000000000000000000, -0.000000000000000000 ) ) ;
#7027 = FILL_AREA_STYLE ('',( #3901 ) ) ;
#7028 = ORIENTED_EDGE ( 'NONE', *, *, #8400, .F. ) ;
#7029 = FACE_OUTER_BOUND ( 'NONE', #5615, .T. ) ;
#7030 = AXIS2_PLACEMENT_3D ( 'NONE', #1867, #6429, #3750 ) ;
#7031 = EDGE_CURVE ( 'NONE', #8264, #3174, #4418, .T. ) ;
#7032 = CARTESIAN_POINT ( 'NONE',  ( -2.636643502869150169, 2.600000000000000089, -4.669579648282762285 ) ) ;
#7033 = EDGE_CURVE ( 'NONE', #4862, #6384, #7620, .T. ) ;
#7034 = ORIENTED_EDGE ( 'NONE', *, *, #3940, .F. ) ;
#7035 = ORIENTED_EDGE ( 'NONE', *, *, #430, .T. ) ;
#7036 = DIRECTION ( 'NONE',  ( -0.000000000000000000, -0.000000000000000000, -1.000000000000000000 ) ) ;
#7037 = AXIS2_PLACEMENT_3D ( 'NONE', #449, #6419, #537 ) ;
#7038 = DIRECTION ( 'NONE',  ( 1.120120665500548440E-15, -1.000000000000000000, 0.000000000000000000 ) ) ;
#7039 = DIRECTION ( 'NONE',  ( -1.000000000000000000, 0.000000000000000000, 0.000000000000000000 ) ) ;
#7040 = CARTESIAN_POINT ( 'NONE',  ( -4.522049997657885179, 0.3082954381928062482, -3.380000000000000338 ) ) ;
#7041 = ADVANCED_FACE ( 'NONE', ( #3121 ), #5761, .F. ) ;
#7042 = ORIENTED_EDGE ( 'NONE', *, *, #8002, .T. ) ;
#7043 = DIRECTION ( 'NONE',  ( -1.120120665500548440E-15, -1.000000000000000000, 0.000000000000000000 ) ) ;
#7044 = ADVANCED_FACE ( 'NONE', ( #1807 ), #7101, .F. ) ;
#7045 = CARTESIAN_POINT ( 'NONE',  ( 3.749992964849198085, 1.582550057698988821, -3.380000000000000338 ) ) ;
#7046 = VERTEX_POINT ( 'NONE', #6327 ) ;
#7047 = DIRECTION ( 'NONE',  ( -0.1378445374916254795, -0.9808148484639900300, 0.1378445374916255073 ) ) ;
#7048 = VECTOR ( 'NONE', #5256, 1000.000000000000114 ) ;
#7049 = DIRECTION ( 'NONE',  ( -1.000000000000000000, 0.000000000000000000, 0.000000000000000000 ) ) ;
#7050 = FACE_OUTER_BOUND ( 'NONE', #7818, .T. ) ;
#7051 = SURFACE_STYLE_FILL_AREA ( #2331 ) ;
#7052 = ORIENTED_EDGE ( 'NONE', *, *, #7662, .F. ) ;
#7053 = VECTOR ( 'NONE', #2941, 1000.000000000000000 ) ;
#7054 = ORIENTED_EDGE ( 'NONE', *, *, #6249, .F. ) ;
#7055 = EDGE_CURVE ( 'NONE', #6633, #4757, #3684, .T. ) ;
#7056 = CARTESIAN_POINT ( 'NONE',  ( -4.315000000000000391, 0.2499999999999998890, 1.700000000000000178 ) ) ;
#7057 = AXIS2_PLACEMENT_3D ( 'NONE', #1041, #7652, #8138 ) ;
#7058 = DIRECTION ( 'NONE',  ( -0.2710153738641504773, -0.9625750189617817698, 0.000000000000000000 ) ) ;
#7059 = PLANE ( 'NONE',  #3376 ) ;
#7060 = DIRECTION ( 'NONE',  ( -0.000000000000000000, -0.000000000000000000, -1.000000000000000000 ) ) ;
#7061 = ORIENTED_EDGE ( 'NONE', *, *, #2272, .F. ) ;
#7062 = CARTESIAN_POINT ( 'NONE',  ( -3.528687866222430358, 2.100299140872005754, -5.077228076533665480 ) ) ;
#7063 = AXIS2_PLACEMENT_3D ( 'NONE', #7339, #2753, #1405 ) ;
#7064 = ORIENTED_EDGE ( 'NONE', *, *, #6047, .T. ) ;
#7065 = ORIENTED_EDGE ( 'NONE', *, *, #6146, .F. ) ;
#7066 = CARTESIAN_POINT ( 'NONE',  ( -4.594243124080021445, 0.3286215912326184152, -3.380000000000000338 ) ) ;
#7067 = DIRECTION ( 'NONE',  ( 0.000000000000000000, 0.000000000000000000, 1.000000000000000000 ) ) ;
#7068 = EDGE_CURVE ( 'NONE', #7371, #101, #3437, .T. ) ;
#7069 = EDGE_LOOP ( 'NONE', ( #8218, #2481, #4055, #5191 ) ) ;
#7070 = CARTESIAN_POINT ( 'NONE',  ( -3.943579639192182018, 1.292449942301011845, -0.4300000000000007150 ) ) ;
#7071 = ORIENTED_EDGE ( 'NONE', *, *, #5485, .F. ) ;
#7072 = AXIS2_PLACEMENT_3D ( 'NONE', #3946, #1331, #4636 ) ;
#7073 = CARTESIAN_POINT ( 'NONE',  ( -3.749992964849198085, 1.582550057698988821, 4.240000000000000213 ) ) ;
#7074 = ORIENTED_EDGE ( 'NONE', *, *, #222, .T. ) ;
#7075 = ORIENTED_EDGE ( 'NONE', *, *, #4561, .T. ) ;
#7076 = DIRECTION ( 'NONE',  ( -2.016181479920678149E-15, -1.000000000000000000, -0.000000000000000000 ) ) ;
#7077 = CARTESIAN_POINT ( 'NONE',  ( 5.134995374447882455, 0.000000000000000000, -1.700000000000000622 ) ) ;
#7078 = DIRECTION ( 'NONE',  ( -0.9975640502598241977, 0.06975647374412764778, 0.000000000000000000 ) ) ;
#7079 = EDGE_CURVE ( 'NONE', #6687, #1864, #5245, .T. ) ;
#7080 = DIRECTION ( 'NONE',  ( 1.000000000000000000, 0.000000000000000000, 0.000000000000000000 ) ) ;
#7081 = ORIENTED_EDGE ( 'NONE', *, *, #6113, .T. ) ;
#7082 = DIRECTION ( 'NONE',  ( -0.000000000000000000, -0.000000000000000000, -1.000000000000000000 ) ) ;
#7083 = ORIENTED_EDGE ( 'NONE', *, *, #5128, .F. ) ;
#7084 = CARTESIAN_POINT ( 'NONE',  ( 4.574006762997095521, 0.03922814513537039444, 0.8399999999999996358 ) ) ;
#7085 = ORIENTED_EDGE ( 'NONE', *, *, #8036, .T. ) ;
#7086 = AXIS2_PLACEMENT_3D ( 'NONE', #2859, #8045, #3470 ) ;
#7087 = ORIENTED_EDGE ( 'NONE', *, *, #168, .F. ) ;
#7088 = ADVANCED_FACE ( 'NONE', ( #3295 ), #6579, .F. ) ;
#7089 = DIRECTION ( 'NONE',  ( 1.000000000000000000, 2.891205793294678228E-15, 1.671814187836142358E-29 ) ) ;
#7090 = EDGE_CURVE ( 'NONE', #6069, #1119, #5983, .T. ) ;
#7091 = COLOUR_RGB ( '',0.8000000000000000444, 0.8078431372549019773, 0.8000000000000000444 ) ;
#7092 = DIRECTION ( 'NONE',  ( 0.06975647374412763391, -0.9975640502598240866, 0.000000000000000000 ) ) ;
#7093 = CIRCLE ( 'NONE', #7372, 0.2901001153979764768 ) ;
#7094 = SURFACE_STYLE_USAGE ( .BOTH. , #4499 ) ;
#7095 = EDGE_LOOP ( 'NONE', ( #3783, #4697, #2882, #1227 ) ) ;
#7096 = EDGE_LOOP ( 'NONE', ( #5497, #667, #1700, #1431 ) ) ;
#7097 = ORIENTED_EDGE ( 'NONE', *, *, #3849, .F. ) ;
#7098 = EDGE_CURVE ( 'NONE', #1257, #6988, #5889, .T. ) ;
#7099 = STYLED_ITEM ( 'NONE', ( #7919 ), #8242 ) ;
#7100 = PLANE ( 'NONE',  #4876 ) ;
#7101 = PLANE ( 'NONE',  #5232 ) ;
#7102 = SURFACE_STYLE_USAGE ( .BOTH. , #1045 ) ;
#7103 = LINE ( 'NONE', #1851, #4532 ) ;
#7104 = EDGE_CURVE ( 'NONE', #1963, #6441, #1382, .T. ) ;
#7105 = PLANE ( 'NONE',  #2245 ) ;
#7106 = ORIENTED_EDGE ( 'NONE', *, *, #3588, .T. ) ;
#7107 = ORIENTED_EDGE ( 'NONE', *, *, #4036, .F. ) ;
#7108 = CARTESIAN_POINT ( 'NONE',  ( 3.749992964849198085, 1.582550057698988821, 2.109999999999999876 ) ) ;
#7109 = DIRECTION ( 'NONE',  ( 0.000000000000000000, 0.000000000000000000, 1.000000000000000000 ) ) ;
#7110 = ORIENTED_EDGE ( 'NONE', *, *, #7259, .T. ) ;
#7111 = CARTESIAN_POINT ( 'NONE',  ( 3.749992964849197641, 1.367449942301012022, 2.109999999999999876 ) ) ;
#7112 = UNCERTAINTY_MEASURE_WITH_UNIT (LENGTH_MEASURE( 1.000000000000000082E-05 ), #6792, 'distance_accuracy_value', 'NONE');
#7113 = CARTESIAN_POINT ( 'NONE',  ( 3.943579639192182018, 1.292449942301011845, 4.649999999999999467 ) ) ;
#7114 = ORIENTED_EDGE ( 'NONE', *, *, #1295, .F. ) ;
#7115 = ORIENTED_EDGE ( 'NONE', *, *, #7140, .T. ) ;
#7116 = LINE ( 'NONE', #5911, #5566 ) ;
#7117 = PLANE ( 'NONE',  #6496 ) ;
#7118 = DIRECTION ( 'NONE',  ( -0.000000000000000000, -0.000000000000000000, -1.000000000000000000 ) ) ;
#7119 = CARTESIAN_POINT ( 'NONE',  ( 3.943579639192182018, 1.292449942301011845, -1.700000000000000622 ) ) ;
#7120 = VERTEX_POINT ( 'NONE', #6537 ) ;
#7121 = CARTESIAN_POINT ( 'NONE',  ( -4.315000000000000391, 0.2499999999999998890, -1.700000000000000622 ) ) ;
#7122 = EDGE_LOOP ( 'NONE', ( #6667, #2495, #7771, #6609 ) ) ;
#7123 = LINE ( 'NONE', #7045, #5368 ) ;
#7124 = ADVANCED_FACE ( 'NONE', ( #14 ), #1892, .F. ) ;
#7125 = ORIENTED_EDGE ( 'NONE', *, *, #3715, .T. ) ;
#7126 = VECTOR ( 'NONE', #3575, 1000.000000000000227 ) ;
#7127 = DIRECTION ( 'NONE',  ( -0.000000000000000000, -0.000000000000000000, -1.000000000000000000 ) ) ;
#7128 = CARTESIAN_POINT ( 'NONE',  ( 4.315000000000000391, 0.2500000000000000000, 4.649999999999999467 ) ) ;
#7129 = DIRECTION ( 'NONE',  ( -0.9625750189617818808, 0.2710153738641505328, 0.000000000000000000 ) ) ;
#7130 = ORIENTED_EDGE ( 'NONE', *, *, #6982, .T. ) ;
#7131 = EDGE_CURVE ( 'NONE', #5080, #8441, #4637, .T. ) ;
#7132 = VECTOR ( 'NONE', #6742, 1000.000000000000000 ) ;
#7133 = EDGE_CURVE ( 'NONE', #6441, #6664, #6669, .T. ) ;
#7134 = AXIS2_PLACEMENT_3D ( 'NONE', #5833, #8460, #4321 ) ;
#7135 = ORIENTED_EDGE ( 'NONE', *, *, #4669, .F. ) ;
#7136 = ORIENTED_EDGE ( 'NONE', *, *, #5722, .T. ) ;
#7137 = CARTESIAN_POINT ( 'NONE',  ( 3.943579639192182018, 1.292449942301011845, 0.8399999999999996358 ) ) ;
#7138 = DIRECTION ( 'NONE',  ( 0.9975640502598241977, -0.06975647374412544122, -0.000000000000000000 ) ) ;
#7139 =( LENGTH_UNIT ( ) NAMED_UNIT ( * ) SI_UNIT ( .MILLI., .METRE. ) );
#7140 = EDGE_CURVE ( 'NONE', #700, #2412, #6627, .T. ) ;
#7141 = VECTOR ( 'NONE', #4585, 1000.000000000000000 ) ;
#7142 = DIRECTION ( 'NONE',  ( -0.000000000000000000, 0.000000000000000000, -1.000000000000000000 ) ) ;
#7143 = AXIS2_PLACEMENT_3D ( 'NONE', #6553, #1258, #6594 ) ;
#7144 = ORIENTED_EDGE ( 'NONE', *, *, #4494, .F. ) ;
#7145 = EDGE_CURVE ( 'NONE', #170, #6075, #2742, .T. ) ;
#7146 = ORIENTED_EDGE ( 'NONE', *, *, #2794, .F. ) ;
#7147 = LINE ( 'NONE', #6635, #3637 ) ;
#7148 = VERTEX_POINT ( 'NONE', #7319 ) ;
#7149 = EDGE_LOOP ( 'NONE', ( #7130, #416, #753, #2745 ) ) ;
#7150 = VECTOR ( 'NONE', #6012, 1000.000000000000000 ) ;
#7151 = VECTOR ( 'NONE', #8393, 1000.000000000000000 ) ;
#7152 = DIRECTION ( 'NONE',  ( -0.06975647374412545509, 0.9975640502598243087, 0.000000000000000000 ) ) ;
#7153 = EDGE_CURVE ( 'NONE', #2508, #2522, #258, .T. ) ;
#7154 = DIRECTION ( 'NONE',  ( -2.016181479920678149E-15, 1.000000000000000000, 0.000000000000000000 ) ) ;
#7155 = DIRECTION ( 'NONE',  ( 0.9975640502598241977, -0.06975647374412544122, -0.000000000000000000 ) ) ;
#7156 = ORIENTED_EDGE ( 'NONE', *, *, #1112, .F. ) ;
#7157 = DIRECTION ( 'NONE',  ( 0.2710153738641504773, 0.9625750189617817698, 0.000000000000000000 ) ) ;
#7158 = VERTEX_POINT ( 'NONE', #3379 ) ;
#7159 = CARTESIAN_POINT ( 'NONE',  ( -5.150000000000000355, 0.2145761423277614266, -4.240000000000001101 ) ) ;
#7160 = STYLED_ITEM ( 'NONE', ( #8132 ), #2724 ) ;
#7161 = CIRCLE ( 'NONE', #1633, 0.1499999999999999667 ) ;
#7162 = ORIENTED_EDGE ( 'NONE', *, *, #2378, .F. ) ;
#7163 = AXIS2_PLACEMENT_3D ( 'NONE', #7695, #1766, #5686 ) ;
#7164 = ORIENTED_EDGE ( 'NONE', *, *, #5433, .T. ) ;
#7165 = LINE ( 'NONE', #1222, #1116 ) ;
#7166 = EDGE_CURVE ( 'NONE', #424, #6755, #7446, .T. ) ;
#7167 = DIRECTION ( 'NONE',  ( 0.2710153738641504773, -0.9625750189617817698, -0.000000000000000000 ) ) ;
#7168 = DIRECTION ( 'NONE',  ( -1.000000000000000000, 0.000000000000000000, 0.000000000000000000 ) ) ;
#7169 = CARTESIAN_POINT ( 'NONE',  ( -4.222822763272207958, 1.371071533533628761, 2.969999999999999751 ) ) ;
#7170 = AXIS2_PLACEMENT_3D ( 'NONE', #4527, #4573, #7209 ) ;
#7171 = ORIENTED_EDGE ( 'NONE', *, *, #6666, .F. ) ;
#7172 = DIRECTION ( 'NONE',  ( -0.000000000000000000, -0.000000000000000000, -1.000000000000000000 ) ) ;
#7173 = FACE_OUTER_BOUND ( 'NONE', #5061, .T. ) ;
#7174 = AXIS2_PLACEMENT_3D ( 'NONE', #4881, #6855, #4306 ) ;
#7175 = DIRECTION ( 'NONE',  ( -0.000000000000000000, -0.000000000000000000, -1.000000000000000000 ) ) ;
#7176 = ORIENTED_EDGE ( 'NONE', *, *, #583, .T. ) ;
#7177 = DIRECTION ( 'NONE',  ( -1.000000000000000000, 0.000000000000000000, 0.000000000000000000 ) ) ;
#7178 = DIRECTION ( 'NONE',  ( 0.9975640502598241977, 0.06975647374412764778, -0.000000000000000000 ) ) ;
#7179 = EDGE_CURVE ( 'NONE', #120, #6833, #95, .T. ) ;
#7180 = DIRECTION ( 'NONE',  ( -0.000000000000000000, -0.000000000000000000, -1.000000000000000000 ) ) ;
#7181 = DIRECTION ( 'NONE',  ( 0.9975640502598241977, 0.06975647374412544122, 0.000000000000000000 ) ) ;
#7182 = ORIENTED_EDGE ( 'NONE', *, *, #2124, .T. ) ;
#7183 = VERTEX_POINT ( 'NONE', #2726 ) ;
#7184 = LINE ( 'NONE', #2682, #1356 ) ;
#7185 = ADVANCED_FACE ( 'NONE', ( #5379 ), #8003, .F. ) ;
#7186 = EDGE_CURVE ( 'NONE', #1000, #7728, #5853, .T. ) ;
#7187 = PLANE ( 'NONE',  #4681 ) ;
#7188 = EDGE_LOOP ( 'NONE', ( #927, #6357, #5543, #675 ) ) ;
#7189 = DIRECTION ( 'NONE',  ( 0.06975647374412763391, -0.9975640502598240866, 0.000000000000000000 ) ) ;
#7190 = CARTESIAN_POINT ( 'NONE',  ( -5.134995374447882455, 0.000000000000000000, 0.8399999999999996358 ) ) ;
#7191 = VECTOR ( 'NONE', #4513, 1000.000000000000000 ) ;
#7192 = ORIENTED_EDGE ( 'NONE', *, *, #925, .T. ) ;
#7193 = ORIENTED_EDGE ( 'NONE', *, *, #3804, .T. ) ;
#7194 = CARTESIAN_POINT ( 'NONE',  ( -5.134995374447882455, 0.000000000000000000, -0.4300000000000007150 ) ) ;
#7195 = ORIENTED_EDGE ( 'NONE', *, *, #2804, .F. ) ;
#7196 = EDGE_LOOP ( 'NONE', ( #4867, #3536, #4854, #6186 ) ) ;
#7197 = EDGE_CURVE ( 'NONE', #7802, #608, #3460, .T. ) ;
#7198 = DIRECTION ( 'NONE',  ( -1.000000000000000000, 0.000000000000000000, 0.000000000000000000 ) ) ;
#7199 = DIRECTION ( 'NONE',  ( -1.000000000000000000, 0.000000000000000000, 0.000000000000000000 ) ) ;
#7200 = DIRECTION ( 'NONE',  ( -0.1378445374916254795, 0.9808148484639900300, 0.1378445374916254795 ) ) ;
#7201 = ORIENTED_EDGE ( 'NONE', *, *, #6156, .F. ) ;
#7202 = DIRECTION ( 'NONE',  ( -0.000000000000000000, -0.000000000000000000, -1.000000000000000000 ) ) ;
#7203 = CIRCLE ( 'NONE', #2353, 0.2901001153979786418 ) ;
#7204 = CARTESIAN_POINT ( 'NONE',  ( -4.574006762997095521, 0.03922814513537028341, -4.240000000000001101 ) ) ;
#7205 = EDGE_LOOP ( 'NONE', ( #7192, #2985, #7162, #6375 ) ) ;
#7206 = ORIENTED_EDGE ( 'NONE', *, *, #5935, .T. ) ;
#7207 = LINE ( 'NONE', #8368, #4729 ) ;
#7208 = DIRECTION ( 'NONE',  ( 0.000000000000000000, 0.000000000000000000, 1.000000000000000000 ) ) ;
#7209 = DIRECTION ( 'NONE',  ( 1.000000000000000000, 0.000000000000000000, 0.000000000000000000 ) ) ;
#7210 = CARTESIAN_POINT ( 'NONE',  ( 4.522049997657887843, 0.3082954381928066367, 4.649999999999999467 ) ) ;
#7211 = VERTEX_POINT ( 'NONE', #1242 ) ;
#7212 = CARTESIAN_POINT ( 'NONE',  ( 3.943579639192182018, 1.292449942301011845, -0.4300000000000007150 ) ) ;
#7213 = VERTEX_POINT ( 'NONE', #5601 ) ;
#7214 = CARTESIAN_POINT ( 'NONE',  ( -4.594243124080021445, 0.3286215912326184152, -2.970000000000000639 ) ) ;
#7215 = ADVANCED_FACE ( 'NONE', ( #2286 ), #2773, .F. ) ;
#7216 = VECTOR ( 'NONE', #5759, 1000.000000000000000 ) ;
#7217 = DIRECTION ( 'NONE',  ( -0.2710153738641577492, 0.9625750189617798824, -0.000000000000000000 ) ) ;
#7218 = DIRECTION ( 'NONE',  ( -0.000000000000000000, -0.000000000000000000, -1.000000000000000000 ) ) ;
#7219 = CARTESIAN_POINT ( 'NONE',  ( -4.222822763272207958, 1.371071533533628761, 1.700000000000000178 ) ) ;
#7220 = CARTESIAN_POINT ( 'NONE',  ( 4.589011388549212533, 0.2538042874631317170, 4.240000000000000213 ) ) ;
#7221 = DIRECTION ( 'NONE',  ( -0.000000000000000000, -0.000000000000000000, -1.000000000000000000 ) ) ;
#7222 = AXIS2_PLACEMENT_3D ( 'NONE', #2311, #5544, #4968 ) ;
#7223 = CARTESIAN_POINT ( 'NONE',  ( 3.943579639192182018, 1.292449942301011845, -0.4300000000000007150 ) ) ;
#7224 = ORIENTED_EDGE ( 'NONE', *, *, #6729, .T. ) ;
#7225 = AXIS2_PLACEMENT_3D ( 'NONE', #2195, #1458, #7484 ) ;
#7226 = ORIENTED_EDGE ( 'NONE', *, *, #696, .F. ) ;
#7227 = CIRCLE ( 'NONE', #3916, 0.2999999999999999334 ) ;
#7228 = DIRECTION ( 'NONE',  ( -0.000000000000000000, -0.000000000000000000, -1.000000000000000000 ) ) ;
#7229 = VECTOR ( 'NONE', #923, 1000.000000000000227 ) ;
#7230 = DIRECTION ( 'NONE',  ( 0.9625750189617818808, 0.2710153738641505328, -0.000000000000000000 ) ) ;
#7231 = PLANE ( 'NONE',  #1345 ) ;
#7232 = ORIENTED_EDGE ( 'NONE', *, *, #6218, .F. ) ;
#7233 = FILL_AREA_STYLE ('',( #5247 ) ) ;
#7234 = DIRECTION ( 'NONE',  ( -0.000000000000000000, -0.000000000000000000, -1.000000000000000000 ) ) ;
#7235 = ORIENTED_EDGE ( 'NONE', *, *, #890, .T. ) ;
#7236 = SURFACE_STYLE_FILL_AREA ( #2689 ) ;
#7237 = AXIS2_PLACEMENT_3D ( 'NONE', #4121, #958, #8133 ) ;
#7238 = EDGE_CURVE ( 'NONE', #4696, #6542, #2117, .T. ) ;
#7239 = ORIENTED_EDGE ( 'NONE', *, *, #2306, .T. ) ;
#7240 = ORIENTED_EDGE ( 'NONE', *, *, #1913, .T. ) ;
#7241 = CARTESIAN_POINT ( 'NONE',  ( -3.214177059128409120, 2.606066017177982364, -4.869579648282762463 ) ) ;
#7242 = DIRECTION ( 'NONE',  ( -1.000000000000000000, 0.000000000000000000, 0.000000000000000000 ) ) ;
#7243 = PLANE ( 'NONE',  #4612 ) ;
#7244 = ORIENTED_EDGE ( 'NONE', *, *, #7807, .F. ) ;
#7245 = DIRECTION ( 'NONE',  ( 0.9975640502598241977, -0.06975647374412544122, -0.000000000000000000 ) ) ;
#7246 = DIRECTION ( 'NONE',  ( 0.000000000000000000, 0.000000000000000000, 1.000000000000000000 ) ) ;
#7247 = ORIENTED_EDGE ( 'NONE', *, *, #3664, .T. ) ;
#7248 = ADVANCED_FACE ( 'NONE', ( #225 ), #4161, .F. ) ;
#7249 = ADVANCED_FACE ( 'NONE', ( #1558 ), #7449, .F. ) ;
#7250 = ORIENTED_EDGE ( 'NONE', *, *, #6702, .T. ) ;
#7251 = CARTESIAN_POINT ( 'NONE',  ( -4.574006762997095521, 0.03922814513537028341, -1.700000000000000622 ) ) ;
#7252 = DIRECTION ( 'NONE',  ( -0.000000000000000000, -0.000000000000000000, -1.000000000000000000 ) ) ;
#7253 = DIRECTION ( 'NONE',  ( -1.000000000000000000, 0.000000000000000000, 0.000000000000000000 ) ) ;
#7254 = DIRECTION ( 'NONE',  ( -0.9975640502598241977, 0.06975647374412764778, 0.000000000000000000 ) ) ;
#7255 = ORIENTED_EDGE ( 'NONE', *, *, #7055, .T. ) ;
#7256 = DIRECTION ( 'NONE',  ( -1.000000000000000000, 0.000000000000000000, 0.000000000000000000 ) ) ;
#7257 = ORIENTED_EDGE ( 'NONE', *, *, #2957, .F. ) ;
#7259 = EDGE_CURVE ( 'NONE', #6342, #5583, #8173, .T. ) ;
#7258 = DIRECTION ( 'NONE',  ( -0.06975647374412530244, -0.9975640502598243087, 0.000000000000000000 ) ) ;
#7260 = EDGE_CURVE ( 'NONE', #8172, #6170, #5425, .T. ) ;
#7261 = LINE ( 'NONE', #5682, #3678 ) ;
#7262 = FACE_OUTER_BOUND ( 'NONE', #190, .T. ) ;
#7263 = FACE_OUTER_BOUND ( 'NONE', #5743, .T. ) ;
#7264 = EDGE_CURVE ( 'NONE', #8436, #5700, #7843, .T. ) ;
#7265 = CARTESIAN_POINT ( 'NONE',  ( -3.943579639192182018, 1.292449942301011845, 2.969999999999999751 ) ) ;
#7266 = CARTESIAN_POINT ( 'NONE',  ( 5.150000000000000355, 0.2145761423277614266, 4.649999999999999467 ) ) ;
#7267 =( BOUNDED_CURVE ( )  B_SPLINE_CURVE ( 3, ( #4671, #6740, #2144, #1544 ),
 .UNSPECIFIED., .F., .F. ) 
 B_SPLINE_CURVE_WITH_KNOTS ( ( 4, 4 ),
 ( 6.273500125511111136, 6.283185307179586232 ),
 .UNSPECIFIED. ) 
 CURVE ( )  GEOMETRIC_REPRESENTATION_ITEM ( )  RATIONAL_B_SPLINE_CURVE ( ( 1.000000000000000000, 0.9999921831199466427, 0.9999921831199466427, 1.000000000000000000 ) ) 
 REPRESENTATION_ITEM ( '' )  );
#7268 = DIRECTION ( 'NONE',  ( 0.000000000000000000, 1.000000000000000000, 0.000000000000000000 ) ) ;
#7269 = ORIENTED_EDGE ( 'NONE', *, *, #1543, .F. ) ;
#7270 = ORIENTED_EDGE ( 'NONE', *, *, #193, .T. ) ;
#7271 = CARTESIAN_POINT ( 'NONE',  ( -3.600968516274154929, 1.367483313969922953, 5.149997654931401492 ) ) ;
#7272 = CARTESIAN_POINT ( 'NONE',  ( -3.943579639192182018, 1.582550057698989043, -0.4300000000000007150 ) ) ;
#7273 = FACE_OUTER_BOUND ( 'NONE', #1678, .T. ) ;
#7274 = ORIENTED_EDGE ( 'NONE', *, *, #3539, .F. ) ;
#7275 = VECTOR ( 'NONE', #3608, 1000.000000000000000 ) ;
#7276 = CARTESIAN_POINT ( 'NONE',  ( 5.150000000000000355, 0.2145761423277614266, -3.380000000000000338 ) ) ;
#7277 = VERTEX_POINT ( 'NONE', #6194 ) ;
#7278 = ORIENTED_EDGE ( 'NONE', *, *, #7517, .T. ) ;
#7279 = ORIENTED_EDGE ( 'NONE', *, *, #5924, .T. ) ;
#7280 = EDGE_LOOP ( 'NONE', ( #5978, #3421, #5209, #8105 ) ) ;
#7281 = DIRECTION ( 'NONE',  ( 0.000000000000000000, 0.1391731009600633839, -0.9902680687415706950 ) ) ;
#7282 = VECTOR ( 'NONE', #2627, 1000.000000000000114 ) ;
#7283 = CARTESIAN_POINT ( 'NONE',  ( 4.222822763272201740, 1.371071533533629649, 3.379999999999999449 ) ) ;
#7284 = VECTOR ( 'NONE', #2008, 1000.000000000000000 ) ;
#7285 = APPLICATION_CONTEXT ( 'automotive_design' ) ;
#7286 = CARTESIAN_POINT ( 'NONE',  ( -3.749992964849197641, 1.367449942301012022, -0.4300000000000007150 ) ) ;
#7287 = EDGE_LOOP ( 'NONE', ( #3432, #6930, #7485 ) ) ;
#7288 = CARTESIAN_POINT ( 'NONE',  ( -3.749154974055157741, 1.588512672022510896, 5.087973030627474635 ) ) ;
#7289 = ADVANCED_FACE ( 'NONE', ( #827 ), #6235, .T. ) ;
#7290 = LINE ( 'NONE', #1614, #446 ) ;
#7291 = ORIENTED_EDGE ( 'NONE', *, *, #8350, .T. ) ;
#7292 = VECTOR ( 'NONE', #176, 1000.000000000000000 ) ;
#7293 = AXIS2_PLACEMENT_3D ( 'NONE', #674, #627, #73 ) ;
#7294 = ORIENTED_EDGE ( 'NONE', *, *, #2115, .T. ) ;
#7295 = DIRECTION ( 'NONE',  ( -0.000000000000000000, -0.000000000000000000, -1.000000000000000000 ) ) ;
#7296 = LINE ( 'NONE', #3092, #7471 ) ;
#7297 = CARTESIAN_POINT ( 'NONE',  ( 4.594243124080021445, 0.3286215912326184152, -4.650000000000000355 ) ) ;
#7298 = CARTESIAN_POINT ( 'NONE',  ( 3.599999999999999201, 1.367500000000028360, -5.150000000000000355 ) ) ;
#7299 = EDGE_CURVE ( 'NONE', #6911, #3778, #3550, .T. ) ;
#7300 = ORIENTED_EDGE ( 'NONE', *, *, #2804, .T. ) ;
#7301 = AXIS2_PLACEMENT_3D ( 'NONE', #6839, #871, #5472 ) ;
#7302 = DIRECTION ( 'NONE',  ( -0.000000000000000000, -0.000000000000000000, -1.000000000000000000 ) ) ;
#7303 = EDGE_CURVE ( 'NONE', #1802, #1747, #6264, .T. ) ;
#7304 = VECTOR ( 'NONE', #321, 1000.000000000000000 ) ;
#7305 = ORIENTED_EDGE ( 'NONE', *, *, #5370, .F. ) ;
#7306 = VECTOR ( 'NONE', #6411, 1000.000000000000000 ) ;
#7307 = CARTESIAN_POINT ( 'NONE',  ( 3.749992964849198085, 1.582550057698988821, 4.649999999999999467 ) ) ;
#7308 = PLANE ( 'NONE',  #6369 ) ;
#7309 = MECHANICAL_DESIGN_GEOMETRIC_PRESENTATION_REPRESENTATION (  '', ( #5785 ), #7433 ) ;
#7310 = VECTOR ( 'NONE', #4660, 1000.000000000000227 ) ;
#7311 = CARTESIAN_POINT ( 'NONE',  ( 5.150000000000000355, 0.2145761423277614266, 2.969999999999999751 ) ) ;
#7312 = CARTESIAN_POINT ( 'NONE',  ( -3.687973030627476945, 1.361487327977495276, -5.149154974055157652 ) ) ;
#7313 = PLANE ( 'NONE',  #3215 ) ;
#7314 = CARTESIAN_POINT ( 'NONE',  ( 4.522049997657887843, 0.3082954381928066367, 0.8399999999999996358 ) ) ;
#7315 = FACE_OUTER_BOUND ( 'NONE', #2076, .T. ) ;
#7316 = VECTOR ( 'NONE', #1993, 1000.000000000000000 ) ;
#7317 = ORIENTED_EDGE ( 'NONE', *, *, #7701, .F. ) ;
#7318 = AXIS2_PLACEMENT_3D ( 'NONE', #6681, #5303, #7199 ) ;
#7319 = CARTESIAN_POINT ( 'NONE',  ( 3.749992964849198085, 1.582550057698988821, -4.240000000000001101 ) ) ;
#7320 = DIRECTION ( 'NONE',  ( -0.000000000000000000, -0.000000000000000000, -1.000000000000000000 ) ) ;
#7321 =( NAMED_UNIT ( * ) SI_UNIT ( $, .STERADIAN. ) SOLID_ANGLE_UNIT ( ) );
#7322 = DIRECTION ( 'NONE',  ( -0.000000000000000000, -0.000000000000000000, -1.000000000000000000 ) ) ;
#7323 = EDGE_LOOP ( 'NONE', ( #1192, #1825, #5119, #7164 ) ) ;
#7324 = ORIENTED_EDGE ( 'NONE', *, *, #4980, .F. ) ;
#7325 = DIRECTION ( 'NONE',  ( 0.000000000000000000, 0.000000000000000000, 1.000000000000000000 ) ) ;
#7326 = ADVANCED_FACE ( 'NONE', ( #4207 ), #4941, .T. ) ;
#7327 = VERTEX_POINT ( 'NONE', #8130 ) ;
#7328 = EDGE_LOOP ( 'NONE', ( #745, #8496, #4203, #5804 ) ) ;
#7329 = LINE ( 'NONE', #2127, #415 ) ;
#7330 = CARTESIAN_POINT ( 'NONE',  ( 4.589011388549212533, 0.2538042874631317170, -2.970000000000000639 ) ) ;
#7331 = VECTOR ( 'NONE', #3435, 1000.000000000000000 ) ;
#7332 = CARTESIAN_POINT ( 'NONE',  ( 5.134995374447882455, 0.000000000000000000, -4.650000000000000355 ) ) ;
#7333 = ORIENTED_EDGE ( 'NONE', *, *, #1283, .T. ) ;
#7334 = PLANE ( 'NONE',  #7143 ) ;
#7335 = LINE ( 'NONE', #5955, #1687 ) ;
#7336 = ORIENTED_EDGE ( 'NONE', *, *, #2014, .T. ) ;
#7337 = AXIS2_PLACEMENT_3D ( 'NONE', #39, #6601, #3880 ) ;
#7338 = ORIENTED_EDGE ( 'NONE', *, *, #8252, .T. ) ;
#7339 = CARTESIAN_POINT ( 'NONE',  ( -2.636643502869150169, 2.600000000000000089, -4.369579648282762463 ) ) ;
#7340 = EDGE_CURVE ( 'NONE', #2476, #1623, #2907, .T. ) ;
#7341 = CARTESIAN_POINT ( 'NONE',  ( -4.315000000000000391, 0.2499999999999998890, 2.969999999999999751 ) ) ;
#7342 = DIRECTION ( 'NONE',  ( 1.120120665500546074E-15, 1.000000000000000000, -0.000000000000000000 ) ) ;
#7343 = VECTOR ( 'NONE', #4026, 1000.000000000000227 ) ;
#7344 = VERTEX_POINT ( 'NONE', #1428 ) ;
#7345 = FACE_OUTER_BOUND ( 'NONE', #6262, .T. ) ;
#7346 = ORIENTED_EDGE ( 'NONE', *, *, #5176, .F. ) ;
#7347 = ORIENTED_EDGE ( 'NONE', *, *, #438, .F. ) ;
#7348 = DIRECTION ( 'NONE',  ( -0.000000000000000000, -0.000000000000000000, -1.000000000000000000 ) ) ;
#7349 = ADVANCED_FACE ( 'NONE', ( #2951 ), #4078, .F. ) ;
#7350 = LINE ( 'NONE', #4892, #7132 ) ;
#7351 = CARTESIAN_POINT ( 'NONE',  ( -3.943579639192182018, 1.292449942301011845, 4.649999999999999467 ) ) ;
#7352 = DIRECTION ( 'NONE',  ( -0.000000000000000000, -0.000000000000000000, -1.000000000000000000 ) ) ;
#7353 = CARTESIAN_POINT ( 'NONE',  ( -3.943579639192182018, 1.292449942301011845, -2.970000000000000639 ) ) ;
#7354 = CYLINDRICAL_SURFACE ( 'NONE', #6931, 0.1500000000000002165 ) ;
#7355 = AXIS2_PLACEMENT_3D ( 'NONE', #5064, #3120, #3166 ) ;
#7356 = ORIENTED_EDGE ( 'NONE', *, *, #4131, .F. ) ;
#7357 = ADVANCED_FACE ( 'NONE', ( #4810 ), #786, .F. ) ;
#7358 = EDGE_CURVE ( 'NONE', #5190, #4655, #2817, .T. ) ;
#7359 = ORIENTED_EDGE ( 'NONE', *, *, #5987, .F. ) ;
#7360 = DIRECTION ( 'NONE',  ( -0.2710153738641504773, 0.9625750189617817698, 0.000000000000000000 ) ) ;
#7361 = DIRECTION ( 'NONE',  ( 1.000000000000000000, -1.120120665500546074E-15, -0.000000000000000000 ) ) ;
#7362 = VECTOR ( 'NONE', #4895, 1000.000000000000227 ) ;
#7363 = CARTESIAN_POINT ( 'NONE',  ( -3.749992964849198085, 1.582550057698988821, 4.649999999999999467 ) ) ;
#7364 = DIRECTION ( 'NONE',  ( 1.000000000000000000, -1.120120665500546074E-15, -0.000000000000000000 ) ) ;
#7365 = ORIENTED_EDGE ( 'NONE', *, *, #7798, .T. ) ;
#7366 = EDGE_LOOP ( 'NONE', ( #5231, #826, #3816, #4634 ) ) ;
#7367 = DIRECTION ( 'NONE',  ( -1.000000000000000000, -1.120120665500548440E-15, -0.000000000000000000 ) ) ;
#7368 = VECTOR ( 'NONE', #7743, 1000.000000000000000 ) ;
#7369 = EDGE_CURVE ( 'NONE', #1623, #5434, #5678, .T. ) ;
#7370 = ORIENTED_EDGE ( 'NONE', *, *, #7079, .T. ) ;
#7371 = VERTEX_POINT ( 'NONE', #5639 ) ;
#7372 = AXIS2_PLACEMENT_3D ( 'NONE', #342, #7836, #6352 ) ;
#7373 = CARTESIAN_POINT ( 'NONE',  ( -4.594243124080021445, 0.3286215912326184152, -4.650000000000000355 ) ) ;
#7374 = DIRECTION ( 'NONE',  ( -0.1378445374916247579, 0.9808148484639902520, 0.1378445374916255906 ) ) ;
#7375 = CARTESIAN_POINT ( 'NONE',  ( -3.943579639192182018, 1.367449942301011800, -4.650000000000000355 ) ) ;
#7376 = EDGE_CURVE ( 'NONE', #6654, #6069, #7508, .T. ) ;
#7377 = ORIENTED_EDGE ( 'NONE', *, *, #6771, .T. ) ;
#7378 = DIRECTION ( 'NONE',  ( -1.000000000000000000, 0.000000000000000000, 0.000000000000000000 ) ) ;
#7379 = VERTEX_POINT ( 'NONE', #3158 ) ;
#7380 = PLANE ( 'NONE',  #5981 ) ;
#7381 = ORIENTED_EDGE ( 'NONE', *, *, #4454, .F. ) ;
#7382 = EDGE_LOOP ( 'NONE', ( #2574, #72, #84, #804 ) ) ;
#7383 = FACE_OUTER_BOUND ( 'NONE', #6002, .T. ) ;
#7384 = STYLED_ITEM ( 'NONE', ( #3676 ), #8394 ) ;
#7385 = CARTESIAN_POINT ( 'NONE',  ( -3.943579639192182018, 1.292449942301011845, -4.240000000000001101 ) ) ;
#7386 = CARTESIAN_POINT ( 'NONE',  ( 4.222822763272201740, 1.371071533533629649, -0.4300000000000007150 ) ) ;
#7387 = ORIENTED_EDGE ( 'NONE', *, *, #2885, .T. ) ;
#7388 = ORIENTED_EDGE ( 'NONE', *, *, #7358, .F. ) ;
#7389 = VERTEX_POINT ( 'NONE', #432 ) ;
#7390 = CARTESIAN_POINT ( 'NONE',  ( 3.600968516274153597, 1.367483313969922953, 5.149997654931401492 ) ) ;
#7391 = DIRECTION ( 'NONE',  ( 1.000000000000000000, 2.891205793294678228E-15, -1.671814187836142358E-29 ) ) ;
#7392 = CARTESIAN_POINT ( 'NONE',  ( -3.600000000000000977, -12.74127152210484937, 5.150000000000000355 ) ) ;
#7393 = DIRECTION ( 'NONE',  ( -1.000000000000000000, 1.120120665500546074E-15, 0.000000000000000000 ) ) ;
#7394 = CARTESIAN_POINT ( 'NONE',  ( -5.134995374447882455, 0.000000000000000000, 4.649999999999999467 ) ) ;
#7395 = DIRECTION ( 'NONE',  ( -1.000000000000000000, 0.000000000000000000, 0.000000000000000000 ) ) ;
#7396 =( NAMED_UNIT ( * ) PLANE_ANGLE_UNIT ( ) SI_UNIT ( $, .RADIAN. ) );
#7397 = ADVANCED_FACE ( 'NONE', ( #3112 ), #4366, .F. ) ;
#7398 = ORIENTED_EDGE ( 'NONE', *, *, #695, .F. ) ;
#7399 = ORIENTED_EDGE ( 'NONE', *, *, #5634, .F. ) ;
#7400 = DIRECTION ( 'NONE',  ( -1.000000000000000000, -1.120120665500548440E-15, -0.000000000000000000 ) ) ;
#7401 = DIRECTION ( 'NONE',  ( -0.000000000000000000, -0.000000000000000000, -1.000000000000000000 ) ) ;
#7402 = ADVANCED_FACE ( 'NONE', ( #1075 ), #8424, .F. ) ;
#7403 = DIRECTION ( 'NONE',  ( 0.06975647374412530244, -0.9975640502598243087, 0.000000000000000000 ) ) ;
#7404 = DIRECTION ( 'NONE',  ( -0.000000000000000000, -0.000000000000000000, -1.000000000000000000 ) ) ;
#7405 = EDGE_CURVE ( 'NONE', #5599, #1674, #2987, .T. ) ;
#7406 = ORIENTED_EDGE ( 'NONE', *, *, #408, .F. ) ;
#7407 = CARTESIAN_POINT ( 'NONE',  ( -5.134995374447882455, 0.000000000000000000, -2.970000000000000639 ) ) ;
#7408 = CARTESIAN_POINT ( 'NONE',  ( -3.601452754537962875, 1.582550057698988599, -5.149992964849197108 ) ) ;
#7409 = VERTEX_POINT ( 'NONE', #3719 ) ;
#7410 = ORIENTED_EDGE ( 'NONE', *, *, #4444, .F. ) ;
#7411 = DIRECTION ( 'NONE',  ( -0.000000000000000000, -0.000000000000000000, -1.000000000000000000 ) ) ;
#7412 = CARTESIAN_POINT ( 'NONE',  ( 3.749999999999999112, 1.582499999999972928, -4.999999999999999112 ) ) ;
#7413 = EDGE_CURVE ( 'NONE', #6933, #7409, #348, .T. ) ;
#7414 = VECTOR ( 'NONE', #3978, 1000.000000000000000 ) ;
#7415 = LINE ( 'NONE', #4256, #4959 ) ;
#7416 = EDGE_CURVE ( 'NONE', #1712, #1943, #6317, .T. ) ;
#7417 = CARTESIAN_POINT ( 'NONE',  ( 3.943579639192182018, 1.582550057698989043, -2.970000000000000639 ) ) ;
#7418 = ORIENTED_EDGE ( 'NONE', *, *, #5676, .T. ) ;
#7419 = PLANE ( 'NONE',  #5512 ) ;
#7420 = ORIENTED_EDGE ( 'NONE', *, *, #770, .T. ) ;
#7421 = DIRECTION ( 'NONE',  ( -1.000000000000000000, 0.000000000000000000, 0.000000000000000000 ) ) ;
#7422 = AXIS2_PLACEMENT_3D ( 'NONE', #7438, #2715, #5367 ) ;
#7423 = EDGE_LOOP ( 'NONE', ( #2199, #8195, #5916, #1763, #4037, #1067, #2112, #7144, #3256, #3654, #6511, #3951 ) ) ;
#7424 = CARTESIAN_POINT ( 'NONE',  ( -4.222822763272206181, 1.371071533533628317, -1.700000000000000622 ) ) ;
#7425 = VECTOR ( 'NONE', #4885, 1000.000000000000114 ) ;
#7426 = CARTESIAN_POINT ( 'NONE',  ( -3.600484260976135165, 1.367500000000027693, -5.150000000000000355 ) ) ;
#7427 = CARTESIAN_POINT ( 'NONE',  ( 5.134995374447882455, 0.000000000000000000, 0.8399999999999996358 ) ) ;
#7428 = ORIENTED_EDGE ( 'NONE', *, *, #6657, .T. ) ;
#7429 = LINE ( 'NONE', #1538, #2432 ) ;
#7430 = VERTEX_POINT ( 'NONE', #6360 ) ;
#7431 = ORIENTED_EDGE ( 'NONE', *, *, #6811, .F. ) ;
#7432 = DIRECTION ( 'NONE',  ( 0.9975640502598241977, 0.06975647374412528856, 0.000000000000000000 ) ) ;
#7433 =( GEOMETRIC_REPRESENTATION_CONTEXT ( 3 ) GLOBAL_UNCERTAINTY_ASSIGNED_CONTEXT ( ( #3222 ) ) GLOBAL_UNIT_ASSIGNED_CONTEXT ( ( #4858, #5640, #2156 ) ) REPRESENTATION_CONTEXT ( 'NONE', 'WORKASPACE' ) );
#7434 = AXIS2_PLACEMENT_3D ( 'NONE', #1056, #2392, #7709 ) ;
#7435 = DIRECTION ( 'NONE',  ( 0.2710153738641504773, 0.9625750189617817698, 0.000000000000000000 ) ) ;
#7436 = EDGE_CURVE ( 'NONE', #1179, #5044, #6951, .T. ) ;
#7437 = AXIS2_PLACEMENT_3D ( 'NONE', #6916, #988, #1504 ) ;
#7438 = CARTESIAN_POINT ( 'NONE',  ( 4.594243124080021445, 0.3286215912326184152, 4.649999999999999467 ) ) ;
#7439 = CARTESIAN_POINT ( 'NONE',  ( -3.943579639192182018, 1.582550057698989043, 3.379999999999999449 ) ) ;
#7440 = AXIS2_PLACEMENT_3D ( 'NONE', #661, #3169, #711 ) ;
#7441 = PLANE ( 'NONE',  #7437 ) ;
#7442 = CARTESIAN_POINT ( 'NONE',  ( -3.943579639192182018, 1.292449942301011845, -2.970000000000000639 ) ) ;
#7443 = VERTEX_POINT ( 'NONE', #6400 ) ;
#7444 = DIRECTION ( 'NONE',  ( 0.2710153738641577492, -0.9625750189617798824, 0.000000000000000000 ) ) ;
#7445 = VECTOR ( 'NONE', #4225, 1000.000000000000000 ) ;
#7446 = CIRCLE ( 'NONE', #3710, 0.07500000000000041356 ) ;
#7447 = EDGE_LOOP ( 'NONE', ( #3713, #3876, #2301, #6463 ) ) ;
#7448 = EDGE_CURVE ( 'NONE', #4802, #350, #8341, .T. ) ;
#7449 = PLANE ( 'NONE',  #5087 ) ;
#7450 = AXIS2_PLACEMENT_3D ( 'NONE', #13, #3857, #6492 ) ;
#7451 = DIRECTION ( 'NONE',  ( -0.000000000000000000, -0.000000000000000000, -1.000000000000000000 ) ) ;
#7452 = LINE ( 'NONE', #4691, #6328 ) ;
#7453 = ORIENTED_EDGE ( 'NONE', *, *, #418, .F. ) ;
#7454 = DIRECTION ( 'NONE',  ( -0.000000000000000000, -0.000000000000000000, -1.000000000000000000 ) ) ;
#7455 = DIRECTION ( 'NONE',  ( -1.120120665500546074E-15, 1.000000000000000000, 0.000000000000000000 ) ) ;
#7456 = ORIENTED_EDGE ( 'NONE', *, *, #2986, .T. ) ;
#7457 = ORIENTED_EDGE ( 'NONE', *, *, #8284, .F. ) ;
#7458 = CIRCLE ( 'NONE', #1363, 0.07500000000000128786 ) ;
#7459 = ADVANCED_FACE ( 'NONE', ( #5797 ), #4982, .F. ) ;
#7460 = EDGE_CURVE ( 'NONE', #2752, #7702, #4327, .T. ) ;
#7461 = CARTESIAN_POINT ( 'NONE',  ( 0.000000000000000000, 0.4500000000000000111, -4.869579648282763351 ) ) ;
#7462 = CARTESIAN_POINT ( 'NONE',  ( 3.943579639192182018, 1.582550057698989043, -4.240000000000001101 ) ) ;
#7463 = LINE ( 'NONE', #6977, #4329 ) ;
#7464 = EDGE_LOOP ( 'NONE', ( #4334, #8011, #3823, #5873 ) ) ;
#7465 = PLANE ( 'NONE',  #1480 ) ;
#7466 = DIRECTION ( 'NONE',  ( -0.2710153738641504773, -0.9625750189617817698, 0.000000000000000000 ) ) ;
#7467 = EDGE_CURVE ( 'NONE', #6205, #6056, #3638, .T. ) ;
#7468 = VERTEX_POINT ( 'NONE', #1036 ) ;
#7469 = CYLINDRICAL_SURFACE ( 'NONE', #8439, 0.07500000000000300870 ) ;
#7470 = EDGE_CURVE ( 'NONE', #1855, #7277, #2363, .T. ) ;
#7471 = VECTOR ( 'NONE', #2554, 1000.000000000000000 ) ;
#7472 = FACE_OUTER_BOUND ( 'NONE', #948, .T. ) ;
#7473 = VERTEX_POINT ( 'NONE', #7685 ) ;
#7474 = DIRECTION ( 'NONE',  ( 0.06975647374412763391, -0.9975640502598240866, 0.000000000000000000 ) ) ;
#7475 = ORIENTED_EDGE ( 'NONE', *, *, #952, .T. ) ;
#7476 = DIRECTION ( 'NONE',  ( -0.000000000000000000, -0.000000000000000000, -1.000000000000000000 ) ) ;
#7477 = AXIS2_PLACEMENT_3D ( 'NONE', #6020, #175, #5547 ) ;
#7478 = ADVANCED_FACE ( 'NONE', ( #1756 ), #995, .T. ) ;
#7479 = FACE_OUTER_BOUND ( 'NONE', #2587, .T. ) ;
#7480 = CIRCLE ( 'NONE', #3479, 0.2901001153979764768 ) ;
#7481 = LINE ( 'NONE', #7392, #6364 ) ;
#7482 = CARTESIAN_POINT ( 'NONE',  ( 3.943579639192182018, 1.292449942301011845, 4.240000000000000213 ) ) ;
#7483 = LINE ( 'NONE', #4154, #2729 ) ;
#7484 = DIRECTION ( 'NONE',  ( -1.000000000000000000, 0.000000000000000000, 5.782411586589358033E-15 ) ) ;
#7485 = ORIENTED_EDGE ( 'NONE', *, *, #5647, .F. ) ;
#7486 = LINE ( 'NONE', #4240, #1477 ) ;
#7487 = EDGE_CURVE ( 'NONE', #5434, #723, #1815, .T. ) ;
#7488 = ORIENTED_EDGE ( 'NONE', *, *, #6758, .T. ) ;
#7489 = ORIENTED_EDGE ( 'NONE', *, *, #7657, .F. ) ;
#7490 = CARTESIAN_POINT ( 'NONE',  ( -4.315000000000000391, 0.2500000000000000000, -2.970000000000000639 ) ) ;
#7491 = CYLINDRICAL_SURFACE ( 'NONE', #6893, 0.2901001153979764768 ) ;
#7492 = VECTOR ( 'NONE', #7654, 1000.000000000000000 ) ;
#7493 =( NAMED_UNIT ( * ) PLANE_ANGLE_UNIT ( ) SI_UNIT ( $, .RADIAN. ) );
#7494 = EDGE_LOOP ( 'NONE', ( #4563, #5264, #3723 ) ) ;
#7495 = EDGE_LOOP ( 'NONE', ( #31, #6140, #8048, #7536, #5768, #3987, #7338, #5826, #913, #6870, #3138, #5966 ) ) ;
#7496 = CARTESIAN_POINT ( 'NONE',  ( -3.943579639192182018, 1.367449942301011800, -4.240000000000001101 ) ) ;
#7497 = CARTESIAN_POINT ( 'NONE',  ( -4.594243124080021445, 0.3286215912326184152, -4.650000000000000355 ) ) ;
#7498 = VERTEX_POINT ( 'NONE', #1113 ) ;
#7499 = CIRCLE ( 'NONE', #2373, 0.2901001153979764768 ) ;
#7500 = DIRECTION ( 'NONE',  ( 0.000000000000000000, -5.782411586589358822E-15, -1.000000000000000000 ) ) ;
#7501 = FACE_OUTER_BOUND ( 'NONE', #4545, .T. ) ;
#7502 = FACE_OUTER_BOUND ( 'NONE', #4221, .T. ) ;
#7503 = DIRECTION ( 'NONE',  ( 0.000000000000000000, 0.000000000000000000, -1.000000000000000000 ) ) ;
#7504 = DIRECTION ( 'NONE',  ( -0.000000000000000000, -0.000000000000000000, -1.000000000000000000 ) ) ;
#7505 = VECTOR ( 'NONE', #5573, 1000.000000000000000 ) ;
#7506 = LINE ( 'NONE', #6089, #5992 ) ;
#7507 = EDGE_CURVE ( 'NONE', #3101, #6833, #473, .T. ) ;
#7508 = CIRCLE ( 'NONE', #1560, 0.07500000000000300870 ) ;
#7509 = ORIENTED_EDGE ( 'NONE', *, *, #3029, .T. ) ;
#7510 = DIRECTION ( 'NONE',  ( -0.000000000000000000, -0.000000000000000000, -1.000000000000000000 ) ) ;
#7511 = AXIS2_PLACEMENT_3D ( 'NONE', #5522, #6033, #2865 ) ;
#7512 = DIRECTION ( 'NONE',  ( -0.000000000000000000, -0.000000000000000000, -1.000000000000000000 ) ) ;
#7513 = DIRECTION ( 'NONE',  ( -1.000000000000000000, 0.000000000000000000, -0.000000000000000000 ) ) ;
#7514 = AXIS2_PLACEMENT_3D ( 'NONE', #5951, #4051, #30 ) ;
#7515 = VERTEX_POINT ( 'NONE', #2626 ) ;
#7516 = ORIENTED_EDGE ( 'NONE', *, *, #559, .F. ) ;
#7517 = EDGE_CURVE ( 'NONE', #5447, #1315, #1418, .T. ) ;
#7518 = CARTESIAN_POINT ( 'NONE',  ( 0.000000000000000000, 0.4500000000000000111, 4.869579648282763351 ) ) ;
#7519 = EDGE_CURVE ( 'NONE', #4373, #6824, #3941, .T. ) ;
#7520 = LINE ( 'NONE', #4356, #3197 ) ;
#7521 = MECHANICAL_DESIGN_GEOMETRIC_PRESENTATION_REPRESENTATION (  '', ( #2676 ), #8469 ) ;
#7522 = CARTESIAN_POINT ( 'NONE',  ( -5.134995374447882455, 0.000000000000000000, -0.8400000000000005240 ) ) ;
#7523 = CARTESIAN_POINT ( 'NONE',  ( 4.522049997657887843, 0.3082954381928066367, -2.970000000000000639 ) ) ;
#7524 = LINE ( 'NONE', #2237, #4421 ) ;
#7525 = EDGE_CURVE ( 'NONE', #1575, #4638, #1880, .T. ) ;
#7526 = LINE ( 'NONE', #781, #7362 ) ;
#7527 = VERTEX_POINT ( 'NONE', #2019 ) ;
#7528 = LINE ( 'NONE', #1507, #1876 ) ;
#7529 = EDGE_CURVE ( 'NONE', #7530, #1179, #6572, .T. ) ;
#7530 = VERTEX_POINT ( 'NONE', #4676 ) ;
#7531 = ORIENTED_EDGE ( 'NONE', *, *, #7519, .F. ) ;
#7532 = ADVANCED_FACE ( 'NONE', ( #556 ), #7949, .F. ) ;
#7533 = CARTESIAN_POINT ( 'NONE',  ( 4.315000000000000391, 0.2500000000000000000, 0.8399999999999996358 ) ) ;
#7534 = CARTESIAN_POINT ( 'NONE',  ( 3.943579639192182018, 1.367449942301011800, -0.4300000000000007150 ) ) ;
#7535 = DIRECTION ( 'NONE',  ( -1.000000000000000000, 1.120120665500548440E-15, 0.000000000000000000 ) ) ;
#7536 = ORIENTED_EDGE ( 'NONE', *, *, #7806, .T. ) ;
#7537 = DIRECTION ( 'NONE',  ( -0.000000000000000000, -0.000000000000000000, -1.000000000000000000 ) ) ;
#7538 = DIRECTION ( 'NONE',  ( -0.000000000000000000, -0.000000000000000000, 1.000000000000000000 ) ) ;
#7539 = ADVANCED_FACE ( 'NONE', ( #1322 ), #7313, .F. ) ;
#7540 = CARTESIAN_POINT ( 'NONE',  ( -4.589011388549212533, 0.2538042874631301071, 0.4299999999999998268 ) ) ;
#7541 = DIRECTION ( 'NONE',  ( -1.000000000000000000, -2.016181479920678149E-15, 0.000000000000000000 ) ) ;
#7542 = DIRECTION ( 'NONE',  ( -0.000000000000000000, -0.000000000000000000, -1.000000000000000000 ) ) ;
#7543 = CARTESIAN_POINT ( 'NONE',  ( -5.134995374447882455, 0.000000000000000000, 4.649999999999999467 ) ) ;
#7544 = PLANE ( 'NONE',  #2171 ) ;
#7545 =( BOUNDED_CURVE ( )  B_SPLINE_CURVE ( 3, ( #7298, #685, #4622, #3321 ),
 .UNSPECIFIED., .F., .F. ) 
 B_SPLINE_CURVE_WITH_KNOTS ( ( 4, 4 ),
 ( 0.000000000000000000, 0.009685181668460531024 ),
 .UNSPECIFIED. ) 
 CURVE ( )  GEOMETRIC_REPRESENTATION_ITEM ( )  RATIONAL_B_SPLINE_CURVE ( ( 1.000000000000000000, 0.9999921831199466427, 0.9999921831199466427, 1.000000000000000000 ) ) 
 REPRESENTATION_ITEM ( '' )  );
#7546 = LINE ( 'NONE', #6769, #7505 ) ;
#7547 = VERTEX_POINT ( 'NONE', #1375 ) ;
#7548 = CARTESIAN_POINT ( 'NONE',  ( -4.594243124080021445, 0.3286215912326184152, -0.8400000000000005240 ) ) ;
#7549 = VECTOR ( 'NONE', #7217, 1000.000000000000114 ) ;
#7550 = DIRECTION ( 'NONE',  ( 0.000000000000000000, 0.000000000000000000, 1.000000000000000000 ) ) ;
#7551 = ADVANCED_FACE ( 'NONE', ( #3200 ), #2674, .T. ) ;
#7552 = DIRECTION ( 'NONE',  ( 1.120120665500546074E-15, 1.000000000000000000, -0.000000000000000000 ) ) ;
#7553 = ORIENTED_EDGE ( 'NONE', *, *, #4178, .T. ) ;
#7554 = LINE ( 'NONE', #1581, #6443 ) ;
#7555 = ORIENTED_EDGE ( 'NONE', *, *, #6927, .F. ) ;
#7556 = PLANE ( 'NONE',  #6945 ) ;
#7557 = VECTOR ( 'NONE', #7474, 1000.000000000000114 ) ;
#7558 = DIRECTION ( 'NONE',  ( -0.9975640502598241977, -0.06975647374412528856, 0.000000000000000000 ) ) ;
#7559 = EDGE_CURVE ( 'NONE', #6044, #6687, #649, .T. ) ;
#7560 = CARTESIAN_POINT ( 'NONE',  ( 4.222822763272201740, 1.371071533533629649, -2.970000000000000639 ) ) ;
#7561 = DIRECTION ( 'NONE',  ( -0.9975640502598241977, -0.06975647374412528856, 0.000000000000000000 ) ) ;
#7562 = ADVANCED_FACE ( 'NONE', ( #6662 ), #4497, .F. ) ;
#7563 = LINE ( 'NONE', #821, #3013 ) ;
#7564 = CARTESIAN_POINT ( 'NONE',  ( -4.574006762997095521, 0.03922814513537028341, 2.109999999999999876 ) ) ;
#7565 = ORIENTED_EDGE ( 'NONE', *, *, #6837, .F. ) ;
#7566 = VECTOR ( 'NONE', #8302, 1000.000000000000000 ) ;
#7567 = LINE ( 'NONE', #6746, #8250 ) ;
#7568 = AXIS2_PLACEMENT_3D ( 'NONE', #724, #2515, #4610 ) ;
#7569 = VECTOR ( 'NONE', #1548, 1000.000000000000000 ) ;
#7570 = VECTOR ( 'NONE', #2546, 1000.000000000000000 ) ;
#7571 = ORIENTED_EDGE ( 'NONE', *, *, #1597, .T. ) ;
#7572 = CARTESIAN_POINT ( 'NONE',  ( 3.943579639192182018, 1.292449942301011845, 0.8399999999999996358 ) ) ;
#7573 = PLANE ( 'NONE',  #6685 ) ;
#7574 = ORIENTED_EDGE ( 'NONE', *, *, #4718, .F. ) ;
#7575 = VECTOR ( 'NONE', #7542, 1000.000000000000000 ) ;
#7576 = EDGE_LOOP ( 'NONE', ( #4365, #4169, #7347, #2010 ) ) ;
#7577 = CARTESIAN_POINT ( 'NONE',  ( -3.600968516274155373, 1.582516686030076558, -5.149997654931401492 ) ) ;
#7578 = DIRECTION ( 'NONE',  ( 0.000000000000000000, 0.000000000000000000, 1.000000000000000000 ) ) ;
#7579 = DIRECTION ( 'NONE',  ( -0.1378445374916253130, 0.9808148484639900300, -0.1378445374916253130 ) ) ;
#7580 = AXIS2_PLACEMENT_3D ( 'NONE', #8493, #5049, #5870 ) ;
#7581 = DIRECTION ( 'NONE',  ( -0.000000000000000000, -0.000000000000000000, -1.000000000000000000 ) ) ;
#7582 = CARTESIAN_POINT ( 'NONE',  ( -3.750000000000000888, 1.582499999999972928, -5.150000000000000355 ) ) ;
#7583 = CARTESIAN_POINT ( 'NONE',  ( 3.749992964849197641, 1.367449942301012022, -0.4300000000000007150 ) ) ;
#7584 = EDGE_CURVE ( 'NONE', #6155, #8480, #2792, .T. ) ;
#7585 = CARTESIAN_POINT ( 'NONE',  ( -3.600000000000000977, 1.582499999999972928, 5.150000000000000355 ) ) ;
#7586 = VECTOR ( 'NONE', #1490, 1000.000000000000000 ) ;
#7587 = ORIENTED_EDGE ( 'NONE', *, *, #3010, .T. ) ;
#7588 = LINE ( 'NONE', #2884, #726 ) ;
#7589 = CARTESIAN_POINT ( 'NONE',  ( -3.601452754537962431, 1.367449942301012245, -5.149992964849197108 ) ) ;
#7590 =( BOUNDED_CURVE ( )  B_SPLINE_CURVE ( 3, ( #77, #5352, #7980, #2658 ),
 .UNSPECIFIED., .F., .F. ) 
 B_SPLINE_CURVE_WITH_KNOTS ( ( 4, 4 ),
 ( 6.273500125511117353, 6.283185307179586232 ),
 .UNSPECIFIED. ) 
 CURVE ( )  GEOMETRIC_REPRESENTATION_ITEM ( )  RATIONAL_B_SPLINE_CURVE ( ( 1.000000000000000000, 0.9999921831199466427, 0.9999921831199466427, 1.000000000000000000 ) ) 
 REPRESENTATION_ITEM ( '' )  );
#7591 = VERTEX_POINT ( 'NONE', #5973 ) ;
#7592 = DIRECTION ( 'NONE',  ( -1.000000000000000000, 0.000000000000000000, 0.000000000000000000 ) ) ;
#7593 = ORIENTED_EDGE ( 'NONE', *, *, #4486, .F. ) ;
#7594 = ORIENTED_EDGE ( 'NONE', *, *, #2807, .F. ) ;
#7595 = CARTESIAN_POINT ( 'NONE',  ( -3.749992964849198085, 1.582550057698988821, -4.240000000000001101 ) ) ;
#7596 = EDGE_CURVE ( 'NONE', #973, #4862, #6133, .T. ) ;
#7597 = CARTESIAN_POINT ( 'NONE',  ( -4.589011388549212533, 0.2538042874631301071, -1.700000000000000622 ) ) ;
#7598 = LINE ( 'NONE', #6348, #5554 ) ;
#7599 = LINE ( 'NONE', #2236, #2603 ) ;
#7600 = DIRECTION ( 'NONE',  ( -1.000000000000000000, 0.000000000000000000, 0.000000000000000000 ) ) ;
#7601 = CARTESIAN_POINT ( 'NONE',  ( -4.574006762997095521, 0.03922814513537028341, -4.240000000000001101 ) ) ;
#7602 = VERTEX_POINT ( 'NONE', #7220 ) ;
#7603 = DIRECTION ( 'NONE',  ( 0.000000000000000000, 0.000000000000000000, 1.000000000000000000 ) ) ;
#7604 = VECTOR ( 'NONE', #7252, 1000.000000000000000 ) ;
#7605 = DIRECTION ( 'NONE',  ( -1.000000000000000000, -1.120120665500548440E-15, -0.000000000000000000 ) ) ;
#7606 = EDGE_CURVE ( 'NONE', #195, #5967, #3373, .T. ) ;
#7607 = EDGE_LOOP ( 'NONE', ( #7387, #124, #4361, #6924 ) ) ;
#7608 = DIRECTION ( 'NONE',  ( -0.000000000000000000, -0.000000000000000000, -1.000000000000000000 ) ) ;
#7609 = CARTESIAN_POINT ( 'NONE',  ( 5.150000000000000355, 0.2145761423277614266, -4.240000000000001101 ) ) ;
#7610 = DIRECTION ( 'NONE',  ( -1.120120665500548440E-15, -1.000000000000000000, 0.000000000000000000 ) ) ;
#7611 = AXIS2_PLACEMENT_3D ( 'NONE', #2275, #1025, #6304 ) ;
#7612 = ORIENTED_EDGE ( 'NONE', *, *, #4410, .T. ) ;
#7613 = ADVANCED_FACE ( 'NONE', ( #7859 ), #4584, .F. ) ;
#7614 = EDGE_CURVE ( 'NONE', #5161, #6465, #4460, .T. ) ;
#7615 =( GEOMETRIC_REPRESENTATION_CONTEXT ( 3 ) GLOBAL_UNCERTAINTY_ASSIGNED_CONTEXT ( ( #5212 ) ) GLOBAL_UNIT_ASSIGNED_CONTEXT ( ( #390, #4330, #5145 ) ) REPRESENTATION_CONTEXT ( 'NONE', 'WORKASPACE' ) );
#7616 = PLANE ( 'NONE',  #4104 ) ;
#7617 = VERTEX_POINT ( 'NONE', #7128 ) ;
#7618 = VERTEX_POINT ( 'NONE', #1189 ) ;
#7619 = DIRECTION ( 'NONE',  ( -0.000000000000000000, -0.000000000000000000, -1.000000000000000000 ) ) ;
#7620 = LINE ( 'NONE', #3772, #7306 ) ;
#7621 = DIRECTION ( 'NONE',  ( -0.000000000000000000, -0.000000000000000000, -1.000000000000000000 ) ) ;
#7622 = CARTESIAN_POINT ( 'NONE',  ( 3.749992964849197641, 1.367449942301012022, 4.649999999999999467 ) ) ;
#7623 = ADVANCED_FACE ( 'NONE', ( #7812 ), #2809, .F. ) ;
#7624 = CARTESIAN_POINT ( 'NONE',  ( -3.599972658955197691, 2.649999999999999911, 0.000000000000000000 ) ) ;
#7625 = AXIS2_PLACEMENT_3D ( 'NONE', #7781, #4547, #6625 ) ;
#7626 = EDGE_LOOP ( 'NONE', ( #626, #5595, #4302, #7778 ) ) ;
#7627 = CARTESIAN_POINT ( 'NONE',  ( 4.589011388549212533, 0.2538042874631317170, 4.649999999999999467 ) ) ;
#7628 = EDGE_CURVE ( 'NONE', #4462, #1412, #3592, .T. ) ;
#7629 = FACE_OUTER_BOUND ( 'NONE', #3670, .T. ) ;
#7630 = CARTESIAN_POINT ( 'NONE',  ( -3.943579639192182018, 1.367449942301015131, 3.379999999999999449 ) ) ;
#7631 = AXIS2_PLACEMENT_3D ( 'NONE', #4435, #7755, #1824 ) ;
#7632 = ORIENTED_EDGE ( 'NONE', *, *, #4118, .T. ) ;
#7633 = CARTESIAN_POINT ( 'NONE',  ( -4.315000000000000391, 0.2500000000000000000, 1.700000000000000178 ) ) ;
#7634 = VECTOR ( 'NONE', #90, 1000.000000000000000 ) ;
#7635 = CARTESIAN_POINT ( 'NONE',  ( 4.589011388549212533, 0.2538042874631317170, 0.8399999999999996358 ) ) ;
#7636 = AXIS2_PLACEMENT_3D ( 'NONE', #3088, #8356, #2300 ) ;
#7637 = FACE_OUTER_BOUND ( 'NONE', #7789, .T. ) ;
#7638 = VECTOR ( 'NONE', #3416, 1000.000000000000000 ) ;
#7639 = CARTESIAN_POINT ( 'NONE',  ( 4.222822763272201740, 1.371071533533629649, -1.700000000000000622 ) ) ;
#7640 = CARTESIAN_POINT ( 'NONE',  ( -4.589011388549212533, 0.2538042874631301071, 0.8399999999999996358 ) ) ;
#7641 = PLANE ( 'NONE',  #117 ) ;
#7642 = PLANE ( 'NONE',  #5598 ) ;
#7643 = ORIENTED_EDGE ( 'NONE', *, *, #430, .F. ) ;
#7644 = FACE_OUTER_BOUND ( 'NONE', #5619, .T. ) ;
#7645 = CARTESIAN_POINT ( 'NONE',  ( -3.749992964849197641, 1.367449942301012022, 5.001452754537961454 ) ) ;
#7646 = ORIENTED_EDGE ( 'NONE', *, *, #5875, .F. ) ;
#7647 = DIRECTION ( 'NONE',  ( -0.000000000000000000, -0.000000000000000000, -1.000000000000000000 ) ) ;
#7648 = EDGE_CURVE ( 'NONE', #6766, #6260, #1590, .T. ) ;
#7649 = DIRECTION ( 'NONE',  ( 0.000000000000000000, 0.000000000000000000, 1.000000000000000000 ) ) ;
#7650 = ORIENTED_EDGE ( 'NONE', *, *, #3925, .T. ) ;
#7651 = CARTESIAN_POINT ( 'NONE',  ( -3.750000000000000888, -12.74127152210484937, -5.000000000000000888 ) ) ;
#7652 = DIRECTION ( 'NONE',  ( -0.1378445374916254795, -0.9808148484639900300, 0.1378445374916254795 ) ) ;
#7653 = ORIENTED_EDGE ( 'NONE', *, *, #5762, .T. ) ;
#7654 = DIRECTION ( 'NONE',  ( -0.000000000000000000, -0.000000000000000000, -1.000000000000000000 ) ) ;
#7655 = EDGE_CURVE ( 'NONE', #7211, #3529, #6832, .T. ) ;
#7656 = LINE ( 'NONE', #3039, #392 ) ;
#7657 = EDGE_CURVE ( 'NONE', #4967, #5102, #7526, .T. ) ;
#7658 = CARTESIAN_POINT ( 'NONE',  ( -2.636643502869150169, 2.649999999999999911, -4.069579648282762641 ) ) ;
#7659 = FACE_OUTER_BOUND ( 'NONE', #1136, .T. ) ;
#7660 = ORIENTED_EDGE ( 'NONE', *, *, #6189, .F. ) ;
#7661 = DIRECTION ( 'NONE',  ( 0.9975640502598241977, -0.06975647374412544122, -0.000000000000000000 ) ) ;
#7662 = EDGE_CURVE ( 'NONE', #3934, #3856, #6229, .T. ) ;
#7663 = LINE ( 'NONE', #1731, #5115 ) ;
#7664 = EDGE_CURVE ( 'NONE', #8134, #8543, #5464, .T. ) ;
#7665 = DIRECTION ( 'NONE',  ( 0.000000000000000000, 0.000000000000000000, 1.000000000000000000 ) ) ;
#7666 = EDGE_LOOP ( 'NONE', ( #3797, #178, #689, #4785 ) ) ;
#7667 = DIRECTION ( 'NONE',  ( -1.000000000000000000, 0.000000000000000000, 0.000000000000000000 ) ) ;
#7668 = EDGE_LOOP ( 'NONE', ( #990, #5776, #83, #497 ) ) ;
#7669 = CARTESIAN_POINT ( 'NONE',  ( 4.589011388549212533, 0.2538042874631317170, -1.700000000000000622 ) ) ;
#7670 = VERTEX_POINT ( 'NONE', #8167 ) ;
#7671 = VERTEX_POINT ( 'NONE', #903 ) ;
#7672 = CARTESIAN_POINT ( 'NONE',  ( -2.636643502869150169, 2.649999999999999911, -4.669579648282762285 ) ) ;
#7673 = DIRECTION ( 'NONE',  ( 1.000000000000000000, 0.000000000000000000, 0.000000000000000000 ) ) ;
#7674 = DIRECTION ( 'NONE',  ( 0.06975647374412763391, -0.9975640502598240866, 0.000000000000000000 ) ) ;
#7675 = CARTESIAN_POINT ( 'NONE',  ( -4.522049997657885179, 0.3082954381928062482, 2.969999999999999751 ) ) ;
#7676 = CIRCLE ( 'NONE', #5630, 0.2901001153979760883 ) ;
#7677 = DIRECTION ( 'NONE',  ( 0.000000000000000000, 1.000000000000000000, -0.000000000000000000 ) ) ;
#7678 = ORIENTED_EDGE ( 'NONE', *, *, #1779, .T. ) ;
#7679 = LINE ( 'NONE', #7724, #2021 ) ;
#7680 = CARTESIAN_POINT ( 'NONE',  ( -3.749154974055158185, 1.361487327977487727, 5.087973030627475524 ) ) ;
#7681 = EDGE_CURVE ( 'NONE', #8543, #1078, #4056, .T. ) ;
#7682 = EDGE_LOOP ( 'NONE', ( #6814, #6025, #2888, #5055 ) ) ;
#7683 = DIRECTION ( 'NONE',  ( -1.000000000000000000, 0.000000000000000000, 0.000000000000000000 ) ) ;
#7684 = CIRCLE ( 'NONE', #509, 0.07500000000000041356 ) ;
#7685 = CARTESIAN_POINT ( 'NONE',  ( -3.943579639192182018, 1.582550057698989043, 4.649999999999999467 ) ) ;
#7686 = CYLINDRICAL_SURFACE ( 'NONE', #2824, 0.07500000000000345279 ) ;
#7687 = ORIENTED_EDGE ( 'NONE', *, *, #8151, .F. ) ;
#7688 = AXIS2_PLACEMENT_3D ( 'NONE', #2527, #8495, #2569 ) ;
#7689 = VECTOR ( 'NONE', #3041, 1000.000000000000000 ) ;
#7690 = EDGE_CURVE ( 'NONE', #2009, #5583, #8458, .T. ) ;
#7691 = ORIENTED_EDGE ( 'NONE', *, *, #229, .T. ) ;
#7692 = EDGE_LOOP ( 'NONE', ( #4082, #6970, #4575, #5227 ) ) ;
#7693 = CYLINDRICAL_SURFACE ( 'NONE', #6798, 0.07500000000000345279 ) ;
#7694 = AXIS2_PLACEMENT_3D ( 'NONE', #1102, #6350, #2356 ) ;
#7695 = CARTESIAN_POINT ( 'NONE',  ( 3.943579639192182018, 1.292449942301011845, -3.380000000000000338 ) ) ;
#7696 = AXIS2_PLACEMENT_3D ( 'NONE', #3673, #6312, #4041 ) ;
#7697 = AXIS2_PLACEMENT_3D ( 'NONE', #3340, #3947, #4687 ) ;
#7698 = FACE_OUTER_BOUND ( 'NONE', #7323, .T. ) ;
#7699 = DIRECTION ( 'NONE',  ( 0.000000000000000000, -0.000000000000000000, 1.000000000000000000 ) ) ;
#7700 = EDGE_CURVE ( 'NONE', #488, #4958, #6869, .T. ) ;
#7701 = EDGE_CURVE ( 'NONE', #2733, #8537, #1549, .T. ) ;
#7702 = VERTEX_POINT ( 'NONE', #3543 ) ;
#7703 = VERTEX_POINT ( 'NONE', #2148 ) ;
#7704 = VECTOR ( 'NONE', #7138, 1000.000000000000227 ) ;
#7705 = DIRECTION ( 'NONE',  ( -1.000000000000000000, 0.000000000000000000, 0.000000000000000000 ) ) ;
#7706 = FACE_OUTER_BOUND ( 'NONE', #2815, .T. ) ;
#7707 = DIRECTION ( 'NONE',  ( -1.120120665500548440E-15, -1.000000000000000000, 0.000000000000000000 ) ) ;
#7708 = VERTEX_POINT ( 'NONE', #947 ) ;
#7709 = DIRECTION ( 'NONE',  ( 1.000000000000000000, 0.000000000000000000, 0.000000000000000000 ) ) ;
#7710 = ORIENTED_EDGE ( 'NONE', *, *, #6966, .T. ) ;
#7711 = CIRCLE ( 'NONE', #7580, 0.07500000000000128786 ) ;
#7713 = EDGE_CURVE ( 'NONE', #7498, #6098, #8124, .T. ) ;
#7712 = DIRECTION ( 'NONE',  ( 0.000000000000000000, 0.000000000000000000, 1.000000000000000000 ) ) ;
#7714 = VERTEX_POINT ( 'NONE', #7996 ) ;
#7715 = EDGE_CURVE ( 'NONE', #5599, #6223, #1566, .T. ) ;
#7716 = ADVANCED_FACE ( 'NONE', ( #4072 ), #6064, .T. ) ;
#7717 = ORIENTED_EDGE ( 'NONE', *, *, #3656, .T. ) ;
#7718 = CARTESIAN_POINT ( 'NONE',  ( 3.943579639192182018, 1.292449942301011845, 4.649999999999999467 ) ) ;
#7719 = VECTOR ( 'NONE', #7929, 1000.000000000000227 ) ;
#7720 = CARTESIAN_POINT ( 'NONE',  ( -3.749992964849197641, 1.367449942301012022, 3.379999999999999449 ) ) ;
#7721 = CARTESIAN_POINT ( 'NONE',  ( -5.150000000000000355, 0.2145761423277614266, 0.8399999999999996358 ) ) ;
#7722 = FACE_OUTER_BOUND ( 'NONE', #4309, .T. ) ;
#7723 = VERTEX_POINT ( 'NONE', #6789 ) ;
#7724 = CARTESIAN_POINT ( 'NONE',  ( -3.943579639192182018, 1.367449942301011800, 4.649999999999999467 ) ) ;
#7725 = CARTESIAN_POINT ( 'NONE',  ( -3.601452754537962431, 1.367449942301012467, 5.149992964849197108 ) ) ;
#7726 = ORIENTED_EDGE ( 'NONE', *, *, #7655, .T. ) ;
#7727 = EDGE_CURVE ( 'NONE', #1747, #6404, #4197, .T. ) ;
#7728 = VERTEX_POINT ( 'NONE', #861 ) ;
#7729 = FACE_OUTER_BOUND ( 'NONE', #405, .T. ) ;
#7730 = EDGE_CURVE ( 'NONE', #2645, #3268, #6151, .T. ) ;
#7731 = CARTESIAN_POINT ( 'NONE',  ( -4.522049997657885179, 0.3082954381928062482, -1.700000000000000622 ) ) ;
#7732 = LINE ( 'NONE', #2540, #3692 ) ;
#7733 = FACE_OUTER_BOUND ( 'NONE', #7280, .T. ) ;
#7734 = ORIENTED_EDGE ( 'NONE', *, *, #4289, .T. ) ;
#7735 = AXIS2_PLACEMENT_3D ( 'NONE', #7639, #4357, #297 ) ;
#7736 = VERTEX_POINT ( 'NONE', #2851 ) ;
#7737 = ORIENTED_EDGE ( 'NONE', *, *, #4079, .F. ) ;
#7738 = CARTESIAN_POINT ( 'NONE',  ( -4.522049997657885179, 0.3082954381928062482, 4.649999999999999467 ) ) ;
#7739 = VECTOR ( 'NONE', #6993, 1000.000000000000000 ) ;
#7740 = DIRECTION ( 'NONE',  ( -0.000000000000000000, -0.000000000000000000, -1.000000000000000000 ) ) ;
#7741 = DIRECTION ( 'NONE',  ( 0.9975640502598241977, -0.06975647374412544122, -0.000000000000000000 ) ) ;
#7743 = DIRECTION ( 'NONE',  ( -2.016181479920678149E-15, 1.000000000000000000, 0.000000000000000000 ) ) ;
#7742 = AXIS2_PLACEMENT_3D ( 'NONE', #1154, #7610, #517 ) ;
#7744 = ADVANCED_BREP_SHAPE_REPRESENTATION ( 'UCC21750', ( #2724, #5432, #5387, #8394, #2496, #8274, #8213, #8227, #8409, #2590, #2770, #5402, #5562, #8242, #2679, #5509, #2556, #8355, #5000 ), #568 ) ;
#7745 = VECTOR ( 'NONE', #160, 1000.000000000000000 ) ;
#7746 = EDGE_LOOP ( 'NONE', ( #553, #5457, #2535, #4001, #6552, #5891, #7962, #1532, #5990, #1768, #3622, #5849 ) ) ;
#7747 = VERTEX_POINT ( 'NONE', #5505 ) ;
#7748 = DIRECTION ( 'NONE',  ( -0.1378445374916255073, 0.9808148484639900300, 0.1378445374916254795 ) ) ;
#7749 = LINE ( 'NONE', #8443, #3314 ) ;
#7750 = ORIENTED_EDGE ( 'NONE', *, *, #1034, .F. ) ;
#7751 = LINE ( 'NONE', #7111, #4945 ) ;
#7752 = EDGE_CURVE ( 'NONE', #8064, #4759, #2108, .T. ) ;
#7753 = ORIENTED_EDGE ( 'NONE', *, *, #6577, .T. ) ;
#7754 = VECTOR ( 'NONE', #2215, 1000.000000000000227 ) ;
#7755 = DIRECTION ( 'NONE',  ( 0.000000000000000000, 0.000000000000000000, 1.000000000000000000 ) ) ;
#7756 = ORIENTED_EDGE ( 'NONE', *, *, #744, .T. ) ;
#7757 = ORIENTED_EDGE ( 'NONE', *, *, #1324, .F. ) ;
#7758 = CARTESIAN_POINT ( 'NONE',  ( 5.134995374447882455, 0.000000000000000000, -1.700000000000000622 ) ) ;
#7759 = AXIS2_PLACEMENT_3D ( 'NONE', #3356, #7974, #7246 ) ;
#7760 = LINE ( 'NONE', #4441, #5265 ) ;
#7761 = CARTESIAN_POINT ( 'NONE',  ( -3.943579639192182018, 1.292449942301011845, -0.8400000000000005240 ) ) ;
#7762 = FACE_OUTER_BOUND ( 'NONE', #2126, .T. ) ;
#7763 = ADVANCED_FACE ( 'NONE', ( #1904 ), #5672, .F. ) ;
#7764 = AXIS2_PLACEMENT_3D ( 'NONE', #7442, #6185, #8038 ) ;
#7765 = ORIENTED_EDGE ( 'NONE', *, *, #6000, .F. ) ;
#7766 = CARTESIAN_POINT ( 'NONE',  ( -3.749992964849198085, 1.582550057698988821, -2.970000000000000639 ) ) ;
#7767 = EDGE_CURVE ( 'NONE', #4557, #7120, #8292, .T. ) ;
#7768 = DIRECTION ( 'NONE',  ( 0.9975640502598241977, -0.06975647374412544122, -0.000000000000000000 ) ) ;
#7769 = PRESENTATION_LAYER_ASSIGNMENT (  '', '', ( #192 ) ) ;
#7770 = AXIS2_PLACEMENT_3D ( 'NONE', #2259, #7621, #4135 ) ;
#7771 = ORIENTED_EDGE ( 'NONE', *, *, #4242, .F. ) ;
#7772 = EDGE_CURVE ( 'NONE', #6404, #3173, #6960, .T. ) ;
#7773 = CARTESIAN_POINT ( 'NONE',  ( 3.749992964849197641, 1.367449942301012022, -2.110000000000000320 ) ) ;
#7774 = ADVANCED_FACE ( 'NONE', ( #1066 ), #5208, .F. ) ;
#7775 = DIRECTION ( 'NONE',  ( -1.000000000000000000, 0.000000000000000000, 0.000000000000000000 ) ) ;
#7776 = DIRECTION ( 'NONE',  ( -0.000000000000000000, -0.000000000000000000, -1.000000000000000000 ) ) ;
#7777 = STYLED_ITEM ( 'NONE', ( #4247 ), #8355 ) ;
#7778 = ORIENTED_EDGE ( 'NONE', *, *, #760, .T. ) ;
#7779 = ADVANCED_FACE ( 'NONE', ( #3917 ), #7642, .F. ) ;
#7780 = ORIENTED_EDGE ( 'NONE', *, *, #4371, .T. ) ;
#7781 = CARTESIAN_POINT ( 'NONE',  ( 3.469579648282761219, 2.500000000000000000, -4.869579648282762463 ) ) ;
#7782 = CARTESIAN_POINT ( 'NONE',  ( 3.749992964849198085, 1.582550057698988821, 4.240000000000000213 ) ) ;
#7783 = CARTESIAN_POINT ( 'NONE',  ( -4.015772765614322282, 1.312776095340825622, -0.4300000000000007150 ) ) ;
#7784 = VERTEX_POINT ( 'NONE', #7564 ) ;
#7785 = ORIENTED_EDGE ( 'NONE', *, *, #5926, .F. ) ;
#7786 = DIRECTION ( 'NONE',  ( -0.000000000000000000, -0.000000000000000000, -1.000000000000000000 ) ) ;
#7787 = EDGE_CURVE ( 'NONE', #2521, #6674, #5011, .T. ) ;
#7788 = VERTEX_POINT ( 'NONE', #6917 ) ;
#7789 = EDGE_LOOP ( 'NONE', ( #3044, #7785, #21, #1469 ) ) ;
#7790 = CARTESIAN_POINT ( 'NONE',  ( 4.594243124080021445, 0.3286215912326184152, -2.970000000000000639 ) ) ;
#7791 = FACE_OUTER_BOUND ( 'NONE', #6385, .T. ) ;
#7792 = EDGE_LOOP ( 'NONE', ( #4408, #3214, #75, #6007 ) ) ;
#7793 = LINE ( 'NONE', #4518, #3982 ) ;
#7794 = CARTESIAN_POINT ( 'NONE',  ( -5.150000000000000355, 0.2145761423277614266, 2.109999999999999876 ) ) ;
#7795 = ORIENTED_EDGE ( 'NONE', *, *, #6837, .T. ) ;
#7796 = ORIENTED_EDGE ( 'NONE', *, *, #702, .F. ) ;
#7797 = CYLINDRICAL_SURFACE ( 'NONE', #6934, 0.1499999999999999667 ) ;
#7798 = EDGE_CURVE ( 'NONE', #3388, #561, #6269, .T. ) ;
#7799 = LINE ( 'NONE', #7077, #7604 ) ;
#7800 = DIRECTION ( 'NONE',  ( 1.000000000000000000, -1.120120665500546074E-15, -0.000000000000000000 ) ) ;
#7801 = LINE ( 'NONE', #732, #7150 ) ;
#7802 = VERTEX_POINT ( 'NONE', #1746 ) ;
#7803 = LINE ( 'NONE', #7121, #6863 ) ;
#7804 = CARTESIAN_POINT ( 'NONE',  ( -4.015772765614322282, 1.312776095340825622, 0.8399999999999996358 ) ) ;
#7805 = PLANE ( 'NONE',  #4796 ) ;
#7806 = EDGE_CURVE ( 'NONE', #873, #2070, #3669, .T. ) ;
#7807 = EDGE_CURVE ( 'NONE', #3645, #3444, #7093, .T. ) ;
#7808 = EDGE_LOOP ( 'NONE', ( #1686, #5489, #6564, #7398, #2902, #8367, #3573, #2548, #6506, #8040, #6605, #3241 ) ) ;
#7809 = VECTOR ( 'NONE', #352, 1000.000000000000114 ) ;
#7810 = CARTESIAN_POINT ( 'NONE',  ( -3.507790025727651528, 3.305913517396946055, -4.759249815416414897 ) ) ;
#7811 = DIRECTION ( 'NONE',  ( -1.000000000000000000, 0.000000000000000000, 0.000000000000000000 ) ) ;
#7812 = FACE_OUTER_BOUND ( 'NONE', #5758, .T. ) ;
#7813 = CARTESIAN_POINT ( 'NONE',  ( 4.594243124080021445, 0.3286215912326184152, 2.109999999999999876 ) ) ;
#7814 = CARTESIAN_POINT ( 'NONE',  ( 3.943579639192182018, 1.582550057698989043, 4.240000000000000213 ) ) ;
#7815 = ORIENTED_EDGE ( 'NONE', *, *, #3814, .T. ) ;
#7816 = ADVANCED_FACE ( 'NONE', ( #423 ), #4562, .T. ) ;
#7817 = AXIS2_PLACEMENT_3D ( 'NONE', #6616, #3242, #1839 ) ;
#7818 = EDGE_LOOP ( 'NONE', ( #6735, #521, #1684, #4601 ) ) ;
#7819 = AXIS2_PLACEMENT_3D ( 'NONE', #453, #5620, #3050 ) ;
#7820 = ORIENTED_EDGE ( 'NONE', *, *, #4406, .F. ) ;
#7821 = CARTESIAN_POINT ( 'NONE',  ( 3.943579639192182018, 1.582550057698989043, 0.8399999999999996358 ) ) ;
#7822 = DIRECTION ( 'NONE',  ( -1.000000000000000000, 1.120120665500548440E-15, 0.000000000000000000 ) ) ;
#7823 = PRESENTATION_STYLE_ASSIGNMENT (( #6029 ) ) ;
#7824 = AXIS2_PLACEMENT_3D ( 'NONE', #1592, #3545, #5552 ) ;
#7825 = DIRECTION ( 'NONE',  ( 1.000000000000000000, -0.000000000000000000, 0.000000000000000000 ) ) ;
#7826 = CIRCLE ( 'NONE', #7434, 0.2901001153979786418 ) ;
#7827 = ORIENTED_EDGE ( 'NONE', *, *, #2001, .F. ) ;
#7828 = CARTESIAN_POINT ( 'NONE',  ( -3.943579639192182018, 1.367449942301015131, 4.649999999999999467 ) ) ;
#7829 = ORIENTED_EDGE ( 'NONE', *, *, #1213, .F. ) ;
#7830 = VERTEX_POINT ( 'NONE', #4280 ) ;
#7831 = AXIS2_PLACEMENT_3D ( 'NONE', #1065, #3061, #7600 ) ;
#7832 = AXIS2_PLACEMENT_3D ( 'NONE', #4506, #7825, #6631 ) ;
#7833 = CARTESIAN_POINT ( 'NONE',  ( -4.594243124080021445, 0.3286215912326184152, -2.970000000000000639 ) ) ;
#7834 = CARTESIAN_POINT ( 'NONE',  ( 5.134995374447882455, 0.000000000000000000, -0.8400000000000005240 ) ) ;
#7835 = EDGE_CURVE ( 'NONE', #7591, #3101, #1030, .T. ) ;
#7836 = DIRECTION ( 'NONE',  ( 0.000000000000000000, 0.000000000000000000, 1.000000000000000000 ) ) ;
#7837 = VERTEX_POINT ( 'NONE', #989 ) ;
#7838 = FACE_OUTER_BOUND ( 'NONE', #2211, .T. ) ;
#7839 = ORIENTED_EDGE ( 'NONE', *, *, #1895, .F. ) ;
#7840 = DIRECTION ( 'NONE',  ( 0.000000000000000000, 0.000000000000000000, 1.000000000000000000 ) ) ;
#7841 = MECHANICAL_DESIGN_GEOMETRIC_PRESENTATION_REPRESENTATION (  '', ( #3153 ), #2444 ) ;
#7842 = ORIENTED_EDGE ( 'NONE', *, *, #2160, .F. ) ;
#7843 = CIRCLE ( 'NONE', #2664, 0.07500000000000300870 ) ;
#7844 = ORIENTED_EDGE ( 'NONE', *, *, #7238, .F. ) ;
#7845 = DIRECTION ( 'NONE',  ( 0.9975640502598241977, -0.06975647374412544122, -0.000000000000000000 ) ) ;
#7846 = DIRECTION ( 'NONE',  ( -0.000000000000000000, -0.000000000000000000, -1.000000000000000000 ) ) ;
#7847 = CARTESIAN_POINT ( 'NONE',  ( 4.594243124080021445, 0.3286215912326184152, 2.109999999999999876 ) ) ;
#7848 = CARTESIAN_POINT ( 'NONE',  ( 4.015772765614318729, 1.312776095340824734, 3.379999999999999449 ) ) ;
#7849 = AXIS2_PLACEMENT_3D ( 'NONE', #375, #3018, #2899 ) ;
#7850 = ORIENTED_EDGE ( 'NONE', *, *, #3546, .F. ) ;
#7851 = DIRECTION ( 'NONE',  ( -0.06975647374412530244, -0.9975640502598243087, 0.000000000000000000 ) ) ;
#7852 = DIRECTION ( 'NONE',  ( 0.06975647374412763391, -0.9975640502598240866, 0.000000000000000000 ) ) ;
#7853 = EDGE_LOOP ( 'NONE', ( #2613, #2701, #2509, #2270 ) ) ;
#7854 = ADVANCED_FACE ( 'NONE', ( #300 ), #5051, .T. ) ;
#7855 = CIRCLE ( 'NONE', #4012, 0.07500000000000300870 ) ;
#7856 = DIRECTION ( 'NONE',  ( 1.000000000000000000, 0.000000000000000000, -0.000000000000000000 ) ) ;
#7857 = ORIENTED_EDGE ( 'NONE', *, *, #6770, .F. ) ;
#7858 = PLANE ( 'NONE',  #6442 ) ;
#7859 = FACE_OUTER_BOUND ( 'NONE', #2832, .T. ) ;
#7860 = DIRECTION ( 'NONE',  ( -0.000000000000000000, -0.000000000000000000, -1.000000000000000000 ) ) ;
#7861 = CARTESIAN_POINT ( 'NONE',  ( -5.150000000000000355, 0.2145761423277614266, 4.649999999999999467 ) ) ;
#7862 = EDGE_CURVE ( 'NONE', #641, #189, #4402, .T. ) ;
#7863 = VERTEX_POINT ( 'NONE', #5631 ) ;
#7864 = CIRCLE ( 'NONE', #4568, 0.2901001153979764768 ) ;
#7865 = ORIENTED_EDGE ( 'NONE', *, *, #6473, .F. ) ;
#7866 = CARTESIAN_POINT ( 'NONE',  ( -3.600484260976135165, 1.367500000000027693, 5.150000000000000355 ) ) ;
#7867 = CARTESIAN_POINT ( 'NONE',  ( -3.749997654931401581, 1.367483313969922953, -5.000968516274153508 ) ) ;
#7868 = FACE_OUTER_BOUND ( 'NONE', #2562, .T. ) ;
#7869 = ORIENTED_EDGE ( 'NONE', *, *, #1897, .F. ) ;
#7870 = EDGE_CURVE ( 'NONE', #6234, #8177, #1214, .T. ) ;
#7871 = CARTESIAN_POINT ( 'NONE',  ( -4.315000000000000391, 0.2499999999999998890, 2.109999999999999876 ) ) ;
#7872 = CARTESIAN_POINT ( 'NONE',  ( -3.469579648282762996, 0.4291240348559907103, -5.018119858593998117 ) ) ;
#7873 = EDGE_CURVE ( 'NONE', #5583, #1388, #576, .T. ) ;
#7874 = VECTOR ( 'NONE', #3955, 1000.000000000000000 ) ;
#7875 = ORIENTED_EDGE ( 'NONE', *, *, #805, .T. ) ;
#7876 = ORIENTED_EDGE ( 'NONE', *, *, #1017, .T. ) ;
#7877 =( NAMED_UNIT ( * ) PLANE_ANGLE_UNIT ( ) SI_UNIT ( $, .RADIAN. ) );
#7878 = ORIENTED_EDGE ( 'NONE', *, *, #4044, .T. ) ;
#7879 = ORIENTED_EDGE ( 'NONE', *, *, #6966, .F. ) ;
#7880 = LINE ( 'NONE', #4605, #3326 ) ;
#7881 = EDGE_CURVE ( 'NONE', #4990, #3778, #4933, .T. ) ;
#7882 = DIRECTION ( 'NONE',  ( -0.000000000000000000, -0.000000000000000000, -1.000000000000000000 ) ) ;
#7883 = ADVANCED_FACE ( 'NONE', ( #6041 ), #2131, .F. ) ;
#7884 = DIRECTION ( 'NONE',  ( -0.1378445374916254795, 0.9808148484639900300, -0.1378445374916254795 ) ) ;
#7885 = ORIENTED_EDGE ( 'NONE', *, *, #7614, .F. ) ;
#7886 = PLANE ( 'NONE',  #3693 ) ;
#7887 = ORIENTED_EDGE ( 'NONE', *, *, #1409, .F. ) ;
#7888 = VECTOR ( 'NONE', #1956, 1000.000000000000000 ) ;
#7889 = DIRECTION ( 'NONE',  ( -1.000000000000000000, 0.000000000000000000, 0.000000000000000000 ) ) ;
#7890 = ORIENTED_EDGE ( 'NONE', *, *, #1263, .F. ) ;
#7891 = ORIENTED_EDGE ( 'NONE', *, *, #2855, .T. ) ;
#7892 = LINE ( 'NONE', #7251, #1800 ) ;
#7893 = ADVANCED_FACE ( 'NONE', ( #6592 ), #6641, .T. ) ;
#7894 = STYLED_ITEM ( 'NONE', ( #4898 ), #7744 ) ;
#7895 = DIRECTION ( 'NONE',  ( -0.000000000000000000, -0.000000000000000000, -1.000000000000000000 ) ) ;
#7896 = DIRECTION ( 'NONE',  ( -0.2710153738641504773, -0.9625750189617817698, 0.000000000000000000 ) ) ;
#7897 = DIRECTION ( 'NONE',  ( -1.000000000000000000, 1.120120665500546074E-15, 0.000000000000000000 ) ) ;
#7898 = AXIS2_PLACEMENT_3D ( 'NONE', #6806, #1522, #4172 ) ;
#7899 = VERTEX_POINT ( 'NONE', #153 ) ;
#7900 = PLANE ( 'NONE',  #6315 ) ;
#7901 = EDGE_LOOP ( 'NONE', ( #2618, #5751, #8500, #4597 ) ) ;
#7902 = DIRECTION ( 'NONE',  ( -1.000000000000000000, 0.000000000000000000, 0.000000000000000000 ) ) ;
#7903 = AXIS2_PLACEMENT_3D ( 'NONE', #3786, #7712, #6424 ) ;
#7904 = DIRECTION ( 'NONE',  ( 0.000000000000000000, -0.1391731009600620517, 0.9902680687415708061 ) ) ;
#7905 = DIRECTION ( 'NONE',  ( 0.000000000000000000, 0.000000000000000000, 1.000000000000000000 ) ) ;
#7906 = DIRECTION ( 'NONE',  ( 1.000000000000000000, 0.000000000000000000, 2.919619327894550776E-15 ) ) ;
#7907 = CARTESIAN_POINT ( 'NONE',  ( 5.150000000000000355, 0.2145761423277614266, 1.700000000000000178 ) ) ;
#7908 = AXIS2_PLACEMENT_3D ( 'NONE', #727, #4566, #1261 ) ;
#7909 = CARTESIAN_POINT ( 'NONE',  ( -5.134995374447882455, 0.000000000000000000, 2.109999999999999876 ) ) ;
#7910 = ORIENTED_EDGE ( 'NONE', *, *, #2473, .T. ) ;
#7911 = VECTOR ( 'NONE', #3331, 1000.000000000000227 ) ;
#7912 = VERTEX_POINT ( 'NONE', #7332 ) ;
#7913 = EDGE_CURVE ( 'NONE', #510, #7971, #6114, .T. ) ;
#7914 = DIRECTION ( 'NONE',  ( -0.000000000000000000, -0.000000000000000000, -1.000000000000000000 ) ) ;
#7915 = AXIS2_PLACEMENT_3D ( 'NONE', #6273, #5861, #378 ) ;
#7916 = CARTESIAN_POINT ( 'NONE',  ( 3.749992964849197641, 1.367449942301012022, 2.109999999999999876 ) ) ;
#7917 = CARTESIAN_POINT ( 'NONE',  ( -3.750000000000001332, 1.582499999999971374, 5.000484260976134188 ) ) ;
#7918 = ORIENTED_EDGE ( 'NONE', *, *, #1305, .T. ) ;
#7919 = PRESENTATION_STYLE_ASSIGNMENT (( #1384 ) ) ;
#7920 = DIRECTION ( 'NONE',  ( -0.000000000000000000, -0.000000000000000000, -1.000000000000000000 ) ) ;
#7921 = VERTEX_POINT ( 'NONE', #800 ) ;
#7922 = PRESENTATION_STYLE_ASSIGNMENT (( #3952 ) ) ;
#7923 = VECTOR ( 'NONE', #787, 1000.000000000000000 ) ;
#7924 = ORIENTED_EDGE ( 'NONE', *, *, #7299, .T. ) ;
#7925 = EDGE_LOOP ( 'NONE', ( #2893, #755, #8278, #3235 ) ) ;
#7926 = EDGE_CURVE ( 'NONE', #7784, #6310, #4204, .T. ) ;
#7927 = EDGE_CURVE ( 'NONE', #6441, #4268, #1695, .T. ) ;
#7928 = CARTESIAN_POINT ( 'NONE',  ( -3.749992964849198085, 1.582550057698988821, 3.379999999999999449 ) ) ;
#7929 = DIRECTION ( 'NONE',  ( -0.9975640502598241977, 0.06975647374412528856, -0.000000000000000000 ) ) ;
#7930 = LINE ( 'NONE', #8015, #5023 ) ;
#7931 = ORIENTED_EDGE ( 'NONE', *, *, #2577, .F. ) ;
#7932 = CARTESIAN_POINT ( 'NONE',  ( -4.315000000000000391, 0.2500000000000000000, -0.4300000000000007150 ) ) ;
#7933 = FACE_OUTER_BOUND ( 'NONE', #6840, .T. ) ;
#7934 = ORIENTED_EDGE ( 'NONE', *, *, #8084, .F. ) ;
#7935 = EDGE_CURVE ( 'NONE', #561, #5599, #4781, .T. ) ;
#7936 = EDGE_LOOP ( 'NONE', ( #8348, #1792, #3386, #7008 ) ) ;
#7937 = EDGE_CURVE ( 'NONE', #8172, #1158, #2086, .T. ) ;
#7938 = DIRECTION ( 'NONE',  ( -0.2710153738641577492, 0.9625750189617798824, -0.000000000000000000 ) ) ;
#7939 = DIRECTION ( 'NONE',  ( -1.000000000000000000, -1.120120665500546074E-15, 0.000000000000000000 ) ) ;
#7940 = CARTESIAN_POINT ( 'NONE',  ( -4.589011388549212533, 0.2538042874631317170, 4.240000000000000213 ) ) ;
#7941 = CARTESIAN_POINT ( 'NONE',  ( 4.589011388549212533, 0.2538042874631317170, 2.109999999999999876 ) ) ;
#7942 = EDGE_LOOP ( 'NONE', ( #8262, #2644, #76, #1967 ) ) ;
#7943 = DIRECTION ( 'NONE',  ( 1.000000000000000000, -0.000000000000000000, -0.000000000000000000 ) ) ;
#7944 = ORIENTED_EDGE ( 'NONE', *, *, #4299, .T. ) ;
#7945 = EDGE_LOOP ( 'NONE', ( #387, #4021, #367, #1286 ) ) ;
#7946 = CARTESIAN_POINT ( 'NONE',  ( 3.618119858593996874, 2.520875965144009356, 0.000000000000000000 ) ) ;
#7947 = CARTESIAN_POINT ( 'NONE',  ( 5.150000000000000355, 0.2145761423277614266, 3.379999999999999449 ) ) ;
#7948 = LINE ( 'NONE', #89, #1260 ) ;
#7949 = PLANE ( 'NONE',  #5712 ) ;
#7950 = DIRECTION ( 'NONE',  ( -1.000000000000000000, 0.000000000000000000, 0.000000000000000000 ) ) ;
#7951 = ADVANCED_FACE ( 'NONE', ( #2041 ), #7243, .T. ) ;
#7952 = CARTESIAN_POINT ( 'NONE',  ( -4.594243124080021445, 0.3286215912326184152, -0.4300000000000007150 ) ) ;
#7953 = ORIENTED_EDGE ( 'NONE', *, *, #1593, .F. ) ;
#7954 = AXIS2_PLACEMENT_3D ( 'NONE', #431, #5568, #5482 ) ;
#7955 = VERTEX_POINT ( 'NONE', #6551 ) ;
#7956 = LINE ( 'NONE', #3294, #3852 ) ;
#7957 = DIRECTION ( 'NONE',  ( -1.120120665500546074E-15, 1.000000000000000000, 0.000000000000000000 ) ) ;
#7958 = PLANE ( 'NONE',  #813 ) ;
#7959 = CARTESIAN_POINT ( 'NONE',  ( -5.150000000000000355, 0.2145761423277614266, -2.110000000000000320 ) ) ;
#7960 = DIRECTION ( 'NONE',  ( -0.2710153738641504773, -0.9625750189617817698, 0.000000000000000000 ) ) ;
#7961 = ORIENTED_EDGE ( 'NONE', *, *, #4003, .F. ) ;
#7962 = ORIENTED_EDGE ( 'NONE', *, *, #6036, .T. ) ;
#7963 = EDGE_CURVE ( 'NONE', #4268, #7158, #5342, .T. ) ;
#7964 = ORIENTED_EDGE ( 'NONE', *, *, #1006, .F. ) ;
#7965 = ORIENTED_EDGE ( 'NONE', *, *, #1738, .T. ) ;
#7966 = LINE ( 'NONE', #8055, #7331 ) ;
#7967 = AXIS2_PLACEMENT_3D ( 'NONE', #7, #4631, #4111 ) ;
#7968 = DIRECTION ( 'NONE',  ( -0.2710153738641504773, 0.9625750189617817698, 0.000000000000000000 ) ) ;
#7969 = VECTOR ( 'NONE', #3612, 1000.000000000000114 ) ;
#7970 = DIRECTION ( 'NONE',  ( 0.000000000000000000, 0.000000000000000000, 1.000000000000000000 ) ) ;
#7971 = VERTEX_POINT ( 'NONE', #3310 ) ;
#7972 = CARTESIAN_POINT ( 'NONE',  ( -4.589011388549212533, 0.2538042874631301071, -2.110000000000000320 ) ) ;
#7973 = ORIENTED_EDGE ( 'NONE', *, *, #2053, .F. ) ;
#7974 = DIRECTION ( 'NONE',  ( 0.000000000000000000, 1.000000000000000000, 0.000000000000000000 ) ) ;
#7975 = EDGE_CURVE ( 'NONE', #6513, #4422, #1014, .T. ) ;
#7976 = ORIENTED_EDGE ( 'NONE', *, *, #5414, .F. ) ;
#7977 = VECTOR ( 'NONE', #811, 1000.000000000000227 ) ;
#7978 = AXIS2_PLACEMENT_3D ( 'NONE', #3180, #32, #4703 ) ;
#7979 = ORIENTED_EDGE ( 'NONE', *, *, #8192, .F. ) ;
#7980 = CARTESIAN_POINT ( 'NONE',  ( -3.750000000000001332, 1.367500000000027693, 5.000484260976134188 ) ) ;
#7981 = DIRECTION ( 'NONE',  ( 1.000000000000000000, 0.000000000000000000, 0.000000000000000000 ) ) ;
#7982 = PLANE ( 'NONE',  #5917 ) ;
#7983 = ORIENTED_EDGE ( 'NONE', *, *, #4654, .T. ) ;
#7984 = PLANE ( 'NONE',  #5207 ) ;
#7985 = VECTOR ( 'NONE', #7768, 1000.000000000000227 ) ;
#7986 = EDGE_LOOP ( 'NONE', ( #2025, #8427, #8508, #7565 ) ) ;
#7987 = AXIS2_PLACEMENT_3D ( 'NONE', #2683, #1289, #1934 ) ;
#7988 = VERTEX_POINT ( 'NONE', #4701 ) ;
#7989 = ADVANCED_FACE ( 'NONE', ( #722 ), #3264, .F. ) ;
#7990 = CARTESIAN_POINT ( 'NONE',  ( -3.943579639192182018, 1.292449942301011845, 4.649999999999999467 ) ) ;
#7991 = EDGE_CURVE ( 'NONE', #4696, #112, #1300, .T. ) ;
#7992 = DIRECTION ( 'NONE',  ( -1.000000000000000000, 1.120120665500548440E-15, 0.000000000000000000 ) ) ;
#7993 = AXIS2_PLACEMENT_3D ( 'NONE', #2526, #7078, #5094 ) ;
#7994 = PLANE ( 'NONE',  #2624 ) ;
#7995 =( NAMED_UNIT ( * ) SI_UNIT ( $, .STERADIAN. ) SOLID_ANGLE_UNIT ( ) );
#7996 = CARTESIAN_POINT ( 'NONE',  ( -3.943579639192182018, 1.367449942301015131, 2.969999999999999751 ) ) ;
#7997 = LINE ( 'NONE', #8507, #3419 ) ;
#7998 = ADVANCED_FACE ( 'NONE', ( #6682 ), #762, .F. ) ;
#7999 = PLANE ( 'NONE',  #6656 ) ;
#8000 = CIRCLE ( 'NONE', #1087, 0.2901001153979764768 ) ;
#8001 = ORIENTED_EDGE ( 'NONE', *, *, #6702, .F. ) ;
#8002 = EDGE_CURVE ( 'NONE', #2419, #1098, #7930, .T. ) ;
#8003 = CYLINDRICAL_SURFACE ( 'NONE', #8536, 0.07500000000000128786 ) ;
#8004 = FACE_OUTER_BOUND ( 'NONE', #4577, .T. ) ;
#8005 = CARTESIAN_POINT ( 'NONE',  ( 4.574006762997095521, 0.03922814513537039444, -0.8400000000000005240 ) ) ;
#8006 = VERTEX_POINT ( 'NONE', #4608 ) ;
#8007 = VERTEX_POINT ( 'NONE', #1994 ) ;
#8008 = ORIENTED_EDGE ( 'NONE', *, *, #960, .F. ) ;
#8009 = SURFACE_SIDE_STYLE ('',( #5386 ) ) ;
#8010 = ORIENTED_EDGE ( 'NONE', *, *, #3769, .T. ) ;
#8011 = ORIENTED_EDGE ( 'NONE', *, *, #2650, .F. ) ;
#8012 = CARTESIAN_POINT ( 'NONE',  ( -2.636643502869150169, 2.600000000000000089, -4.669579648282762285 ) ) ;
#8013 = LINE ( 'NONE', #1299, #7719 ) ;
#8014 = CIRCLE ( 'NONE', #2069, 0.2901001153979786418 ) ;
#8015 = CARTESIAN_POINT ( 'NONE',  ( -4.574006762997095521, 0.03922814513537028341, 3.379999999999999449 ) ) ;
#8016 = VERTEX_POINT ( 'NONE', #4009 ) ;
#8017 = DIRECTION ( 'NONE',  ( -1.000000000000000000, 0.000000000000000000, 0.000000000000000000 ) ) ;
#8018 = DIRECTION ( 'NONE',  ( -1.000000000000000000, 0.000000000000000000, 0.000000000000000000 ) ) ;
#8019 = VERTEX_POINT ( 'NONE', #320 ) ;
#8020 = ORIENTED_EDGE ( 'NONE', *, *, #8247, .F. ) ;
#8021 = LINE ( 'NONE', #3318, #3619 ) ;
#8022 = CLOSED_SHELL ( 'NONE', ( #1933, #132, #2551, #3021, #3274, #6783, #3868, #1390, #2114, #1168, #7562, #3114, #3672, #5088 ) ) ;
#8023 = CARTESIAN_POINT ( 'NONE',  ( -5.134995374447882455, 0.000000000000000000, 0.8399999999999996358 ) ) ;
#8024 = ADVANCED_FACE ( 'NONE', ( #4218 ), #2962, .F. ) ;
#8025 = DIRECTION ( 'NONE',  ( -0.2710153738641577492, 0.9625750189617798824, -0.000000000000000000 ) ) ;
#8026 = AXIS2_PLACEMENT_3D ( 'NONE', #1628, #4314, #4275 ) ;
#8027 = VERTEX_POINT ( 'NONE', #6292 ) ;
#8028 = CARTESIAN_POINT ( 'NONE',  ( 4.522049997657887843, 0.3082954381928066367, -0.8400000000000005240 ) ) ;
#8029 = ORIENTED_EDGE ( 'NONE', *, *, #5364, .F. ) ;
#8030 = ORIENTED_EDGE ( 'NONE', *, *, #4187, .T. ) ;
#8031 = DIRECTION ( 'NONE',  ( -1.000000000000000000, -1.120120665500546074E-15, 0.000000000000000000 ) ) ;
#8032 = CIRCLE ( 'NONE', #8170, 0.07500000000000300870 ) ;
#8033 = VECTOR ( 'NONE', #6297, 1000.000000000000000 ) ;
#8034 = EDGE_CURVE ( 'NONE', #1905, #4433, #6166, .T. ) ;
#8035 = FACE_OUTER_BOUND ( 'NONE', #5140, .T. ) ;
#8036 = EDGE_CURVE ( 'NONE', #5994, #7736, #237, .T. ) ;
#8037 = PLANE ( 'NONE',  #975 ) ;
#8038 = DIRECTION ( 'NONE',  ( -1.000000000000000000, 0.000000000000000000, 0.000000000000000000 ) ) ;
#8039 = DIRECTION ( 'NONE',  ( -0.000000000000000000, -0.000000000000000000, -1.000000000000000000 ) ) ;
#8040 = ORIENTED_EDGE ( 'NONE', *, *, #5510, .F. ) ;
#8041 = ADVANCED_FACE ( 'NONE', ( #4174 ), #6937, .T. ) ;
#8042 = ORIENTED_EDGE ( 'NONE', *, *, #4762, .T. ) ;
#8043 = EDGE_CURVE ( 'NONE', #6244, #6703, #1010, .T. ) ;
#8044 = AXIS2_PLACEMENT_3D ( 'NONE', #7159, #2655, #74 ) ;
#8045 = DIRECTION ( 'NONE',  ( -0.000000000000000000, -0.1391731009600620517, -0.9902680687415708061 ) ) ;
#8046 = AXIS2_PLACEMENT_3D ( 'NONE', #7265, #4630, #1234 ) ;
#8047 = CARTESIAN_POINT ( 'NONE',  ( -3.749992964849198085, 1.582550057698988821, -3.380000000000000338 ) ) ;
#8048 = ORIENTED_EDGE ( 'NONE', *, *, #408, .T. ) ;
#8049 = VERTEX_POINT ( 'NONE', #4914 ) ;
#8050 = LINE ( 'NONE', #3430, #1135 ) ;
#8051 = VECTOR ( 'NONE', #5654, 1000.000000000000000 ) ;
#8052 = VERTEX_POINT ( 'NONE', #2218 ) ;
#8053 = VERTEX_POINT ( 'NONE', #4993 ) ;
#8054 = VECTOR ( 'NONE', #3611, 1000.000000000000000 ) ;
#8055 = CARTESIAN_POINT ( 'NONE',  ( -5.134995374447882455, 0.000000000000000000, -2.970000000000000639 ) ) ;
#8056 = CARTESIAN_POINT ( 'NONE',  ( 3.943579639192182018, 1.367449942301011800, 2.969999999999999751 ) ) ;
#8057 = DIRECTION ( 'NONE',  ( -1.000000000000000000, 0.000000000000000000, 0.000000000000000000 ) ) ;
#8058 = DIRECTION ( 'NONE',  ( 2.016181479920678149E-15, -1.000000000000000000, 0.000000000000000000 ) ) ;
#8059 = EDGE_LOOP ( 'NONE', ( #2033, #4809, #8139, #8065 ) ) ;
#8060 = DIRECTION ( 'NONE',  ( -0.1378445374916298094, 0.9808148484639893638, -0.1378445374916265342 ) ) ;
#8061 = EDGE_CURVE ( 'NONE', #3444, #2154, #6211, .T. ) ;
#8062 = MECHANICAL_DESIGN_GEOMETRIC_PRESENTATION_REPRESENTATION (  '', ( #6278 ), #1573 ) ;
#8063 = CARTESIAN_POINT ( 'NONE',  ( 3.943579639192182018, 1.367449942301011800, -2.110000000000000320 ) ) ;
#8064 = VERTEX_POINT ( 'NONE', #8188 ) ;
#8065 = ORIENTED_EDGE ( 'NONE', *, *, #1006, .T. ) ;
#8066 =( GEOMETRIC_REPRESENTATION_CONTEXT ( 3 ) GLOBAL_UNCERTAINTY_ASSIGNED_CONTEXT ( ( #8487 ) ) GLOBAL_UNIT_ASSIGNED_CONTEXT ( ( #2989, #1799, #3764 ) ) REPRESENTATION_CONTEXT ( 'NONE', 'WORKASPACE' ) );
#8067 = DIRECTION ( 'NONE',  ( -0.000000000000000000, -0.000000000000000000, -1.000000000000000000 ) ) ;
#8068 = PRESENTATION_STYLE_ASSIGNMENT (( #3492 ) ) ;
#8069 = EDGE_LOOP ( 'NONE', ( #7193, #7156, #2579, #895 ) ) ;
#8070 = DIRECTION ( 'NONE',  ( 0.000000000000000000, 0.000000000000000000, 1.000000000000000000 ) ) ;
#8071 = ORIENTED_EDGE ( 'NONE', *, *, #3833, .T. ) ;
#8072 = ORIENTED_EDGE ( 'NONE', *, *, #7413, .F. ) ;
#8073 = DIRECTION ( 'NONE',  ( -1.000000000000000000, 1.120120665500548440E-15, 0.000000000000000000 ) ) ;
#8074 = EDGE_CURVE ( 'NONE', #5250, #8465, #2384, .T. ) ;
#8075 = DIRECTION ( 'NONE',  ( -0.000000000000000000, -0.000000000000000000, 1.000000000000000000 ) ) ;
#8076 = CARTESIAN_POINT ( 'NONE',  ( -5.134995374447882455, 0.000000000000000000, -4.240000000000001101 ) ) ;
#8077 = DIRECTION ( 'NONE',  ( -0.000000000000000000, -0.000000000000000000, -1.000000000000000000 ) ) ;
#8078 = CARTESIAN_POINT ( 'NONE',  ( -4.594243124080021445, 0.3286215912326184152, 4.649999999999999467 ) ) ;
#8079 = VERTEX_POINT ( 'NONE', #3568 ) ;
#8080 = DIRECTION ( 'NONE',  ( 0.7036407875340268125, 0.7036407875340268125, 0.09889026361067786153 ) ) ;
#8081 = APPLICATION_PROTOCOL_DEFINITION ( 'draft international standard', 'automotive_design', 1998, #1796 ) ;
#8082 = ORIENTED_EDGE ( 'NONE', *, *, #7584, .F. ) ;
#8083 = EDGE_CURVE ( 'NONE', #892, #248, #2297, .T. ) ;
#8084 = EDGE_CURVE ( 'NONE', #1259, #7046, #4297, .T. ) ;
#8085 = ORIENTED_EDGE ( 'NONE', *, *, #5667, .T. ) ;
#8086 = DIRECTION ( 'NONE',  ( -0.06975647374412545509, 0.9975640502598243087, 0.000000000000000000 ) ) ;
#8087 = CARTESIAN_POINT ( 'NONE',  ( 3.749992964849197641, 1.367449942301012022, 0.4299999999999998268 ) ) ;
#8088 = CARTESIAN_POINT ( 'NONE',  ( 3.943579639192182018, 1.292449942301011845, 3.379999999999999449 ) ) ;
#8089 = EDGE_CURVE ( 'NONE', #7670, #5456, #356, .T. ) ;
#8090 = CARTESIAN_POINT ( 'NONE',  ( 3.749992964849195864, 1.367449942301012022, 5.001452754537962342 ) ) ;
#8091 = ORIENTED_EDGE ( 'NONE', *, *, #5090, .F. ) ;
#8092 = ORIENTED_EDGE ( 'NONE', *, *, #1361, .T. ) ;
#8093 = EDGE_CURVE ( 'NONE', #8158, #4696, #6819, .T. ) ;
#8094 = CARTESIAN_POINT ( 'NONE',  ( -3.750000000000000888, 1.367500000000028360, -5.150000000000000355 ) ) ;
#8095 = FACE_OUTER_BOUND ( 'NONE', #6948, .T. ) ;
#8096 = ORIENTED_EDGE ( 'NONE', *, *, #523, .F. ) ;
#8097 = CARTESIAN_POINT ( 'NONE',  ( 3.349999999999996092, 1.582499999999972928, 5.150000000000000355 ) ) ;
#8098 = FACE_OUTER_BOUND ( 'NONE', #4281, .T. ) ;
#8099 = AXIS2_PLACEMENT_3D ( 'NONE', #2406, #6894, #1151 ) ;
#8100 = FACE_OUTER_BOUND ( 'NONE', #3259, .T. ) ;
#8101 = DIRECTION ( 'NONE',  ( 0.2710153738641504773, 0.9625750189617817698, 0.000000000000000000 ) ) ;
#8102 = EDGE_LOOP ( 'NONE', ( #4228, #6129, #1733, #7294 ) ) ;
#8103 = DIRECTION ( 'NONE',  ( 0.06975647374412530244, -0.9975640502598243087, 0.000000000000000000 ) ) ;
#8104 = CARTESIAN_POINT ( 'NONE',  ( 3.943579639192182018, 1.292449942301011845, -1.700000000000000622 ) ) ;
#8105 = ORIENTED_EDGE ( 'NONE', *, *, #2719, .T. ) ;
#8106 = CARTESIAN_POINT ( 'NONE',  ( 4.594243124080021445, 0.3286215912326184152, 0.4299999999999998268 ) ) ;
#8107 = VECTOR ( 'NONE', #411, 1000.000000000000000 ) ;
#8108 = EDGE_CURVE ( 'NONE', #8027, #4229, #2953, .T. ) ;
#8109 = CARTESIAN_POINT ( 'NONE',  ( 4.574006762997095521, 0.03922814513537039444, -2.970000000000000639 ) ) ;
#8110 = CARTESIAN_POINT ( 'NONE',  ( -4.315000000000000391, 0.2500000000000000000, 2.969999999999999751 ) ) ;
#8111 = EDGE_LOOP ( 'NONE', ( #5491, #6088, #2504, #6353 ) ) ;
#8112 = FACE_OUTER_BOUND ( 'NONE', #5661, .T. ) ;
#8113 = ORIENTED_EDGE ( 'NONE', *, *, #3979, .T. ) ;
#8114 = ORIENTED_EDGE ( 'NONE', *, *, #4091, .T. ) ;
#8115 = LINE ( 'NONE', #6912, #4190 ) ;
#8116 = AXIS2_PLACEMENT_3D ( 'NONE', #5466, #4935, #8211 ) ;
#8117 = CIRCLE ( 'NONE', #5772, 0.1499999999999999667 ) ;
#8118 = LINE ( 'NONE', #7946, #8163 ) ;
#8119 = VECTOR ( 'NONE', #5747, 1000.000000000000000 ) ;
#8120 = DIRECTION ( 'NONE',  ( 1.000000000000000000, 0.000000000000000000, 0.000000000000000000 ) ) ;
#8121 = CARTESIAN_POINT ( 'NONE',  ( 4.315000000000000391, 0.2500000000000000000, -0.4300000000000007150 ) ) ;
#8122 = VECTOR ( 'NONE', #4815, 1000.000000000000000 ) ;
#8123 = CARTESIAN_POINT ( 'NONE',  ( -3.507790025727651528, 3.305913517396946055, 4.759249815416414897 ) ) ;
#8124 = LINE ( 'NONE', #4801, #3502 ) ;
#8125 = VERTEX_POINT ( 'NONE', #201 ) ;
#8126 = CARTESIAN_POINT ( 'NONE',  ( 3.749992964849198085, 1.582550057698988821, -1.700000000000000622 ) ) ;
#8127 = VECTOR ( 'NONE', #2389, 1000.000000000000000 ) ;
#8128 = VECTOR ( 'NONE', #6838, 1000.000000000000227 ) ;
#8129 = EDGE_LOOP ( 'NONE', ( #7944, #5217, #5673, #4907 ) ) ;
#8130 = CARTESIAN_POINT ( 'NONE',  ( -5.150000000000000355, 0.2145761423277614266, -0.4300000000000007150 ) ) ;
#8131 = ADVANCED_FACE ( 'NONE', ( #6765 ), #3484, .F. ) ;
#8132 = PRESENTATION_STYLE_ASSIGNMENT (( #4286 ) ) ;
#8133 = DIRECTION ( 'NONE',  ( 1.000000000000000000, 0.000000000000000000, 0.000000000000000000 ) ) ;
#8134 = VERTEX_POINT ( 'NONE', #7543 ) ;
#8135 = ORIENTED_EDGE ( 'NONE', *, *, #4089, .F. ) ;
#8136 = LINE ( 'NONE', #2823, #5999 ) ;
#8137 = CARTESIAN_POINT ( 'NONE',  ( 4.222822763272201740, 1.371071533533629649, -1.700000000000000622 ) ) ;
#8138 = DIRECTION ( 'NONE',  ( 0.000000000000000000, -0.1391731009600633839, -0.9902680687415706950 ) ) ;
#8139 = ORIENTED_EDGE ( 'NONE', *, *, #8236, .F. ) ;
#8140 = AXIS2_PLACEMENT_3D ( 'NONE', #575, #5817, #6336 ) ;
#8141 = DIRECTION ( 'NONE',  ( 0.000000000000000000, 0.000000000000000000, 1.000000000000000000 ) ) ;
#8142 = DIRECTION ( 'NONE',  ( -0.000000000000000000, -0.000000000000000000, -1.000000000000000000 ) ) ;
#8143 = EDGE_CURVE ( 'NONE', #6949, #2385, #6849, .T. ) ;
#8144 = PLANE ( 'NONE',  #1077 ) ;
#8145 = EDGE_CURVE ( 'NONE', #1165, #424, #1570, .T. ) ;
#8146 = DIRECTION ( 'NONE',  ( 0.9975640502598241977, -0.06975647374412544122, -0.000000000000000000 ) ) ;
#8147 = DIRECTION ( 'NONE',  ( 0.000000000000000000, 0.000000000000000000, 1.000000000000000000 ) ) ;
#8148 = DIRECTION ( 'NONE',  ( -0.9625750189617818808, 0.2710153738641505328, 0.000000000000000000 ) ) ;
#8149 = ORIENTED_EDGE ( 'NONE', *, *, #1253, .F. ) ;
#8150 = CARTESIAN_POINT ( 'NONE',  ( 4.574006762997095521, 0.03922814513537039444, -2.110000000000000320 ) ) ;
#8151 = EDGE_CURVE ( 'NONE', #4806, #1181, #4829, .T. ) ;
#8152 = CIRCLE ( 'NONE', #8295, 0.1499999999999999667 ) ;
#8153 = EDGE_CURVE ( 'NONE', #1712, #3785, #7463, .T. ) ;
#8154 = DIRECTION ( 'NONE',  ( 2.016181479920678149E-15, 1.000000000000000000, 0.000000000000000000 ) ) ;
#8155 = PLANE ( 'NONE',  #6876 ) ;
#8156 = ORIENTED_EDGE ( 'NONE', *, *, #7752, .F. ) ;
#8157 = CARTESIAN_POINT ( 'NONE',  ( 3.469579648282761219, 0.2999999999999999889, 4.869579648282763351 ) ) ;
#8158 = VERTEX_POINT ( 'NONE', #5154 ) ;
#8159 = PLANE ( 'NONE',  #4053 ) ;
#8160 = VECTOR ( 'NONE', #374, 1000.000000000000000 ) ;
#8161 = EDGE_CURVE ( 'NONE', #7327, #6593, #1203, .T. ) ;
#8162 = CYLINDRICAL_SURFACE ( 'NONE', #3058, 0.2901001153979782532 ) ;
#8163 = VECTOR ( 'NONE', #8075, 1000.000000000000000 ) ;
#8164 = CARTESIAN_POINT ( 'NONE',  ( 4.589011388549212533, 0.2538042874631317170, 1.700000000000000178 ) ) ;
#8165 = CYLINDRICAL_SURFACE ( 'NONE', #3445, 0.2901001153979764768 ) ;
#8166 = DIRECTION ( 'NONE',  ( -0.000000000000000000, -0.000000000000000000, -1.000000000000000000 ) ) ;
#8167 = CARTESIAN_POINT ( 'NONE',  ( 4.222822763272201740, 1.371071533533629649, 0.8399999999999996358 ) ) ;
#8168 = ORIENTED_EDGE ( 'NONE', *, *, #8194, .T. ) ;
#8169 = DIRECTION ( 'NONE',  ( 0.000000000000000000, 0.000000000000000000, -1.000000000000000000 ) ) ;
#8170 = AXIS2_PLACEMENT_3D ( 'NONE', #7223, #5284, #1977 ) ;
#8171 = AXIS2_PLACEMENT_3D ( 'NONE', #681, #2223, #8279 ) ;
#8172 = VERTEX_POINT ( 'NONE', #5807 ) ;
#8173 = LINE ( 'NONE', #8215, #4401 ) ;
#8174 = CARTESIAN_POINT ( 'NONE',  ( -3.749992964849198085, 1.582550057698988821, 0.8399999999999996358 ) ) ;
#8175 = VECTOR ( 'NONE', #5609, 1000.000000000000227 ) ;
#8176 = CARTESIAN_POINT ( 'NONE',  ( 3.749992964849197641, 1.367449942301012022, -3.380000000000000338 ) ) ;
#8177 = VERTEX_POINT ( 'NONE', #3729 ) ;
#8178 = VERTEX_POINT ( 'NONE', #8353 ) ;
#8179 = FACE_OUTER_BOUND ( 'NONE', #3690, .T. ) ;
#8180 = ADVANCED_FACE ( 'NONE', ( #4504 ), #7059, .F. ) ;
#8181 = PLANE ( 'NONE',  #2487 ) ;
#8182 = ORIENTED_EDGE ( 'NONE', *, *, #1647, .T. ) ;
#8183 = AXIS2_PLACEMENT_3D ( 'NONE', #5346, #580, #7889 ) ;
#8184 = CARTESIAN_POINT ( 'NONE',  ( -4.574006762997095521, 0.03922814513537028341, 2.969999999999999751 ) ) ;
#8185 = CARTESIAN_POINT ( 'NONE',  ( 4.594243124080021445, 0.3286215912326184152, -4.240000000000001101 ) ) ;
#8186 = AXIS2_PLACEMENT_3D ( 'NONE', #6526, #3285, #698 ) ;
#8187 = DIRECTION ( 'NONE',  ( -1.000000000000000000, 0.000000000000000000, 0.000000000000000000 ) ) ;
#8188 = CARTESIAN_POINT ( 'NONE',  ( -3.750000000000000888, 1.367500000000028360, 5.000000000000000000 ) ) ;
#8189 = DIRECTION ( 'NONE',  ( 2.016181479920678149E-15, 1.000000000000000000, 0.000000000000000000 ) ) ;
#8190 = VECTOR ( 'NONE', #2383, 1000.000000000000227 ) ;
#8191 = PLANE ( 'NONE',  #3763 ) ;
#8192 = EDGE_CURVE ( 'NONE', #2553, #6645, #6494, .T. ) ;
#8193 = AXIS2_PLACEMENT_3D ( 'NONE', #5020, #5716, #6281 ) ;
#8194 = EDGE_CURVE ( 'NONE', #4537, #6119, #401, .T. ) ;
#8195 = ORIENTED_EDGE ( 'NONE', *, *, #7376, .F. ) ;
#8196 = DIRECTION ( 'NONE',  ( -0.000000000000000000, -0.000000000000000000, -1.000000000000000000 ) ) ;
#8197 = PLANE ( 'NONE',  #5666 ) ;
#8198 = VECTOR ( 'NONE', #2401, 1000.000000000000000 ) ;
#8199 = VERTEX_POINT ( 'NONE', #483 ) ;
#8200 = CYLINDRICAL_SURFACE ( 'NONE', #103, 0.2901001153979764768 ) ;
#8201 = VERTEX_POINT ( 'NONE', #529 ) ;
#8203 = EDGE_CURVE ( 'NONE', #6542, #5945, #442, .T. ) ;
#8202 = DIRECTION ( 'NONE',  ( -0.06975647374412530244, -0.9975640502598243087, 0.000000000000000000 ) ) ;
#8204 = CARTESIAN_POINT ( 'NONE',  ( -4.589011388549212533, 0.2538042874631317170, -0.4300000000000007150 ) ) ;
#8205 = VECTOR ( 'NONE', #3254, 1000.000000000000000 ) ;
#8206 = DIRECTION ( 'NONE',  ( 1.120120665500548440E-15, -1.000000000000000000, 0.000000000000000000 ) ) ;
#8207 = CARTESIAN_POINT ( 'NONE',  ( -2.636643502869150169, 2.600000000000000089, -4.069579648282762641 ) ) ;
#8208 = DIRECTION ( 'NONE',  ( 0.000000000000000000, 0.000000000000000000, 1.000000000000000000 ) ) ;
#8209 = CARTESIAN_POINT ( 'NONE',  ( -3.108111041950426312, 2.649999999999999911, 4.999972658955192273 ) ) ;
#8210 = ORIENTED_EDGE ( 'NONE', *, *, #8153, .T. ) ;
#8211 = DIRECTION ( 'NONE',  ( 2.016181479920678149E-15, 1.000000000000000000, 0.000000000000000000 ) ) ;
#8212 = ORIENTED_EDGE ( 'NONE', *, *, #6796, .F. ) ;
#8213 = MANIFOLD_SOLID_BREP ( 'LPattern1[3]', #296 ) ;
#8214 = EDGE_CURVE ( 'NONE', #3388, #3865, #8475, .T. ) ;
#8215 = CARTESIAN_POINT ( 'NONE',  ( 0.000000000000000000, 2.649999999999999911, -4.869579648282763351 ) ) ;
#8216 = DIRECTION ( 'NONE',  ( 1.120120665500546074E-15, 1.000000000000000000, -0.000000000000000000 ) ) ;
#8217 = CARTESIAN_POINT ( 'NONE',  ( -4.222822763272207958, 1.371071533533628761, -0.8400000000000005240 ) ) ;
#8218 = ORIENTED_EDGE ( 'NONE', *, *, #4924, .T. ) ;
#8219 = ORIENTED_EDGE ( 'NONE', *, *, #1, .T. ) ;
#8220 = CARTESIAN_POINT ( 'NONE',  ( 4.594243124080021445, 0.3286215912326184152, -4.240000000000001101 ) ) ;
#8221 = CARTESIAN_POINT ( 'NONE',  ( -3.600484260976135165, 1.582499999999971374, 5.150000000000000355 ) ) ;
#8222 = DIRECTION ( 'NONE',  ( -0.000000000000000000, -0.000000000000000000, -1.000000000000000000 ) ) ;
#8223 = CARTESIAN_POINT ( 'NONE',  ( -4.594243124080021445, 0.3286215912326184152, -1.700000000000000622 ) ) ;
#8224 = DIRECTION ( 'NONE',  ( 1.000000000000000000, 0.000000000000000000, -0.000000000000000000 ) ) ;
#8225 = DIRECTION ( 'NONE',  ( -0.9625750189617798824, -0.2710153738641577492, 0.000000000000000000 ) ) ;
#8226 = EDGE_CURVE ( 'NONE', #6674, #2926, #8392, .T. ) ;
#8227 = MANIFOLD_SOLID_BREP ( 'LPattern1[4]', #6788 ) ;
#8228 = CARTESIAN_POINT ( 'NONE',  ( -4.594243124080021445, 0.3286215912326184152, -1.700000000000000622 ) ) ;
#8229 = VERTEX_POINT ( 'NONE', #1335 ) ;
#8230 = LINE ( 'NONE', #6171, #7126 ) ;
#8231 = CIRCLE ( 'NONE', #8373, 0.2901001153979764768 ) ;
#8232 = LINE ( 'NONE', #5659, #2330 ) ;
#8233 = CARTESIAN_POINT ( 'NONE',  ( 4.589011388549212533, 0.2538042874631317170, 2.109999999999999876 ) ) ;
#8234 = VERTEX_POINT ( 'NONE', #144 ) ;
#8235 = CARTESIAN_POINT ( 'NONE',  ( -3.943579639192182018, 1.292449942301011845, -0.4300000000000007150 ) ) ;
#8236 = EDGE_CURVE ( 'NONE', #7379, #7473, #5195, .T. ) ;
#8237 = ORIENTED_EDGE ( 'NONE', *, *, #1847, .T. ) ;
#8238 = ORIENTED_EDGE ( 'NONE', *, *, #5837, .T. ) ;
#8239 = CARTESIAN_POINT ( 'NONE',  ( 4.015772765614318729, 1.312776095340824734, 0.8399999999999996358 ) ) ;
#8240 = AXIS2_PLACEMENT_3D ( 'NONE', #5971, #4, #3890 ) ;
#8241 = AXIS2_PLACEMENT_3D ( 'NONE', #494, #4352, #3098 ) ;
#8242 = MANIFOLD_SOLID_BREP ( 'LPattern1[10]', #27 ) ;
#8243 = DIRECTION ( 'NONE',  ( -1.000000000000000000, 0.000000000000000000, 0.000000000000000000 ) ) ;
#8244 = DIRECTION ( 'NONE',  ( 1.000000000000000000, 0.000000000000000000, 0.000000000000000000 ) ) ;
#8245 = CARTESIAN_POINT ( 'NONE',  ( 5.134995374447882455, 0.000000000000000000, -0.4300000000000007150 ) ) ;
#8246 = DIRECTION ( 'NONE',  ( -0.9975640502598241977, 0.06975647374412764778, 0.000000000000000000 ) ) ;
#8247 = EDGE_CURVE ( 'NONE', #6363, #8125, #710, .T. ) ;
#8248 = CARTESIAN_POINT ( 'NONE',  ( 3.749992964849197641, 1.367449942301012022, 4.649999999999999467 ) ) ;
#8249 = ORIENTED_EDGE ( 'NONE', *, *, #3701, .T. ) ;
#8250 = VECTOR ( 'NONE', #4897, 1000.000000000000000 ) ;
#8251 = CARTESIAN_POINT ( 'NONE',  ( 3.749999999999999112, 1.367500000000028360, -5.150000000000000355 ) ) ;
#8252 = EDGE_CURVE ( 'NONE', #6098, #1905, #885, .T. ) ;
#8253 = VECTOR ( 'NONE', #6507, 1000.000000000000000 ) ;
#8254 = CARTESIAN_POINT ( 'NONE',  ( 3.469579648282762108, 2.520875965144008912, 5.018119858593998117 ) ) ;
#8255 = AXIS2_PLACEMENT_3D ( 'NONE', #5628, #4359, #1142 ) ;
#8256 = AXIS2_PLACEMENT_3D ( 'NONE', #8518, #19, #2639 ) ;
#8257 = ORIENTED_EDGE ( 'NONE', *, *, #38, .T. ) ;
#8258 = EDGE_CURVE ( 'NONE', #6310, #5748, #3382, .T. ) ;
#8259 = CARTESIAN_POINT ( 'NONE',  ( -3.507790025727651528, -0.3559135173969454335, 4.759249815416415785 ) ) ;
#8260 =( LENGTH_UNIT ( ) NAMED_UNIT ( * ) SI_UNIT ( .MILLI., .METRE. ) );
#8261 = FILL_AREA_STYLE_COLOUR ( '', #6550 ) ;
#8262 = ORIENTED_EDGE ( 'NONE', *, *, #4486, .T. ) ;
#8263 = AXIS2_PLACEMENT_3D ( 'NONE', #5806, #8432, #1160 ) ;
#8264 = VERTEX_POINT ( 'NONE', #615 ) ;
#8265 = EDGE_CURVE ( 'NONE', #4650, #6790, #5940, .T. ) ;
#8266 = CARTESIAN_POINT ( 'NONE',  ( 5.150000000000000355, 0.2145761423277614266, 3.379999999999999449 ) ) ;
#8267 = DIRECTION ( 'NONE',  ( -0.2710153738641577492, 0.9625750189617798824, -0.000000000000000000 ) ) ;
#8268 = ORIENTED_EDGE ( 'NONE', *, *, #70, .F. ) ;
#8269 = CARTESIAN_POINT ( 'NONE',  ( 3.943579639192182018, 1.292449942301011845, -2.970000000000000639 ) ) ;
#8270 = VECTOR ( 'NONE', #588, 1000.000000000000227 ) ;
#8271 = CARTESIAN_POINT ( 'NONE',  ( -3.943579639192182018, 1.367449942301015131, 0.8399999999999996358 ) ) ;
#8272 = CARTESIAN_POINT ( 'NONE',  ( 3.749992964849198085, 1.582550057698988821, 0.8399999999999996358 ) ) ;
#8273 = LINE ( 'NONE', #7583, #4808 ) ;
#8274 = MANIFOLD_SOLID_BREP ( 'LPattern1[2]', #5126 ) ;
#8275 = CARTESIAN_POINT ( 'NONE',  ( 5.134995374447882455, 0.000000000000000000, 3.379999999999999449 ) ) ;
#8276 = VECTOR ( 'NONE', #889, 1000.000000000000000 ) ;
#8277 = CLOSED_SHELL ( 'NONE', ( #7088, #971, #8426, #2947, #1118, #6875, #4771, #4554, #470, #3567, #1018, #8306, #6452, #6822 ) ) ;
#8278 = ORIENTED_EDGE ( 'NONE', *, *, #720, .F. ) ;
#8279 = DIRECTION ( 'NONE',  ( 0.000000000000000000, 5.782411586589358822E-15, -1.000000000000000000 ) ) ;
#8280 = LINE ( 'NONE', #287, #7586 ) ;
#8281 = CARTESIAN_POINT ( 'NONE',  ( 4.222822763272201740, 1.371071533533629649, 2.109999999999999876 ) ) ;
#8282 = ORIENTED_EDGE ( 'NONE', *, *, #4788, .F. ) ;
#8283 = DIRECTION ( 'NONE',  ( 1.000000000000000000, 0.000000000000000000, 0.000000000000000000 ) ) ;
#8284 = EDGE_CURVE ( 'NONE', #5942, #5080, #4552, .T. ) ;
#8285 = ORIENTED_EDGE ( 'NONE', *, *, #2272, .T. ) ;
#8286 = LINE ( 'NONE', #7669, #3212 ) ;
#8287 = CARTESIAN_POINT ( 'NONE',  ( 5.150000000000000355, 0.2145761423277614266, -1.700000000000000622 ) ) ;
#8288 = EDGE_CURVE ( 'NONE', #2688, #8293, #1245, .T. ) ;
#8289 = CARTESIAN_POINT ( 'NONE',  ( 5.134995374447882455, 0.000000000000000000, 3.379999999999999449 ) ) ;
#8290 = CARTESIAN_POINT ( 'NONE',  ( 4.522049997657887843, 0.3082954381928066367, -1.700000000000000622 ) ) ;
#8291 = DIRECTION ( 'NONE',  ( -1.000000000000000000, 0.000000000000000000, 0.000000000000000000 ) ) ;
#8292 = LINE ( 'NONE', #6505, #748 ) ;
#8293 = VERTEX_POINT ( 'NONE', #3903 ) ;
#8294 = CARTESIAN_POINT ( 'NONE',  ( -3.943579639192182018, 1.367449942301015131, -2.970000000000000639 ) ) ;
#8295 = AXIS2_PLACEMENT_3D ( 'NONE', #2567, #7846, #633 ) ;
#8296 = DIRECTION ( 'NONE',  ( -0.06975647374412764778, -0.9975640502598241977, 0.000000000000000000 ) ) ;
#8297 = EDGE_CURVE ( 'NONE', #7473, #7671, #3472, .T. ) ;
#8298 = EDGE_CURVE ( 'NONE', #8293, #3907, #2390, .T. ) ;
#8299 = ORIENTED_EDGE ( 'NONE', *, *, #8089, .T. ) ;
#8300 = CLOSED_SHELL ( 'NONE', ( #860, #1479, #7044, #359, #7774, #3355, #3035, #1648, #5812, #174, #5241, #4946, #2463, #7613 ) ) ;
#8301 = DIRECTION ( 'NONE',  ( -0.1378445374916253130, 0.9808148484639900300, 0.1378445374916253130 ) ) ;
#8302 = DIRECTION ( 'NONE',  ( -0.000000000000000000, -0.000000000000000000, -1.000000000000000000 ) ) ;
#8303 = CARTESIAN_POINT ( 'NONE',  ( 4.315000000000000391, 0.2500000000000000000, 1.700000000000000178 ) ) ;
#8304 = VECTOR ( 'NONE', #373, 1000.000000000000227 ) ;
#8305 = ORIENTED_EDGE ( 'NONE', *, *, #4543, .T. ) ;
#8306 = ADVANCED_FACE ( 'NONE', ( #187 ), #2249, .F. ) ;
#8307 = EDGE_CURVE ( 'NONE', #7158, #637, #5517, .T. ) ;
#8308 = CARTESIAN_POINT ( 'NONE',  ( -4.315000000000000391, 0.2500000000000000000, 0.8399999999999996358 ) ) ;
#8309 = ORIENTED_EDGE ( 'NONE', *, *, #2856, .F. ) ;
#8310 = DIRECTION ( 'NONE',  ( -1.000000000000000000, 0.000000000000000000, 0.000000000000000000 ) ) ;
#8311 = CYLINDRICAL_SURFACE ( 'NONE', #6334, 0.2901001153979764768 ) ;
#8312 = CARTESIAN_POINT ( 'NONE',  ( -3.749992964849197641, 1.367449942301012022, -4.240000000000001101 ) ) ;
#8313 = LINE ( 'NONE', #1085, #3150 ) ;
#8314 = CARTESIAN_POINT ( 'NONE',  ( 3.749992964849195864, 1.367449942301012022, 5.001452754537962342 ) ) ;
#8315 = ORIENTED_EDGE ( 'NONE', *, *, #2408, .F. ) ;
#8316 = CARTESIAN_POINT ( 'NONE',  ( 3.943579639192182018, 1.582550057698989043, 2.109999999999999876 ) ) ;
#8317 = LINE ( 'NONE', #1732, #1771 ) ;
#8318 = CYLINDRICAL_SURFACE ( 'NONE', #6332, 0.2901001153979764768 ) ;
#8319 = AXIS2_PLACEMENT_3D ( 'NONE', #7635, #6990, #5083 ) ;
#8320 = ADVANCED_FACE ( 'NONE', ( #4943 ), #349, .T. ) ;
#8321 = EDGE_LOOP ( 'NONE', ( #5988, #6547, #2935, #410 ) ) ;
#8322 = DIRECTION ( 'NONE',  ( 0.9625750189617818808, -0.2710153738641505328, 0.000000000000000000 ) ) ;
#8323 = ORIENTED_EDGE ( 'NONE', *, *, #7098, .F. ) ;
#8324 = ORIENTED_EDGE ( 'NONE', *, *, #7730, .T. ) ;
#8325 = VECTOR ( 'NONE', #4246, 1000.000000000000114 ) ;
#8326 = LINE ( 'NONE', #2520, #738 ) ;
#8327 = VERTEX_POINT ( 'NONE', #226 ) ;
#8328 = COLOUR_RGB ( '',0.8000000000000000444, 0.8078431372549019773, 0.8000000000000000444 ) ;
#8329 = ORIENTED_EDGE ( 'NONE', *, *, #3291, .T. ) ;
#8330 = CARTESIAN_POINT ( 'NONE',  ( -3.943579639192182018, 1.292449942301011845, 2.109999999999999876 ) ) ;
#8331 = CARTESIAN_POINT ( 'NONE',  ( -3.943579639192182018, 1.292449942301011845, 2.109999999999999876 ) ) ;
#8332 = CYLINDRICAL_SURFACE ( 'NONE', #2191, 0.2901001153979760883 ) ;
#8333 = DIRECTION ( 'NONE',  ( -0.9975640502598241977, 0.06975647374412764778, 0.000000000000000000 ) ) ;
#8334 = DIRECTION ( 'NONE',  ( 1.000000000000000000, -2.016181479920678149E-15, 0.000000000000000000 ) ) ;
#8335 = ORIENTED_EDGE ( 'NONE', *, *, #223, .F. ) ;
#8336 = FACE_OUTER_BOUND ( 'NONE', #6049, .T. ) ;
#8337 = CARTESIAN_POINT ( 'NONE',  ( 4.015772765614318729, 1.312776095340824734, 4.240000000000000213 ) ) ;
#8338 = EDGE_CURVE ( 'NONE', #4806, #8019, #2204, .T. ) ;
#8339 = ORIENTED_EDGE ( 'NONE', *, *, #4390, .F. ) ;
#8340 = DIRECTION ( 'NONE',  ( -0.000000000000000000, -0.000000000000000000, -1.000000000000000000 ) ) ;
#8341 = LINE ( 'NONE', #2407, #3771 ) ;
#8342 = CARTESIAN_POINT ( 'NONE',  ( -4.315000000000000391, 0.2499999999999998890, 4.240000000000000213 ) ) ;
#8343 = EDGE_CURVE ( 'NONE', #5211, #1287, #6827, .T. ) ;
#8344 = DIRECTION ( 'NONE',  ( 0.9975640502598241977, 0.06975647374412544122, 0.000000000000000000 ) ) ;
#8345 = EDGE_CURVE ( 'NONE', #6623, #801, #1466, .T. ) ;
#8346 = EDGE_LOOP ( 'NONE', ( #489, #2668, #3521, #7365, #6120, #560, #573, #8219, #495, #6314, #7428, #3347 ) ) ;
#8347 = ORIENTED_EDGE ( 'NONE', *, *, #2115, .F. ) ;
#8348 = ORIENTED_EDGE ( 'NONE', *, *, #3025, .T. ) ;
#8349 = CARTESIAN_POINT ( 'NONE',  ( -5.134995374447882455, 0.000000000000000000, 4.240000000000000213 ) ) ;
#8350 = EDGE_CURVE ( 'NONE', #6694, #2411, #1699, .T. ) ;
#8351 = CARTESIAN_POINT ( 'NONE',  ( 5.134995374447882455, 0.000000000000000000, -3.380000000000000338 ) ) ;
#8352 = ADVANCED_FACE ( 'NONE', ( #2158 ), #7573, .F. ) ;
#8353 = CARTESIAN_POINT ( 'NONE',  ( -5.150000000000000355, 0.2145761423277614266, 1.700000000000000178 ) ) ;
#8354 = CARTESIAN_POINT ( 'NONE',  ( 5.134995374447882455, 0.000000000000000000, 2.109999999999999876 ) ) ;
#8355 = MANIFOLD_SOLID_BREP ( 'LPattern1[14]', #2778 ) ;
#8356 = DIRECTION ( 'NONE',  ( 0.7071067811865475727, -0.7071067811865475727, 0.000000000000000000 ) ) ;
#8357 = ORIENTED_EDGE ( 'NONE', *, *, #5546, .F. ) ;
#8358 = ORIENTED_EDGE ( 'NONE', *, *, #3910, .T. ) ;
#8359 = LINE ( 'NONE', #5162, #7191 ) ;
#8360 = CARTESIAN_POINT ( 'NONE',  ( -2.636643502869150169, 2.600000000000000089, -4.369579648282762463 ) ) ;
#8361 = DIRECTION ( 'NONE',  ( -0.7036407875340268125, -0.7036407875340268125, -0.09889026361067784765 ) ) ;
#8362 = EDGE_CURVE ( 'NONE', #4638, #3011, #2533, .T. ) ;
#8363 = VERTEX_POINT ( 'NONE', #6882 ) ;
#8364 = CARTESIAN_POINT ( 'NONE',  ( 4.522049997657887843, 0.3082954381928066367, -2.970000000000000639 ) ) ;
#8365 = DIRECTION ( 'NONE',  ( -0.000000000000000000, -0.000000000000000000, -1.000000000000000000 ) ) ;
#8366 = ORIENTED_EDGE ( 'NONE', *, *, #761, .F. ) ;
#8367 = ORIENTED_EDGE ( 'NONE', *, *, #3555, .F. ) ;
#8368 = CARTESIAN_POINT ( 'NONE',  ( -3.943579639192182018, 1.367449942301011800, -0.4300000000000007150 ) ) ;
#8369 = EDGE_CURVE ( 'NONE', #2543, #8396, #3552, .T. ) ;
#8370 = CARTESIAN_POINT ( 'NONE',  ( -4.015772765614322282, 1.312776095340825622, 2.109999999999999876 ) ) ;
#8371 = DIRECTION ( 'NONE',  ( -1.000000000000000000, 0.000000000000000000, 0.000000000000000000 ) ) ;
#8372 = DIRECTION ( 'NONE',  ( -0.000000000000000000, 1.000000000000000000, -0.000000000000000000 ) ) ;
#8373 = AXIS2_PLACEMENT_3D ( 'NONE', #7548, #3655, #4265 ) ;
#8374 = ORIENTED_EDGE ( 'NONE', *, *, #4543, .F. ) ;
#8375 = DIRECTION ( 'NONE',  ( -2.016181479920678149E-15, -1.000000000000000000, -0.000000000000000000 ) ) ;
#8376 = DIRECTION ( 'NONE',  ( 1.000000000000000000, -1.120120665500546074E-15, -0.000000000000000000 ) ) ;
#8377 = ORIENTED_EDGE ( 'NONE', *, *, #7131, .F. ) ;
#8378 = VECTOR ( 'NONE', #8039, 1000.000000000000000 ) ;
#8379 = CARTESIAN_POINT ( 'NONE',  ( -4.315000000000000391, 0.2499999999999998890, 4.649999999999999467 ) ) ;
#8380 = AXIS2_PLACEMENT_3D ( 'NONE', #5455, #934, #6175 ) ;
#8381 = CARTESIAN_POINT ( 'NONE',  ( 3.943579639192182018, 1.367449942301011800, 0.8399999999999996358 ) ) ;
#8382 = DIRECTION ( 'NONE',  ( 0.000000000000000000, 0.000000000000000000, 1.000000000000000000 ) ) ;
#8383 = CARTESIAN_POINT ( 'NONE',  ( -5.134995374447882455, 0.000000000000000000, 2.969999999999999751 ) ) ;
#8384 = VERTEX_POINT ( 'NONE', #8176 ) ;
#8385 = VECTOR ( 'NONE', #6167, 1000.000000000000000 ) ;
#8386 = ORIENTED_EDGE ( 'NONE', *, *, #1156, .F. ) ;
#8387 = ORIENTED_EDGE ( 'NONE', *, *, #5660, .T. ) ;
#8388 = EDGE_CURVE ( 'NONE', #412, #5467, #3851, .T. ) ;
#8389 = DIRECTION ( 'NONE',  ( -1.000000000000000000, -2.016181479920678149E-15, 0.000000000000000000 ) ) ;
#8390 = CARTESIAN_POINT ( 'NONE',  ( -5.150000000000000355, 0.2145761423277614266, -2.970000000000000639 ) ) ;
#8391 = VECTOR ( 'NONE', #8376, 1000.000000000000000 ) ;
#8392 = LINE ( 'NONE', #6412, #4764 ) ;
#8393 = DIRECTION ( 'NONE',  ( 1.000000000000000000, -1.120120665500546074E-15, -0.000000000000000000 ) ) ;
#8394 = MANIFOLD_SOLID_BREP ( 'Boss-Extrude3', #5417 ) ;
#8395 = LINE ( 'NONE', #4956, #8190 ) ;
#8396 = VERTEX_POINT ( 'NONE', #1716 ) ;
#8397 = ORIENTED_EDGE ( 'NONE', *, *, #6512, .T. ) ;
#8398 = VECTOR ( 'NONE', #5961, 1000.000000000000000 ) ;
#8399 = EDGE_CURVE ( 'NONE', #2362, #640, #3239, .T. ) ;
#8400 = EDGE_CURVE ( 'NONE', #6024, #8516, #7007, .T. ) ;
#8401 = DIRECTION ( 'NONE',  ( -0.000000000000000000, -0.000000000000000000, -1.000000000000000000 ) ) ;
#8402 = DIRECTION ( 'NONE',  ( -0.9975640502598241977, 0.06975647374412544122, 0.000000000000000000 ) ) ;
#8403 = ORIENTED_EDGE ( 'NONE', *, *, #6149, .T. ) ;
#8404 = DIRECTION ( 'NONE',  ( -0.9975640502598241977, -0.06975647374412544122, 0.000000000000000000 ) ) ;
#8405 = AXIS2_PLACEMENT_3D ( 'NONE', #5737, #3781, #8402 ) ;
#8406 = DIRECTION ( 'NONE',  ( -1.000000000000000000, 0.000000000000000000, 0.000000000000000000 ) ) ;
#8407 = ORIENTED_EDGE ( 'NONE', *, *, #7517, .F. ) ;
#8408 = ADVANCED_FACE ( 'NONE', ( #6969 ), #7686, .F. ) ;
#8409 = MANIFOLD_SOLID_BREP ( 'LPattern1[5]', #3475 ) ;
#8410 = VERTEX_POINT ( 'NONE', #3801 ) ;
#8411 = EDGE_CURVE ( 'NONE', #550, #8053, #1758, .T. ) ;
#8412 = DIRECTION ( 'NONE',  ( 0.000000000000000000, 1.000000000000000000, 0.000000000000000000 ) ) ;
#8413 = VECTOR ( 'NONE', #2743, 1000.000000000000000 ) ;
#8414 = LINE ( 'NONE', #5913, #5815 ) ;
#8415 = DIRECTION ( 'NONE',  ( -0.000000000000000000, -0.000000000000000000, -1.000000000000000000 ) ) ;
#8416 = PLANE ( 'NONE',  #4951 ) ;
#8417 = ORIENTED_EDGE ( 'NONE', *, *, #8494, .T. ) ;
#8418 = FACE_OUTER_BOUND ( 'NONE', #436, .T. ) ;
#8419 = EDGE_CURVE ( 'NONE', #6471, #1098, #2366, .T. ) ;
#8420 = DIRECTION ( 'NONE',  ( -2.016181479920678149E-15, -1.000000000000000000, -0.000000000000000000 ) ) ;
#8421 = EDGE_LOOP ( 'NONE', ( #7726, #4052, #3220, #4117 ) ) ;
#8422 = CYLINDRICAL_SURFACE ( 'NONE', #5349, 0.2999999999999999334 ) ;
#8423 = AXIS2_PLACEMENT_3D ( 'NONE', #7373, #7411, #5437 ) ;
#8424 = PLANE ( 'NONE',  #4192 ) ;
#8425 = CARTESIAN_POINT ( 'NONE',  ( 5.134995374447882455, 0.000000000000000000, 0.8399999999999996358 ) ) ;
#8426 = ADVANCED_FACE ( 'NONE', ( #7733 ), #4983, .F. ) ;
#8427 = ORIENTED_EDGE ( 'NONE', *, *, #1499, .F. ) ;
#8428 = VECTOR ( 'NONE', #6147, 1000.000000000000000 ) ;
#8429 = ORIENTED_EDGE ( 'NONE', *, *, #5449, .T. ) ;
#8430 = CARTESIAN_POINT ( 'NONE',  ( -3.749992964849197641, 1.367449942301012022, -0.4300000000000007150 ) ) ;
#8431 = AXIS2_PLACEMENT_3D ( 'NONE', #5413, #739, #6699 ) ;
#8432 = DIRECTION ( 'NONE',  ( 0.000000000000000000, 0.000000000000000000, 1.000000000000000000 ) ) ;
#8433 = SURFACE_STYLE_USAGE ( .BOTH. , #5728 ) ;
#8434 = CARTESIAN_POINT ( 'NONE',  ( 3.749992964849197641, 1.367449942301012022, 4.649999999999999467 ) ) ;
#8435 = ORIENTED_EDGE ( 'NONE', *, *, #1852, .T. ) ;
#8436 = VERTEX_POINT ( 'NONE', #3160 ) ;
#8437 =( NAMED_UNIT ( * ) SI_UNIT ( $, .STERADIAN. ) SOLID_ANGLE_UNIT ( ) );
#8438 = EDGE_CURVE ( 'NONE', #8470, #7784, #3894, .T. ) ;
#8439 = AXIS2_PLACEMENT_3D ( 'NONE', #6135, #4142, #809 ) ;
#8440 = ORIENTED_EDGE ( 'NONE', *, *, #4081, .F. ) ;
#8441 = VERTEX_POINT ( 'NONE', #5975 ) ;
#8442 = CARTESIAN_POINT ( 'NONE',  ( 3.943579639192182018, 1.582550057698989043, -0.4300000000000007150 ) ) ;
#8443 = CARTESIAN_POINT ( 'NONE',  ( -5.134995374447882455, 0.000000000000000000, 4.240000000000000213 ) ) ;
#8444 = VERTEX_POINT ( 'NONE', #7814 ) ;
#8445 = CARTESIAN_POINT ( 'NONE',  ( 3.943579639192182018, 1.367449942301011800, 4.240000000000000213 ) ) ;
#8446 = ORIENTED_EDGE ( 'NONE', *, *, #8145, .F. ) ;
#8447 = AXIS2_PLACEMENT_3D ( 'NONE', #1721, #5111, #3807 ) ;
#8448 = EDGE_CURVE ( 'NONE', #6694, #5641, #4633, .T. ) ;
#8449 = CARTESIAN_POINT ( 'NONE',  ( -3.943579639192182018, 1.292449942301011845, 2.109999999999999876 ) ) ;
#8450 = ADVANCED_FACE ( 'NONE', ( #4033 ), #7999, .F. ) ;
#8451 = ORIENTED_EDGE ( 'NONE', *, *, #2855, .F. ) ;
#8452 = ORIENTED_EDGE ( 'NONE', *, *, #22, .F. ) ;
#8453 = CARTESIAN_POINT ( 'NONE',  ( -3.749992964849197641, 1.367449942301012022, 3.379999999999999449 ) ) ;
#8454 = VECTOR ( 'NONE', #6224, 1000.000000000000000 ) ;
#8455 = DIRECTION ( 'NONE',  ( -1.000000000000000000, -1.120120665500548440E-15, -0.000000000000000000 ) ) ;
#8456 = PLANE ( 'NONE',  #7030 ) ;
#8457 = DIRECTION ( 'NONE',  ( -1.000000000000000000, 0.000000000000000000, 0.000000000000000000 ) ) ;
#8458 = CIRCLE ( 'NONE', #7225, 0.1499999999999999667 ) ;
#8459 = ORIENTED_EDGE ( 'NONE', *, *, #5024, .F. ) ;
#8460 = DIRECTION ( 'NONE',  ( -0.000000000000000000, -0.000000000000000000, -1.000000000000000000 ) ) ;
#8461 = CARTESIAN_POINT ( 'NONE',  ( -3.687973030627476501, 1.361487327977487727, 5.149154974055157652 ) ) ;
#8462 = ORIENTED_EDGE ( 'NONE', *, *, #5736, .T. ) ;
#8463 = CARTESIAN_POINT ( 'NONE',  ( -4.222822763272206181, 1.371071533533628317, 4.649999999999999467 ) ) ;
#8464 = VECTOR ( 'NONE', #7677, 1000.000000000000000 ) ;
#8465 = VERTEX_POINT ( 'NONE', #3943 ) ;
#8466 = CARTESIAN_POINT ( 'NONE',  ( -3.943579639192182018, 1.367449942301015131, -4.240000000000001101 ) ) ;
#8467 = CARTESIAN_POINT ( 'NONE',  ( 3.600968516274153597, 1.582516686030076558, 5.149997654931401492 ) ) ;
#8468 = DIRECTION ( 'NONE',  ( 1.000000000000000000, 0.000000000000000000, 0.000000000000000000 ) ) ;
#8469 =( GEOMETRIC_REPRESENTATION_CONTEXT ( 3 ) GLOBAL_UNCERTAINTY_ASSIGNED_CONTEXT ( ( #2894 ) ) GLOBAL_UNIT_ASSIGNED_CONTEXT ( ( #7139, #3862, #565 ) ) REPRESENTATION_CONTEXT ( 'NONE', 'WORKASPACE' ) );
#8470 = VERTEX_POINT ( 'NONE', #1236 ) ;
#8471 = EDGE_LOOP ( 'NONE', ( #1313, #5389, #6296, #2335 ) ) ;
#8472 = EDGE_CURVE ( 'NONE', #6623, #3317, #5693, .T. ) ;
#8473 = PLANE ( 'NONE',  #5381 ) ;
#8474 = DIRECTION ( 'NONE',  ( -0.000000000000000000, -0.000000000000000000, -1.000000000000000000 ) ) ;
#8475 = LINE ( 'NONE', #2459, #606 ) ;
#8476 = LINE ( 'NONE', #5295, #669 ) ;
#8477 = ORIENTED_EDGE ( 'NONE', *, *, #6434, .T. ) ;
#8478 = ORIENTED_EDGE ( 'NONE', *, *, #702, .T. ) ;
#8479 = EDGE_LOOP ( 'NONE', ( #5203, #6857, #1343, #1473 ) ) ;
#8480 = VERTEX_POINT ( 'NONE', #6530 ) ;
#8481 = CYLINDRICAL_SURFACE ( 'NONE', #6103, 0.07500000000000128786 ) ;
#8482 = CARTESIAN_POINT ( 'NONE',  ( 5.150000000000000355, 0.2145761423277614266, -2.110000000000000320 ) ) ;
#8483 = EDGE_CURVE ( 'NONE', #2070, #7498, #8032, .T. ) ;
#8484 = DIRECTION ( 'NONE',  ( 2.016181479920678149E-15, 1.000000000000000000, 0.000000000000000000 ) ) ;
#8485 = ORIENTED_EDGE ( 'NONE', *, *, #215, .T. ) ;
#8486 = CARTESIAN_POINT ( 'NONE',  ( 3.469579648282761219, 0.4291240348559907103, -5.018119858593998117 ) ) ;
#8487 = UNCERTAINTY_MEASURE_WITH_UNIT (LENGTH_MEASURE( 1.000000000000000082E-05 ), #2989, 'distance_accuracy_value', 'NONE');
#8488 = CARTESIAN_POINT ( 'NONE',  ( 5.150000000000000355, 0.2145761423277614266, 0.8399999999999996358 ) ) ;
#8489 = VERTEX_POINT ( 'NONE', #1285 ) ;
#8490 = ORIENTED_EDGE ( 'NONE', *, *, #6202, .F. ) ;
#8491 = CARTESIAN_POINT ( 'NONE',  ( -5.134995374447882455, 0.000000000000000000, 0.8399999999999996358 ) ) ;
#8492 = DIRECTION ( 'NONE',  ( -0.7036407875340268125, -0.7036407875340268125, 0.09889026361067786153 ) ) ;
#8493 = CARTESIAN_POINT ( 'NONE',  ( -4.594243124080021445, 0.3286215912326184152, -0.8400000000000005240 ) ) ;
#8494 = EDGE_CURVE ( 'NONE', #5994, #7591, #8, .T. ) ;
#8495 = DIRECTION ( 'NONE',  ( -0.000000000000000000, -0.000000000000000000, -1.000000000000000000 ) ) ;
#8496 = ORIENTED_EDGE ( 'NONE', *, *, #639, .F. ) ;
#8497 = LINE ( 'NONE', #3236, #7284 ) ;
#8498 = LINE ( 'NONE', #642, #6468 ) ;
#8499 = PLANE ( 'NONE',  #3963 ) ;
#8500 = ORIENTED_EDGE ( 'NONE', *, *, #1677, .F. ) ;
#8501 = EDGE_CURVE ( 'NONE', #1181, #2508, #2677, .T. ) ;
#8502 = VECTOR ( 'NONE', #4332, 1000.000000000000000 ) ;
#8503 = FACE_OUTER_BOUND ( 'NONE', #4248, .T. ) ;
#8504 = EDGE_CURVE ( 'NONE', #8516, #332, #4305, .T. ) ;
#8505 = DIRECTION ( 'NONE',  ( -0.9975640502598241977, 0.06975647374412544122, 0.000000000000000000 ) ) ;
#8506 = CARTESIAN_POINT ( 'NONE',  ( 3.599999999999999201, 1.582499999999972928, 5.150000000000000355 ) ) ;
#8507 = CARTESIAN_POINT ( 'NONE',  ( -5.150000000000000355, 0.2145761423277614266, -1.700000000000000622 ) ) ;
#8508 = ORIENTED_EDGE ( 'NONE', *, *, #5519, .F. ) ;
#8509 = CIRCLE ( 'NONE', #4937, 0.2901001153979764768 ) ;
#8510 = AXIS2_PLACEMENT_3D ( 'NONE', #2572, #44, #7256 ) ;
#8511 = ORIENTED_EDGE ( 'NONE', *, *, #7926, .F. ) ;
#8512 = ADVANCED_FACE ( 'NONE', ( #4679 ), #3246, .F. ) ;
#8513 = DIRECTION ( 'NONE',  ( -1.000000000000000000, 1.120120665500546074E-15, 0.000000000000000000 ) ) ;
#8514 = CARTESIAN_POINT ( 'NONE',  ( 4.594243124080021445, 0.3286215912326184152, 2.969999999999999751 ) ) ;
#8515 = FILL_AREA_STYLE_COLOUR ( '', #5925 ) ;
#8516 = VERTEX_POINT ( 'NONE', #6620 ) ;
#8517 = VECTOR ( 'NONE', #7180, 1000.000000000000000 ) ;
#8518 = CARTESIAN_POINT ( 'NONE',  ( -4.594243124080021445, 0.3286215912326184152, -2.110000000000000320 ) ) ;
#8519 = VECTOR ( 'NONE', #2298, 1000.000000000000000 ) ;
#8520 = ORIENTED_EDGE ( 'NONE', *, *, #68, .T. ) ;
#8521 = ORIENTED_EDGE ( 'NONE', *, *, #2692, .T. ) ;
#8522 = ADVANCED_FACE ( 'NONE', ( #7315 ), #7354, .T. ) ;
#8523 = CARTESIAN_POINT ( 'NONE',  ( 3.749992964849197641, 1.367449942301012022, -4.240000000000001101 ) ) ;
#8524 = ORIENTED_EDGE ( 'NONE', *, *, #7470, .F. ) ;
#8525 = ORIENTED_EDGE ( 'NONE', *, *, #8399, .T. ) ;
#8526 = AXIS2_PLACEMENT_3D ( 'NONE', #7119, #3146, #7080 ) ;
#8527 = VECTOR ( 'NONE', #1162, 1000.000000000000000 ) ;
#8528 = FACE_OUTER_BOUND ( 'NONE', #2251, .T. ) ;
#8529 = DIRECTION ( 'NONE',  ( -1.000000000000000000, 0.000000000000000000, 0.000000000000000000 ) ) ;
#8530 = DIRECTION ( 'NONE',  ( -1.120120665500546074E-15, 1.000000000000000000, 0.000000000000000000 ) ) ;
#8531 = EDGE_LOOP ( 'NONE', ( #1941, #4097, #4623, #240 ) ) ;
#8532 = DIRECTION ( 'NONE',  ( 1.000000000000000000, -1.120120665500546074E-15, -0.000000000000000000 ) ) ;
#8533 = ORIENTED_EDGE ( 'NONE', *, *, #7715, .F. ) ;
#8534 = LINE ( 'NONE', #3398, #1004 ) ;
#8535 = ORIENTED_EDGE ( 'NONE', *, *, #4685, .F. ) ;
#8536 = AXIS2_PLACEMENT_3D ( 'NONE', #3860, #6493, #564 ) ;
#8537 = VERTEX_POINT ( 'NONE', #3203 ) ;
#8538 = PLANE ( 'NONE',  #5424 ) ;
#8539 = CARTESIAN_POINT ( 'NONE',  ( 3.507790025727649752, -0.3559135173969454335, -4.759249815416415785 ) ) ;
#8540 = LINE ( 'NONE', #7940, #4548 ) ;
#8541 = FACE_OUTER_BOUND ( 'NONE', #6709, .T. ) ;
#8542 = VECTOR ( 'NONE', #2979, 1000.000000000000227 ) ;
#8543 = VERTEX_POINT ( 'NONE', #4542 ) ;
#8544 = CARTESIAN_POINT ( 'NONE',  ( 4.589011388549212533, 0.2538042874631317170, -1.700000000000000622 ) ) ;
#8545 = ORIENTED_EDGE ( 'NONE', *, *, #6811, .T. ) ;
#8546 = ORIENTED_EDGE ( 'NONE', *, *, #7529, .T. ) ;
#8547 = CARTESIAN_POINT ( 'NONE',  ( 5.150000000000000355, 0.2145761423277614266, 4.649999999999999467 ) ) ;
ENDSEC;
END-ISO-10303-21;
