[Format]      =  4.0
[Frequency]   =  0
[Precision]   =  1e-008
[MinAngle]    =  30
[DoSmartMesh] =  1
[Depth]       =  1
[LengthUnits] =  millimeters
[ProblemType] =  axisymmetric
[Coordinates] =  cartesian
[ACSolver]    =  0
[PrevType]    =  0
[PrevSoln]    =  ""
[Comment]     =  "For this simulation to work, keep both .fem & .uiv parameters in sync."
[PointProps]   = 0
[BdryProps]   = 1
  <BeginBdry>
    <BdryName> = "A=0"
    <BdryType> = 0
    <A_0> = 0
    <A_1> = 0
    <A_2> = 0
    <Phi> = 0
    <c0> = 0
    <c0i> = 0
    <c1> = 0
    <c1i> = 0
    <Mu_ssd> = 0
    <Sigma_ssd> = 0
    <innerangle> = 0
    <outerangle> = 0
  <EndBdry>
[BlockProps]  = 9
  <BeginBlock>
    <BlockName> = "u1"
    <Mu_x> = 2.4089242666740582
    <Mu_y> = 2.4089242666740582
    <H_c> = 0
    <H_cAngle> = 0
    <J_re> = 0
    <J_im> = 0
    <Sigma> = 0
    <d_lam> = 0
    <Phi_h> = 0
    <Phi_hx> = 0
    <Phi_hy> = 0
    <LamType> = 0
    <LamFill> = 1
    <NStrands> = 0
    <WireD> = 0
    <BHPoints> = 0
  <EndBlock>
  <BeginBlock>
    <BlockName> = "u2"
    <Mu_x> = 0.14929929105743517
    <Mu_y> = 0.14929929105743517
    <H_c> = 0
    <H_cAngle> = 0
    <J_re> = 0
    <J_im> = 0
    <Sigma> = 0
    <d_lam> = 0
    <Phi_h> = 0
    <Phi_hx> = 0
    <Phi_hy> = 0
    <LamType> = 0
    <LamFill> = 1
    <NStrands> = 0
    <WireD> = 0
    <BHPoints> = 0
  <EndBlock>
  <BeginBlock>
    <BlockName> = "u3"
    <Mu_x> = 13.817592213008757
    <Mu_y> = 13.817592213008757
    <H_c> = 0
    <H_cAngle> = 0
    <J_re> = 0
    <J_im> = 0
    <Sigma> = 0
    <d_lam> = 0
    <Phi_h> = 0
    <Phi_hx> = 0
    <Phi_hy> = 0
    <LamType> = 0
    <LamFill> = 1
    <NStrands> = 0
    <WireD> = 0
    <BHPoints> = 0
  <EndBlock>
  <BeginBlock>
    <BlockName> = "u4"
    <Mu_x> = 0.058217224585269539
    <Mu_y> = 0.058217224585269539
    <H_c> = 0
    <H_cAngle> = 0
    <J_re> = 0
    <J_im> = 0
    <Sigma> = 0
    <d_lam> = 0
    <Phi_h> = 0
    <Phi_hx> = 0
    <Phi_hy> = 0
    <LamType> = 0
    <LamFill> = 1
    <NStrands> = 0
    <WireD> = 0
    <BHPoints> = 0
  <EndBlock>
  <BeginBlock>
    <BlockName> = "u5"
    <Mu_x> = 45.655954531895645
    <Mu_y> = 45.655954531895645
    <H_c> = 0
    <H_cAngle> = 0
    <J_re> = 0
    <J_im> = 0
    <Sigma> = 0
    <d_lam> = 0
    <Phi_h> = 0
    <Phi_hx> = 0
    <Phi_hy> = 0
    <LamType> = 0
    <LamFill> = 1
    <NStrands> = 0
    <WireD> = 0
    <BHPoints> = 0
  <EndBlock>
  <BeginBlock>
    <BlockName> = "u6"
    <Mu_x> = 0.033867295231772787
    <Mu_y> = 0.033867295231772787
    <H_c> = 0
    <H_cAngle> = 0
    <J_re> = 0
    <J_im> = 0
    <Sigma> = 0
    <d_lam> = 0
    <Phi_h> = 0
    <Phi_hx> = 0
    <Phi_hy> = 0
    <LamType> = 0
    <LamFill> = 1
    <NStrands> = 0
    <WireD> = 0
    <BHPoints> = 0
  <EndBlock>
  <BeginBlock>
    <BlockName> = "u7"
    <Mu_x> = 429.04642800993452
    <Mu_y> = 429.04642800993452
    <H_c> = 0
    <H_cAngle> = 0
    <J_re> = 0
    <J_im> = 0
    <Sigma> = 0
    <d_lam> = 0
    <Phi_h> = 0
    <Phi_hx> = 0
    <Phi_hy> = 0
    <LamType> = 0
    <LamFill> = 1
    <NStrands> = 0
    <WireD> = 0
    <BHPoints> = 0
  <EndBlock>
  <BeginBlock>
    <BlockName> = "N52"
    <Mu_x> = 1.05
    <Mu_y> = 1.05
    <H_c> = 956180
    <H_cAngle> = 0
    <J_re> = 0
    <J_im> = 0
    <Sigma> = 0.66700000000000004
    <d_lam> = 0
    <Phi_h> = 0
    <Phi_hx> = 0
    <Phi_hy> = 0
    <LamType> = 0
    <LamFill> = 1
    <NStrands> = 0
    <WireD> = 0
    <BHPoints> = 8
      0	0
      0.073200000000000001	7484
      0.1464	18446
      0.2195	37084
      0.29270000000000002	72766
      0.3659	124571
      0.43909999999999999	179757
      1.4636	956180
  <EndBlock>
  <BeginBlock>
    <BlockName> = "Air"
    <Mu_x> = 1
    <Mu_y> = 1
    <H_c> = 0
    <H_cAngle> = 0
    <J_re> = 0
    <J_im> = 0
    <Sigma> = 0
    <d_lam> = 0
    <Phi_h> = 0
    <Phi_hx> = 0
    <Phi_hy> = 0
    <LamType> = 0
    <LamFill> = 1
    <NStrands> = 0
    <WireD> = 0
    <BHPoints> = 0
  <EndBlock>
[CircuitProps]  = 0
[NumPoints] = 22
0	0	0	0
5	10	0	0
0	10	0	0
5	0	0	0
5	20	0	0
0	20	0	0
0	-10	0	0
5	-10	0	0
0	-20	0	0
0	30	0	0
0	40	0	0
0	-40	0	0
0	-30	0	0
5	40	0	0
5	30	0	0
5	-30	0	0
5	-20	0	0
5	-40	0	0
0	60	0	0
0	-60	0	0
20	60	0	0
20	-60	0	0
[NumSegments] = 30
0	2	-1	0	0	0
2	1	-1	0	0	0
1	3	-1	0	0	0
3	0	-1	0	0	0
11	12	-1	0	0	0
12	8	-1	0	0	0
8	6	-1	0	0	0
6	0	-1	0	0	0
2	5	-1	0	0	0
5	9	-1	0	0	0
9	10	-1	0	0	0
10	13	-1	0	0	0
13	14	-1	0	0	0
14	4	-1	0	0	0
4	1	-1	0	0	0
3	7	-1	0	0	0
7	16	-1	0	0	0
16	15	-1	0	0	0
15	17	-1	0	0	0
17	11	-1	0	0	0
12	15	-1	0	0	0
8	16	-1	0	0	0
6	7	-1	0	0	0
5	4	-1	0	0	0
9	14	-1	0	0	0
18	20	-1	0	0	0
20	21	-1	0	0	0
21	19	-1	0	0	0
19	11	-1	0	0	0
10	18	-1	0	0	0
[NumArcSegments] = 0
[NumHoles] = 0
[NumBlockLabels] = 9
2.2999999999999998	35.600000000000001	8	-1	0	90	0	1	0
1.8	25.199999999999999	8	-1	0	-90	0	1	0
1.8	15.199999999999999	8	-1	0	90	0	1	0
2.2999999999999998	4.2999999999999998	8	-1	0	-90	0	1	0
3.2000000000000002	-6.5	8	-1	0	90	0	1	0
1.2	-15.699999999999999	8	-1	0	-90	0	1	0
2.2999999999999998	-24.800000000000001	8	-1	0	90	0	1	0
3.3999999999999999	-35.200000000000003	8	-1	0	-90	0	1	0
15.1	8.5	9	-1	0	0	0	1	0
[Solution]
2954
0	60	0	-1	
0	59.972999999999999	0	-1	
0.026999999999999996	60	4.0818611799874877e-011	-1	
0	59.895085937499999	0	-1	
0.05679647439473437	59.94320352560527	1.8063097873954624e-010	-1	
0.10491406249999999	60	6.1628086951354151e-010	-1	
0	59.817171875	0	-1	
0.08178481723316966	59.856128906249999	3.7462703507052449e-010	-1	
0.14387109374999998	59.919942406551932	1.1589961571722805e-009	-1	
0.18282812499999998	60	1.8713969214887914e-009	-1	
0	59.66134375	0	-1	
0.087283974164950054	59.7392578125	4.2700112201393043e-010	-1	
0.19546267040202492	59.80763759430527	2.1400269759603066e-009	-1	
0.2607421875	59.912578750591337	3.8061865106251261e-009	-1	
0.33865624999999999	60	6.4189114402997797e-009	-1	
0	59.349687500000002	0	-1	
0.16858288382398764	59.560334545972111	1.5960677688838058e-009	-1	
0.25294307000397803	59.676277623559436	3.5869976751671304e-009	-1	
0.31923339279695651	59.803419400158425	5.7066978416654e-009	-1	
0.43988558491955737	59.831348478554155	1.0829880622880473e-008	-1	
0.65031249999999996	60	2.3641747782660087e-008	-1	
0	59.038031250000003	0	-1	
0.21444131329946581	59.35085081249477	2.5907841966240544e-009	-1	
0.33062487733912849	59.531094562990042	6.1376160397483802e-009	-1	
0.41280111583391493	59.673781808720001	9.5491434805974673e-009	-1	
0.67901302763370064	59.709133216886649	2.5801868151397017e-008	-1	
0.96196874999999982	60	5.1650078224096292e-008	-1	
0	58.726374999999997	0	-1	
0.30957589916668588	59.055724246362509	5.4330290712340687e-009	-1	
0.42168963855609115	59.344827668869527	1.0008466017587859e-008	-1	
0.57313263164553818	59.486436872048259	1.843460747726969e-008	-1	
0.91745551615974419	59.45924790657579	4.7159182519083671e-008	-1	
1.1177968749999998	59.714964504241159	6.9747867089078595e-008	-1	
1.2736249999999998	60	9.0354727966927106e-008	-1	
0	57.479750000000003	0	-1	
0.70474511324309241	58.448905237047391	2.8804759807523596e-008	-1	
0.72449184767438701	59.172782356660413	2.9614927327489908e-008	-1	
1.2821766720550505	59.379843937637212	9.2044700914248491e-008	-1	
1.280342139209071	59.00658377859255	9.2479556979598351e-008	-1	
1.4966879486612918	59.692938944303755	1.2462248464195867e-007	-1	
1.8969374999999999	60	1.9879475842991747e-007	-1	
0	56.233125000000008	0	-1	
1.0831710141770967	57.392520463469516	7.1548192888044623e-008	-1	
1.8746333288101513	58.137138380600476	2.0299320556599988e-007	-1	
1.8798093655821007	59.190272050544799	1.9732633832143803e-007	-1	
2.5202499999999999	60	3.4786761055338385e-007	-1	
0	54.986499999999999	0	-1	
1.1418987506186493	55.23732350654614	9.5714354782901601e-008	-1	
1.4427726855922192	56.367066868267756	1.3558764346075711e-007	-1	
3.0066167911399386	57.301972418297332	5.3516484088428939e-007	-1	
3.3870471975233194	58.656284586697538	6.352052898874308e-007	-1	
3.7668749999999998	60	7.6087849431920628e-007	-1	
0	53.739874999999998	0	-1	
1.5677079273153083	54.010496208850022	2.0411296893250083e-007	-1	
2.3007186574701315	55.082463532423525	3.7979201562733726e-007	-1	
3.463329167589098	55.971445248797956	7.7037691413474629e-007	-1	
4.1771314137559559	57.703759414623455	9.8333810611868639e-007	-1	
4.4980910264876117	56.558288956943862	1.2091644554245169e-006	-1	
5.0915914840806025	58.671119262256681	1.3733180840745296e-006	-1	
5.0134999999999996	60	1.3084327814599154e-006	-1	
0	52.493250000000003	0	-1	
1.712958614275512	52.720023074193968	2.8412205898151873e-007	-1	
3.0440643579984239	53.821753867277259	7.5786984819986894e-007	-1	
3.73719369316421	54.802300790227484	9.9636278411664448e-007	-1	
5.3685705914284396	57.369080526610183	1.5959547196468431e-006	-1	
4.9217568964253644	54.605550794409972	1.7015431076450344e-006	-1	
5.9664305055361595	55.854531405626851	2.1410655401028371e-006	-1	
6.2601249999999986	60	1.9583475437156884e-006	-1	
6.7935866182815738	58.352700122192957	2.3249411326349923e-006	-1	
0	50	0	-1	
0.81032283149179374	51.246625000000002	8.283098526447641e-008	-1	
2.0785123459094663	51.269626626866142	5.3285763059359503e-007	-1	
3.7675423950986167	52.329860332045968	1.3757186091825111e-006	-1	
5.0344754571997195	53.399461849802179	2.0365189090292554e-006	-1	
7.1977708047065931	56.704424424989284	2.7840060003113177e-006	-1	
6.348150384968525	54.473869106297819	2.7026390348104387e-006	-1	
7.1566630286443305	55.440502710390035	3.0197159058230696e-006	-1	
7.5067499999999985	60	2.6919207266446615e-006	-1	
7.7242615896274867	58.927808607989128	2.8598597072555011e-006	-1	
7.75848220118813	57.831839554127399	2.9802204566814642e-006	-1	
0	48.753375000000005	0	-1	
1.2084602555025561	49.8140805596897	2.4369853388606287e-007	-1	
2.4091204087138269	50.04507281909526	8.7867206535036019e-007	-1	
3.3269671164378338	51.045585547457968	1.3253250139890518e-006	-1	
5.423792424489438	52.252383685408617	2.7110821271952892e-006	-1	
4.5796729210480009	50.521947823844044	2.6128615117935342e-006	-1	
6.2323050681652443	53.219017289500833	2.9955922170103289e-006	-1	
8.6235211683504129	57.158024444049737	3.6437036155882805e-006	-1	
8.3712834041661264	55.776315996177296	3.7854977836402588e-006	-1	
7.446925443687042	53.554830575288094	3.8635044737902809e-006	-1	
8.0396644944724951	54.611247365159464	3.9288133664711028e-006	-1	
8.7533749999999984	60	3.4628303653111932e-006	-1	
8.7533749999999984	58.556552279671429	3.5333844524478486e-006	-1	
0	47.506749999999997	0	-1	
1.7639156786422434	47.72352084703089	7.5880274220843621e-007	-1	
2.022758687652694	48.902016805990201	7.9398519389454664e-007	-1	
3.2180130855495204	49.066999692694445	1.8354151172567741e-006	-1	
6.0062327276646883	50.897163145238061	3.8910260329636e-006	-1	
7.3781164162779644	51.439191340242608	4.9354645842653812e-006	-1	
4.4001647368600203	48.604991168390264	3.4470420669593662e-006	-1	
5.7269906830170223	48.975788724608336	4.941785690355184e-006	-1	
8.0658411217890045	52.475762378971645	4.9570848113402044e-006	-1	
9.881329002376372	57.783053705177323	4.3523054018049848e-006	-1	
9.5609349950618512	56.169684214595293	4.49964904027735e-006	-1	
9.457864269916513	54.485800137709219	5.0323699999691137e-006	-1	
8.661993973500417	53.567571229594506	4.868236385995763e-006	-1	
9.9999999999999982	60	4.2448591329633545e-006	-1	
10.623312499999999	58.931983975244009	4.6923221547495069e-006	-1	
0	46.260125000000002	0	-1	
1.2919754590009838	46.010143903516315	6.1116688454637883e-007	-1	
2.7211812672086757	46.226179631933618	2.4520143044387891e-006	-1	
3.2825744904790586	47.799416863756079	2.4482881801488714e-006	-1	
7.0437785748945725	50.278260812364444	5.5014685554258654e-006	-1	
8.715960008659323	51.298008834971469	6.3675565470371261e-006	-1	
4.7047731057341267	47.26142440015559	5.1141207825531312e-006	-1	
5.8679419653416725	46.984782308678575	7.4913105621191476e-006	-1	
6.8822034436381996	48.625636480599539	6.9091931634018271e-006	-1	
9.3112123740636932	52.504421947860656	6.0123263152492071e-006	-1	
10.622545615981723	56.83526092131828	5.0410217513404745e-006	-1	
11.246624999999998	57.863967950488018	5.2072610052519652e-006	-1	
10.693728910457207	55.634158857375553	5.4614354418486017e-006	-1	
10.896787569689831	54.176428300173143	6.2487265506865778e-006	-1	
10.532376322030395	52.750449464751568	6.8411390418926153e-006	-1	
11.246624999999998	60	5.0210369704772014e-006	-1	
12.172484408936608	58.755412401592167	5.6351500884821888e-006	-1	
0	45.013500000000001	0	-1	
1.0964226329321303	44.390187499999996	6.8603130366287467e-007	-1	
2.4039438996806308	44.815980663414891	2.8248793301379093e-006	-1	
3.8896414203847622	46.405302616379188	4.4501718751505727e-006	-1	
3.7680159678330871	45.229466138628752	5.6242721297416389e-006	-1	
7.8356928263752552	49.365893944792973	7.279644869109317e-006	-1	
9.4766946267296763	49.7848385446827	8.585807904767942e-006	-1	
10.184502411828788	51.323477432107659	7.6846920918879104e-006	-1	
4.9857975910246299	46.177742070773249	7.0725247772574701e-006	-1	
6.9805359892293328	47.422534728142999	8.6734658889921322e-006	-1	
6.037442238812246	45.799152717159544	1.0048033054565466e-005	-1	
8.0428025627332929	48.114925818681556	9.1481771337988511e-006	-1	
11.999778015147374	56.314222206902421	6.0593652252070558e-006	-1	
12.725739621356491	57.595327264866825	6.1360235463432667e-006	-1	
11.69510669605042	55.030640488791711	6.3757740839670034e-006	-1	
12.031711045808546	53.915913201515664	7.1779233402048218e-006	-1	
11.39133258591913	51.785159912907709	8.2208462610277616e-006	-1	
12.299497566229348	52.782683395715082	8.0844132260268276e-006	-1	
12.49325	60	5.762532614098511e-006	-1	
13.499606121075402	58.884155617167622	6.3288763772814121e-006	-1	
0	43.766874999999999	0	-1	
1.3676799483806386	43.158489269312895	1.5524441896336161e-006	-1	
2.9055642715936338	43.241006518554016	6.1021666845510852e-006	-1	
3.7118088022367095	43.805210684062338	8.0737909592790309e-006	-1	
5.1851049519528978	45.076098422296958	9.6431338167023452e-006	-1	
9.2374042299465131	48.539737020205287	9.909368323575198e-006	-1	
10.461669033242087	50.26385164921448	8.9656816452372402e-006	-1	
10.477348822668816	48.804454052576368	1.075594527169729e-005	-1	
7.1272230824498806	45.550830191539276	1.2708768187936542e-005	-1	
8.2681930975593581	46.608071248905247	1.212848124569159e-005	-1	
6.3889441557330073	44.826292418725458	1.3347319190067895e-005	-1	
13.458200527772322	56.4337149605552	6.8484502467761184e-006	-1	
12.852577779423497	54.865556928578023	7.1589383444467772e-006	-1	
14.22884449275908	57.570354747024574	6.9197204572576327e-006	-1	
13.605572160339744	53.120301352632929	8.6154079491571954e-006	-1	
12.646693369646879	51.479122194887417	9.3714511278971343e-006	-1	
11.456707926988164	49.80611183695185	1.0270069480757824e-005	-1	
13.598442713522951	52.023758968643854	9.4505912291891391e-006	-1	
14.986499999999999	60	7.0010963123990482e-006	-1	
14.986458410538424	58.667057486261179	7.0614444375070941e-006	-1	
0	42.520250000000004	0	-1	
2.1721786086202779	42.584879966039985	4.2985336778625596e-006	-1	
1.5229091107511508	41.931786172851965	2.55951637359375e-006	-1	
0.60511625902801247	41.85603219678557	4.1666179910925824e-007	-1	
3.1116158600578991	42.278769891491756	9.2539861336868322e-006	-1	
4.0855331898884373	42.208156163033358	1.4950808309632837e-005	-1	
4.6952083572595349	43.193079963951021	1.3785482115119344e-005	-1	
6.1082413824254562	43.830693749117223	1.6024353458604068e-005	-1	
9.7889723413280318	46.7010340337565	1.3656591607040213e-005	-1	
10.867715291331344	47.512349741677092	1.3127857933787159e-005	-1	
11.833913276383315	48.454889387411981	1.2301553888725942e-005	-1	
8.3705772843881281	45.353293171256865	1.5226566785363073e-005	-1	
7.2988184695693414	44.032388563369459	1.7755397128102981e-005	-1	
9.3969409776415365	45.693370265170984	1.5478736213070223e-005	-1	
14.81512218477101	56.222514246248686	7.588671114185938e-006	-1	
14.531456244566488	54.780318287978616	8.1000955339152059e-006	-1	
15.868192578759022	57.247910897788259	7.6861352329465406e-006	-1	
14.69526828686584	53.600734090609379	8.8508504938384044e-006	-1	
15.189962565002508	52.590048665092603	9.7752211889593099e-006	-1	
12.921532051590951	50.284875171458573	1.0727627330109611e-005	-1	
14.119207483964955	50.544366621701457	1.1084084359679013e-005	-1	
13.093972360977432	49.071604140830992	1.2249014305982093e-005	-1	
14.61829410922166	51.6208208101285	1.0313970315471735e-005	-1	
16.233125000000001	59.138818189777574	7.4568491762052268e-006	-1	
17.479749999999999	60	7.8067093941119508e-006	-1	
0	41.273625000000003	0	-1	
2.3898325634000983	41.621099657516666	6.8891184245936733e-006	-1	
1.3512638180211169	40.914632169904962	2.6509441334873741e-006	-1	
0.43824702696826173	41.032917083815661	2.7833423625053857e-007	-1	
3.0236919291773123	41.306262489787507	1.1842265246144237e-005	-1	
3.9176940798058482	41.209697549513926	1.9089525265449493e-005	-1	
4.9907320046594243	42.073060108256243	2.0676897175138326e-005	-1	
4.5149128446647779	41.291246853532897	2.3385224573079307e-005	-1	
6.0570867497543057	42.281307782742225	2.3453367042937091e-005	-1	
11.03686572393468	46.164625802603361	1.5751965376766071e-005	-1	
12.273723970397974	46.726011020575882	1.5312129848644571e-005	-1	
13.057260901643836	47.768226026279116	1.4005561054246509e-005	-1	
8.5043812302194031	44.101475672601595	1.9174865753661964e-005	-1	
7.639377103964069	42.192421892544459	2.6795186691962315e-005	-1	
10.141719961096536	44.909546862587476	1.8088446210103125e-005	-1	
16.612009904717386	56.422836177416364	8.1932752936556247e-006	-1	
16.4818334874311	55.319628758580208	8.6026140947854394e-006	-1	
15.882868200340571	53.689389092726216	9.2820286640698057e-006	-1	
17.527439167205582	57.052122895830898	8.237419117034724e-006	-1	
17.686066922344295	58.70908830813395	7.9248576992327961e-006	-1	
16.284112652838711	52.327288235306852	1.0374192614235558e-005	-1	
15.276786481092348	50.804850680142252	1.1320282559842708e-005	-1	
14.814139440092573	49.582643867658021	1.2422200060107089e-005	-1	
14.299142481871048	48.165557602461476	1.3941832460799373e-005	-1	
18.726374999999997	60	8.0309984707153104e-006	-1	
18.103062499999997	59.532428849129765	7.9414013006712507e-006	-1	
0	40.96196874999999	0	-1	
2.1719651771820061	40.569615021439652	7.4178832340874279e-006	-1	
2.8081870676687162	40.632127642421366	1.2162943274742037e-005	-1	
0.84809770358127268	40.612580123766286	1.1288908451602434e-006	-1	
1.5726249999999999	40.347179696610333	4.1197101770855178e-006	-1	
1.1089374999999999	40.380132840727292	2.0356377776836832e-006	-1	
0.21454240482077613	40.649445618452738	7.2285974699131824e-008	-1	
0.49925302288459777	40.593175806267155	3.9512641863823456e-007	-1	
3.4959122522174888	40.779092589020166	1.7900047737427463e-005	-1	
4.0797582182296717	40.629132516875423	2.4947907897098359e-005	-1	
5.3000639777671665	41.211695163129967	2.9066532435845219e-005	-1	
4.8723783400931193	40.904945221314364	2.9634569714780775e-005	-1	
4.5894753726596784	40.770237294219882	2.8770658061137321e-005	-1	
6.0421348402517605	40.970990617418067	3.3826977613819918e-005	-1	
6.9313081666405907	41.165026537906435	3.3019550981539456e-005	-1	
11.319389808131739	45.016367528068265	1.8327033108028308e-005	-1	
13.010607669791465	45.695440912440205	1.7401384523548438e-005	-1	
14.042106136833189	46.21218075267678	1.670966573415126e-005	-1	
14.680670369330882	47.121754439789591	1.5477008508807341e-005	-1	
9.5602452645497156	43.143730777159476	2.3281256844379084e-005	-1	
8.8776813094832043	42.039106761758816	2.7750472583430268e-005	-1	
7.8115169258796024	40.956593944792395	3.4147548539527044e-005	-1	
11.617769695879831	43.929577917476053	2.1031424563035e-005	-1	
10.857907887691617	43.097260521550268	2.3371208840031223e-005	-1	
17.711749243616048	55.733784990482832	8.7418159426814502e-006	-1	
17.528090160297825	54.245883015188632	9.4497619439158004e-006	-1	
17.572677826794447	52.923874900353532	1.0289317605178164e-005	-1	
18.599694411500042	58.325294460606045	8.1427317822515886e-006	-1	
19.110754757994211	56.693226562500001	8.597450295396547e-006	-1	
18.497111747368457	59.149521333727193	8.0284656457162012e-006	-1	
17.505371856090601	51.602828564299777	1.1282247390645395e-005	-1	
16.310544614780813	50.980246170034675	1.1516161551560491e-005	-1	
15.876682091426414	49.944882824031581	1.2392563298740781e-005	-1	
15.748052726994475	48.582707996878746	1.3853655095892247e-005	-1	
19.038031249999996	60	8.06170125200092e-006	-1	
18.882203124999997	59.541436637813767	8.0568960470407606e-006	-1	
0	40.650312499999991	0	-1	
2.5	40	1.1274866476299254e-005	-1	
1.8817499999999998	40	6.3489122174940812e-006	-1	
3.4465946724536747	40.337169416321181	1.9782627591502955e-005	-1	
3.1182500000000002	40	1.7675893101153402e-005	-1	
0.70805136510161382	40.292492382878862	8.4373091089551507e-007	-1	
1.2634999999999998	40	2.854261032780737e-006	-1	
0.95437500000000008	40	1.6334938056397095e-006	-1	
0.3078141695014821	40.456236993222795	1.5462426550653772e-007	-1	
0.16864607994449837	40.439868133228899	4.6437350686756195e-008	-1	
0.4195691848929135	40.371699940616836	2.9239718846634883e-007	-1	
3.8910625000000003	40.32387789577777	2.5143127007154773e-005	-1	
4.3169676979309939	40.258987884498922	3.1392604614765779e-005	-1	
4.4853030535311422	40.459401044550432	3.1208944956564213e-005	-1	
5.1225119911917503	40.716229903460167	3.3623331038111806e-005	-1	
5.5327723583882982	40.714186338631343	3.5505154114030843e-005	-1	
4.9214724591098911	40.595477804479074	3.3889260406027694e-005	-1	
4.6804280588920655	40.4552791143796	3.3536344217794458e-005	-1	
5.7689936077685608	40.470198801739308	3.9179178280464575e-005	-1	
6.309989424243148	40.500013633409985	3.8932773818910017e-005	-1	
7.165270017572567	40.323682782608529	3.9546278520626752e-005	-1	
12.454419231335754	44.684667163807333	1.9275646707607558e-005	-1	
13.588351393911392	44.696831209284269	1.9216144346002338e-005	-1	
14.669455874372778	45.039122336326955	1.8533368901721657e-005	-1	
15.762746440097635	46.86837735245264	1.5979544501097213e-005	-1	
15.934117357250193	45.451754224438446	1.7881564377385135e-005	-1	
10.336691936857468	42.102953023160993	2.6696514388832486e-005	-1	
9.8300084099551253	41.101161990897829	3.0758750800317302e-005	-1	
8.6157038691963486	40.542474437992496	3.5309450977059452e-005	-1	
7.5466578063222443	39.53809967633466	4.4252455160889369e-005	-1	
13.089331069455733	43.678534185275062	2.121493118944389e-005	-1	
12.515679894959964	42.636257378148116	2.3666412495523155e-005	-1	
11.457728841661272	42.043038694115239	2.5940618744306946e-005	-1	
18.985138817712649	55.376695234923403	9.0995715947351265e-006	-1	
18.801501116631293	53.413453125000004	1.0157223383379707e-005	-1	
18.56867756485925	52.210891970586246	1.0976325207547667e-005	-1	
19.474307424281779	57.630304687500001	8.3774032369232082e-006	-1	
19.034109562857562	59.033218621534616	8.1041877218839857e-006	-1	
19.430243631835076	58.33311328125	8.2280648991471541e-006	-1	
20	57.161765625000001	8.5039018381380775e-006	-1	
20	56.224687500000002	8.7951312145814854e-006	-1	
17.52396441929837	50.394726441733901	1.2356311828315058e-005	-1	
18.647276782271756	50.839727292458875	1.2107697834611129e-005	-1	
16.852635627446084	49.390149876615567	1.321149452543777e-005	-1	
16.932353089074471	48.121838859756458	1.4610632420445252e-005	-1	
19.349687499999998	60	8.0859215940593111e-006	-1	
19.320457541074873	59.747581801403484	8.0869143947871544e-006	-1	
19.438571717391383	59.376397122439236	8.1103242621702191e-006	-1	
0	40.338656249999993	0	-1	
2.8091249999999999	39.41634782053093	1.6938422267864297e-005	-1	
2.1723328527540033	39.43312495493425	1.0005140549450176e-005	-1	
1.5726249999999999	39.647918349567639	4.9154604742449782e-006	-1	
3.7365000000000004	40	2.5518160624248743e-005	-1	
3.4273750000000001	39.648673173697553	2.41875995457845e-005	-1	
0.43637857080842213	40.167233856854843	3.2928083568724358e-007	-1	
0.64524999999999999	40	7.4322941945407904e-007	-1	
1.1089374999999999	39.715102101620687	2.3870162438442927e-006	-1	
0.8118276673551752	39.585556255477456	1.3255210172195566e-006	-1	
0.2572536954606649	40.325549062666028	1.1072597014539595e-007	-1	
0.087410366405971496	40.260742187499993	1.2951799574694862e-008	-1	
0.31719113348751943	40.19391448155379	1.7303989815255055e-007	-1	
4.0456250000000002	40	2.9970499248337362e-005	-1	
4.5622469053096157	40.167662438457988	3.6101575599171664e-005	-1	
4.3547500000000001	40	3.4973866518121408e-005	-1	
4.7144214092591632	40.263093760733049	3.6786986023781799e-005	-1	
5.0561084585335729	40.403459288373931	3.7849588701143399e-005	-1	
5.245639703626642	40.421146096311318	3.8623601650585559e-005	-1	
5.4702409419298101	40.308714308763498	4.109933167332902e-005	-1	
4.8561034179472369	40.370256021950141	3.6683994042802079e-005	-1	
5.6717383230033178	40.144819321128367	4.3686566989631042e-005	-1	
6.0856255263951873	40.006833910618148	4.4757917243822249e-005	-1	
6.5561358556531157	39.645640900000203	4.7122426394659375e-005	-1	
14.156833159709601	43.153314326569458	2.1670082309986237e-005	-1	
15.580112666613566	44.069412097077162	1.9800927524216293e-005	-1	
17.247098866987738	46.010564239701004	1.7121689757706884e-005	-1	
17.120094039501357	44.433283430796301	1.9016022748623127e-005	-1	
11.146651962831548	40.870690617083895	2.9401811232795432e-005	-1	
10.272253034867077	39.751514481936844	3.4457152682291776e-005	-1	
9.0854837586058768	38.971317460902696	4.0830809414869175e-005	-1	
6.6705490576452018	39.063618580782475	5.1652737144758936e-005	-1	
7.1794687758904834	38.260665076355451	5.350872035625459e-005	-1	
14.056702818543577	41.870763893329993	2.382382737729695e-005	-1	
13.245377689583352	40.872408628836219	2.6315612223499562e-005	-1	
20	54.350531250000003	9.6677575770685628e-006	-1	
20	52.476374999999997	1.0855075992562468e-005	-1	
20	58.09884375	8.2872221380023019e-006	-1	
19.555607908036684	58.936261961584314	8.1529982509911572e-006	-1	
20	58.5673828125	8.2098723997958504e-006	-1	
18.018289746646179	49.337780587494592	1.3456294710379195e-005	-1	
20	50.602218749999999	1.2379872216818691e-005	-1	
19.138257368453008	49.665140624999999	1.3234629092582906e-005	-1	
18.188076276529788	47.92657753316638	1.4953275877685326e-005	-1	
19.66134375	60	8.1010730054722518e-006	-1	
19.560334545972104	59.83141711617602	8.0983749126409556e-006	-1	
19.556181013294538	59.65269354013698	8.1029897945755549e-006	-1	
19.692372440454907	59.536886529840082	8.1128391317324644e-006	-1	
19.745771158327244	59.350090873068858	8.124681029919284e-006	-1	
0	40.182828124999993	0	-1	
2.46713139117261	38.529069419150389	1.5313494346232139e-005	-1	
3.4165507045339591	38.582225392019453	3.0173880512981982e-005	-1	
1.6253190606447465	38.464074786521593	6.7000264300170277e-006	-1	
1.1681188211029343	39.173891835529446	3.0203651620345631e-006	-1	
3.8910625000000003	39.711781864450082	3.0841108837709188e-005	-1	
3.8640387153679812	39.239281200598583	3.4685860351998165e-005	-1	
0.33612500000000001	40	2.0172103855226446e-007	-1	
0.25884374999999998	40.086615442463916	1.1765682539330968e-007	-1	
0.43922023419463652	39.831880102047116	3.6377123076429736e-007	-1	
0.42090635479520827	39.186789327664371	3.8845565569070215e-007	-1	
0.19505843908099882	40.194966102423564	6.5346621089587576e-008	-1	
0.080177058991042258	40.143871093749993	1.1148894894161998e-008	-1	
4.1910139960310451	39.581442460987972	3.7779431254023837e-005	-1	
4.663875	40	4.0341788654547577e-005	-1	
4.7411562499999995	40.0874726056702	4.0181166350044769e-005	-1	
4.5636214291915778	39.832766143145157	4.1744922347179439e-005	-1	
4.8752761489054661	40.187706132116894	4.021326608964043e-005	-1	
4.9756309509229206	40.230953384676923	4.0418657087716498e-005	-1	
5.1163231390579051	40.222879366203998	4.1598895529558594e-005	-1	
5.2519250176890635	40.184517769675544	4.2890688891175378e-005	-1	
5.4257218531919733	40.061520712898904	4.5321135955104422e-005	-1	
5.6666607526958757	39.88513301068599	4.7655919923213387e-005	-1	
5.9899192274423134	39.468895063287547	5.1713724694397263e-005	-1	
15.159698242605346	42.429835507835968	2.221043884179351e-005	-1	
16.670043661005547	42.916246966778488	2.0884510708626134e-005	-1	
18.482087444553862	45.117367548623712	1.809452015482804e-005	-1	
18.575676291160303	46.547153089859151	1.6510452774480306e-005	-1	
18.321333920887639	43.251643441269294	2.0065740912861247e-005	-1	
11.519552076418803	39.678181439127542	3.1469709585955064e-005	-1	
10.82275993268426	38.470787711318486	3.5661799396268469e-005	-1	
8.4100357338200151	37.476995756260592	4.8702933835592373e-005	-1	
10.130475829563382	37.260803568410431	4.002042021014334e-005	-1	
6.302945874710729	38.628688463652942	5.7565942258307175e-005	-1	
5.880196951596572	39.010237483957916	5.739203400015015e-005	-1	
6.9521429978118396	37.422393453191269	5.8828764906123751e-005	-1	
7.698747350440561	36.978222779002522	5.4537571858327764e-005	-1	
6.2753820318771147	37.966793047761719	6.213736140435801e-005	-1	
14.703256271112286	40.758590196465946	2.4640427099465028e-005	-1	
12.504133272130433	38.90893992745869	3.0394126496724778e-005	-1	
14.080784945191875	39.435376667803652	2.6805377850694769e-005	-1	
20	59.035921875	8.1530801992628002e-006	-1	
20	48.7280625	1.4190890488389327e-005	-1	
19.331280439548255	47.790984374999987	1.5159177504186468e-005	-1	
19.817171875	60	8.1048795679837231e-006	-1	
19.7392578125	59.91271602583506	8.1035842223871647e-006	-1	
19.717603275206518	59.729519459103848	8.1061938716970318e-006	-1	
19.867210641144542	59.621595703124996	8.1124768896637022e-006	-1	
20	59.504460937499999	8.118277659935892e-006	-1	
0	40.104914062499994	0	-1	
2.1117561897526502	37.647813195153667	1.2373972636329597e-005	-1	
3.0118773823191578	37.304727800694508	2.6400389661303717e-005	-1	
4.4131652236019994	37.797312500000004	5.730573138431478e-005	-1	
4.1581761204317793	38.868511259505347	4.4282365823278964e-005	-1	
0.78160039877335497	38.432276646493392	1.53922763684097e-006	-1	
1.2485980366917164	37.250494596392315	4.3915095663169635e-006	-1	
0.25884374999999998	39.911612475340007	1.2286373896957658e-007	-1	
0.18156249999999999	40	5.8817888314623587e-008	-1	
0.14292187499999998	40.080553646420938	3.5890773449666019e-008	-1	
0.16813301018197002	39.561430808680818	5.6823104258302908e-008	-1	
0.21414619816360769	39.79158503255676	8.6160665278835082e-008	-1	
0	38.729749999999996	0	-1	
0	39.351374999999997	0	-1	
0.05679647439473437	40.05679647439473	5.6860143636612791e-009	-1	
4.6029404828261802	39.195968749999999	5.2062715373610681e-005	-1	
4.8303724655370219	39.556637650735262	5.2996605033239145e-005	-1	
4.7411562499999995	39.913384557536084	4.3786267522543808e-005	-1	
4.8184374999999999	40	4.3213555605836161e-005	-1	
4.8576292186108585	40.079863668341581	4.2202098301287202e-005	-1	
4.7907500622094528	39.787595543260039	4.7699757695828163e-005	-1	
4.9505230545538037	40.108464007383247	4.2898824925423403e-005	-1	
5.0245895313891369	40.115900738429183	4.3488606722434135e-005	-1	
5.1159007384291844	40.024589531389147	4.6228708611128947e-005	-1	
5.2309015841270075	39.975621476767266	4.7307730800350607e-005	-1	
5.3694649617825405	39.856170333850088	4.9247161658435049e-005	-1	
5.5396287073917039	39.614897864467103	5.2370843833582329e-005	-1	
5.536445621208923	39.333100885027172	5.6407030779080819e-005	-1	
15.967467150915727	41.493529272454317	2.2758358956278128e-005	-1	
17.655890999233925	42.295206006457505	2.1130879006986637e-005	-1	
19.235842551504945	44.042671874999989	1.9173701067499275e-005	-1	
20	44.979749999999989	1.8203009087017683e-005	-1	
20	46.853906249999987	1.6171654575639878e-005	-1	
20	43.10559374999999	2.0042173991542354e-005	-1	
18.845885883966741	41.802854993944408	2.1209213750706198e-005	-1	
11.841481226279919	38.006670492844087	3.296095107556401e-005	-1	
8.5920487602508402	36.460868985125458	4.8445463333401547e-005	-1	
11.001463354097638	35.975868517686962	3.577066383596419e-005	-1	
12.123776582998005	36.923385120430595	3.2287933059229121e-005	-1	
9.7646940379777885	35.183545127306466	4.0176267883041382e-005	-1	
5.7380221170278229	38.556873041247385	6.286245720607642e-005	-1	
5.4194981919361034	38.909428725704529	6.2676788900053229e-005	-1	
6.963745442962253	36.515105252691228	6.0754357176679117e-005	-1	
6.0929678375858307	37.295136360532432	6.689740166959203e-005	-1	
8.0738892159491442	35.568034709653752	5.111842558397684e-005	-1	
5.6110790861833877	37.797312500000004	6.9480829267387403e-005	-1	
15.299958984082913	39.669867481097747	2.4898584731543341e-005	-1	
16.077974352341815	40.419087065158095	2.3614008806481512e-005	-1	
13.562393129586242	37.856061605738589	2.8584221353103655e-005	-1	
14.875654959738016	37.862266522386271	2.6102153748660157e-005	-1	
19.895085937499999	60	8.1058856253417198e-006	-1	
19.856128906249999	59.918215182766836	8.1057887611839677e-006	-1	
19.889172475715281	59.797297851562504	8.1078563206013678e-006	-1	
20	59.738730468749999	8.1097059321766212e-006	-1	
0	40.026999999999994	0	-1	
2.1568093386995377	36.413690182987004	1.3686802956944074e-005	-1	
4.2950340207767486	36.864875000000005	5.6768588276620819e-005	-1	
3.8253121409049564	35.621625000000002	4.5120462538405209e-005	-1	
4.6467499498178721	38.418937499999998	6.0465211999746003e-005	-1	
5	37.486499999999999	7.7217371111591045e-005	-1	
5	38.108125000000001	7.3951509944093229e-005	-1	
4.7102329023198264	38.885156249999994	5.8489208222549461e-005	-1	
0	37.486499999999999	0	-1	
0	36.243250000000003	0	-1	
1.0807145897229353	35.621625000000002	3.4039168798051781e-006	-1	
0.14176558940360523	39.920413067845494	3.6661058929388503e-008	-1	
0.10428124999999999	40	1.9387023497704702e-008	-1	
0	39.662187500000002	0	-1	
0.087060734293333594	39.739890625000001	1.436419321140789e-008	-1	
0.081372860152889484	39.8564453125	1.2269824306802967e-008	-1	
0.026999999999999996	40	1.2980611206400206e-009	-1	
5	39.040562499999993	6.5694670954973531e-005	-1	
5	39.351374999999997	6.1520966140707578e-005	-1	
4.9099502171446501	39.739890625000001	5.1855801446877746e-005	-1	
5	39.662187500000002	5.620643987511885e-005	-1	
4.8570781250000001	39.919446353579062	4.6176634046167003e-005	-1	
4.8957187500000003	40	4.4712544163902749e-005	-1	
4.9343593749999997	40.035801201060274	4.4525558385156809e-005	-1	
4.92026144873343	39.858382892807583	4.9351264361067585e-005	-1	
4.9864999999999995	40.04329647439473	4.5113726098843865e-005	-1	
5.0345147326453059	40.034514732645306	4.5788106535877548e-005	-1	
5.0432964743947339	39.986499999999999	4.7377688982807828e-005	-1	
5.1084494429488574	39.950550816513655	4.8237066504631255e-005	-1	
5.1875667407725627	39.875700371354796	4.9712700513838147e-005	-1	
5.2624928302037155	39.71670066588802	5.2485770112438287e-005	-1	
5.3593858871032189	39.552348508087341	5.4636109589910372e-005	-1	
5.2550888792786541	39.317036843521308	5.9212917563315755e-005	-1	
17.74566740039992	41.133514547212805	2.2035587533307885e-005	-1	
20	41.231437499999991	2.1489707754235464e-005	-1	
18.903838835392353	40.46869151211277	2.1971683610669283e-005	-1	
12.39494738380122	35.511565862944742	3.0137420095142195e-005	-1	
11.444872969059251	34.425374132356488	3.0870281442472078e-005	-1	
13.222497774727771	36.402466808693632	2.8935609887018048e-005	-1	
8.5793873254793951	34.509635871660052	4.5015740959717378e-005	-1	
10.239706241238867	33.995413743896947	3.3813826182590619e-005	-1	
5	38.729749999999996	6.902765391892201e-005	-1	
6.0808136216912265	35.621625000000002	6.8843718609860871e-005	-1	
5	36.243250000000003	7.9952660644255836e-005	-1	
7.4065468193728075	34.523111265558228	5.3974909177176967e-005	-1	
15.952661773545106	38.613765995797458	2.4512112356185518e-005	-1	
17.495558174378537	39.41367876513543	2.2992852874747588e-005	-1	
14.416624634190066	36.631825017985705	2.6496129570952205e-005	-1	
15.671025549934768	37.088003209555559	2.4679194670987055e-005	-1	
19.972999999999999	60	8.1063388299488632e-006	-1	
19.943203525605266	59.943203525605263	8.1064006533259863e-006	-1	
20	59.85586523437501	8.1075129476350142e-006	-1	
0	40	0	-1	
2.8525214938224766	34.95508394666853	2.4104773025521353e-005	-1	
5	35	7.9176129931401063e-005	-1	
3.8588471914457103	34.340342367522872	4.4006603350321051e-005	-1	
0	35	0	-1	
1.1739406727952495	34.378374999999998	3.8390228226742543e-006	-1	
0.05679647439473437	39.94320352560527	5.8513176312452348e-009	-1	
0	39.81759375	0	-1	
0	39.895296875	0	-1	
0	39.972999999999999	0	-1	
5.1687326833670406	39.559507569073219	5.620563788626728e-005	-1	
5	39.81759375	5.2749037693286283e-005	-1	
5.0882600806634741	39.739890625000001	5.3544072604482804e-005	-1	
4.9432035256052655	39.94320352560527	4.7553875626398697e-005	-1	
4.9729999999999999	40	4.6318050706904583e-005	-1	
5	39.895296875	5.0656713722352301e-005	-1	
5	40	4.6890451308870077e-005	-1	
5.0358669721487956	39.934148437499999	4.9108682574995913e-005	-1	
5	39.972999999999999	4.8092757109941567e-005	-1	
5.0802348075920483	39.857207343610852	5.0900329152040941e-005	-1	
20	39.35728125	2.2217638784411936e-005	-1	
18.582006543486148	39.430862378208147	2.2440995589554539e-005	-1	
13.745679449927215	35.21531893921351	2.6204881791198906e-005	-1	
12.861784314227597	34.15184879700557	2.5879513053582539e-005	-1	
12.185370887654168	33.186779484498601	2.4433151190513605e-005	-1	
8.9896221501153821	33.41079838246479	3.6993206655263265e-005	-1	
8.0397890958575076	32.951052071128366	3.9669648046019085e-005	-1	
10.190461976272184	32.716794261854901	2.7676390438325965e-005	-1	
6.1751807926687441	34.378374999999998	6.4652892948750766e-005	-1	
7.0563787200645756	33.333744551497524	4.9840495778341555e-005	-1	
16.617727026819431	37.667532645399774	2.3729379764282158e-005	-1	
17.77159036850907	37.746707977558799	2.2780698778917002e-005	-1	
15.475025914084304	35.789468061043792	2.3881656116956671e-005	-1	
16.619242726204618	36.510957076241816	2.3111340675825592e-005	-1	
20	60	8.1063677018935559e-006	-1	
20	59.972999999999999	8.1063964890441197e-006	-1	
2.6045947129853442	33.802204538329946	1.862826090668429e-005	-1	
5	33.756749999999997	7.4386829843612801e-005	-1	
3.4432368532079649	33.451993934101814	3.1795661220197576e-005	-1	
4.2950362340906887	33.135125000000002	4.9765443591356059e-005	-1	
0	33.756749999999997	0	-1	
1.7352148771678055	33.241348788735877	7.6252445449563477e-006	-1	
0.70609050301011977	33.135125000000002	1.2256204792668607e-006	-1	
20	37.483125000000001	2.1942708291351169e-005	-1	
18.981046903850327	38.420203125	2.2336563433427882e-005	-1	
14.830600582903845	34.3578893563894	2.2668837448308661e-005	-1	
13.327789646087442	33.069382662537762	2.1873908435333474e-005	-1	
14.394944970479653	33.345370684079398	2.104219289975972e-005	-1	
10.811104600865207	31.666273040181451	1.9913400684071985e-005	-1	
12.74493901559897	32.079843488999941	1.9050616714370922e-005	-1	
8.8683687350688807	32.297595658478947	2.9695865053087074e-005	-1	
8.0597214395034804	31.522991084050993	2.517655262899155e-005	-1	
6.5414111516504008	32.067817632332449	4.1200099809059081e-005	-1	
9.608912330740182	31.457644541889316	2.062464000244587e-005	-1	
5.7042275321613474	33.135125000000002	6.1535006466077117e-005	-1	
17.904429659194342	36.062267684262359	2.172103264284883e-005	-1	
19.105889725261882	36.546046875000002	2.1554737954327397e-005	-1	
16.666120310928431	35.49692037401875	2.2095790825368079e-005	-1	
16.136748984768118	34.630759915186651	2.1484758444168773e-005	-1	
2.6673591870355664	32.235789840603466	1.499292038491439e-005	-1	
5	32.513500000000001	6.4545077179830072e-005	-1	
3.5465103738503592	32.549052802795273	2.9671548374531762e-005	-1	
4.4131542279095592	32.202687500000003	4.5034777307544959e-005	-1	
0	32.513500000000001	0	-1	
1.2261050863917617	32.340689201702673	3.2300877295212239e-006	-1	
0.58142395713737927	32.202687500000003	7.084442059259831e-007	-1	
20	35.608968750000003	2.067431913198988e-005	-1	
15.424683485200893	33.502289838544385	2.0198063884515552e-005	-1	
14.08267446659865	32.351654345205866	1.8623901886764277e-005	-1	
15.112412981319888	32.508573499670852	1.8150532909135308e-005	-1	
10.386301855556725	30.546093019238167	1.2631503765679716e-005	-1	
11.91882580571451	31.154662019018694	1.5834079283386284e-005	-1	
13.697258383386606	31.285166441590853	1.5333632074697375e-005	-1	
8.2971200301745487	30.630925999554641	1.4550510967517573e-005	-1	
7.4021941590763767	30.857301552716372	1.9097257866211162e-005	-1	
6.5008241491531304	31.108332988686726	2.6961182024880359e-005	-1	
5.5905861388541354	32.202687499999996	5.2956706468537803e-005	-1	
5.8896183154217434	31.362534579363874	3.6399188129346514e-005	-1	
9.53756491529413	29.700571725611677	5.2467401350595884e-006	-1	
17.220415157666899	34.646493913774165	2.0562551358324462e-005	-1	
18.675142284071555	34.940202769448021	2.016840879890111e-005	-1	
16.70879314229192	33.691076284472565	1.9411404084292588e-005	-1	
3.4751106851088465	31.95979248896365	2.4207795609842396e-005	-1	
2.9787254295047738	31.205258700725597	1.2960052657320005e-005	-1	
2.3378431765145642	31.210917865175464	8.0722289623622804e-006	-1	
5	31.891874999999999	5.6631014075846222e-005	-1	
4.0308480007121075	31.751269902524175	3.1999878282002244e-005	-1	
4.6467665772228575	31.581062500000002	4.2441422567400426e-005	-1	
0	31.891874999999999	0	-1	
1.2520180586699639	31.251721841733357	2.222077391539519e-006	-1	
0.62850982936020006	31.429974481285672	5.9849413251903211e-007	-1	
20	33.734812500000004	1.8335308331754297e-005	-1	
16.215009792285958	32.70801074889215	1.7845338546477676e-005	-1	
14.737430298657914	31.512146997681789	1.5628175253062317e-005	-1	
15.985238271014076	31.611333954233896	1.547390062584673e-005	-1	
10.829248781051742	29.252718443863465	4.6645679658224605e-006	-1	
12.454530652913887	29.801566115972509	9.2163568316686387e-006	-1	
13.699245606407615	29.50195308122677	8.8699994056813635e-006	-1	
14.893665063406207	29.962871129022297	1.0978719131594631e-005	-1	
7.9881761656486194	29.761045608695131	3.734015725210131e-006	-1	
6.8036938552055704	30.138078316925892	7.8136320317049752e-006	-1	
6.1491407913898719	30.466154860837538	1.5540444304705789e-005	-1	
5.8464812062151443	30.779837562473844	2.4431433041813268e-005	-1	
5.3477307149124735	31.581062499999998	4.6537504080408787e-005	-1	
5.3604247055469818	31.114843750000002	3.7227584218811425e-005	-1	
8.7222475632773442	28.690015838376794	-6.0589747422614333e-006	-1	
10.750406502104678	27.887872787358088	-3.902589782787496e-006	-1	
17.807992013321783	33.735816489163582	1.886481949480724e-005	-1	
18.903669487462356	33.022425633865907	1.7352553363492929e-005	-1	
17.317097462637609	31.904696739835394	1.5730581794904144e-005	-1	
3.5746883371628284	31.374634455419937	2.0740954355387816e-005	-1	
2.8091249999999999	30.587199008906211	6.8740336049127128e-006	-1	
3.4475442622121348	30.768256423341391	1.2353721509686114e-005	-1	
2.1908750000000001	30.537703115432453	4.0838010498180039e-006	-1	
1.4212505261549087	30.627360614897619	1.9993077329397383e-006	-1	
5	31.270250000000001	4.5911469081847016e-005	-1	
4.1609345961324165	31.174196790729187	2.6212021185118187e-005	-1	
4.710156941408127	31.114843749999999	3.5472238318629379e-005	-1	
0	31.270250000000001	0	-1	
0.41396743766687372	30.818003830281171	2.075406152876261e-007	-1	
0.80898600396896092	30.418557539012031	5.5463448281848782e-007	-1	
20	31.860656250000002	1.5283792565839956e-005	-1	
16.537646196995507	30.384585541998934	1.2471679622674179e-005	-1	
11.77775157513965	28.513226763922617	2.1533040363571883e-006	-1	
12.978457457120706	28.44386625591989	4.2918437080981329e-006	-1	
14.706062604200355	28.670959001883958	7.2675986356734157e-006	-1	
16.668449015317872	29.045572171517886	9.5161364262303337e-006	-1	
7.4243209134505559	28.65324632118995	-1.3688846026039164e-005	-1	
6.0786740368027958	30.035998960840864	5.3311506482471172e-006	-1	
6.0684385989845877	29.362053715856817	-1.0694607356821997e-005	-1	
5.73305211973942	30.336270762010358	1.3681084542889992e-005	-1	
5.3053394691036386	30.726227374079386	2.8322399986892712e-005	-1	
5.5010515502045054	30.479344606016454	1.928033948711912e-005	-1	
5	30.9594375	3.8921867018418414e-005	-1	
9.4027881444396648	27.445616085072668	-1.2451318870696501e-005	-1	
8.0045052237575085	27.207979593008218	-2.3775117288909666e-005	-1	
11.179715280766233	26.846787937657357	-6.3915186601758771e-006	-1	
18.656183820237089	31.738608480109392	1.5135036521926386e-005	-1	
17.856192311724527	30.651984732239107	1.3090997466367942e-005	-1	
3.1182500000000002	30	1.8377442799981764e-006	-1	
2.5	30	1.4601420392696357e-006	-1	
4.1881723326448448	30.414443744522565	1.2144442594870509e-005	-1	
3.7365000000000004	30	2.3171359226611836e-006	-1	
1.8817499999999998	30	9.7356103771944998e-007	-1	
1.2634999999999998	30	4.390863574762652e-007	-1	
4.5790936452047948	30.813210672335643	2.6218948702943981e-005	-1	
0	30.648625000000003	0	-1	
0.16962753446297643	30.443362349264714	2.4377318201716803e-008	-1	
0.43637857080842213	30.167233856854846	1.1609472963254118e-007	-1	
0.64524999999999999	30	1.2267343186352235e-007	-1	
20	29.986499999999999	1.1880186299054511e-005	-1	
19.067621554541724	30.662781062682207	1.3109793468397704e-005	-1	
17.563849262720531	29.460716566362038	1.0653283344821948e-005	-1	
12.26687986950996	26.553126825669491	-3.4736134678481861e-006	-1	
13.866977838426694	27.670874814030871	3.4957183201208379e-006	-1	
15.833586336473809	28.09172276217291	6.9385127569152299e-006	-1	
16.768488617778548	28.142508443783722	7.7337299120960902e-006	-1	
17.614040406820138	28.475035420821943	8.7774982207118814e-006	-1	
6.4675509396232762	27.459338455984863	-3.6569516109086425e-005	-1	
5.9388729959148927	28.286818623403626	-3.2106189416326605e-005	-1	
5.6236412899593597	30.0866236922698	6.3921265177231075e-006	-1	
5.4554182373640696	29.642255417605007	-8.0222150636174702e-006	-1	
5.4181221360386482	29.184866088056758	-2.1483567637968162e-005	-1	
5.4717398603534493	30.258744687701093	1.2482787715009186e-005	-1	
5.169233338685931	30.442098105756028	2.1440408047642562e-005	-1	
5	30.648625000000003	3.0594219566775364e-005	-1	
5.2492052860706124	30.260109374999999	1.4144315368463485e-005	-1	
8.4369096153498493	26.162111797166983	-2.5712034459290646e-005	-1	
9.5396833436818209	25.90774374031442	-1.8208300171475545e-005	-1	
6.6220661508319472	26.490852017771989	-4.2319191692662367e-005	-1	
10.87671892617624	25.762188057140378	-1.0830209384477214e-005	-1	
18.364885231012821	29.894919946887772	1.1634067010483031e-005	-1	
2.8091249999999999	29.425079315646919	-3.2945920284053337e-006	-1	
3.5787494738451056	29.372639385102385	-7.2071211436469969e-006	-1	
2.1994419902853881	29.467829158802473	-1.7435726628973118e-006	-1	
4.3547500000000001	30	2.8321641825231674e-006	-1	
4.5607797658053801	30.168119897952881	8.5045090095645479e-006	-1	
4.1910139960310451	29.581442460987972	-6.8973121682348993e-006	-1	
1.4176368862034985	29.378672915041459	-1.0354650538385229e-006	-1	
0.81182766735515532	29.585556255477439	-2.1069269556601859e-007	-1	
4.8318669898180238	30.438569191319189	2.0337163989603433e-005	-1	
0	30.337812500000005	0	-1	
0.090049782855335048	30.260109374999999	4.9608222427181381e-009	-1	
0.20924993779056533	30.212404456739961	2.6020153354917654e-008	-1	
0.25884374999999998	30.08661544246392	3.2786148947540243e-008	-1	
0.33612500000000001	30	3.9960492949233984e-008	-1	
0.43922023419461942	29.831880102047123	1.2533233198522707e-008	-1	
20	29.049421875	1.0222988826666759e-005	-1	
19.194399006304909	29.5179609375	1.1010913927390745e-005	-1	
18.429164461829799	28.986041858999457	9.9541551365283912e-006	-1	
13.376663068773302	25.9192375782069	-1.4122216990619817e-006	-1	
11.854649790574069	24.838877800391018	-7.5282153792650927e-006	-1	
15.890228348423083	26.825383127352612	4.5945923771786933e-006	-1	
14.751086024233475	26.084442639937148	1.7631405663278376e-006	-1	
16.610206840041098	27.296675864826867	6.0988240808201778e-006	-1	
17.438743343680443	27.529083125741025	7.050924536720093e-006	-1	
18.490672069036794	28.078712656255583	8.4127757144034223e-006	-1	
5.5455979358279839	27.7973125	-4.4827301284032922e-005	-1	
5.7154528152459392	26.864875000000001	-5.1685459899994021e-005	-1	
5	28.108125000000001	-4.9039573019171998e-005	-1	
5	28.729750000000003	-3.8324041578773533e-005	-1	
5.3941638326398573	29.919470262695061	7.0945792450143809e-007	-1	
5.3398285814723794	30.079516024740538	6.6642423223863178e-006	-1	
5.1687326833670459	29.559507569073212	-1.4240170930485746e-005	-1	
5.2474635376909706	29.835529873548598	-3.2253898558392227e-006	-1	
5	29.351374999999997	-2.364329103432375e-005	-1	
5.0892613913012497	30.260109374999999	1.5955013624489993e-005	-1	
5	30.337812500000005	2.0490673803952296e-005	-1	
5.1804428011677661	30.131002795262543	9.4600540489578761e-006	-1	
7.5588496420266393	25.448092408428984	-3.6039585933388416e-005	-1	
8.2081045972830822	24.399671071420816	-3.0085272645726272e-005	-1	
10.100221272328756	24.664052364555076	-1.5805998808446611e-005	-1	
6.1678797099595446	25.621625000000002	-5.1767269706175932e-005	-1	
2.6621568234854678	28.789082134824543	-7.7946683524187211e-006	-1	
3.7479819413300519	28.748278158266658	-1.7025405888872067e-005	-1	
1.9561723914115543	28.907150263454827	-3.5864305315077594e-006	-1	
4.663875	30	3.1236513501653042e-006	-1	
4.5636214291915778	29.832766143145157	-2.4597989289307487e-006	-1	
4.7411562499999995	30.088387524659982	6.7567590432560666e-006	-1	
4.7858538018364039	30.208414967443264	1.1819830352240288e-005	-1	
4.5860325623331288	29.18199616971884	-2.0078002053738642e-005	-1	
4.830372465537029	29.556637650735286	-1.3761221282629791e-005	-1	
1.2558189399464832	28.759301880474339	-1.7431843811596378e-006	-1	
0.42090635479520577	29.186789327664357	-1.5264753723462868e-007	-1	
4.9129392657066653	30.260109374999999	1.5624184929436234e-005	-1	
0	30.18240625	0	-1	
0.079738551266571242	30.141617107192431	3.3936970261695704e-009	-1	
0.142921875	30.080553646420938	9.5975041100393555e-009	-1	
0.18156249999999999	30	1.2247550848601127e-008	-1	
0.25884374999999998	29.911612475340021	1.6038923845864986e-008	-1	
0.16813301018197632	29.561430808680814	-9.6263269081400987e-009	-1	
0.21414619816359637	29.791585032556739	4.2768575586456398e-009	-1	
20	28.112343750000001	8.682640257912481e-006	-1	
19.232053374458587	28.584720092899474	9.3909730932513952e-006	-1	
12.93025218941526	24.721676868177287	-3.9175389992842184e-006	-1	
14.121112643983711	24.880378031692118	-7.8303596013199829e-007	-1	
12.374091212721341	23.793591986871942	-5.3903056950238727e-006	-1	
10.750105589057362	23.464626926080399	-1.1399220735353578e-005	-1	
16.181083943395649	25.742015459179214	3.4772704204033482e-006	-1	
17.03536505127958	26.476886535834296	5.2384529333283643e-006	-1	
15.322150492992765	24.851347585542619	1.4616473960112349e-006	-1	
18.38399446370822	27.175579578344291	6.9879371186381493e-006	-1	
19.192060260411523	27.499848187751734	7.6814757296614086e-006	-1	
5	27.486499999999999	-5.6847347762379406e-005	-1	
5	26.24325	-6.5771178492676712e-005	-1	
4.4185760428626359	27.7973125	-3.8799296495085847e-005	-1	
4.3714901706398059	28.570025518714353	-2.8272724739544683e-005	-1	
5.2261457757439809	29.937825044771788	9.3616999453350024e-007	-1	
5.1794256239456375	30.031291490333558	4.9941013849066591e-006	-1	
5.0882600806634759	29.739890625000001	-8.882539963399179e-006	-1	
5	29.662187499999998	-1.3550728380937741e-005	-1	
5.0802348075920483	29.857207343610852	-3.9374067340354668e-006	-1	
5.0813379781504846	30.142030625278288	1.0908021654348295e-005	-1	
5	30.18240625	1.4078115313393374e-005	-1	
5.093015846667444	30.083045453729245	7.8534062485993248e-006	-1	
6.9977488385416526	24.163539256324878	-4.1900295785841006e-005	-1	
9.3333299909412126	23.535846368239799	-1.9316397593716938e-005	-1	
8.1271492628013196	22.78921837825899	-2.473416355722386e-005	-1	
5.9619695847681582	24.14138488738255	-5.4388865767982033e-005	-1	
5	25	-6.8554137172423317e-005	-1	
1.7379636818177042	28.208097452208747	-4.3615265680169478e-006	-1	
2.364623530983756	27.149602877079218	-1.1827313367755327e-005	-1	
3.7738949136082605	27.659310798297359	-2.7649011083189222e-005	-1	
4.7411562499999995	29.913384557536084	-2.7651234407085321e-007	-1	
4.8184374999999999	30	3.28183070850122e-006	-1	
4.790750062209435	29.787595543260039	-5.4875877665825694e-006	-1	
4.8582344105963893	30.079586932154516	7.0981010807836651e-006	-1	
4.918627139847116	30.1435546875	1.0728391749860764e-005	-1	
4.9099502171446652	29.739890624999997	-8.8068088835309281e-006	-1	
0.63201557245665929	28.570035478538276	-4.8047070227142146e-007	-1	
1.2474197719500082	27.664354363659225	-2.7718866421322961e-006	-1	
0	28.729750000000003	0	-1	
0	29.351374999999997	0	-1	
0	30.104703125	0	-1	
0.05679647439473437	30.056796474394734	1.4402199279146315e-009	-1	
0.10428124999999999	30	4.0454626509657204e-009	-1	
0.14176558940361073	29.920413067845487	5.3262530250089418e-009	-1	
0	29.662187499999998	0	-1	
0.087060734293334816	29.739890625000001	7.7702169340535387e-011	-1	
0.081372860152884072	29.8564453125	1.180337411917429e-009	-1	
20	27.175265625000002	7.2978056742619914e-006	-1	
13.540807838045485	23.828436486851842	-2.2466862895095265e-006	-1	
15.384512698541917	23.752583519430523	1.2316587978327561e-006	-1	
11.917955782552516	22.719170145912202	-5.4834567011388266e-006	-1	
12.984646861351564	22.900351605546501	-2.8315414122413652e-006	-1	
10.646476518771287	22.168788126475015	-7.8824353454190635e-006	-1	
16.406440200717228	24.643153757755272	2.8013957045447367e-006	-1	
17.238815480910525	25.368536576085763	4.1444863665209606e-006	-1	
18.502857766324745	26.173413946711008	5.7481091504149128e-006	-1	
19.233071081140181	26.630113414713456	6.5178571319256168e-006	-1	
4.2939094969898708	26.864875000000001	-4.3511760063651873e-005	-1	
3.8917831171552342	25.696279243162465	-3.8647077843699407e-005	-1	
5.1221905073245404	29.948410468610856	8.6271434488717379e-007	-1	
5.0789258424397214	30.024589531389143	4.8318014795911884e-006	-1	
5	29.81759375	-7.1638102552558391e-006	-1	
5.0358669721487956	29.934148437499999	-5.786777495269478e-007	-1	
5	29.895296875	-3.3546671910230083e-006	-1	
5	30.104703125	1.0246188871462268e-005	-1	
5.0356293680449875	30.065089531389145	7.4723458844662709e-006	-1	
6.5271943302421782	22.588579755673738	-3.8034904071608994e-005	-1	
5.7154528152459392	23.135125000000002	-5.2391260829408216e-005	-1	
9.3465019693759466	22.166957909149012	-1.3215450495049974e-005	-1	
8.7589714495958386	20.930496424599347	-6.337033255735148e-006	-1	
7.0022512813467204	21.633919207302565	-2.2860566229229016e-005	-1	
5	23.75675	-6.6382950053696672e-005	-1	
3.8710394690503289	24.378374999999998	-3.8535557399628274e-005	-1	
3.2955515679831069	26.778790032036834	-2.4606719047026183e-005	-1	
0.74118089366594586	26.850688250599919	-1.1407075846290928e-006	-1	
2.3918387508263561	25.863970021451266	-1.3646357207309153e-005	-1	
4.8570781250000001	29.919446353579062	-4.9553944369041994e-007	-1	
4.8957187500000003	30	3.3511273643077082e-006	-1	
4.9202614487334291	29.858382892807573	-3.9000669303533553e-006	-1	
4.9432035256052655	30.056796474394734	6.6578725955989879e-006	-1	
0	28.108125000000001	0	-1	
0.5920739660097234	27.7973125	-6.0932363827474977e-007	-1	
0	30.027000000000001	0	-1	
0.026999999999999996	30	2.7060999389511473e-010	-1	
0.05679647439473437	29.943203525605266	9.4158786506121152e-010	-1	
0	29.81759375	0	-1	
0	29.895296875	0	-1	
20	26.238187499999999	6.1277682766027602e-006	-1	
14.694072412223763	22.895574926306143	3.2778586657651957e-007	-1	
15.748927067280484	22.752369371290754	1.7948262987762731e-006	-1	
16.464432432175041	23.540581428474098	2.471976960854093e-006	-1	
11.789795171251564	21.33962139967074	-2.0120072275863179e-006	-1	
12.595552522321492	21.960493688839879	-2.1184852996920313e-006	-1	
13.627594684475108	21.864616573406067	-2.7726604984983547e-007	-1	
10.453222457749796	20.883257089638569	-2.3078612572476914e-006	-1	
17.567245787563404	24.151397616744038	3.5571203031766312e-006	-1	
18.351610746810064	25.015930028885407	4.5559748376341644e-006	-1	
19.270298922824953	25.769648437499999	5.5614544879481126e-006	-1	
2.7274118542790395	24.344454600892956	-1.8269535257725039e-005	-1	
5.0432964743947339	29.986499999999999	2.595335999798333e-006	-1	
5.0279622616952429	30.013500000000004	4.372347710381253e-006	-1	
5	29.972999999999999	1.2625646449292782e-006	-1	
4.9432035256052655	29.943203525605266	1.3143017061367531e-007	-1	
5	30.027000000000001	5.6135233944007496e-006	-1	
5.5455979358279839	22.2026875	-4.6431681104812019e-005	-1	
5.9388729959148927	21.713181376596371	-3.4509280213017081e-005	-1	
5	22.513499999999997	-5.80201053871925e-005	-1	
7.9869574192673953	20.058574895051599	1.1997614570644939e-006	-1	
9.562621216624688	19.441193477066413	6.2057107829980675e-006	-1	
6.1530867928655697	20.988957548820732	-1.9938258581822026e-005	-1	
6.9137754720783047	20.510828501936366	-7.4336115604620055e-006	-1	
4.2588191063340641	23.149311749400074	-4.3427827137359225e-005	-1	
3.1437446113516185	23.278761516496047	-2.2602761873679919e-005	-1	
0	26.24325	0	-1	
0	27.486499999999999	0	-1	
1.128960530949654	25.621625000000002	-3.0170805275767152e-006	-1	
1.1321470098621931	24.33090247479101	-3.0366536079605642e-006	-1	
4.9729999999999999	30	3.4101682978799695e-006	-1	
0	30	0	-1	
0	29.972999999999999	0	-1	
20	25.301109374999999	5.1940474890100318e-006	-1	
15.162022453679121	21.48799806236574	2.0153319647558036e-006	-1	
16.480866475631576	21.802005612090511	2.7382900140348907e-006	-1	
17.724245405562684	22.342338039515759	3.3516364324112318e-006	-1	
12.652024512201383	20.221026045865862	2.4688895739746211e-006	-1	
11.356685876546516	19.289445537380352	5.6256791114217067e-006	-1	
13.835320271019889	20.629993749853348	2.1713330217993599e-006	-1	
18.82366719847024	23.799565130162438	4.0703347565668777e-006	-1	
19.232196200734098	24.8325703125	4.7337480166209385e-006	-1	
2.0322135677418807	23.43575549935337	-9.3701033798809108e-006	-1	
5	30	3.4085907362930528e-006	-1	
5	21.891874999999999	-5.0647515397688156e-005	-1	
5	21.270250000000001	-4.032900198452224e-005	-1	
5.4181221360386482	20.815133911943242	-2.4007574208315125e-005	-1	
4.4079260339902824	22.2026875	-3.9765524662281058e-005	-1	
7.0792931541613635	19.328918538564263	1.2137049157979805e-005	-1	
8.3179745591458349	18.294576315323869	1.9018040839472259e-005	-1	
9.8451296469213965	17.885694970872965	1.5153568268238225e-005	-1	
5.8998264305000188	20.277447259101386	-6.0297177533970971e-006	-1	
6.2121549916319641	19.742526370712611	6.5723557462552103e-006	-1	
3.7525802280500042	22.335645636340775	-2.8214930904140226e-005	-1	
2.204004899174334	22.086878626395848	-8.5126510234833616e-006	-1	
0	25	0	-1	
0	23.75675	0	-1	
0.70609050301012632	23.135125000000002	-1.0655636986117751e-006	-1	
20	24.36403125	4.5030680408092106e-006	-1	
14.876087650964921	19.934115386498792	3.6612541051429549e-006	-1	
16.456702543570728	20.446510720948819	3.5647405792942468e-006	-1	
17.502028061013725	21.152931757262891	3.5066918351709998e-006	-1	
18.847733562764585	22.638058709877971	3.779229318290686e-006	-1	
18.813957790065842	21.177005704378033	3.8330926058684281e-006	-1	
12.457498624159928	18.134475529327272	8.4093212481612853e-006	-1	
13.677865180411221	18.393682536113914	6.4953079417476135e-006	-1	
11.289758386960672	17.695310933293214	1.1971269800650281e-005	-1	
20	22.489874999999994	3.8831948663609311e-006	-1	
1.226105086391762	22.34068920170267	-2.751147261246894e-006	-1	
4.367984427543341	21.42996452146172	-2.9730166153722015e-005	-1	
5	20.648625000000003	-2.6019002005126821e-005	-1	
4.5790936452047948	20.813210672335643	-2.1808357893334508e-005	-1	
5.4520880826514846	20.353847404757868	-1.0878136703316171e-005	-1	
5.1687326833670459	20.440492430926788	-1.6848378063774153e-005	-1	
6.1399535671809291	19.127321980903307	2.0089904967013829e-005	-1	
6.7109350831478354	18.44161229873017	2.6868133457473474e-005	-1	
7.442246899674327	17.578893067998127	3.0628245661842579e-005	-1	
9.0277611513574207	16.532441351473317	2.5725290587793257e-005	-1	
10.164910809271037	16.769073271956561	1.858934421004129e-005	-1	
5.6188650779593656	19.920561662909847	3.4913962837478563e-006	-1	
5.4874432354570235	19.379946653862586	1.9738333739508211e-005	-1	
3.7441810600535175	21.240698119525668	-1.8098857081219915e-005	-1	
2.6700653410370556	21.190499512120812	-8.2569514092665233e-006	-1	
1.9561348173594828	21.107456207559689	-4.1722761367416304e-006	-1	
1.2520180586699641	21.251721841733357	-1.8977675524127044e-006	-1	
0	22.513499999999997	0	-1	
0.58142395713737938	22.2026875	-6.0489657165302627e-007	-1	
15.158326993527224	18.003050548386231	5.962600964683271e-006	-1	
16.374666317040244	18.683942423637813	4.8405419546836903e-006	-1	
18.079521889718141	20.089649701414455	4.0282771748839937e-006	-1	
20	20.615718749999996	4.003253577970692e-006	-1	
12.237080372193196	16.906510302546049	1.1527606470461156e-005	-1	
13.955961475290847	17.297775952031095	7.7774446394843556e-006	-1	
11.199432744312938	16.240993376295119	1.5711967672835019e-005	-1	
0.62850982936020017	21.429974481285672	-5.0952621774467068e-007	-1	
5	20.337812499999998	-1.6088330870028061e-005	-1	
4.8318669898180238	20.438569191319182	-1.6028186233404731e-005	-1	
4.1881723326448448	20.414443744522565	-8.704894060242029e-006	-1	
4.5607797658053801	20.168119897952874	-4.6643807682092767e-006	-1	
5.3913587162127969	20.081731800664649	-2.124327284031344e-006	-1	
5.2474635376909715	20.164470126451402	-5.9624947489861243e-006	-1	
5.0882600806634759	20.260109374999999	-1.1498596396699772e-005	-1	
5.886700245202519	18.682738200869526	3.0764680396775825e-005	-1	
5.4594976539764222	18.964322874834455	3.0154480504730561e-005	-1	
5.8957220005157671	18.171552307856324	3.8807956944139059e-005	-1	
6.3216756119322621	17.425852442168718	4.2764661139268602e-005	-1	
7.8279747339663892	16.438963416896293	3.4674999621017994e-005	-1	
6.6681324806281435	16.118040499391089	4.7364403804819032e-005	-1	
10.265107588824941	15.687993981562109	2.0177640349018433e-005	-1	
7.8066983932946847	14.85574226016783	3.7520955033888303e-005	-1	
9.5644685363072135	14.858610629402325	2.4705430675688266e-005	-1	
5.3400747713014773	19.923866636837552	3.7478951139894527e-006	-1	
5.3267657062068903	19.707220755459918	1.1498518518564254e-005	-1	
5.2462705432962817	19.32217519142457	2.4390561958985492e-005	-1	
5.1692333386859319	19.55790189424398	1.8293687854037363e-005	-1	
3.5823631137965006	20.621327084958541	-8.5350550677031225e-006	-1	
2.8091249999999999	20.563237698895289	-4.1544668107660577e-006	-1	
2.1908750000000001	20.535463132215849	-2.4789966447938956e-006	-1	
1.4212505261549087	20.627360614897619	-1.4437325701690227e-006	-1	
0.41396743766687372	20.818003830281171	-1.6996061010589287e-007	-1	
0.80898600396896092	20.418557539012031	-3.5792836837592967e-007	-1	
0	21.891874999999999	0	-1	
14.874372348281428	16.638329018127745	7.2323758482937951e-006	-1	
16.2594902946711	17.462816936697255	5.6491126358116956e-006	-1	
17.475726323961265	17.964096505359972	4.9657588899301805e-006	-1	
18.434481985599184	18.840282678238768	4.4995340179476502e-006	-1	
20	18.741562500000001	4.4945985693449698e-006	-1	
13.337644049199584	16.351186098475857	9.7216386501982934e-006	-1	
12.976723968276671	15.047123230262411	1.0844958481809531e-005	-1	
10.680236674070894	14.626673471518808	1.8387338036752543e-005	-1	
11.938598082913613	14.179288041297564	1.3386908446241594e-005	-1	
0	21.270250000000001	0	-1	
4.9129392657066653	20.260109374999999	-1.1348783820396535e-005	-1	
5	20.18240625	-9.755974959545328e-006	-1	
4.7858538018364039	20.208414967443257	-7.7045560815976945e-006	-1	
3.7365000000000004	20	6.0408546831874567e-007	-1	
4.3547500000000001	20	7.0297557944087579e-007	-1	
4.7411562499999995	20.088387524659982	-2.7554885630769591e-006	-1	
4.663875	20	7.5350227209695123e-007	-1	
5.2265874491376092	20.061684793350331	-1.7867954960747341e-006	-1	
5.0802348075920483	20.142792656389148	-6.5892283974071687e-006	-1	
5.1221905073245404	20.051589531389144	-1.8442632337737434e-006	-1	
5.4482927033160049	18.418937500000002	4.0852110088633611e-005	-1	
5	18.729749999999999	4.2289371444134593e-005	-1	
5	19.0405625	3.5600750740768256e-005	-1	
5.547387426434609	17.7973125	4.825561766386525e-005	-1	
5.6397759314729612	16.997180560671428	5.48194745392029e-005	-1	
5	15	7.0275647567107766e-005	-1	
6.175180792668753	14.378375	5.4642777788789378e-005	-1	
5	16.24325	6.78649737810123e-005	-1	
8.2837917653819044	13.654604353828699	3.0760799563722777e-005	-1	
7.0292441167786661	13.344023360980785	4.0810550597039171e-005	-1	
9.0534365755747839	12.729256183811328	2.1855537557253915e-005	-1	
10.562043637476581	13.493199259833192	1.6867171918313176e-005	-1	
5.178485075044593	19.968481803159019	2.2445854350858077e-006	-1	
5.1817639483216338	19.868735644376603	6.6486350342434042e-006	-1	
5.0892613913012452	19.739890625000001	1.2976449075996749e-005	-1	
5	19.351374999999997	2.7534015373750624e-005	-1	
5	19.662187499999998	1.7562906267008313e-005	-1	
3.1182500000000002	20	5.2049168904459677e-007	-1	
2.5	20	4.3923658541873625e-007	-1	
1.88175	20	2.6875971404811364e-007	-1	
1.2635000000000001	20	7.5362417737787535e-008	-1	
0	20.648625000000003	0	-1	
0.16962753446297643	20.443362349264714	-1.5467324622378491e-008	-1	
0.43637857080842213	20.167233856854846	-4.452434288035325e-008	-1	
0.64524999999999999	20	1.8739968737874538e-008	-1	
16.386861466914098	16.242903187505927	5.9600840954160705e-006	-1	
15.248344178468685	15.120392922064548	7.0230420187133755e-006	-1	
17.772068299499367	16.682420759144744	5.1702728491378694e-006	-1	
18.817588759951899	17.599257365156149	4.79229865636206e-006	-1	
20	16.867406250000002	4.7816244710617204e-006	-1	
13.420929908051745	13.769029199240039	9.1787360908607999e-006	-1	
11.559378007052691	12.688713624715904	1.1236703777973667e-005	-1	
4.918627139847116	20.1435546875	-6.5147093241822891e-006	-1	
5	20.104703125	-5.9768142901882353e-006	-1	
4.8582344105963893	20.079586932154509	-2.9819376898698821e-006	-1	
3.4725469429408911	19.257313456858867	1.0582236361715778e-005	-1	
4.1910139960310451	19.581442460987972	1.0116355018871063e-005	-1	
4.5636214291915778	19.832766143145157	6.1580260887741254e-006	-1	
4.8184374999999999	20	7.5236839789991683e-007	-1	
4.7411562499999995	19.913384557536084	4.1917878692694837e-006	-1	
5.0358669721487956	20.065851562500001	-3.2385633499617328e-006	-1	
5.0432964743947348	20.013499999999997	-9.4064868165661618e-008	-1	
5.0789258424397232	19.975410468610857	2.1053117717243343e-006	-1	
5	18.108125000000001	5.2415231090915737e-005	-1	
4.7102329023198157	18.885156249999998	3.2463078786987416e-005	-1	
4.6467499498178739	18.418937499999998	3.8899641795506308e-005	-1	
4.6029404828261224	19.195968749999999	2.3815456231234806e-005	-1	
5	17.486499999999999	5.9721078078150722e-005	-1	
5	13.756750000000002	6.7856598921724643e-005	-1	
3.8253121409049609	15.621625	3.8545092846255963e-005	-1	
3.858847191445709	14.340342367522871	3.9125904301283665e-005	-1	
5.7042275321613438	13.135125	5.4624601258588298e-005	-1	
4.2950340207767539	16.864874999999998	4.5509505537937474e-005	-1	
7.8892330239290214	12.42388352631442	2.6690314476798521e-005	-1	
6.6875170215085733	12.046899593913942	3.2768006865165299e-005	-1	
9.9437108223545341	11.919296842157634	1.3130375870310328e-005	-1	
9.1415645659947398	11.053172190514054	9.500286563407195e-006	-1	
5.0930158466674484	19.916954546270752	5.0855392877147753e-006	-1	
5.0813379781504802	19.857969374721709	8.0924350369655441e-006	-1	
5	19.81759375	1.1271000092408404e-005	-1	
4.830372465537029	19.556637650735286	1.7635153013390403e-005	-1	
4.9099502171446652	19.739890624999997	1.2797138193378527e-005	-1	
2.8091249999999999	19.396681063909423	5.5937559411651255e-006	-1	
2.1908750000000001	19.460759064072555	3.1756052398139286e-006	-1	
1.4176368862034985	19.378672915041459	1.5671615078859552e-006	-1	
0.81182766735515532	19.585556255477435	4.0857833223128008e-007	-1	
0	20.337812499999998	0	-1	
0.090049782855335006	20.260109374999999	-2.0921395195564088e-009	-1	
0.20924993779056533	20.212404456739961	-9.1341338461420046e-009	-1	
0.25884375000000004	20.086615442463913	-4.9751143546364457e-009	-1	
0.33612500000000001	20	5.7126365848176495e-009	-1	
0.43922023419461942	19.831880102047123	6.3254712539425369e-008	-1	
16.464558796569264	14.645964229037311	5.7154383395409735e-006	-1	
17.628972358821045	15.236219799187387	5.1733318445424221e-006	-1	
14.999208371907086	13.546028412030573	6.4839371110699102e-006	-1	
18.87859122029953	15.740305749942538	4.8441237346281324e-006	-1	
20	14.99325	4.5977350725674564e-006	-1	
13.993394665062088	12.309488462134761	5.9815683746123746e-006	-1	
12.503269985395555	11.822145153637106	6.8831049034957302e-006	-1	
11.207769690187099	11.456542949298413	7.6286295510426763e-006	-1	
4.9432035256052655	20.056796474394734	-2.475427935251298e-006	-1	
5	20.027000000000001	-1.3972749337224452e-006	-1	
4.8957187500000003	20	7.5530595090481677e-007	-1	
3.0170729467795336	18.737856727355535	1.1717849890703043e-005	-1	
4.1581761204317509	18.868511259505272	2.368633065760157e-005	-1	
4.790750062209435	19.787595543260039	9.3964148947081818e-006	-1	
4.8570781250000001	19.919446353579062	4.5259475104845307e-006	-1	
5.0279622616952429	19.986499999999999	1.6761013345926074e-006	-1	
5	20	7.3459714269180265e-007	-1	
5.0356293680449893	19.934910468610852	4.7409499467191e-006	-1	
4.4131652236019985	17.7973125	4.0902219691519048e-005	-1	
5	12.513500000000001	5.9498935581493481e-005	-1	
4.2950362340906834	13.135125	4.5343015065854837e-005	-1	
3.4167618306135172	16.486342171315059	2.8505492881454687e-005	-1	
2.5213891291711601	15.534436284038497	1.6055416356098705e-005	-1	
3.4432368532080582	13.451993934101598	2.8611362754148674e-005	-1	
2.6045947129856661	13.802204538329844	1.6607654193788915e-005	-1	
5.59058613885413	12.2026875	4.7270835886694666e-005	-1	
3.5059244442645157	17.438549696350055	2.6729992286274095e-005	-1	
7.9665328175135839	11.166798414767355	1.438633526682576e-005	-1	
6.4199769650010614	11.030326853536421	2.013034852121831e-005	-1	
5.8896183154220472	11.362534579363844	3.1055602863954064e-005	-1	
10.372122647530523	10.401232565192473	3.1743639662250583e-006	-1	
8.8755095277448675	9.9030307881645019	-3.6843720357661773e-007	-1	
5	19.895296875	7.5059737898242591e-006	-1	
4.9202614487334291	19.858382892807573	7.958260110802906e-006	-1	
2.3299346589629382	18.809500487879191	6.8141635684181182e-006	-1	
1.2558189399464832	18.759301880474336	1.9134337479776936e-006	-1	
0.42090635479520577	19.186789327664357	1.8109112638130673e-007	-1	
0	20.18240625	0	-1	
0.079738551266571256	20.141617107192424	-8.2254804875297448e-010	-1	
0.14292187500000003	20.080553646420938	-1.1070457705917954e-009	-1	
0.18156250000000002	20	1.7621448851489018e-009	-1	
0.25884375000000004	19.911612475340018	1.2103825341256905e-008	-1	
0.16813301018197632	19.561430808680814	1.7192362582796876e-008	-1	
0.21414619816359637	19.791585032556739	1.3875983454174187e-008	-1	
16.128264501319794	13.384549654430007	5.2398886022101755e-006	-1	
17.549559034520374	13.681166686745808	4.5803540673553368e-006	-1	
18.741230246596402	14.39986481218555	4.5070349050536613e-006	-1	
15.39727281878192	12.509053056731831	4.8776099379355187e-006	-1	
20	13.119093749999999	3.7364416146892302e-006	-1	
14.846165102418846	11.544660254846729	3.8631244491872006e-006	-1	
14.028810002327976	10.742095462541146	2.6603649084291922e-006	-1	
12.174014074130186	10.510769408583656	2.8085010392815262e-006	-1	
13.175321681573433	10.033817366120857	1.1276049800074652e-006	-1	
4.9729999999999999	20	7.5373153380112092e-007	-1	
4.9432035256052655	19.943203525605266	3.9884032863432534e-006	-1	
2.5586177938692045	17.671802115613968	1.2774881631668346e-005	-1	
5	19.972999999999999	2.924268595240749e-006	-1	
5	11.891875000000001	5.2080269527668382e-005	-1	
4.4131542279095504	12.2026875	4.1158431964258228e-005	-1	
3.5465103738504489	12.549052802795226	2.6861648021261437e-005	-1	
1.9085818606116201	16.688682507476354	8.325994611086319e-006	-1	
1.1125409687323833	15.641659737334669	3.0183241269624848e-006	-1	
1.1739406727952464	14.378375	3.3347373872655798e-006	-1	
2.6673591870357276	12.235789840603541	1.3471426433365817e-005	-1	
1.735214877167931	13.241348788735884	6.8037141746499679e-006	-1	
5.3477307149124753	11.5810625	4.1735596093646041e-005	-1	
6.803693855204374	10.13807831692675	2.7490105491775033e-006	-1	
6.1491407913891836	10.466154860837401	1.0654686704062286e-005	-1	
5.8464812062150644	10.779837562473551	1.9637840921756493e-005	-1	
5.3604247055469516	11.11484375	3.2747557222144365e-005	-1	
10.032003953428319	8.8609809250795362	-7.0364815413311917e-006	-1	
11.483963521751233	9.3480372661797428	-2.1717893633897581e-006	-1	
8.7605486403036164	8.3505710404895375	-1.4765118686740085e-005	-1	
7.4243209134496091	8.6532463211894708	-1.795251107324148e-005	-1	
1.2474197719500082	17.664354363659225	3.0426815313740469e-006	-1	
0.63201557245665929	18.570035478538276	5.2866977828809695e-007	-1	
0	18.729749999999999	0	-1	
0	19.351374999999997	0	-1	
0	20.104703125	0	-1	
0.05679647439473437	20.056796474394734	-8.8600644308803615e-011	-1	
0.10428125000000001	20	5.8561844401928452e-010	-1	
0.14176558940361073	19.920413067845487	3.1898472124712566e-009	-1	
0	19.662187499999998	0	-1	
0.087060734293334816	19.739890625000001	2.6352913672379319e-009	-1	
0.081372860152884072	19.8564453125	1.5501136925689989e-009	-1	
16.860443274432711	12.417127079640252	3.9083295385277792e-006	-1	
18.861200322053726	13.258815296189473	3.904194233755248e-006	-1	
18.070260431525657	12.325832827830434	3.4085209826838027e-006	-1	
15.991376886982055	11.570536382660043	3.3272224118696498e-006	-1	
19.25729284292019	12.182015625	3.0947786787518747e-006	-1	
20	11.244937499999997	2.3129263139870237e-006	-1	
15.439656213712052	10.633271498765996	2.1293583943204249e-006	-1	
14.15626678832135	9.7201339340523205	3.7490112635528533e-007	-1	
13.45949429295468	8.9617417612897814	-1.7504690164720339e-006	-1	
5	11.270250000000001	4.176536265783439e-005	-1	
4.6467665772228628	11.5810625	3.8594496534988395e-005	-1	
4.0308480007120639	11.751269902524168	2.8910758668858577e-005	-1	
3.4751106851087092	11.959792488963569	2.1765665070343648e-005	-1	
0.74118089366594586	16.850688250599919	1.2137254309563875e-006	-1	
0	15	0	-1	
0	16.24325	0	-1	
0	13.756750000000002	0	-1	
0.70609050301013687	13.135125	1.0920435533136349e-006	-1	
2.9787254295048315	11.205258700725613	1.1273579919776685e-005	-1	
1.2261050863916392	12.340689201702695	2.8953301558040111e-006	-1	
2.3378431765146059	11.210917865175549	7.0200587755388205e-006	-1	
6.0684385989850105	9.3620537158567352	-1.4590752334124604e-005	-1	
6.0786740368025827	10.035998960841189	9.1744802152746237e-007	-1	
5.7330521197392512	10.336270762010345	9.3482658063911249e-006	-1	
5.5010515502045125	10.479344606016442	1.5081477526577573e-005	-1	
5.305339469103652	10.726227374079405	2.4164026406697349e-005	-1	
5	10.9594375	3.4954947651675242e-005	-1	
9.7657291639424457	7.6854513084869813	-1.442250476562349e-005	-1	
11.78391426035388	7.8462250203040762	-7.4680713903873036e-006	-1	
8.0045052237577199	7.2079795930080577	-2.7976139963353056e-005	-1	
9.0719535857531657	6.757542216711272	-2.2794010023924777e-005	-1	
6.4675509396233766	7.4593384559848657	-3.9683315413183865e-005	-1	
5.938872995914882	8.286818623403656	-3.5258371702896015e-005	-1	
0.5920739660097234	17.7973125	6.6707689385902648e-007	-1	
0	18.108125000000001	0	-1	
0	20.027000000000001	0	-1	
0.026999999999999996	20	3.9061453071027425e-011	-1	
0.05679647439473437	19.943203525605266	4.3268476962128988e-010	-1	
0	19.81759375	0	-1	
0	19.895296875	0	-1	
17.078845112299494	11.323562271339394	2.7038525966954035e-006	-1	
18.182855425032724	11.053991903198469	2.2334082174432881e-006	-1	
16.226449675516836	9.9865019436098983	1.1038595062577528e-006	-1	
20	9.3707812500000003	6.7023924557239597e-007	-1	
18.628573386069547	9.8575001692777029	1.0794386365291565e-006	-1	
15.30427010250491	9.5541367690928958	3.1447386175321649e-007	-1	
14.406804252012272	8.0599482362490136	-2.8157055804076078e-006	-1	
13.228086469860981	7.4931571721208874	-5.5904487886408196e-006	-1	
4.7101569414081164	11.11484375	3.1776665986598892e-005	-1	
4.1609345961323836	11.174196790729157	2.3168721835432663e-005	-1	
3.5746883371628448	11.37463445541982	1.834104451191582e-005	-1	
0	17.486499999999999	0	-1	
0	12.513500000000001	0	-1	
0.58142395713731709	12.202687500000001	6.3417387584615277e-007	-1	
2.8091249999999999	10.587199008906227	5.3669208898322269e-006	-1	
3.4475442622121633	10.768256423341349	1.0204212147828773e-005	-1	
1.2520180586699532	11.251721841733406	1.9208809038105258e-006	-1	
0.6285098293601874	11.429974481285653	5.2124496033272991e-007	-1	
2.1908750000000001	10.537703115432452	3.1138526960405537e-006	-1	
1.4212505261549282	10.627360614897645	1.5709513451037191e-006	-1	
5.4181221360386305	9.1848660880567579	-2.4788892519086676e-005	-1	
5.4554182373640714	9.6422554176049697	-1.1633767393377442e-005	-1	
5.6236412899593731	10.086623692269878	2.3437797162833584e-006	-1	
5.4717398603534333	10.258744687701098	8.4580502755399103e-006	-1	
5.2492052860706062	10.260109374999999	1.0326229255365508e-005	-1	
5.1692333386859302	10.442098105756035	1.7589829756837204e-005	-1	
5	10.648624999999999	2.679420538857287e-005	-1	
4.5790936452047974	10.813210672335627	2.2816364015824153e-005	-1	
10.21475587090187	6.5669044120900715	-1.7121643046549888e-005	-1	
11.371979550575878	6.7494953810477636	-1.1979743998050893e-005	-1	
12.427219162277741	6.2405990569910141	-9.5320880626930981e-006	-1	
6.6220661508319223	6.4908520177719868	-4.5158629676811652e-005	-1	
7.7888420162540584	5.3279173382317211	-3.7143718691290914e-005	-1	
9.3955156521973553	5.1765208163390923	-2.4092013084394702e-005	-1	
5.5455979358279954	7.7973125000000021	-4.746560692167893e-005	-1	
5.7154528152459338	6.8648750000000014	-5.4028345013637964e-005	-1	
5	8.1081250000000011	-5.1470075578780634e-005	-1	
5	8.729750000000001	-4.1085283763933822e-005	-1	
0	20	0	-1	
0	19.972999999999999	0	-1	
17.218489329850783	10.217179496147114	1.4153917255351689e-006	-1	
16.189739575075116	8.8651718080391557	-4.0741809684892644e-007	-1	
17.507003221297825	8.9302533686504226	5.3830512508788403e-008	-1	
20	7.4966249999999999	-7.9335218195314359e-007	-1	
18.591290099563409	8.294655753298164	-3.1948806730572716e-007	-1	
15.698773161461538	7.8563701005084017	-1.9727563616925117e-006	-1	
14.296187668833495	6.780944080301242	-4.814097297864293e-006	-1	
15.543940891674405	6.7820804184015149	-3.2968246642083096e-006	-1	
4.1881723326448261	10.414443744522536	9.3149234966508e-006	-1	
0	11.891875000000001	0	-1	
3.1182500000000002	10	1.4007093582818153e-007	-1	
2.5	10	2.6362102939422216e-007	-1	
3.7365000000000004	10	6.2760543880340518e-008	-1	
0.41396743766683997	10.818003830281176	1.7530435081296755e-007	-1	
0.8089860039689567	10.418557539012033	4.017564391712651e-007	-1	
0	11.270250000000001	0	-1	
1.8817499999999998	10	1.7990630625849007e-007	-1	
1.2634999999999998	10	4.7023616050620232e-008	-1	
5	9.3513750000000009	-2.6751110836496978e-005	-1	
5.1687326833670451	9.5595075690732045	-1.7585601559575358e-005	-1	
5.3941638326398698	9.9194702626950715	-3.0295343263777256e-006	-1	
5.2474635376909537	9.835529873548607	-6.7923042217984507e-006	-1	
5.3398285814723545	10.079516024740562	2.8730990366653333e-006	-1	
5.1804428011677537	10.131002795262528	5.7776018268601332e-006	-1	
5.0892613913012541	10.260109374999999	1.2280542168920059e-005	-1	
5	10.337812499999998	1.685429313080682e-005	-1	
4.83186698981803	10.438569191319182	1.6825027299044392e-005	-1	
4.5607797658053606	10.168119897952883	5.3897111837999801e-006	-1	
11.274700016116178	4.9508023487321928	-1.4445083518624757e-005	-1	
12.569385716832745	4.5167473807525322	-9.9196272523148667e-006	-1	
14.106305450931533	5.5112856999758684	-6.267616966876828e-006	-1	
6.1678797099595517	5.6216250000000016	-5.3798254314002598e-005	-1	
7.0499324567569772	3.3286881767285958	-3.990217962523891e-005	-1	
6.1413841982040971	4.3400874595772319	-5.3928245296196078e-005	-1	
8.5059521728509289	4.3371511363949482	-3.014582940679371e-005	-1	
9.6002461186922652	4.0684833329461414	-2.2087153299409195e-005	-1	
5	7.4865000000000013	-5.8985449525434087e-005	-1	
5	6.2432500000000024	-6.7439209685029637e-005	-1	
4.4185760428626759	7.7973125000000021	-4.0653986110834677e-005	-1	
4.3714901706398113	8.5700255187143455	-3.0443660083961123e-005	-1	
4.5860325623331599	9.1819961697188219	-2.2737287279644927e-005	-1	
17.561943675656028	7.5734704077665933	-1.2047066458604912e-006	-1	
20	5.6224687499999986	-1.6457754286963943e-006	-1	
18.765682523007328	7.0499671795313121	-1.1834714756898818e-006	-1	
16.623033408937857	6.898830973152986	-2.2901085759259355e-006	-1	
15.08153774370026	5.8566042042356585	-4.5421379108902822e-006	-1	
16.116097094387808	5.8597417427810399	-3.3218813097055181e-006	-1	
4.3547500000000001	10	-8.0474043657214145e-009	-1	
2.8091249999999999	9.4250793156468706	-4.5903885371650024e-006	-1	
3.5787494738450789	9.3726393851023566	-9.0914182644840184e-006	-1	
2.1994419902853988	9.4678291588024752	-2.6400781187586357e-006	-1	
4.191013996031046	9.5814424609879687	-9.4153991915420475e-006	-1	
0	10.648624999999999	0	-1	
0.16962753446297713	10.44336234926473	1.7248596074556281e-008	-1	
0.43637857080841924	10.167233856854844	6.0304985915096804e-008	-1	
0.64524999999999999	10	1.0268434453357902e-008	-1	
1.4176368862035189	9.3786729150414541	-1.4680316968871607e-006	-1	
0.81182766735517808	9.5855562554774671	-3.7428010547621071e-007	-1	
5	9.6621875000000017	-1.6831344228186234e-005	-1	
4.8303724655370228	9.5566376507352686	-1.683602895357004e-005	-1	
5.088260080663483	9.739890625000001	-1.2271053873084901e-005	-1	
5.2261457757439667	9.93782504477179	-2.6732539895857696e-006	-1	
5.0802348075920483	9.8572073436108578	-7.3847646615850199e-006	-1	
5.1794256239456447	10.031291490333555	1.3694019665546064e-006	-1	
5.0930158466674396	10.083045453729241	4.2722263980057266e-006	-1	
5.0813379781504873	10.142030625278284	7.3047519200370238e-006	-1	
5	10.18240625	1.052249299903483e-005	-1	
4.9129392657066662	10.260109374999999	1.2114442512965137e-005	-1	
4.7858538018364003	10.20841496744324	8.4616936661336791e-006	-1	
4.7411562499999995	10.088387524659993	3.5004066762473095e-006	-1	
4.663875	10	-1.5874638994642509e-008	-1	
11.434554957881083	3.7572910440188356	-1.2755136489707664e-005	-1	
13.555457710428389	3.7654920397031404	-7.0387227121884727e-006	-1	
12.476914176201666	3.1543730588273577	-8.7237903464885107e-006	-1	
14.824781703289064	4.3247850062881303	-5.1305068294602061e-006	-1	
5	5.0000000000000009	-6.9904165404000203e-005	-1	
7.9285146959711934	2.6348147526732784	-2.7385847097125954e-005	-1	
5.7042275321613429	3.1351250000000008	-5.4079832194700217e-005	-1	
6.5414111516536133	2.0678176323338988	-3.4008828417845637e-005	-1	
5	3.7567500000000007	-6.7424722583088874e-005	-1	
8.9056421341880494	3.1812477761598528	-2.3617332008531566e-005	-1	
10.350582579603502	2.7655401620113285	-1.4563139977772814e-005	-1	
4.2939094969898637	6.8648750000000014	-4.4942633971664673e-005	-1	
3.891783117155228	5.6962792431624596	-3.9590947613990883e-005	-1	
3.7738949136083479	7.659310798297307	-2.9001281067832293e-005	-1	
3.7479819413300453	8.7482781582665989	-1.8799118454835263e-005	-1	
17.647349869757193	6.3626718141534351	-1.9455766904821739e-006	-1	
20	3.7483124999999999	-1.7358090065380614e-006	-1	
18.603465181661338	5.2926589608775325	-1.9295325503472323e-006	-1	
15.601248876869173	5.0564338418879418	-4.0878807320763306e-006	-1	
17.169241139019892	5.2469928756235289	-2.6312277272575046e-006	-1	
16.293521277767649	4.399828028881652	-3.3624552390657238e-006	-1	
4.5636214291915804	9.8327661431451574	-5.4253867852975572e-006	-1	
2.6621568234854025	8.7890821348244685	-8.7610461954382129e-006	-1	
1.9561723914115441	8.907150263454847	-4.1819870443462975e-006	-1	
0	10.337812499999998	0	-1	
0.090049782855347774	10.260109374999999	2.7184720253181745e-009	-1	
0.20924993779054063	10.212404456739964	1.2851049239476418e-008	-1	
0.25884374999999998	10.086615442463915	1.1065345296937191e-008	-1	
0.33612500000000001	10	3.9564368920596736e-009	-1	
0.43922023419464218	9.8318801020471156	-4.866427820912916e-008	-1	
1.2558189399465214	8.7593018804743163	-1.9469448236190223e-006	-1	
0.42090635479520255	9.1867893276643713	-1.8017935254779044e-007	-1	
4.9099502171446527	9.739890625000001	-1.2048220965806601e-005	-1	
5	9.8175937500000003	-1.052833794654961e-005	-1	
4.7907500622094563	9.7875955432600374	-8.6424705001571246e-006	-1	
5.1221905073245351	9.9484104686108523	-2.6684107832075442e-006	-1	
5.035866972148793	9.9341484374999993	-4.0331129582045866e-006	-1	
5	9.8952968749999997	-6.7605407933121299e-006	-1	
5.0789258424397206	10.02458953138914	1.2941079176302381e-006	-1	
5.0356293680449857	10.065089531389143	3.9485310694566519e-006	-1	
5	10.104703125	6.7310076251368928e-006	-1	
4.9186271398471124	10.1435546875	7.2710415655726208e-006	-1	
4.8582344105963982	10.079586932154509	3.7310933646079844e-006	-1	
4.8184374999999999	10	-7.092300289908823e-009	-1	
4.7411562499999995	9.9133845575360855	-3.4479209221110625e-006	-1	
11.487928005482098	2.5543055267847246	-9.8421786090443398e-006	-1	
13.549798863645623	2.5258588110979954	-5.4787183566720341e-006	-1	
15.540470818191174	3.1366010507770974	-3.5499215347509981e-006	-1	
12.768775796246917	1.5583286150102249	-4.4908700288118216e-006	-1	
3.8290930456871299	4.3740855320438943	-3.8277744627418691e-005	-1	
8.0597214395091825	1.5229910840445373	-1.6903813176220242e-005	-1	
5.5905861388541318	2.2026875000000001	-4.6981115911428828e-005	-1	
5	2.5135000000000005	-5.9202362918725122e-005	-1	
7.4021941590757239	0.8573015527165041	-1.2332063807494498e-005	-1	
6.5008241491522911	1.1083329886853601	-2.0936293531648472e-005	-1	
5.8896183154221342	1.362534579363865	-3.08706247640695e-005	-1	
4.2950362340906842	3.1351250000000008	-4.5105101250389999e-005	-1	
9.6089123307359721	1.4576445418629771	-1.0436930114660804e-005	-1	
11.150023070385426	1.4479624770376769	-6.5779545825756607e-006	-1	
3.2955515679831469	6.778790032036861	-2.5460227300617679e-005	-1	
2.388619858050725	5.8558889703946493	-1.4038146215300249e-005	-1	
2.3646235309837627	7.1496028770790296	-1.2292412673492838e-005	-1	
18.76713274846216	3.4937533445057283	-1.8458575039780332e-006	-1	
20	1.87415625	-1.0684969567889142e-006	-1	
17.588877706280769	3.9370106954143744	-2.3584395696987895e-006	-1	
16.755741207385572	3.0478276990408237	-2.5371669714981987e-006	-1	
1.7379636818177739	8.2080974522086922	-4.6977997770251091e-006	-1	
0	10.18240625	0	-1	
0.07973855126656744	10.141617107192419	1.3887350007667664e-009	-1	
0.14292187499999998	10.080553646420944	2.9665431105354902e-009	-1	
0.18156249999999999	10	1.2575468546016795e-009	-1	
0.25884374999999998	9.9116124753400037	-6.2739041599827677e-009	-1	
0.16813301018197008	9.561430808680818	-1.5984419351673648e-008	-1	
0.21414619816360198	9.7915850325567639	-1.0307948876679028e-008	-1	
0.63201557245667517	8.5700354785382835	-5.2873327427107226e-007	-1	
1.2474197719499922	7.6643543636591822	-2.915351865142334e-006	-1	
0	8.729750000000001	0	-1	
0	9.3513750000000009	0	-1	
4.9202614487334317	9.8583828928075814	-7.2129637026617683e-006	-1	
4.8570781250000001	9.9194463535790582	-3.7808084351914109e-006	-1	
5.0432964743947313	9.9864999999999995	-8.9299164776144138e-007	-1	
5	9.9730000000000008	-2.1841863222176243e-006	-1	
4.9432035256052682	9.9432035256052682	-3.2473184271204471e-006	-1	
5.027962261695242	10.013500000000001	8.8205596356073096e-007	-1	
5	10.026999999999999	2.1387129084564908e-006	-1	
4.9432035256052682	10.05679647439473	3.2206532963482787e-006	-1	
4.8957187500000003	10	-1.2084349474369679e-008	-1	
14.773249437405948	2.0877062311704662	-3.3333628709880473e-006	-1	
13.49693411283485	0.62687233355452765	-1.6019310705357523e-006	-1	
16.041965541748777	1.6391953210293	-1.8622441432479338e-006	-1	
12.324403855785715	0.47522097489350063	-1.6231264283254793e-006	-1	
3.443236853208032	3.4519939341016501	-2.8450789637735109e-005	-1	
2.6045947129855898	3.8022045383298901	-1.6561884748696035e-005	-1	
8.2971200301671928	0.6309259995502926	-7.0475729228921323e-006	-1	
5.3477307149124753	1.5810625000000003	-4.1517293706568996e-005	-1	
5	1.8918750000000002	-5.1848804645506789e-005	-1	
4.4131542279095521	2.2026875000000006	-4.0948440373430533e-005	-1	
7.9881761656464922	-0.23895439130534007	2.5575200704405332e-006	-1	
6.8036938552041093	0.13807831692698824	-2.3618723410485533e-006	-1	
6.1491407913890237	0.46615486083742141	-1.0479876073073477e-005	-1	
5.8464812062150084	0.77983756247350777	-1.9447179749434143e-005	-1	
5.3604247055469685	1.1148437499999999	-3.2551980337657943e-005	-1	
3.5465103738504169	2.5490528027952322	-2.6715710239862373e-005	-1	
10.327453970986916	0.54848258693571106	-3.2570047478857829e-006	-1	
9.5375649152831752	-0.29942827438235065	2.2708556031544629e-006	-1	
11.297051858733496	-0.086149184360889183	3.9652902046324577e-007	-1	
1.1125409687324308	5.6416597373347006	-3.0119066489907963e-006	-1	
0.74118089366588347	6.850688250599946	-1.184399161086371e-006	-1	
1.1739406727952479	4.378375000000001	-3.3057852902508611e-006	-1	
17.886608953784542	2.5940645813398486	-1.7487960244597806e-006	-1	
20	0	8.234132980888428e-010	-1	
18.066896483883909	1.2164715171099092	-8.7224608682545678e-007	-1	
18.693610282189898	-0.023486570543316265	1.2697692756980294e-008	-1	
0	10.104703125	0	-1	
0.056796474394731518	10.05679647439473	3.8388870771247808e-010	-1	
0.10428124999999999	10	4.0955416070756535e-010	-1	
0.1417655894036009	9.9204130678454927	-1.4229790204372505e-009	-1	
0	9.6621875000000017	0	-1	
0.087060734293333705	9.739890625000001	-2.1204850812744467e-009	-1	
0.081372860152888027	9.8564453125	-9.9731806232713955e-010	-1	
0	8.1081250000000011	0	-1	
0.59207396600971984	7.7973125000000021	-6.4207092971043063e-007	-1	
5	10	-5.2172811022380056e-008	-1	
4.9729999999999999	10	-2.5972804810209081e-008	-1	
14.710792750725714	0.78966611159767663	-1.3155261943736564e-006	-1	
13.029715311255604	-0.45919024739111025	1.2251904871671766e-006	-1	
14.244198242809906	-0.33812594444275756	6.4361206935246419e-007	-1	
15.90879944958091	0.38015284413353334	-5.1195951433814828e-007	-1	
17.387313141546244	0.0046824575203567864	-5.2296177363807964e-009	-1	
2.6673591870356663	2.2357898406035299	-1.339632782881835e-005	-1	
1.7352148771679117	3.2413487887358752	-6.77721544144591e-006	-1	
5	1.2702500000000001	-4.1570350982392262e-005	-1	
4.6467665772228619	1.5810625000000003	-3.8400468699946074e-005	-1	
4.0308480007120826	1.7512699025241663	-2.8748945882472336e-005	-1	
8.7222475632748218	-1.3099841616225121	1.2077913015692463e-005	-1	
7.4243209134492592	-1.3467536788107632	1.8538356945887958e-005	-1	
6.0786740368025276	0.035998960841306438	-6.7091592743946957e-007	-1	
6.0684385989852023	-0.63794628414332044	1.487192884732564e-005	-1	
5.7330521197392104	0.33627076201037204	-9.1470609305172936e-006	-1	
5.3053394691036448	0.72622737407939575	-2.3973034481584437e-005	-1	
5.5010515502045081	0.47934460601644746	-1.4886367805453711e-005	-1	
5	0.95943750000000017	-3.4767853287013178e-005	-1	
3.4751106851087656	1.959792488963592	-2.1639100636275447e-005	-1	
10.510383309966027	-0.96062823811213061	5.27236539352504e-006	-1	
12.147756820062039	-1.6410071660375269	5.689723480845773e-006	-1	
0	5.0000000000000009	0	-1	
0	6.2432500000000024	0	-1	
0	7.4865000000000013	0	-1	
0	3.7567500000000007	0	-1	
0.70609050301013554	3.1351250000000008	-1.0870928337484708e-006	-1	
20	-1.87415625	1.0767382496441755e-006	-1	
18.01477196254617	-1.2007263012527831	8.5536466672840084e-007	-1	
0	10.026999999999999	0	-1	
0.026999999999999996	10	2.7183654406586199e-011	-1	
0.056796474394731518	9.9432035256052682	-1.4558789022556481e-010	-1	
0	9.8175937500000003	0	-1	
0	9.8952968749999997	0	-1	
13.730311304116212	-1.3351643736968488	2.8909896608783267e-006	-1	
15.048576109905216	-1.6952294365765235	2.509889124084388e-006	-1	
16.134502714860336	-0.8656317290464739	1.0011786927071557e-006	-1	
2.9787254295048098	1.2052587007256139	-1.1185451619617639e-005	-1	
1.2261050863916683	2.3406892017026788	-2.8812620308557764e-006	-1	
2.3378431765145842	1.2109178651755252	-6.9656290872610454e-006	-1	
4.7101569414081208	1.1148437500000001	-3.1596122657572494e-005	-1	
4.1609345961323969	1.1741967907291624	-2.301331040143899e-005	-1	
3.5746883371628413	1.3746344554198613	-1.821604282926031e-005	-1	
9.4027881444432371	-2.5543839149272842	1.7780339116939878e-005	-1	
8.004505223757576	-2.7920204069919499	2.8038864839230336e-005	-1	
6.4675509396233686	-2.5406615440151352	3.9879719585083044e-005	-1	
5.9388729959148838	-1.7131813765963471	3.5491274577584637e-005	-1	
5.6236412899593828	0.086623692269927055	-2.1330909410547391e-006	-1	
5.4554182373640918	-0.35774458239505458	1.1846777138812715e-005	-1	
5.4181221360386322	-0.81513391194324225	2.5000169124287059e-005	-1	
5.4717398603534466	0.25874468770108955	-8.2591651048146908e-006	-1	
5.1692333386859302	0.44209810575603165	-1.7401735281282463e-005	-1	
5	0.64862500000000012	-2.6610497075388504e-005	-1	
5.2492052860706089	0.26010937500000003	-1.0134343081491837e-005	-1	
4.5790936452048001	0.8132106723356326	-2.2646889797963571e-005	-1	
10.750406502106408	-2.1121272126250599	1.0483847316700049e-005	-1	
12.093781022382625	-3.1146518391701696	9.5296988754491704e-006	-1	
13.904878757652217	-2.4431768372257561	4.7811582074831313e-006	-1	
0	2.5135000000000005	0	-1	
0.58142395713733075	2.2026875000000006	-6.3103285842539588e-007	-1	
19.119229278519402	-2.8112343749999993	1.553526638774407e-006	-1	
20	-3.7483124999999999	1.6987107167658887e-006	-1	
17.859844901441488	-2.5508049854468133	1.7416461854031899e-006	-1	
16.374152825169517	-2.3048556970878202	2.2605742757681775e-006	-1	
0	10	0	-1	
0	9.9730000000000008	0	-1	
15.157584017885762	-3.1103109365021919	3.899429604210069e-006	-1	
2.8091249999999999	0.5871990089062209	-5.2869913709332255e-006	-1	
3.447544262212153	0.76825642334136135	-1.0091322270625486e-005	-1	
1.2520180586699516	1.2517218417333882	-1.905519840693061e-006	-1	
0.62850982936018907	1.4299744812856525	-5.1745448017119072e-007	-1	
2.1908750000000001	0.53770311543245353	-3.0624269093609184e-006	-1	
1.4212505261549193	0.62736061489763695	-1.5471580697027208e-006	-1	
4.1881723326448341	0.41444374452254967	-9.1677882009923441e-006	-1	
10.536794889891508	-3.7355422576717991	1.6411252447247876e-005	-1	
8.903219405116781	-3.8475130793181602	2.589140205252123e-005	-1	
6.622066150831925	-3.5091479822280145	4.5261290738726354e-005	-1	
7.7888420162540593	-4.6720826617682851	3.7110318761798006e-005	-1	
5.5455979358279945	-2.2026875000000001	4.7636428720380996e-005	-1	
5.7154528152459338	-3.1351250000000008	5.4150523668539164e-005	-1	
5	-1.891875	5.1620644926510054e-005	-1	
5	-1.2702499999999999	4.1256564429241185e-005	-1	
5.3941638326398937	-0.080529737304933652	3.2328245684032465e-006	-1	
5.3398285814723465	0.079516024740556968	-2.6753059649089918e-006	-1	
5.1687326833670451	-0.4404924309267948	1.7779987751446858e-005	-1	
5.2474635376909671	-0.16447012645139902	6.9893531313346677e-006	-1	
5	-0.64862500000000001	2.6934543767282229e-005	-1	
5.0892613913012514	0.26010937500000003	-1.2094157345731337e-005	-1	
5	0.33781250000000002	-1.6671255230916554e-005	-1	
4.8318669898180282	0.43856919131918509	-1.6648503160685955e-005	-1	
5.180442801167751	0.131002795262531	-5.5869028722231441e-006	-1	
4.5607797658053695	0.16811989795288038	-5.226692576657088e-006	-1	
11.703277304490502	-4.7447492518634107	1.2849129959257409e-005	-1	
13.199618882444693	-4.2413876684013321	8.1525584627327072e-006	-1	
14.575623069805964	-4.3631187576086088	5.5353647690783463e-006	-1	
0	1.8918750000000002	0	-1	
17.962288021013016	-3.9025624816758562	2.1525152249037455e-006	-1	
20	-5.6224687499999986	1.6513372017705365e-006	-1	
18.683626344919379	-5.1150088431100542	1.9025179878343263e-006	-1	
16.833490148780104	-3.436434051731533	2.6740222073023085e-006	-1	
15.95476524474989	-4.2845513152022168	3.6497228736629403e-006	-1	
3.1182500000000002	0	-4.9309879756487912e-008	-1	
2.5	0	-1.9989468116246654e-007	-1	
3.7365000000000004	0	5.7700419068471667e-008	-1	
0.4139674376668494	0.81800383028117341	-1.7357653939062151e-007	-1	
0.80898600396895626	0.41855753901203246	-3.9299635824163643e-007	-1	
0	1.2702500000000001	0	-1	
1.8817499999999998	0	-1.3768368833564926e-007	-1	
1.2634999999999998	0	-2.6316761054921381e-008	-1	
4.3547500000000001	0	1.5963076271422418e-007	-1	
10.170429615883709	-4.9166734916516788	1.9743919380647158e-005	-1	
8.9428835647106979	-5.0664239445097374	2.7498413074248384e-005	-1	
6.1678797099595517	-4.3783750000000001	5.3882059675943342e-005	-1	
8.0162805361355449	-5.8923073524506346	3.3517689819176706e-005	-1	
6.1413841982040962	-5.6599125404227699	5.406007952511461e-005	-1	
5	-2.5135000000000001	5.9111025270534678e-005	-1	
5	-3.7567500000000003	6.7518098011555767e-005	-1	
4.4185760428626644	-2.2026875000000001	4.0761230818998495e-005	-1	
4.3714901706398095	-1.4299744812856525	3.0570501041501088e-005	-1	
4.5860325623331484	-0.81800383028117174	2.2890877827242082e-005	-1	
5.2261457757439818	-0.062174955228205583	2.8680654968642306e-006	-1	
5.1794256239456367	0.031291490333559199	-1.1777521914869019e-006	-1	
5.0882600806634812	-0.26010937499999998	1.2460349124281559e-005	-1	
5	-0.33781250000000002	1.7016277056301103e-005	-1	
5.0802348075920483	-0.14279265638914385	7.573183726251979e-006	-1	
4.8303724655370246	-0.44336234926472429	1.7010153404185511e-005	-1	
5.0813379781504873	0.14203062527828667	-7.1179663818988318e-006	-1	
5	0.18240625000000002	-1.0339006148402956e-005	-1	
4.9129392657066653	0.26010937500000003	-1.1934916302968742e-005	-1	
4.7858538018364012	0.2084149674432477	-8.287960328172595e-006	-1	
5.0930158466674396	0.083045453729245391	-4.0846169841900704e-006	-1	
4.7411562499999995	0.088387524659989086	-3.3290204361468643e-006	-1	
4.663875	0	1.8317240306160076e-007	-1	
12.796373434752137	-5.5015585920664778	9.1427437509487915e-006	-1	
11.731573018351995	-6.2869487633634735	1.1483410606332687e-005	-1	
13.940955364556773	-6.1653129546890773	6.2486170208589982e-006	-1	
15.34047715550407	-5.6453233619749517	4.270816824429089e-006	-1	
16.535875842325822	-5.3659187139880347	3.0835809184385992e-006	-1	
20	-7.4966249999999999	7.7692644077898794e-007	-1	
18.951376366729434	-6.5001677086239651	1.4415775522462913e-006	-1	
17.615977615011172	-6.2057578580203083	2.1108864011174124e-006	-1	
2.8091249999999999	-0.57492068435311683	4.6599087297835502e-006	-1	
3.5787494738450851	-0.62736061489763384	9.1942691695501425e-006	-1	
2.1994419902853828	-0.53217084119753222	2.6873728415427668e-006	-1	
4.1910139960310442	-0.41855753901203097	9.5540580377277189e-006	-1	
0	0.64862500000000012	0	-1	
0.16962753446297588	0.44336234926472606	-1.6857596014710525e-008	-1	
0.4363785708084198	0.16723385685484399	-5.7086281467011608e-008	-1	
0.64524999999999999	0	-4.2491083344090694e-009	-1	
1.417636886203514	-0.6213270849585476	1.4895243920929035e-006	-1	
0.81182766735516676	-0.41444374452255073	3.8232018985317515e-007	-1	
4.5636214291915795	-0.16723385685484343	5.5865277735758067e-006	-1	
9.6682883333975411	-6.0467835032455914	2.1148280617113667e-005	-1	
5	-5	6.9953202800818659e-005	-1	
7.0499324567574746	-6.671311823271588	3.9798051399312629e-005	-1	
8.3886790126581516	-7.3431396427945339	2.4088579559190519e-005	-1	
5.7042275321613412	-6.8648749999999996	5.398561091794179e-005	-1	
5	-6.2432499999999997	6.7406011858894127e-005	-1	
4.2939094969898655	-3.1351250000000008	4.5016496892904254e-005	-1	
3.8917831171552297	-4.3037207568375395	3.9626051897664554e-005	-1	
3.7738949136083213	-2.3406892017026744	2.9075183816929785e-005	-1	
3.7479819413300479	-1.2517218417333824	1.8898337193816124e-005	-1	
5.1221905073245404	-0.051589531389142941	2.8582200958903317e-006	-1	
5.0789258424397206	0.024589531389144499	-1.106703774173328e-006	-1	
5	-0.18240624999999999	1.0713109818650356e-005	-1	
4.9099502171446581	-0.26010937499999998	1.222798605082308e-005	-1	
5.0358669721487948	-0.065851562499999988	4.2191277290646363e-006	-1	
5	-0.10470312499999999	6.945101062435322e-006	-1	
4.7907500622094474	-0.21240445673996305	8.8156890875042998e-006	-1	
5	0.10470312500000002	-6.5472223424058818e-006	-1	
5.0356293680449875	0.065089531389142946	-3.7631454840512419e-006	-1	
4.9186271398471142	0.1435546875	-7.0911195271609201e-006	-1	
4.8582344105963946	0.079586932154509696	-3.5539617499312914e-006	-1	
4.8184374999999999	0	1.8223587450399356e-007	-1	
4.7411562499999995	-0.086615442463915115	3.6188875863629967e-006	-1	
12.872888132001604	-6.8913649588799331	7.2908197064930594e-006	-1	
11.039499158530397	-7.4051517600281658	1.1021864132045957e-005	-1	
13.278040842412821	-8.1176481265431182	4.0396524916013317e-006	-1	
15.003735277928026	-6.882362763059902	3.820703954283243e-006	-1	
14.629767830742024	-8.1086620415377269	2.5696748552809584e-006	-1	
16.29719113949152	-6.5701091434487431	2.7512987594189455e-006	-1	
20	-9.3707812500000003	-6.3637883239832914e-007	-1	
19.128964255284856	-8.4337031249999992	1.6379052748508279e-007	-1	
18.029328466322681	-7.5100165367059999	1.0776585649424755e-006	-1	
2.662156823485422	-1.210917865175513	8.812581620131578e-006	-1	
1.9561723914115388	-1.0928497365451815	4.2126239408829287e-006	-1	
0	0.33781250000000002	0	-1	
0.090049782855343014	0.26010937500000003	-2.5884715396509989e-009	-1	
0.20924993779055115	0.21240445673996314	-1.2086643276691238e-008	-1	
0.25884375000000004	0.086615442463914838	-9.8049423232798822e-009	-1	
0.33612500000000001	0	-1.9306139829242065e-009	-1	
0.43922023419463024	-0.16811989795288107	5.1800209854042421e-008	-1	
1.2558189399464916	-1.2406981195256805	1.9574312221835801e-006	-1	
0.42090635479520022	-0.81321067233563227	1.8152379381756268e-007	-1	
9.7318641773307242	-7.5445609603744668	1.5525729212108443e-005	-1	
3.8290930456871295	-5.6259144679561057	3.8281262767988583e-005	-1	
6.5414111516530893	-7.9321823676663765	3.3647812886285666e-005	-1	
8.0426211848826608	-8.8004793217493713	1.3453330524124498e-005	-1	
9.3059625118511633	-8.8342604234719193	8.938868171580968e-006	-1	
5.5905861388541354	-7.7973125000000003	4.6759054683816947e-005	-1	
5	-7.4865000000000004	5.9065505276991679e-005	-1	
4.2950362340906851	-6.8648749999999996	4.5050019539187262e-005	-1	
3.2955515679830985	-3.2212099679631692	2.5501145394573627e-005	-1	
2.3886198580506166	-4.1441110296052104	1.4051939483681282e-005	-1	
2.3646235309836943	-2.8503971229209082	1.2314574597636366e-005	-1	
5.0432964743947322	-0.013499999999999998	1.0790837852676799e-006	-1	
5.027962261695242	0.013499999999999996	-6.9674263427233624e-007	-1	
4.9202614487334309	-0.14161710719242293	7.3933763683065006e-006	-1	
5	-0.026999999999999996	2.3684837832465882e-006	-1	
4.9432035256052673	-0.056796474394732947	3.4288505796368662e-006	-1	
4.8570781250000001	-0.080553646420940789	3.9578945044087216e-006	-1	
5	0.026999999999999996	-1.9546228214743732e-006	-1	
4.9432035256052673	0.056796474394732947	-3.0393691145479711e-006	-1	
4.8957187500000003	0	1.9113718624457932e-007	-1	
11.977702383585981	-8.4869264676316494	5.090604449996649e-006	-1	
10.552600843003596	-8.6267385148415219	7.0542859132389188e-006	-1	
12.885897742156475	-9.4112749620805545	1.0098411800768968e-006	-1	
16.094658041703944	-7.8852177827154009	1.7253769923781305e-006	-1	
15.165164813695803	-9.4378359800884049	-1.0642371037961271e-007	-1	
13.935277850561022	-10.171564602022995	-1.2412189410997153e-006	-1	
20	-11.244937499999997	-2.2917797188241958e-006	-1	
18.380309796804379	-9.4711688751442082	-6.7298406973045599e-007	-1	
18.871633923865346	-11.017802196839348	-2.1336267153154378e-006	-1	
17.565954051424153	-8.6049284010318825	3.0257931041125444e-007	-1	
1.7379636818177175	-1.791902547791292	4.7150911313162322e-006	-1	
0	0.18240625000000002	0	-1	
0.079738551266569133	0.14161710719242226	-1.2716379299673717e-009	-1	
0.14292187499999998	0.080553646420941163	-2.5802928072887789e-009	-1	
0.18156249999999999	0	-6.2274159043983128e-010	-1	
0.25884374999999998	-0.088387524659988878	7.5165778748335542e-009	-1	
0.16813301018197171	-0.43856919131918498	1.6322635646865472e-008	-1	
0.21414619816359928	-0.20841496744324783	1.1085085852434111e-008	-1	
0.63201557245666073	-1.4299645214617067	5.3121766960264152e-007	-1	
1.2474197719499596	-2.3356456363407867	2.922506196715562e-006	-1	
0	-1.2702500000000001	0	-1	
0	-0.64862500000000001	0	-1	
3.4432368532080604	-6.5480060658984236	2.8423805310452484e-005	-1	
2.6045947129856795	-6.1977954616701725	1.6553227895552458e-005	-1	
5.8896183154220454	-8.6374654206361541	3.046860784473797e-005	-1	
6.4199769650010623	-8.9696731464635775	1.9578042171165104e-005	-1	
6.803693855204374	-9.8619216830732501	2.2259556272557282e-006	-1	
8.2321550392717366	-10.275471404661412	-3.2673264763968925e-006	-1	
9.9887969465736628	-9.8977027613620994	4.2275409833372775e-008	-1	
5.3477307149124726	-8.418937500000002	4.1262249940487258e-005	-1	
5	-8.1081250000000011	5.1658696564270489e-005	-1	
4.4131542279095495	-7.7973125000000003	4.0829839715219428e-005	-1	
3.5465103738504489	-7.4509471972047887	2.6658134836314017e-005	-1	
1.1125409687324255	-4.3583402626653038	3.0143650169257029e-006	-1	
0.74118089366589346	-3.1493117494000575	1.1863658153666422e-006	-1	
1.1739406727952455	-5.6216249999999999	3.3050145036234822e-006	-1	
5	0	2.3636341617054247e-007	-1	
4.9729999999999999	0	2.0886727019666545e-007	-1	
11.680823329009883	-9.8877564489174965	-3.6043547401571771e-007	-1	
11.919041586693201	-11.219373547287287	-5.6435603939674042e-006	-1	
16.588810320633776	-9.2822303782925406	-1.9829282992443914e-007	-1	
15.051082777983034	-10.86540906818672	-2.5242810397323558e-006	-1	
13.716577729673984	-11.539496933704211	-4.6905545242733742e-006	-1	
20	-13.119093749999999	-3.711827877246274e-006	-1	
18.877134235546759	-12.812477872597096	-3.6003157979420041e-006	-1	
17.399098558533794	-10.763723916719409	-2.0142591939647053e-006	-1	
18.143247760639341	-11.909011512844458	-3.0003875715004893e-006	-1	
0	0.10470312500000002	0	-1	
0.056796474394732732	0.056796474394732732	-3.223306102144507e-010	-1	
0.10428124999999999	0	-2.0013309436226026e-010	-1	
0.14176558940360548	-0.079586932154509724	1.7999179622746833e-009	-1	
0	-0.33781250000000002	0	-1	
0.087060734293334663	-0.26010937499999998	2.2358568143630744e-009	-1	
0.081372860152885834	-0.1435546875	1.1169307446184796e-009	-1	
0	-1.8918750000000002	0	-1	
0.5920739660096993	-2.2026875000000001	6.4370612278194381e-007	-1	
2.6673591870357307	-7.7642101593964661	1.3358702453749628e-005	-1	
1.7352148771679332	-6.7586512112641159	6.7700739563646178e-006	-1	
5.3604247055469516	-8.8851562499999996	3.2291370110411895e-005	-1	
5.8464812062150644	-9.220162437526449	1.9153752505236564e-005	-1	
6.1491407913891836	-9.5338451391625973	1.0182334065512624e-005	-1	
6.0786740368025827	-9.964001039158811	5.1267190745901132e-007	-1	
6.0684385989850105	-10.637946284143265	-1.4845142790026699e-005	-1	
6.6713873913119004	-11.323896946719842	-2.3037807600681022e-005	-1	
9.261625576140208	-11.082796322050505	-9.4688765499839775e-006	-1	
8.1421797713280171	-11.759866627562387	-1.980044736636158e-005	-1	
10.567503692707124	-11.16195093776688	-7.2472680122762535e-006	-1	
5	-8.729750000000001	4.1353257210625854e-005	-1	
4.6467665772228628	-8.418937500000002	3.8230707428705512e-005	-1	
4.0308480007120702	-8.2487300974758355	2.8633864212277978e-005	-1	
3.4751106851087319	-8.0402075110364333	2.1562655146291023e-005	-1	
0	-5	0	-1	
0	-3.7567500000000003	0	-1	
0	-2.5135000000000001	0	-1	
0	-6.2432499999999997	0	-1	
0.70609050301013843	-6.8648749999999996	1.0857785997108911e-006	-1	
11.235754240030342	-12.38687962301233	-1.1205162774708768e-005	-1	
12.218153696096747	-13.181287382171147	-1.0884582714361289e-005	-1	
13.449579280521927	-12.898827811410305	-7.8879841227432912e-006	-1	
16.223391469873757	-11.458817115151646	-3.1011868928969396e-006	-1	
14.947384231108419	-12.175251574239017	-4.8071765600781693e-006	-1	
20	-14.99325	-4.5684838731389827e-006	-1	
18.693524652543651	-14.471239396179218	-4.5538799531735064e-006	-1	
17.844421805529173	-13.349456324812726	-4.2347404342421661e-006	-1	
16.44179897704398	-12.9058039735443	-4.6015230668176624e-006	-1	
0	0.026999999999999996	0	-1	
0.026999999999999996	0	-1.3234130712244174e-011	-1	
0.056796474394732732	-0.056796474394732732	2.0673663460457549e-010	-1	
0	-0.18240624999999999	0	-1	
0	-0.10470312499999999	0	-1	
2.978725429504828	-8.7947412992743903	1.1111098147083033e-005	-1	
1.2261050863916392	-7.6593107982973061	2.8749094106286914e-006	-1	
2.3378431765146059	-8.7890821348244508	6.921443016340307e-006	-1	
5.305339469103652	-9.2737726259205928	2.3741526066312723e-005	-1	
5	-9.0405625000000001	3.4552945918189924e-005	-1	
5.5010515502045125	-9.5206553939835565	1.4659836388700108e-005	-1	
5.7330521197392512	-9.6637292379896529	8.922865441236113e-006	-1	
5.6236412899593731	-9.9133763077301218	1.9487780735062994e-006	-1	
5.4554182373640714	-10.357744582395028	-1.1980727563268298e-005	-1	
5.4181221360386305	-10.815133911943242	-2.5101223446529497e-005	-1	
5.7950647133765347	-11.5810625	-3.5805741335716928e-005	-1	
6.6842484973823435	-12.237083756528406	-3.4831154321708209e-005	-1	
9.8439216127686038	-12.287829051965984	-1.5212060131234227e-005	-1	
7.9563272608689237	-12.940855244239572	-3.0221883960412986e-005	-1	
9.0687393407004144	-13.378821718995365	-2.4607491707392437e-005	-1	
4.7101569414081164	-8.8851562500000014	3.1407186394060986e-005	-1	
4.1609345961323871	-8.8258032092708447	2.2868066003585591e-005	-1	
3.5746883371628448	-8.6253655445801698	1.8114487898376573e-005	-1	
0	-7.4865000000000004	0	-1	
0.58142395713731732	-7.7973125000000003	6.2954067693550017e-007	-1	
10.390420424703612	-13.497023676097365	-1.7728815714003902e-005	-1	
11.607778846522736	-14.287467711999337	-1.4492118968407682e-005	-1	
13.586509770981721	-14.9961846867348	-9.6108287809846768e-006	-1	
14.380094111288763	-13.891225473045834	-7.5538115548069604e-006	-1	
15.564575568575911	-13.719938304277003	-5.9913136118112713e-006	-1	
20	-16.867406250000002	-4.7729983413380302e-006	-1	
18.669260257068288	-16.226114075895897	-4.9021718046388907e-006	-1	
17.30871120630777	-14.719563021992057	-5.2005393673057592e-006	-1	
0	0	0	-1	
0	-0.026999999999999996	0	-1	
2.8091249999999999	-9.4128009910937749	5.2035560222117561e-006	-1	
3.447544262212161	-9.2317435766586495	9.977677534024161e-006	-1	
1.2520180586699532	-8.7482781582665936	1.8927268786503142e-006	-1	
0.62850982936018729	-8.5700255187143473	5.1454605988836711e-007	-1	
2.1908750000000001	-9.4622968845675466	3.0088418716990278e-006	-1	
1.4212505261549282	-9.3726393851023548	1.5223007688948652e-006	-1	
5.1692333386859302	-9.5579018942439653	1.7194567475190341e-005	-1	
5	-9.3513750000000009	2.6403243669705427e-005	-1	
4.5790936452047974	-9.1867893276643731	2.2465875643245236e-005	-1	
5.4717398603534333	-9.7412553122989021	8.0554146448696684e-006	-1	
5.2492052860706062	-9.739890625000001	9.9359125439645997e-006	-1	
5.3941638326398698	-10.080529737304929	-3.4029897934087501e-006	-1	
5.3398285814723545	-9.9204839752594385	2.4895189393978127e-006	-1	
5.1687326833670451	-10.440492430926795	-1.79464362890628e-005	-1	
5.2474635376909537	-10.164470126451391	-7.1597384377828268e-006	-1	
5	-10.648624999999999	-2.7130490524569862e-005	-1	
5	-11.270250000000001	-4.1664587029748399e-005	-1	
5.5797899928232875	-12.2026875	-4.7429746121072887e-005	-1	
5	-11.891875000000001	-5.1995059801513682e-005	-1	
6.8537224146710889	-13.40295677151046	-4.2867233149180139e-005	-1	
5.7064441407226516	-13.135125	-5.4546208235586166e-005	-1	
7.89417897749638	-14.934256837282193	-3.7134928989909834e-005	-1	
9.0935531487464729	-15.24400602586763	-2.7727731045409704e-005	-1	
10.256427743891381	-14.817197358596514	-2.0720784966254518e-005	-1	
4.1881723326448261	-9.5855562554774636	9.0045466931129381e-006	-1	
0	-8.1081250000000011	0	-1	
11.620281223022669	-15.738883225092952	-1.4684884598011078e-005	-1	
12.857426393210272	-16.040058236481496	-1.1118839869368767e-005	-1	
15.305522829335116	-14.888367718120119	-6.8978415867640281e-006	-1	
14.153270724403125	-16.168580778587224	-8.4680239909512909e-006	-1	
20	-18.741562500000001	-4.4975931497844122e-006	-1	
19.161029594241644	-18.010219606196582	-4.6752100385736979e-006	-1	
18.126418937351307	-17.599958032680313	-4.9064258895439488e-006	-1	
17.326573587346981	-16.842000772405768	-5.3522853563735418e-006	-1	
16.104995349605858	-16.083520303404271	-6.1891327160626485e-006	-1	
3.1182500000000002	-10	-6.2424646435891987e-008	-1	
2.5	-10	1.2258335521415629e-007	-1	
3.7365000000000004	-10	-2.0610929338750734e-007	-1	
0.41396743766683997	-9.1819961697188219	1.7199064692713045e-007	-1	
0.8089860039689567	-9.5814424609879669	3.8353276984449204e-007	-1	
0	-8.729750000000001	0	-1	
1.8817499999999998	-10	8.6997616546605693e-008	-1	
1.2634999999999998	-10	1.3415356086749452e-009	-1	
5.0892613913012541	-9.739890625000001	1.1898631862008816e-005	-1	
5	-9.6621875000000017	1.6474542518731093e-005	-1	
4.83186698981803	-9.561430808680818	1.6455220873743409e-005	-1	
4.5607797658053606	-9.8318801020471174	5.0447062499104624e-006	-1	
5.1804428011677537	-9.8689972047374717	5.3970498524275612e-006	-1	
5.2261457757439667	-10.06217495522821	-3.0455569270947566e-006	-1	
5.1794256239456447	-9.9687085096664454	9.9353861209933217e-007	-1	
5.088260080663483	-10.260109374999999	-1.2636837195385246e-005	-1	
5	-10.337812499999998	-1.7197171194000936e-005	-1	
5.0802348075920483	-10.142792656389142	-7.7527417469648831e-006	-1	
4.5860325623331599	-10.818003830281176	-2.3130594939773631e-005	-1	
4.8303724655370228	-10.44336234926473	-1.7206800800928381e-005	-1	
4.3714901706398104	-11.429974481285653	-3.0827469957707991e-005	-1	
5	-12.513500000000001	-5.9395745904887094e-005	-1	
4.4185760428626759	-12.202687500000001	-4.1012527311427318e-005	-1	
6.1405708620316073	-14.340718019735421	-5.4603328431860652e-005	-1	
5	-13.756750000000002	-6.783648635408589e-005	-1	
6.1751807926687512	-15.621625	-5.4411797927632277e-005	-1	
7.0292441167781412	-16.655976639019016	-4.115833303074348e-005	-1	
8.3793335556706072	-16.256099566681783	-3.0739209464871404e-005	-1	
9.8770246995851281	-16.554944353173614	-2.0647292827838668e-005	-1	
4.3547500000000001	-10	-3.3794427209383802e-007	-1	
11.014766366615945	-17.269553962942393	-1.4033538095101487e-005	-1	
12.35703357647227	-17.210887681174619	-1.0771833704335873e-005	-1	
13.671635644895378	-17.407472088459684	-8.0274037037119981e-006	-1	
15.256413808488411	-17.310508572803847	-6.4650177870594865e-006	-1	
20	-20.615718749999996	-4.0195865824803399e-006	-1	
18.280575155490634	-18.691052736514685	-4.5587299569562874e-006	-1	
18.52240711672377	-20.393843986271836	-3.9931805288392045e-006	-1	
17.235044139907345	-18.247802738461083	-4.9008069865445891e-006	-1	
16.385967274159885	-17.493697877467852	-5.5813058178748559e-006	-1	
2.8091249999999999	-10.574920684353129	-4.7581160275776934e-006	-1	
3.5787494738450789	-10.627360614897642	-9.346526362988672e-006	-1	
2.1994419902853988	-10.532170841197525	-2.7517470025480598e-006	-1	
4.191013996031046	-10.418557539012031	-9.7423858011604185e-006	-1	
0	-9.3513750000000009	0	-1	
0.16962753446297713	-9.5566376507352686	1.6437985494444048e-008	-1	
0.43637857080841924	-9.8327661431451556	5.3386807174203464e-008	-1	
0.64524999999999999	-10	-3.0227087097835918e-009	-1	
1.4176368862035189	-10.621327084958546	-1.5192907411659496e-006	-1	
0.81182766735517808	-10.414443744522531	-3.9315506380508305e-007	-1	
5.0813379781504873	-9.8579693747217156	6.9278698873551066e-006	-1	
5	-9.8175937500000003	1.0147865414143782e-005	-1	
4.9129392657066662	-9.739890625000001	1.1742778367371557e-005	-1	
4.7858538018364003	-9.7915850325567604	8.09946237985632e-006	-1	
4.7411562499999995	-9.9116124753400054	3.1426196625481885e-006	-1	
4.663875	-10	-3.6849863543680295e-007	-1	
5.0930158466674396	-9.9169545462707571	3.8970150810667776e-006	-1	
5.1221905073245351	-10.051589531389148	-3.0396625224684957e-006	-1	
5.0789258424397206	-9.9754104686108587	9.2140441560010347e-007	-1	
5	-10.18240625	-1.0894673744942496e-005	-1	
4.9099502171446527	-10.260109374999999	-1.2413191567834363e-005	-1	
5.035866972148793	-10.065851562500001	-4.4021383119394166e-006	-1	
5	-10.104703125	-7.127992031996407e-006	-1	
3.7479819413300453	-11.251721841733401	-1.9078606113215952e-005	-1	
4.5636214291915804	-10.167233856854843	-5.7725345996366359e-006	-1	
4.7907500622094563	-10.212404456739963	-9.0034915226935267e-006	-1	
3.7738949136083475	-12.340689201702691	-2.9256032495924391e-005	-1	
4.2939094969898646	-13.135125	-4.5249823979620117e-005	-1	
5	-15	-7.0362210860889081e-005	-1	
3.8917831171552262	-14.303720756837546	-3.9855341477799857e-005	-1	
5	-16.24325	-6.7940879932148186e-005	-1	
5.704227532161342	-16.864874999999998	-5.4822873487526428e-005	-1	
7.8892330239274404	-17.576116473685264	-2.7322855298346091e-005	-1	
6.6875170215076896	-17.953100406085262	-3.3294619481712262e-005	-1	
9.0324495247329661	-17.356194802817605	-2.1898072481357392e-005	-1	
9.9437108223531432	-18.080703157835575	-1.3877499638734641e-005	-1	
11.779975644373463	-19.392644447333829	-5.0051353409338483e-006	-1	
12.98079037964381	-18.543058653618601	-6.5936230748310955e-006	-1	
14.56667137576714	-18.75676822384796	-5.3148440335898749e-006	-1	
16.160648768794836	-18.615607376622656	-4.9165285004755699e-006	-1	
20	-21.552796874999995	-3.8885352277995213e-006	-1	
19.174189604359725	-21.084257812499995	-3.9058356680859884e-006	-1	
17.098587066182965	-19.940803587227819	-4.0013958661369859e-006	-1	
17.246693661141514	-21.171702790126599	-3.4283747055343868e-006	-1	
18.369787453162264	-21.888247946154486	-3.6468584665650515e-006	-1	
2.6621568234854025	-11.210917865175531	-8.9001459721311275e-006	-1	
1.9561723914115441	-11.092849736545153	-4.2611398290650853e-006	-1	
0	-9.6621875000000017	0	-1	
0.090049782855347774	-9.739890625000001	2.439198044042784e-009	-1	
0.20924993779054063	-9.7875955432600357	1.1201453042544367e-008	-1	
0.25884374999999998	-9.9133845575360855	8.3128015633102709e-009	-1	
0.33612500000000001	-10	-5.1369470845094869e-010	-1	
0.43922023419464218	-10.168119897952884	-5.5767646816210431e-008	-1	
1.2558189399465214	-11.240698119525684	-1.9758188619148476e-006	-1	
0.42090635479520255	-10.813210672335629	-1.8365051996038537e-007	-1	
5	-9.8952968749999997	6.3586978050236892e-006	-1	
5.0356293680449857	-9.9349104686108571	3.5760072009341893e-006	-1	
4.9186271398471124	-9.8564453125	6.9018552426796491e-006	-1	
4.8582344105963982	-9.9204130678454909	3.3664560060520897e-006	-1	
4.8184374999999999	-10	-3.6870354886652219e-007	-1	
4.7411562499999995	-10.086615442463915	-3.8052206620363904e-006	-1	
5.0432964743947313	-10.013500000000001	-1.2635297828093589e-006	-1	
5.027962261695242	-9.9864999999999995	5.1125966120830518e-007	-1	
4.9202614487334317	-10.141617107192419	-7.5778828442875854e-006	-1	
5	-10.026999999999999	-2.55314580379767e-006	-1	
4.9432035256052682	-10.05679647439473	-3.6137933024319407e-006	-1	
4.8570781250000001	-10.080553646420942	-4.143711943889906e-006	-1	
3.2955515679831482	-13.221209967963139	-2.5645634354127745e-005	-1	
2.3646235309837627	-12.85039712292097	-1.2387501052973619e-005	-1	
3.8290930456871353	-15.625914467956106	-3.8560465558191164e-005	-1	
2.3886198580507254	-14.144111029605355	-1.4137549368556706e-005	-1	
5	-17.486499999999999	-5.9765872946612167e-005	-1	
4.2950362340906816	-16.864874999999998	-4.5504704792126113e-005	-1	
5.5905861388541354	-17.7973125	-4.7634276234844201e-005	-1	
7.9665328175157164	-18.83320158523129	-1.5271730659308207e-005	-1	
6.4199769650010934	-18.969673146463087	-2.0804805819480593e-005	-1	
5.8896183154217434	-18.637465420636129	-3.159551299168245e-005	-1	
9.1415645659980118	-18.946827809485082	-1.0589238042581164e-005	-1	
10.19424485300998	-19.796180903305778	-3.8380555695897677e-006	-1	
11.244091609087747	-20.604242766147529	-1.6223376850379128e-008	-1	
12.430302080625433	-20.287245228880177	-2.0796685348037273e-006	-1	
13.47634583921289	-19.928041265717543	-3.3416287368609734e-006	-1	
15.47505300488621	-19.944028198659556	-3.7562793364769112e-006	-1	
19.246792538499701	-22.021335937499995	-3.8130956533073961e-006	-1	
20	-22.489874999999994	-3.8929174220049563e-006	-1	
16.007252400507326	-21.142827669267884	-2.8719508004354381e-006	-1	
16.674956182258459	-22.271777635947334	-2.7844411633968535e-006	-1	
17.668938467323485	-22.727696002147535	-3.3212151112447437e-006	-1	
18.695419162141867	-22.698572760298276	-3.7496849439046045e-006	-1	
1.7379636818177739	-11.791902547791308	-4.7513572958514635e-006	-1	
0	-9.8175937500000003	0	-1	
0.07973855126656744	-9.8583828928075814	1.1340464984884723e-009	-1	
0.14292187499999998	-9.9194463535790565	2.1213573637320226e-009	-1	
0.18156249999999999	-10	-1.4331993559599821e-010	-1	
0.25884374999999998	-10.088387524659996	-9.0453150391959025e-009	-1	
0.16813301018197008	-10.438569191319182	-1.678389128566494e-008	-1	
0.21414619816360198	-10.208414967443234	-1.206113506113896e-008	-1	
0.63201557245667528	-11.429964521461716	-5.3586087815508474e-007	-1	
1.2474197719499924	-12.33564563634082	-2.9413532623031099e-006	-1	
0	-11.270250000000001	0	-1	
0	-10.648624999999999	0	-1	
5	-9.9730000000000008	1.7684805886597724e-006	-1	
4.9432035256052682	-9.9432035256052682	2.8521530132121628e-006	-1	
4.8957187500000003	-10	-3.7742399657830184e-007	-1	
5	-10	-4.2175331507416137e-007	-1	
4.9729999999999999	-10	-3.9455042633711504e-007	-1	
0.7411808936658868	-13.149311749400058	-1.1936269451900466e-006	-1	
3.4432368532079591	-16.548006065898182	-2.8701904618360724e-005	-1	
2.6045947129853388	-16.197795461670051	-1.6698744892423004e-005	-1	
1.1125409687324277	-14.358340262665303	-3.0337480066666329e-006	-1	
1.1739406727952502	-15.621625	-3.3326768808909667e-006	-1	
5	-18.108125000000001	-5.2435598765130422e-005	-1	
4.4131542279095592	-17.7973125	-4.1411845983938271e-005	-1	
3.5465103738503601	-17.450947197204723	-2.7008943396074804e-005	-1	
5.3477307149124735	-18.418937500000002	-4.217311711019254e-005	-1	
6.8036938552055704	-19.861921683074108	-3.6698969476027921e-006	-1	
8.8755095277463187	-20.096969211835429	-1.0874651278812321e-006	-1	
6.1491407913898719	-19.533845139162462	-1.1387493292488259e-005	-1	
5.8464812062151443	-19.220162437526159	-2.026744128907736e-005	-1	
5.3604247055469818	-18.885156249999998	-3.3256992165423117e-005	-1	
10.032003953429198	-21.139019074922	4.8370685636862579e-006	-1	
12.274822351179848	-21.382261706273578	1.2280697171239013e-006	-1	
11.096489521752423	-21.91070382891537	5.5303627393574107e-006	-1	
13.532602436813432	-21.70600549097669	1.1263709152748969e-007	-1	
14.697965618051356	-21.221086781941008	-1.8340574111129708e-006	-1	
19.177212020772149	-23.426953124999994	-4.0474512139357196e-006	-1	
20	-24.36403125	-4.5046768622960994e-006	-1	
14.511427258286657	-22.502949320506549	-4.471338431990894e-007	-1	
16.164206197055766	-23.345875871870575	-2.1243069836323958e-006	-1	
17.724676532920906	-23.819829513997259	-3.5528534955886408e-006	-1	
0	-9.8952968749999997	0	-1	
0.056796474394731518	-9.9432035256052682	2.4887700695339376e-010	-1	
0.10428124999999999	-10	-5.2581185198855622e-011	-1	
0.1417655894036009	-10.079586932154507	-2.2617103338693884e-009	-1	
0	-10.337812499999998	0	-1	
0.087060734293333705	-10.260109374999999	-2.3823001116810694e-009	-1	
0.081372860152888027	-10.1435546875	-1.2652529859632846e-009	-1	
0	-11.891875000000001	0	-1	
0.59207396600971984	-12.202687500000001	-6.4791456872382437e-007	-1	
0	-13.756750000000002	0	-1	
0	-12.513500000000001	0	-1	
2.6673591870355664	-17.764210159396534	-1.357080833921929e-005	-1	
1.7352148771678095	-16.758651211264127	-6.8405093894394823e-006	-1	
0	-15	0	-1	
0	-16.24325	0	-1	
0.70609050301012644	-16.864874999999998	-1.0976173868956349e-006	-1	
5	-18.729749999999999	-4.2209291878682778e-005	-1	
4.6467665772228575	-18.418937499999998	-3.8949135064690317e-005	-1	
4.0308480007121075	-18.248730097475828	-2.9170912613433856e-005	-1	
3.4751106851088442	-18.04020751103635	-2.1950622806698299e-005	-1	
6.0684385989845877	-20.637946284143183	1.3677102881141335e-005	-1	
6.0786740368027958	-19.96400103915914	-1.7124037377731575e-006	-1	
7.4243209134505559	-21.346753678810046	1.6501794336588673e-005	-1	
8.760548640304215	-21.649428959510985	1.2782623277228149e-005	-1	
5.73305211973942	-19.663729237989646	-1.0030720192625242e-005	-1	
5.5010515502045054	-19.520655393983549	-1.5705101522025408e-005	-1	
5.3053394691036386	-19.273772625920614	-2.4723297554376626e-005	-1	
5	-19.0405625	-3.5442575348552543e-005	-1	
9.291376330036865	-22.822102897231431	1.7014495491918874e-005	-1	
10.388730161725745	-22.817541900629205	1.1432975595272003e-005	-1	
12.795841364011761	-22.730896031552579	3.1055174390094648e-006	-1	
11.422994205369456	-23.184289937621951	8.1400989301086442e-006	-1	
18.741887869524852	-24.595537034891017	-4.4626176655248363e-006	-1	
20	-26.238187499999999	-6.1104944376994216e-006	-1	
18.925186130042427	-25.75826983605749	-5.4541702499017405e-006	-1	
13.761251804403509	-23.558981950604977	1.6671267943442277e-006	-1	
15.026221717087775	-23.691627070205367	-6.5524514935512912e-007	-1	
16.257325608593636	-24.531574544802616	-2.6229625648147846e-006	-1	
17.789338977253962	-25.449405683525121	-4.628620370084085e-006	-1	
0	-9.9730000000000008	0	-1	
0.026999999999999996	-10	-3.5974590151681649e-012	-1	
0.056796474394731518	-10.05679647439473	-2.8134968949094398e-010	-1	
0	-10.18240625	0	-1	
0	-10.104703125	0	-1	
2.9787254295047738	-18.794741299274403	-1.1458391804236429e-005	-1	
1.2261050863917617	-17.659310798297327	-2.9151929698918904e-006	-1	
2.3378431765145642	-18.789082134824536	-7.1325832996966971e-006	-1	
0	-17.486499999999999	0	-1	
0.58142395713737927	-17.7973125	-6.3876826940644761e-007	-1	
4.710156941408127	-18.885156250000001	-3.2200885042783876e-005	-1	
4.1609345961324165	-18.825803209270816	-2.3510910764790171e-005	-1	
3.5746883371628284	-18.625365544580063	-1.8585149950524365e-005	-1	
5.4181221360386482	-20.815133911943242	2.3996251547900479e-005	-1	
5.4554182373640696	-20.357744582394989	1.0896701766152622e-005	-1	
5.9388729959148927	-21.713181376596371	3.4183330357874338e-005	-1	
5.6236412899593597	-19.9133763077302	-3.0455375658529085e-006	-1	
8.0045052237575067	-22.792020406991782	2.5827327807067188e-005	-1	
6.4675509396232762	-22.540661544015137	3.8251327526429857e-005	-1	
5.4717398603534493	-19.741255312298907	-9.109076205414109e-006	-1	
5.2492052860706124	-19.739890625000001	-1.0942377885282791e-005	-1	
5.169233338685931	-19.557901894243972	-1.8169562133262995e-005	-1	
5	-19.351374999999997	-2.7323598293043013e-005	-1	
4.5790936452047948	-19.186789327664357	-2.3259363524215777e-005	-1	
9.463279460884392	-24.097795459724644	1.9710695430798813e-005	-1	
8.3922513441842703	-23.826579405320434	2.7236950469490034e-005	-1	
10.564212884904963	-23.900783355004858	1.2904673052981253e-005	-1	
12.645063294161272	-24.168790787334537	4.7785928032664034e-006	-1	
11.03674065662022	-24.914482362841799	1.0959392504018831e-005	-1	
20	-28.112343750000001	-8.6359113073682427e-006	-1	
18.935758580950697	-27.534490793267832	-7.6682532875905645e-006	-1	
18.059594182824803	-26.698512453189053	-6.1962097467989101e-006	-1	
13.821830953880864	-24.996300503059317	1.1863611992809034e-006	-1	
15.188918115399073	-25.570628913086043	-1.9061207083177712e-006	-1	
16.094695012900733	-26.013019731472625	-3.6813424971290998e-006	-1	
16.804454326314232	-26.939198013115362	-5.640544985176501e-006	-1	
0	-10	0	-1	
0	-10.026999999999999	0	-1	
2.8091249999999999	-19.412800991093789	-5.5795250011947092e-006	-1	
3.4475442622121348	-19.231743576658612	-1.0489396639428142e-005	-1	
1.2520180586699639	-18.748278158266643	-1.9539879603172763e-006	-1	
0.62850982936020006	-18.570025518714328	-5.2895522426554253e-007	-1	
2.1908750000000001	-19.462296884567547	-3.2521620304808577e-006	-1	
1.4212505261549087	-19.372639385102381	-1.6344161733273552e-006	-1	
0	-18.108125000000001	0	-1	
4.1881723326448448	-19.585556255477435	-9.7415637196556893e-006	-1	
5	-20.648625000000003	2.6065819472711638e-005	-1	
5	-21.270250000000001	4.0331343599775941e-005	-1	
5.1687326833670459	-20.440492430926788	1.6892684616515429e-005	-1	
5.3941638326398573	-20.080529737304939	2.3434407894320265e-006	-1	
5.2474635376909706	-20.164470126451402	6.1202564029256669e-006	-1	
5.5455979358279839	-22.2026875	4.6432492002465352e-005	-1	
5	-21.891874999999999	5.0643613913172878e-005	-1	
5.3398285814723794	-19.920483975259462	-3.5279524214694337e-006	-1	
6.6220661508319472	-23.509147982228011	4.3396403043392927e-005	-1	
5.7154528152459392	-23.135125000000002	5.2773275218351274e-005	-1	
5.1804428011677661	-19.868997204737457	-6.4002603827197934e-006	-1	
5.0892613913012497	-19.739890625000001	-1.2872927399772296e-005	-1	
5	-19.662187499999998	-1.7424203516486474e-005	-1	
4.8318669898180238	-19.561430808680814	-1.7353865786625164e-005	-1	
4.5607797658053801	-19.831880102047123	-5.9041508652208182e-006	-1	
9.9268023105682026	-25.128843705480087	1.688095842643902e-005	-1	
8.2081045972830822	-25.600328928579188	2.9588936529858647e-005	-1	
7.5588496420266393	-24.551907591571016	3.6417130936000303e-005	-1	
11.97728028508303	-25.673891724433162	6.2147103034344836e-006	-1	
10.883948772299275	-26.189588897525624	9.7490778933036144e-006	-1	
20	-29.986499999999999	-1.1867936336825347e-005	-1	
18.959757555606927	-28.856229717693285	-9.8075628025479222e-006	-1	
17.893196028345585	-28.150597246350166	-8.3104462446945032e-006	-1	
14.23051231507602	-25.883038493841205	-5.4918580162284982e-007	-1	
13.058059730249427	-26.215401800135716	1.8813561638333146e-006	-1	
14.944836241465813	-26.548670559979321	-2.8562790941159421e-006	-1	
15.668963791543453	-27.207946478803766	-4.9432078340343969e-006	-1	
16.27357858302355	-27.97830120219211	-7.0279279792974831e-006	-1	
3.1182500000000002	-20	-4.294334738232382e-007	-1	
2.5	-20	-4.6493601055027062e-007	-1	
3.7365000000000004	-20	-4.5111035819810443e-007	-1	
0.41396743766687372	-19.181996169718829	-1.7936891665417864e-007	-1	
0.80898600396896092	-19.581442460987969	-4.2583847443489464e-007	-1	
0	-18.729749999999999	0	-1	
1.8817499999999998	-20	-3.1305172470846727e-007	-1	
1.2634999999999998	-20	-1.1339331064315143e-007	-1	
4.3547500000000001	-20	-4.8662201482433569e-007	-1	
5	-20.337812499999998	1.6180920211148333e-005	-1	
4.5860325623331288	-20.81800383028116	2.212542192872893e-005	-1	
4.830372465537029	-20.443362349264714	1.6207486477540671e-005	-1	
4.3714901706398059	-21.429974481285651	2.9832820523074732e-005	-1	
5.0882600806634759	-20.260109374999999	1.1614592681142792e-005	-1	
5.2261457757439809	-20.062174955228212	2.018114183780314e-006	-1	
5.0802348075920483	-20.142792656389148	6.7437682847482294e-006	-1	
5	-22.513499999999997	5.8084036820324115e-005	-1	
4.4185760428626359	-22.2026875	3.9969114679874988e-005	-1	
5.1794256239456375	-19.968708509666445	-2.0047952605891669e-006	-1	
6.1678797099595446	-24.378374999999998	5.2185283210762509e-005	-1	
5	-23.75675	6.6362846538090033e-005	-1	
5.093015846667444	-19.916954546270755	-4.8875685010868653e-006	-1	
5.0813379781504846	-19.857969374721712	-7.9109760475312372e-006	-1	
5	-19.81759375	-1.1111804649852429e-005	-1	
4.9129392657066653	-19.739890625000001	-1.2679093313233856e-005	-1	
4.7858538018364039	-19.791585032556739	-9.0101362850222284e-006	-1	
4.7411562499999995	-19.911612475340018	-4.0548816082334051e-006	-1	
4.663875	-20	-5.3445176434258911e-007	-1	
9.3381741535711331	-26.09395033691758	1.9332879183352836e-005	-1	
7.8425481645763995	-26.946637619802573	2.6596247520064653e-005	-1	
6.9977488385416526	-25.836460743675122	4.1328062859730565e-005	-1	
12.152986818594238	-26.672504123452427	3.5549660417386456e-006	-1	
10.013957719330767	-27.13423571113508	1.0672060621511361e-005	-1	
11.218850549591602	-27.429380345420871	4.105417363587154e-006	-1	
20	-31.860656250000002	-1.5257874875163063e-005	-1	
18.946975428814341	-30.644790720092274	-1.3060223761121247e-005	-1	
18.065294708108873	-29.770235675274261	-1.1335177561404662e-005	-1	
17.141992745802902	-29.049380805183382	-9.686212092385211e-006	-1	
13.925742436312714	-26.810637566869431	-1.4657629372217468e-006	-1	
12.981807503569298	-27.256589546615011	-4.3918727891879663e-007	-1	
14.730672419515752	-27.488329693532521	-4.3790127850446293e-006	-1	
14.725621088383036	-28.452072353144512	-6.7235141728668512e-006	-1	
16.123715629516507	-29.628371281598369	-1.0606824548359473e-005	-1	
2.8091249999999999	-20.574920684353081	4.3322623600518628e-006	-1	
3.5787494738451056	-20.627360614897611	8.6966797626176676e-006	-1	
2.1994419902853881	-20.532170841197523	2.4689178756609842e-006	-1	
4.1910139960310451	-20.418557539012028	8.9143974529247705e-006	-1	
0	-19.351374999999997	0	-1	
0.16962753446297643	-19.556637650735286	-1.8342469827249534e-008	-1	
0.43637857080842213	-19.832766143145154	-6.9833988515293894e-008	-1	
0.64524999999999999	-20	-2.9601782118303003e-008	-1	
1.4176368862034985	-20.621327084958541	1.3862324591158143e-006	-1	
0.81182766735515532	-20.414443744522565	3.4428049091923953e-007	-1	
4.5636214291915778	-20.167233856854843	4.8766894039513968e-006	-1	
4.9099502171446652	-20.260109374999999	1.1423756819879982e-005	-1	
5	-20.18240625	9.8957890688116582e-006	-1	
3.7479819413300519	-21.251721841733342	1.834037467284544e-005	-1	
4.790750062209435	-20.212404456739961	8.0457872770340664e-006	-1	
3.7738949136082605	-22.340689201702641	2.8481836510709497e-005	-1	
5.1221905073245404	-20.051589531389144	2.031753275667837e-006	-1	
5.0358669721487956	-20.065851562500001	3.4085067441317458e-006	-1	
5	-20.104703125	6.137040530408464e-006	-1	
4.2939094969898708	-23.135125000000002	4.4199061408997904e-005	-1	
5.0789258424397214	-19.975410468610857	-1.9145235702388474e-006	-1	
5.9619695847681582	-25.858615112617453	5.3912291072399658e-005	-1	
5	-25	6.8567903362881945e-005	-1	
3.8917831171552342	-24.303720756837535	3.8846464643429825e-005	-1	
5.0356293680449875	-19.934910468610855	-4.5573904300625568e-006	-1	
5	-19.895296875	-7.3297765343684656e-006	-1	
4.918627139847116	-19.8564453125	-7.8507829920107882e-006	-1	
4.8582344105963893	-19.920413067845487	-4.3076816807956306e-006	-1	
4.8184374999999999	-20	-5.714232854508097e-007	-1	
4.7411562499999995	-20.086615442463913	2.8741775026918572e-006	-1	
9.1762052793072453	-28.049138950169841	9.5569518963551517e-006	-1	
7.8704128044313757	-28.270820481231475	1.4747168628455557e-005	-1	
6.5271943302421782	-27.411420244326266	3.6669369620128149e-005	-1	
5.7154528152459392	-26.864875000000001	5.1353995310955061e-005	-1	
11.037822751297849	-28.635062057559935	-1.2528777474112999e-006	-1	
12.886577343793135	-28.296213296902259	-3.6331236479953081e-006	-1	
20	-33.734812500000004	-1.8313226253539137e-005	-1	
18.73332606568291	-32.654315739475479	-1.6748367595580758e-005	-1	
17.947964944665404	-31.382479999017246	-1.4522532719492206e-005	-1	
16.430052170182766	-30.826567378281226	-1.3460840847778334e-005	-1	
13.848318147792638	-27.875984654901753	-3.9578363874332925e-006	-1	
14.605978192253986	-29.467862599259849	-9.4303122628842033e-006	-1	
13.759687173819341	-28.921777194599631	-7.0587349414646792e-006	-1	
15.111515979801885	-30.338982167647128	-1.212488642647271e-005	-1	
2.6621568234854678	-21.210917865175453	8.5251026363475772e-006	-1	
1.9561723914115543	-21.092849736545169	4.0491605996773613e-006	-1	
0	-19.662187499999998	0	-1	
0.090049782855335048	-19.739890625000001	-3.1021216965628348e-009	-1	
0.20924993779056533	-19.787595543260039	-1.5125132190658633e-008	-1	
0.25884374999999998	-19.913384557536084	-1.4923224712468902e-008	-1	
0.33612500000000001	-20	-1.0394191235598856e-008	-1	
0.43922023419461942	-20.168119897952874	3.788256356305441e-008	-1	
1.2558189399464832	-21.240698119525664	1.8949702400919697e-006	-1	
0.42090635479520577	-20.813210672335643	1.7413775162082435e-007	-1	
4.9202614487334291	-20.141617107192424	6.599763402406862e-006	-1	
4.8570781250000001	-20.080553646420938	3.1861123136255829e-006	-1	
3.2955515679831069	-23.221209967963169	2.4996529334603675e-005	-1	
2.364623530983756	-22.850397122920782	1.2056945578992276e-005	-1	
5.0432964743947339	-20.013499999999997	2.7348549180118369e-007	-1	
5	-20.027000000000001	1.5697784229242299e-006	-1	
4.9432035256052655	-20.056796474394734	2.6395571496238779e-006	-1	
5.0279622616952429	-19.986499999999999	-1.4959661854535222e-006	-1	
5	-26.24325	6.581080871136786e-005	-1	
3.8710394690503289	-25.621625000000002	3.8367537553815189e-005	-1	
2.7274118542790395	-25.655545399107044	1.817907558653194e-005	-1	
2.3918387508263561	-24.136029978548734	1.3744094293425531e-005	-1	
5	-19.972999999999999	-2.7467764652325861e-006	-1	
4.9432035256052655	-19.943203525605266	-3.8151621600508019e-006	-1	
4.8957187500000003	-20	-5.8054189310665311e-007	-1	
10.155074889643045	-29.476011323262419	-4.6182620330861654e-006	-1	
8.6766331779013459	-29.705815804185342	-4.0058848857011478e-006	-1	
6.9831679838262906	-29.254199002944112	6.9549218669896136e-006	-1	
5.5455979358279839	-27.7973125	4.4644997626839071e-005	-1	
5.9388729959148927	-28.286818623403626	3.1914459956860522e-005	-1	
5	-27.486499999999999	5.6706143277451964e-005	-1	
11.6346850692362	-29.698168274344944	-7.9636052551958649e-006	-1	
12.749641893503169	-29.433858660888312	-8.0284794744447077e-006	-1	
19.318933958338313	-34.671890625000003	-1.9664553810125705e-005	-1	
20	-35.608968750000003	-2.0693265564787937e-005	-1	
18.197193179498235	-34.382643342306643	-1.9630354342960938e-005	-1	
17.250207293200127	-32.840640584361957	-1.7561889812060026e-005	-1	
16.364485869179894	-32.238212547236671	-1.6705009657827835e-005	-1	
15.434158335791045	-31.707258065664405	-1.5892270388433289e-005	-1	
13.748247312305812	-29.995797722782992	-1.0770237857064128e-005	-1	
14.114209122777451	-31.865860371094357	-1.7140883790477578e-005	-1	
1.7379636818177042	-21.791902547791253	4.5914345419531429e-006	-1	
0	-19.81759375	0	-1	
0.079738551266571242	-19.858382892807573	-1.742289047646299e-009	-1	
0.142921875	-19.919446353579062	-4.1547645888248785e-009	-1	
0.18156249999999999	-20	-3.2646111688772003e-009	-1	
0.25884374999999998	-20.088387524659982	2.1945389899467742e-009	-1	
0.16813301018197632	-20.438569191319182	1.4740764841064747e-008	-1	
0.21414619816359637	-20.208414967443257	7.6665868126020974e-009	-1	
0.63201557245665929	-21.429964521461724	5.1538167513002357e-007	-1	
1.2474197719500082	-22.335645636340775	2.8571583615640435e-006	-1	
0	-21.270250000000001	0	-1	
0	-20.648625000000003	0	-1	
0.74118089366594586	-23.149311749400081	1.1610817416576151e-006	-1	
5	-20	-5.5905409255208495e-007	-1	
4.9729999999999999	-20	-5.8055561965002255e-007	-1	
4.2588191063340641	-26.85068825059993	4.2734713708245797e-005	-1	
3.1437446113516185	-26.721238483503953	2.2240302055683116e-005	-1	
2.0322135677418807	-26.56424450064663	9.241279434075234e-006	-1	
1.1321470098621931	-25.66909752520899	3.0166265666721296e-006	-1	
1.128960530949654	-24.378374999999998	3.0339641422187825e-006	-1	
10.763213886108105	-30.595352928467598	-1.2974641790250406e-005	-1	
9.5362635142801704	-30.838242021856267	-1.5447869093081623e-005	-1	
8.1669361527877076	-31.220728663138466	-2.165194809515417e-005	-1	
7.0265967781456657	-30.296715100333465	-1.0574681448206636e-005	-1	
6.1748117555297526	-29.361042462471136	9.9219676524505555e-006	-1	
6.3787884602167644	-29.801538667239534	-6.0974056488335948e-007	-1	
5	-28.108125000000001	4.8907043705391531e-005	-1	
5	-28.729750000000003	3.8181073550157453e-005	-1	
5.4181221360386482	-29.184866088056758	2.1357660537873292e-005	-1	
4.4079260339902824	-27.7973125	3.853396714832418e-005	-1	
12.40737398344333	-30.473851872746387	-1.238619724387412e-005	-1	
11.634472478023392	-31.200089609528273	-1.6197377251031792e-005	-1	
18.586683979515541	-35.748362862998398	-2.1040566088998016e-005	-1	
19.243543203619552	-36.656315154924371	-2.1598102147863538e-005	-1	
20	-37.483125000000001	-2.1959059563262272e-005	-1	
17.115064025203676	-33.98542203530576	-1.961706169442222e-005	-1	
17.311005231067494	-35.124234171737804	-2.1102342657271385e-005	-1	
16.210668148568438	-33.29828900188933	-1.9090208594748139e-005	-1	
15.115292633267519	-32.997895613536414	-1.9337052544585546e-005	-1	
12.637650677841361	-31.544228370519345	-1.697484743807341e-005	-1	
13.003951168406363	-32.891042920624777	-2.1750999660474309e-005	-1	
0	-19.895296875	0	-1	
0.05679647439473437	-19.943203525605266	-5.7442797370519116e-010	-1	
0.10428124999999999	-20	-1.0720829654965947e-009	-1	
0.14176558940361073	-20.079586932154509	1.9343321413307491e-010	-1	
0	-20.337812499999998	0	-1	
0.087060734293334816	-20.260109374999999	1.724261259011916e-009	-1	
0.081372860152884072	-20.1435546875	5.9942776823098499e-010	-1	
0	-21.891874999999999	0	-1	
0.5920739660097234	-22.2026875	6.2913981416065785e-007	-1	
0	-23.75675	0	-1	
0	-22.513499999999997	0	-1	
3.7525802280500042	-27.664354363659225	2.7357490164652528e-005	-1	
2.204004899174334	-27.913121373604152	8.1806048367855886e-006	-1	
1.226105086391762	-27.659310798297327	2.6629786250169267e-006	-1	
0.70609050301012632	-26.864875000000001	1.0469371208386258e-006	-1	
0	-26.24325	0	-1	
0	-25	0	-1	
10.556095761826292	-31.828845696670907	-2.12959672673449e-005	-1	
9.3308053753796738	-32.070025825450053	-2.6297622009877506e-005	-1	
8.2447046489416298	-32.686377671125214	-3.6031857469544548e-005	-1	
6.7262495079893831	-31.501080130240631	-3.2179020545962838e-005	-1	
6.1399535671809344	-30.872678019096941	-2.4589412890501514e-005	-1	
6.2121549916319507	-30.257473629287549	-1.0735939394208795e-005	-1	
5.8998264304999921	-29.722552740898678	2.8320814639549612e-006	-1	
4.367984427543341	-28.57003547853828	2.809068050873983e-005	-1	
5	-29.351374999999997	2.3504476175739214e-005	-1	
4.5790936452047948	-29.186789327664357	1.9680137282268762e-005	-1	
5.1687326833670459	-29.559507569073212	1.4117938117122396e-005	-1	
5.4520880826514544	-29.646152595242125	7.9385305310233868e-006	-1	
11.873460231329384	-32.530200036448356	-2.2412731390591522e-005	-1	
18.127409988391278	-36.756754442896501	-2.2116442420478446e-005	-1	
18.274992656176966	-37.854937275352853	-2.2481171758237794e-005	-1	
20	-39.35728125	-2.2207890144044845e-005	-1	
18.823508300970445	-38.966633657749355	-2.2396124011967413e-005	-1	
16.227922588262274	-34.72147118052046	-2.1568579829793246e-005	-1	
17.02986245231024	-36.60451915337714	-2.2849750151826677e-005	-1	
15.42400138513749	-34.019522111937995	-2.1292564301473451e-005	-1	
14.334677998769918	-33.943909518665379	-2.2641559266311161e-005	-1	
13.154730947394244	-34.278613077414057	-2.5537806040342073e-005	-1	
11.878743431818785	-33.716871614293943	-2.7153374427231881e-005	-1	
0	-19.972999999999999	0	-1	
0.026999999999999996	-20	-7.1350165419544962e-011	-1	
0.05679647439473437	-20.056796474394734	-5.2432419672999756e-011	-1	
0	-20.18240625	0	-1	
0	-20.104703125	0	-1	
3.7441810600535175	-28.759301880474332	1.6730949792599981e-005	-1	
2.6700653410370556	-28.809500487879188	7.48416707582936e-006	-1	
1.9561348173594828	-28.892543792440311	3.7171040932495324e-006	-1	
1.2520180586699641	-28.748278158266647	1.7475802187542613e-006	-1	
0.58142395713737938	-27.7973125	5.8460291990294663e-007	-1	
0.62850982936020017	-28.570025518714328	4.7450676266558291e-007	-1	
0	-27.486499999999999	0	-1	
10.810555830690344	-33.057885151811782	-2.7465903323841799e-005	-1	
8.7722188120276599	-33.705953206097071	-3.9906641197692307e-005	-1	
9.8997669412429836	-33.921454203942837	-3.5152231306943161e-005	-1	
7.9058894721046924	-34.459132426839474	-4.9549536155309714e-005	-1	
6.3216756119322319	-32.574147557830862	-4.9233883023703888e-005	-1	
6.6681324806291586	-33.881959500608566	-5.7050552368428257e-005	-1	
5.8867002452023707	-31.317261799130556	-3.5496886100768078e-005	-1	
5.8957220005155397	-31.828447692143627	-4.402279325770216e-005	-1	
5.4594976539763547	-31.035677125165634	-3.4160356740241051e-005	-1	
5.487443235457059	-30.620053346137492	-2.3440657199813602e-005	-1	
5.6188650779592937	-30.079438337090203	-6.8761648443997956e-006	-1	
5	-29.662187499999998	1.3390929478821576e-005	-1	
4.8318669898180238	-29.561430808680814	1.3509829878543081e-005	-1	
4.1881723326448448	-29.585556255477439	6.6379854256269829e-006	-1	
4.5607797658053801	-29.831880102047123	2.198699935669702e-006	-1	
5.0882600806634759	-29.739890625000001	8.7027780695753716e-006	-1	
5.2474635376909706	-29.835529873548598	3.0098248724681797e-006	-1	
5.3913587162127952	-29.918268199335333	-9.7894773493471187e-007	-1	
16.654753647538509	-38.554022577181421	-2.382645884467591e-005	-1	
17.609018824111125	-39.444219908987378	-2.2943599156878036e-005	-1	
20	-41.231437499999991	-2.1482823253293131e-005	-1	
18.674801079645626	-40.197334442482394	-2.2152486453965655e-005	-1	
15.298066413506721	-35.910787691514599	-2.4278402959700564e-005	-1	
15.743987849587992	-37.134133086490571	-2.4601277109629321e-005	-1	
14.230067537965999	-35.165939865170557	-2.5095364405278399e-005	-1	
12.595631686017454	-35.55576053453116	-2.962033381548495e-005	-1	
10.961034753459312	-34.513503887492256	-3.2726719803438111e-005	-1	
0	-20	0	-1	
0	-20.027000000000001	0	-1	
3.5823631137965006	-29.378672915041459	7.0021648773153013e-006	-1	
2.8091249999999999	-29.436762301104711	3.086662729409157e-006	-1	
2.1908750000000001	-29.464536867784155	1.7486735321740185e-006	-1	
1.4212505261549087	-29.372639385102381	1.0944136904377618e-006	-1	
0.41396743766687372	-29.181996169718829	1.4920770436518646e-007	-1	
0.80898600396896092	-29.581442460987972	2.2506169787202909e-007	-1	
0	-28.108125000000001	0	-1	
0	-28.729750000000003	0	-1	
8.6774875852897821	-35.585989697504097	-4.7500626683682347e-005	-1	
10.055384351459802	-35.348843714294816	-3.9054866509482164e-005	-1	
7.4265074322868694	-35.737945867737174	-5.7146830219107293e-005	-1	
5.6397759314730731	-33.002819439328761	-6.1063561712470707e-005	-1	
5.5473874264346277	-32.202687499999996	-5.3384868039256017e-005	-1	
6.1717120399587166	-35.621625000000002	-6.8293769143110006e-005	-1	
5	-33.756749999999997	-7.4176056322462362e-005	-1	
5	-35	-7.9078645803865074e-005	-1	
5.4482927033158974	-31.581062500000002	-4.5288494299549626e-005	-1	
5.2462705432962915	-30.677824808575451	-2.791808321446823e-005	-1	
5	-31.270250000000001	-4.5978554154264142e-005	-1	
5	-30.9594375	-3.9083865845523363e-005	-1	
5.1692333386859284	-30.442098105756035	-2.1594195663030161e-005	-1	
5.3267657062069311	-30.292779244540082	-1.4821136408759333e-005	-1	
5.3400747713014241	-30.076133363162402	-6.9269231672247123e-006	-1	
4.9129392657066653	-29.739890625000001	8.6685510580082751e-006	-1	
5	-29.81759375	6.9658636333327783e-006	-1	
4.7858538018364039	-29.791585032556739	5.091193001186365e-006	-1	
3.7365000000000004	-30	-2.4955649591759236e-006	-1	
4.3547500000000001	-30	-3.0868654740883607e-006	-1	
4.7411562499999995	-29.911612475340021	1.0907829667727465e-007	-1	
4.663875	-30	-3.3868151787195046e-006	-1	
5.0802348075920483	-29.857207343610852	3.7262135257268947e-006	-1	
5.2265874491376216	-29.938315206649683	-1.2206093843960207e-006	-1	
5.1221905073245404	-29.948410468610856	-1.1021438951194974e-006	-1	
15.992598429802692	-40.105515719968722	-2.390820341422127e-005	-1	
14.986995091318857	-38.30072057828108	-2.5901627844902097e-005	-1	
17.511285744419219	-41.249985196247025	-2.2056347414644958e-005	-1	
20	-43.10559374999999	-2.0067817419390909e-005	-1	
18.759543318885925	-41.764069996938474	-2.1258692366925987e-005	-1	
14.384981486586632	-36.83906340421909	-2.6699824123984817e-005	-1	
13.250801062769341	-36.531362099847961	-2.8986999899651399e-005	-1	
12.129162072865377	-36.576811857506534	-3.2197101590467501e-005	-1	
11.423453987515472	-35.637328005854343	-3.3622059945907617e-005	-1	
3.1182500000000002	-30	-1.9511309167452397e-006	-1	
2.5	-30	-1.44860636149407e-006	-1	
1.88175	-30	-9.35944920445373e-007	-1	
1.2635000000000001	-30	-4.0517283916124913e-007	-1	
0	-29.351374999999997	0	-1	
0.16962753446297643	-29.556637650735286	1.0124788352863101e-008	-1	
0.43637857080842213	-29.832766143145157	-5.8910925692660979e-009	-1	
0.64524999999999999	-30	-1.1333660428909237e-007	-1	
8.1537192779825904	-36.767122700142046	-5.1400153970520452e-005	-1	
9.42706992928332	-36.986180976616545	-4.3557479459449495e-005	-1	
10.7203369258955	-36.578752568367115	-3.7417611845882611e-005	-1	
5.7094824620331712	-36.864874999999998	-7.167443929798348e-005	-1	
7.1333991850273408	-37.559811363850415	-5.7273178987180226e-005	-1	
5	-32.513500000000001	-6.4396818348772574e-005	-1	
5	-31.891874999999999	-5.6551900466382883e-005	-1	
5	-36.243250000000003	-8.0054281885174859e-005	-1	
4.2950340207767486	-33.135125000000002	-4.9711941555684581e-005	-1	
3.8253121409049688	-34.378374999999998	-4.328640590918317e-005	-1	
3.8588471914457143	-35.659657632477128	-4.5919445084840578e-005	-1	
5	-30.648625000000003	-3.0824942095757554e-005	-1	
4.7102329023198157	-31.114843750000002	-3.573479904366755e-005	-1	
4.6467499498178739	-31.581062500000002	-4.2376976016495254e-005	-1	
4.6029404828261224	-30.804031250000001	-2.6804769860477518e-005	-1	
5.0892613913012497	-30.260109375000006	-1.6096586650043736e-005	-1	
5	-30.337812500000005	-2.0664108787211567e-005	-1	
5.1817639483216338	-30.131264355623379	-9.7528403129199732e-006	-1	
5.1784850750445663	-30.031518196840992	-5.2813102170739196e-006	-1	
4.918627139847116	-29.8564453125	3.7623735477819605e-006	-1	
5	-29.895296875	3.1404333846647565e-006	-1	
4.8582344105963893	-29.920413067845487	2.3871777250998687e-007	-1	
3.4725469429408911	-30.742686543141133	-1.2456327505067764e-005	-1	
4.1910139960310451	-30.418557539012028	-1.2545383249184069e-005	-1	
4.5636214291915778	-30.167233856854843	-8.7930407080313032e-006	-1	
4.8184374999999999	-30	-3.5096235482841475e-006	-1	
4.7411562499999995	-30.08661544246392	-6.9341807416261826e-006	-1	
5.0358669721487956	-29.934148437499999	3.5641217751509371e-007	-1	
5.0432964743947339	-29.986499999999999	-2.8245490613553047e-006	-1	
5.0789258424397214	-30.024589531389143	-5.0707139973331188e-006	-1	
15.611270364472471	-41.171479797224372	-2.3353546385857357e-005	-1	
14.555958922236641	-39.869538721509571	-2.5741524633001013e-005	-1	
13.536989274797634	-37.671161044301812	-2.8630643349494259e-005	-1	
13.508029965099078	-38.858864135258393	-2.8237192412709071e-005	-1	
16.403973225258351	-42.174510553511212	-2.1813207016633524e-005	-1	
17.725265258791815	-42.631652297889481	-2.0826163223958692e-005	-1	
19.214426221893657	-44.042671874999989	-1.9177868404817236e-005	-1	
20	-44.979749999999989	-1.8192751621072921e-005	-1	
18.848210477843161	-42.937843745267834	-2.0293506145396615e-005	-1	
12.348950875494223	-37.677644536156194	-3.1576286797234111e-005	-1	
2.8091249999999999	-30.603318936090577	-6.8998504014510058e-006	-1	
2.1908750000000001	-30.539240935927445	-4.0161715930122722e-006	-1	
1.4176368862034985	-30.621327084958541	-1.9383580884763797e-006	-1	
0.81182766735515532	-30.414443744522565	-5.4209584418465438e-007	-1	
0	-29.662187499999998	0	-1	
0.090049782855335006	-29.739890625000001	1.2148319572045277e-010	-1	
0.20924993779056533	-29.787595543260039	-2.5166930674133803e-009	-1	
0.25884375000000004	-29.913384557536084	-1.3892252551550436e-008	-1	
0.33612500000000001	-30	-3.6205563598857465e-008	-1	
0.43922023419461942	-30.168119897952881	-1.1140727509574808e-007	-1	
8.6420770522874033	-38.091768429259091	-4.5874085946812453e-005	-1	
9.7867860060809004	-38.293522468526106	-4.0059346278332245e-005	-1	
10.926816157742769	-38.520226095663773	-3.5362389368555327e-005	-1	
5.566852475174187	-37.797312500000004	-6.9582395066905756e-005	-1	
5	-37.486499999999999	-7.7156569667207847e-005	-1	
7.1425927755147507	-38.649114040446776	-5.1777542251588774e-005	-1	
6.0670444356102813	-38.821916273866314	-5.8079198421318097e-005	-1	
4.4131652236019985	-32.202687499999996	-4.4464182000020943e-005	-1	
4.2950362340906789	-36.864874999999998	-5.677600493757954e-005	-1	
3.5059244442645165	-32.561450303649941	-2.9301449648119414e-005	-1	
3.4167618306135061	-33.513657828684941	-3.158200020362232e-005	-1	
2.5213891291711645	-34.465563715961522	-1.8256585609359503e-005	-1	
2.7299387681193612	-35.57803967830624	-2.2288316134572771e-005	-1	
3.2364658360148524	-36.590228419692664	-3.1429568126898025e-005	-1	
4.830372465537029	-30.443362349264714	-2.0651523459330975e-005	-1	
4.1581761204317509	-31.131488740494728	-2.6372343362575207e-005	-1	
5	-30.18240625	-1.4278311042514363e-005	-1	
5.0813379781504846	-30.142030625278288	-1.113235521625524e-005	-1	
4.9099502171446652	-30.260109375000006	-1.5777077955894308e-005	-1	
5.093015846667444	-30.083045453729245	-8.0968426176887208e-006	-1	
4.9432035256052655	-29.943203525605266	-3.4665638201567605e-007	-1	
5	-29.972999999999999	-1.4852396519094014e-006	-1	
4.8957187500000003	-30	-3.5737891402844311e-006	-1	
3.0170729467795336	-31.262143272644465	-1.3267849952904069e-005	-1	
4.790750062209435	-30.212404456739961	-1.2250033446355311e-005	-1	
4.8570781250000001	-30.080553646420938	-7.3598723676788764e-006	-1	
5	-30	-3.633037128114079e-006	-1	
5.0279622616952429	-30.013500000000004	-4.6009208711266639e-006	-1	
5.0356293680449875	-30.065089531389145	-7.7020251004620684e-006	-1	
14.646387372131528	-41.763671758077571	-2.350042755861253e-005	-1	
15.35412503698908	-42.904077072166771	-2.1496594449532424e-005	-1	
13.597823323430802	-41.509652355491333	-2.4877216292245117e-005	-1	
13.239794266236041	-40.491896188562258	-2.6856357646656792e-005	-1	
11.904973817247365	-39.269905573676958	-3.1343801163678769e-005	-1	
16.584592564268263	-43.440142876870205	-2.031687566052006e-005	-1	
18.134688872881696	-44.616613361869874	-1.8674818033290179e-005	-1	
20	-46.853906249999987	-1.616769761749188e-005	-1	
18.493472609950356	-46.213717279773817	-1.6874088544391903e-005	-1	
2.3299346589629382	-31.190499512120809	-7.7488513761936854e-006	-1	
1.2558189399464832	-31.240698119525664	-2.1857482961225339e-006	-1	
0.42090635479520577	-30.813210672335643	-2.1068936495901349e-007	-1	
0	-29.81759375	0	-1	
0.079738551266571256	-29.858382892807573	-9.3991044674162664e-010	-1	
0.14292187500000003	-29.919446353579062	-4.6805152090174929e-009	-1	
0.18156250000000002	-30	-1.1068623070678643e-008	-1	
0.25884375000000004	-30.088387524659982	-3.0510012705238306e-008	-1	
0.16813301018197632	-30.438569191319189	-2.3333546073355568e-008	-1	
0.21414619816359637	-30.208414967443264	-2.5647931891000727e-008	-1	
7.9190105561310276	-39.51874497732662	-4.293960916813405e-005	-1	
9.0586002005952651	-39.1995074098716	-4.0130161707218088e-005	-1	
10.714473641380975	-39.588529266869614	-3.369637860019843e-005	-1	
5.389346142491787	-38.418937499999998	-6.7329905051160676e-005	-1	
5	-38.108125000000001	-7.3902542665939852e-005	-1	
4.4131542279095521	-37.797312500000004	-5.7319400362886986e-005	-1	
6.7630955786229485	-39.670214780284574	-4.5991898614177475e-005	-1	
5.372825889753595	-38.91685507357915	-6.2973641751866419e-005	-1	
5.5498097641698303	-39.294590643556667	-5.6907205578018702e-005	-1	
6.0364865481483436	-39.546310263620185	-5.0644160695323433e-005	-1	
3.6316619280822247	-37.609945086503402	-3.7984183237179893e-005	-1	
2.5586177938692045	-32.328197884386036	-1.4112198965408824e-005	-1	
1.9085818606116201	-33.311317492523663	-9.2926746419195591e-006	-1	
1.1289605309496717	-34.378374999999998	-3.5553311659305165e-006	-1	
1.2662665937422926	-35.880675738019683	-4.6977857838943405e-006	-1	
2.2374101018797852	-37.035076339603243	-1.450515457368144e-005	-1	
5	-30.104703125	-1.046662939624793e-005	-1	
4.9202614487334291	-30.141617107192431	-1.0877982999446247e-005	-1	
4.9729999999999999	-30	-3.6320359525487805e-006	-1	
4.9432035256052655	-30.056796474394734	-6.8769692265419134e-006	-1	
5	-30.027000000000001	-5.838682314137612e-006	-1	
14.037039907335746	-43.162347558105353	-2.1784957587072022e-005	-1	
14.923071106543082	-44.193321246743423	-1.9810580421838469e-005	-1	
12.813711293667748	-42.250719657359923	-2.4250080439545229e-005	-1	
12.301294950295055	-41.19556246924342	-2.7002178614014929e-005	-1	
11.432044271030694	-40.407951869271706	-3.009712727463207e-005	-1	
16.242167172731008	-44.788704713664636	-1.8716522677394525e-005	-1	
16.866679266957718	-46.032030423441597	-1.7104397541566128e-005	-1	
20	-48.7280625	-1.4185087903846839e-005	-1	
19.021491536917726	-47.335852749678935	-1.5639474225530525e-005	-1	
17.937069522571054	-47.218463927056312	-1.5730271975539634e-005	-1	
1.2474197719500082	-32.335645636340779	-3.3685930690946212e-006	-1	
0.63201557245665929	-31.429964521461724	-5.9940581319981311e-007	-1	
0	-31.270250000000001	0	-1	
0	-30.648625000000003	0	-1	
0	-29.895296875	0	-1	
0.05679647439473437	-29.943203525605266	-8.2894654919901811e-010	-1	
0.10428125000000001	-30	-3.6640645349010339e-009	-1	
0.14176558940361073	-30.079586932154516	-8.7286302810223223e-009	-1	
0	-30.337812500000005	0	-1	
0.087060734293334816	-30.260109374999999	-4.4137339646015595e-009	-1	
0.081372860152884072	-30.1435546875	-3.3228588072391368e-009	-1	
7.8944289199461046	-40.684282741450154	-3.5898387721312176e-005	-1	
8.9600438513737686	-40.8452631022354	-3.3118308797045948e-005	-1	
9.7757447736114909	-40.140932310561027	-3.4376991897771578e-005	-1	
5	-38.729749999999996	-6.9043359415223111e-005	-1	
4.6467665772228681	-38.418937499999998	-6.0541296985612164e-005	-1	
4.0789039592977812	-38.277636128710796	-4.6032417413585327e-005	-1	
6.0948305736083492	-39.981237119498203	-4.5062735163844734e-005	-1	
6.3752872176827635	-40.662894719185608	-3.7245589971376697e-005	-1	
5.2550888792786496	-39.317036843521315	-5.92333531553441e-005	-1	
5	-39.040562499999993	-6.5690528760709862e-005	-1	
5.3593858871032278	-39.552348508087334	-5.4705965712147828e-005	-1	
5.5396287073917154	-39.614897864467103	-5.2463098529404764e-005	-1	
5.6666607526958668	-39.88513301068599	-4.771657392738997e-005	-1	
3.4984142269824923	-38.40246121408785	-3.2572614848757688e-005	-1	
2.5340706812797311	-38.508458882173983	-1.639299546521286e-005	-1	
0.74118089366593765	-33.14931174940007	-1.3554216213824349e-006	-1	
0	-33.756749999999997	0	-1	
0	-35	0	-1	
0	-36.243250000000003	0	-1	
1.1471173843385274	-37.384525440693636	-3.6869941717354568e-006	-1	
1.6440992786742958	-38.415962244806622	-6.8427497916982961e-006	-1	
12.655984416395416	-43.81064074593008	-2.1113239885877031e-005	-1	
13.772669325902962	-44.917568287284716	-1.8810975298629175e-005	-1	
15.224894362654545	-45.737930822822484	-1.749641027797904e-005	-1	
11.685966897166661	-42.578854407814056	-2.4338585345087169e-005	-1	
11.241557790721206	-41.491665195025618	-2.7570087483776668e-005	-1	
9.9175033793845664	-41.129612009099937	-3.0541287287178778e-005	-1	
16.070606349289683	-46.878216409620883	-1.6005649026241259e-005	-1	
16.893572710082683	-47.698270787362894	-1.509727881572551e-005	-1	
20	-50.602218749999999	-1.2382239885559311e-005	-1	
18.433141463124514	-48.254327262958391	-1.4628859839298123e-005	-1	
18.491784107893341	-49.56009698493574	-1.3286190909187389e-005	-1	
0.59207396600972373	-32.202687499999996	-7.3945143845403549e-007	-1	
0	-31.891874999999999	0	-1	
0	-29.972999999999999	0	-1	
0.026999999999999996	-30	-2.4504195112602976e-010	-1	
0.05679647439473437	-30.056796474394734	-1.327878105078269e-009	-1	
0	-30.18240625	0	-1	
0	-30.104703125	0	-1	
8.3016188960869268	-41.596302133757227	-3.0021860325801247e-005	-1	
7.4630379620118381	-42.141043119983465	-2.6705505506091843e-005	-1	
9.2590784240977264	-41.880651040621757	-2.8180101854957155e-005	-1	
4.710156941408111	-38.885156249999994	-5.8484130464132442e-005	-1	
4.211229798370355	-38.847657095587174	-4.5540593302631668e-005	-1	
5.7571104025068314	-40.261434338081784	-4.1962945797500562e-005	-1	
5.5258809477076909	-40.856255547102194	-3.4021770218718088e-005	-1	
5.7279442662232345	-41.543068000597756	-2.8050553667011731e-005	-1	
5.1687326833670406	-39.559507569073219	-5.6252216552930288e-005	-1	
5	-39.351374999999997	-6.1528664855707473e-005	-1	
4.5790936452047921	-39.186789327664371	-5.1517533141795964e-005	-1	
5.2624928302037164	-39.716700665888013	-5.2547421379417887e-005	-1	
5.3694649617825414	-39.856170333850088	-4.9307253928882825e-005	-1	
5.4257218531919769	-40.061520712898904	-4.535387448251848e-005	-1	
3.8318811788970653	-39.173891835529446	-3.4609357016675751e-005	-1	
2.8276616059461523	-39.43312008971531	-1.7115692560305658e-005	-1	
2.1908750000000001	-39.415878688068261	-1.0252076071953593e-005	-1	
0	-32.513500000000001	0	-1	
0	-37.486499999999999	0	-1	
0.75034589565452781	-38.458501823089385	-1.4134134668929182e-006	-1	
1.1396302967664897	-39.15495870736423	-2.8744300901900937e-006	-1	
12.254350032322719	-45.326200507836745	-1.79090264303674e-005	-1	
10.98903513114014	-43.615514901165632	-2.1857387753295758e-005	-1	
13.735895062960971	-46.489484768054723	-1.6183434065051996e-005	-1	
14.912416197380777	-46.969640615780627	-1.5719065119050566e-005	-1	
10.536710136887445	-42.33659682331416	-2.5758523239757806e-005	-1	
15.626104998836231	-48.780216168882404	-1.3581725395874598e-005	-1	
17.204133061011703	-49.335534503468075	-1.3333262856359138e-005	-1	
20	-52.476374999999997	-1.0863622831186293e-005	-1	
18.830115768670623	-51.342146439384074	-1.1684940583263018e-005	-1	
17.674487336638816	-50.580145765296379	-1.2207074401042644e-005	-1	
0	-30	0	-1	
0	-30.027000000000001	0	-1	
8.472066812398177	-42.776523104203754	-2.4337337363981021e-005	-1	
6.3134856800049981	-42.660326814468284	-2.1925312258511506e-005	-1	
6.7775833602047229	-43.664999779268094	-1.8225437002611231e-005	-1	
9.6757025375634793	-43.360563842965853	-2.2529654391719104e-005	-1	
4.1881723326448244	-39.585556255477456	-3.7695437340424615e-005	-1	
5.4160854691411036	-40.444425657476096	-3.9021300426514915e-005	-1	
5.1790306535533741	-40.60855859809358	-3.562478812267372e-005	-1	
5.1713386099343701	-41.092811324519154	-2.973301511143441e-005	-1	
4.9027228087814523	-41.620578694508097	-2.348824544261501e-005	-1	
5.0522981382719561	-42.637261927685678	-1.7744855623133978e-005	-1	
5	-39.662187500000002	-5.6256444002557212e-005	-1	
5.0882600806634741	-39.739890625000001	-5.3603871256033012e-005	-1	
4.83186698981803	-39.561430808680818	-5.2983087857210531e-005	-1	
4.5607797658053633	-39.831880102047116	-4.1788896206981044e-005	-1	
5.1875667407725627	-39.875700371354796	-4.9780292934873936e-005	-1	
5.2309015841270083	-39.975621476767266	-4.7371822191300283e-005	-1	
5.2519250176890635	-40.184517769675558	-4.2985433259540653e-005	-1	
3.8910624999999999	-39.715102101620687	-3.0844054134071471e-005	-1	
3.4273749999999996	-39.647918349567639	-2.4181023615214447e-005	-1	
2.5	-40	-1.1308864171785957e-005	-1	
3.1182500000000002	-40	-1.7653000921298132e-005	-1	
1.5726250000000002	-39.649380101721064	-4.9274233223885486e-006	-1	
1.88175	-40	-6.3839353670004575e-006	-1	
0	-38.729749999999996	0	-1	
0.4139674376668348	-39.181996169718815	-3.7589507555783938e-007	-1	
1.1089375000000001	-39.708426532924662	-2.3931764154263861e-006	-1	
0.79981250000000004	-39.592899966786895	-1.2832288602223664e-006	-1	
12.532659771439159	-46.496829742275565	-1.5821984441589705e-005	-1	
11.057847956707541	-45.742186441169828	-1.657578794720288e-005	-1	
9.8369566825047237	-45.404420234663242	-1.6601129316811334e-005	-1	
14.550708803225962	-48.187802911558819	-1.3999170665273142e-005	-1	
13.078096475958869	-48.254564643532838	-1.3310410620586163e-005	-1	
15.638690708193954	-49.925399960792639	-1.2334158376102486e-005	-1	
14.596912184442763	-49.44968804714663	-1.2479305205784349e-005	-1	
16.384956431057773	-50.794129946583681	-1.1708125576403492e-005	-1	
20	-54.350531250000003	-9.6630133390007859e-006	-1	
18.720179825310375	-53.369096895603612	-1.0165656720482679e-005	-1	
17.555434457322082	-51.881877534216635	-1.1061046161932439e-005	-1	
7.7208463427765048	-44.243799717654596	-1.7650365997941029e-005	-1	
5.6752365061819772	-43.564687939209911	-1.569504442373111e-005	-1	
6.7480113216018633	-44.771290842912428	-1.4231328126212899e-005	-1	
5.645905676545877	-44.67120081950663	-1.1951779653427095e-005	-1	
8.5316186284392952	-45.274970408511862	-1.5611125615362526e-005	-1	
4.3547500000000001	-40	-3.5068249232448444e-005	-1	
4.0456250000000002	-40	-3.0052767752286462e-005	-1	
5.1332975525436364	-40.323877915115077	-3.989396603705522e-005	-1	
4.9024418167959016	-40.690003199941849	-3.2637482077448659e-005	-1	
4.8561034179473079	-40.370256021950389	-3.6868746683797915e-005	-1	
4.8237788110730397	-41.033670958420146	-2.8115640000600541e-005	-1	
4.3513963538086209	-41.885760587465498	-1.8283615299721548e-005	-1	
4.2841919475423058	-41.277676823429843	-2.1808341854089851e-005	-1	
4.5292707396235485	-43.661493975111405	-1.1362811636786821e-005	-1	
3.8422656350210396	-42.626108858389031	-1.1928114977511737e-005	-1	
4.9129392657066662	-39.739890625000001	-5.199637857832555e-005	-1	
5	-39.81759375	-5.2817064168612372e-005	-1	
5.0802348075920483	-39.857207343610852	-5.0970887833650939e-005	-1	
4.7858538018363923	-39.79158503255676	-4.7566332495687082e-005	-1	
4.7411562499999995	-39.911612475340007	-4.3910208845543369e-005	-1	
4.663875	-40	-4.0440151397207344e-005	-1	
5.1084494429488574	-39.950550816513655	-4.8320842492782838e-005	-1	
5.1410283587607148	-40.141028358760714	-4.3604852701616359e-005	-1	
5.1159007384291844	-40.024589531389147	-4.6338106987928414e-005	-1	
3.7365000000000004	-40	-2.558348724250405e-005	-1	
2.4995922144857308	-40.672867862367944	-9.6304960811042528e-006	-1	
3.4885294440163115	-40.317157111640455	-2.0445584492671631e-005	-1	
3.1723722734606596	-40.661990420466466	-1.5481988004307029e-005	-1	
1.2635000000000001	-40	-2.858822124618372e-006	-1	
1.5726249999999999	-40.458648739337434	-4.005706427184683e-006	-1	
0	-39.351374999999997	0	-1	
0.16962753446297824	-39.556637650735262	-5.7909105466746967e-008	-1	
0.95437500000000008	-40	-1.6363830142504212e-006	-1	
0.43637857080842213	-39.832766143145157	-3.5942905755306016e-007	-1	
0.64524999999999999	-40	-7.4518952431968388e-007	-1	
11.828507617076935	-47.472534030939364	-1.380471670941272e-005	-1	
10.309809029442711	-46.764487412987279	-1.4014385946425374e-005	-1	
8.044541850899904	-46.492928086620509	-1.2086649113009109e-005	-1	
8.9808378614584434	-47.318750623227309	-1.1583379572903655e-005	-1	
13.433424284316242	-49.940386278356534	-1.138783200620906e-005	-1	
11.904395860212038	-49.146456486679014	-1.1418101644315216e-005	-1	
14.789998886374184	-50.697568800019518	-1.124000642009253e-005	-1	
16.450041100143189	-52.390681734099189	-1.0375505891788474e-005	-1	
15.251359411091331	-52.181066858088116	-1.0108862871863964e-005	-1	
20	-56.224687500000002	-8.8026198624374134e-006	-1	
18.86599168524458	-55.484048323443233	-9.0219573407592456e-006	-1	
17.809649343034923	-54.636308915464497	-9.2885076299841376e-006	-1	
17.167369445887797	-53.522953933109818	-9.7853102191336458e-006	-1	
6.9712727132837937	-45.855177006969278	-1.1768692159373685e-005	-1	
5.2180308192683116	-46.145935077569298	-7.6353846045695317e-006	-1	
3.9109477321461577	-45.340049335821035	-5.89496628644485e-006	-1	
4.5622469053096157	-40.167662438457988	-3.6219501219688333e-005	-1	
4.316967697931398	-40.258987884498424	-3.1509314430149899e-005	-1	
3.8910625000000003	-40.323877895776704	-2.5264073141310524e-005	-1	
4.9756309509229659	-40.230953384676965	-4.0527781098772671e-005	-1	
4.6804280588919074	-40.455279114380311	-3.371358983659895e-005	-1	
4.5894753726575512	-40.770237294220721	-2.8939822992060147e-005	-1	
4.7144214092588346	-40.263093760733305	-3.6928378538216522e-005	-1	
4.8752761489054031	-40.187706132116986	-4.0328801791983505e-005	-1	
3.7982561128355838	-41.624383139850615	-1.5992365014045995e-005	-1	
3.9122499735314111	-41.038427249853896	-2.0293706778677207e-005	-1	
4.0797582182294096	-40.629132516873391	-2.5062367269741456e-005	-1	
3.4012130918636316	-43.885312852870129	-6.7820184998642412e-006	-1	
3.0484346185720224	-42.598584678652735	-8.03164941437998e-006	-1	
3.2367230378194276	-41.826915880317635	-1.1421758389371772e-005	-1	
4.9186271398471106	-39.8564453125	-4.9428356759820391e-005	-1	
5	-39.895296875	-5.0731223894089811e-005	-1	
5.0358669721487956	-39.934148437499999	-4.9187278270829849e-005	-1	
4.8582344105963946	-39.920413067845494	-4.6258130364039235e-005	-1	
4.8184374999999999	-40	-4.3305856022375732e-005	-1	
4.7411562499999995	-40.0874726056702	-4.0288382786568865e-005	-1	
5.0432964743947339	-39.986499999999999	-4.7460952816130177e-005	-1	
5.0245895313891484	-40.115900738429183	-4.3536315434874616e-005	-1	
5.0345147326453059	-40.034514732645306	-4.5867977048979117e-005	-1	
3.0168484808510918	-41.103213399584718	-1.2359359370239109e-005	-1	
1.9495014991800224	-40.940523861368234	-5.4706194410039221e-006	-1	
2.4464561918203178	-41.262767331486536	-7.9107747596516607e-006	-1	
3.639337344988558	-40.690433158425293	-1.9895150900862235e-005	-1	
3.4671306344313111	-41.106497640095654	-1.5998297543180813e-005	-1	
1.0200321277469857	-40.435025673152481	-1.7003359553184051e-006	-1	
1.3539174192970889	-41.080234750909426	-2.560514208102409e-006	-1	
0	-39.662187500000002	0	-1	
0.090049782855350063	-39.739890625000001	-1.5379118060314847e-008	-1	
0.20924993779054757	-39.787595543260039	-8.2399992940733195e-008	-1	
0.64199134882469511	-40.209984867524739	-7.0844135417968009e-007	-1	
0.25884375000000004	-39.913384557536084	-1.2295269855477637e-007	-1	
0.33612500000000001	-40	-2.0192511925184834e-007	-1	
0.43637857080842213	-40.167233856854843	-3.2931253089943882e-007	-1	
10.321125580651325	-48.204363799080134	-1.1503409971347426e-005	-1	
7.828586000130815	-47.722560613790371	-9.4603555736676396e-006	-1	
6.6510233943741142	-47.399925882344718	-8.2267884204227174e-006	-1	
8.7362261891828012	-48.466615179221527	-9.4874269305687725e-006	-1	
13.197385653195376	-51.054120854580972	-1.0090251858722324e-005	-1	
12.061191873723503	-50.982130319448459	-9.4172328640680837e-006	-1	
11.291893251665922	-50.123307406683608	-9.7853988696710385e-006	-1	
10.183727516445426	-49.804927337155341	-9.2319331415806025e-006	-1	
13.885773250819957	-51.960896161421601	-9.653270122685703e-006	-1	
15.829718535205574	-53.437570507246818	-9.4212158520010495e-006	-1	
14.397995625196494	-53.269676496902036	-8.9228509700886966e-006	-1	
20	-58.09884375	-8.2681681869733047e-006	-1	
18.674868493492802	-57.816171932341838	-8.2374408627536614e-006	-1	
17.57713906406898	-55.900437766962035	-8.6604050597384755e-006	-1	
16.525887526330884	-54.699857172608581	-8.9077289467286855e-006	-1	
5.0759626530870836	-47.489325968989654	-5.4533534679316067e-006	-1	
3.8698243203472682	-46.880957023949804	-3.9469113118973784e-006	-1	
2.1570459512697204	-45.347738290164799	-1.963477951552576e-006	-1	
2.7744035149264983	-46.381372955373038	-2.420133628351262e-006	-1	
4.485303053530556	-40.459401044550042	-3.1355191982538449e-005	-1	
4.9505230545537913	-40.108464007383276	-4.298116551685848e-005	-1	
4.8576292186108594	-40.079863668341581	-4.229951103005933e-005	-1	
2.2550156352685731	-43.982699490905055	-3.1661879777092433e-006	-1	
2.4985185578334237	-42.025420139197983	-6.5846594424625815e-006	-1	
2.0816112403250906	-42.845517147308826	-3.7226704581473271e-006	-1	
4.9432035256052655	-39.94320352560527	-4.763514165628377e-005	-1	
5	-39.972999999999999	-4.8173366950256349e-005	-1	
4.8957187500000003	-40	-4.4798226468300188e-005	-1	
5	-40	-4.6971193949971095e-005	-1	
4.9864999999999995	-40.043296474394737	-4.5192009677990136e-005	-1	
1.8112883003269975	-41.690659973956222	-3.8957834542195437e-006	-1	
0.58532778240868222	-40.502777624192639	-5.519555686852137e-007	-1	
0.70033240042051215	-40.902602828066193	-7.1902038380354665e-007	-1	
0.75032029555387147	-41.387475680998165	-7.3750664269016741e-007	-1	
1.1639422539858286	-42.094083042250872	-1.4642449829549994e-006	-1	
0	-39.81759375	0	-1	
0.079738551266569896	-39.858382892807583	-1.1787222069500232e-008	-1	
0.142921875	-39.919446353579062	-3.7306289577805655e-008	-1	
0.45533565362739059	-40.306234100494564	-3.4897731793729987e-007	-1	
0.18156250000000002	-40	-5.8880326036285614e-008	-1	
0.25884375000000004	-40.086615442463916	-1.1776137377824616e-007	-1	
0.31578173169166351	-40.29191133563355	-1.6789667760629936e-007	-1	
7.1100353138994263	-48.709693721191755	-7.1275548720060181e-006	-1	
5.7225890098459562	-48.675393760365012	-5.2410893244476445e-006	-1	
8.2321122140363219	-49.526472249388682	-7.5781942996456927e-006	-1	
12.572759552626707	-51.910300337325687	-8.9445001882953772e-006	-1	
10.961484042420457	-51.193239191717453	-8.4146117397692154e-006	-1	
8.6304084982851066	-50.571218116619157	-6.8939896422541276e-006	-1	
9.8473756499020375	-51.0806036737848	-7.584344118496405e-006	-1	
13.190203267726792	-52.949326772395473	-8.5011115863019462e-006	-1	
14.935539687208093	-54.568261922951578	-8.392452130919308e-006	-1	
13.414268237916142	-54.273448460480807	-7.798194804791556e-006	-1	
20	-58.5673828125	-8.1903940764232451e-006	-1	
19.531723464481477	-58.679959298805962	-8.1620650073846622e-006	-1	
17.006634683408787	-57.010121744194464	-8.1278176709969191e-006	-1	
17.391525289071438	-58.100572948981032	-7.9516278398334204e-006	-1	
18.888941997801219	-59.013878737250351	-8.0785385625286525e-006	-1	
15.859591750832687	-56.863434596921522	-7.8030243264367573e-006	-1	
15.321324738187307	-55.74654339519612	-7.9979206711732744e-006	-1	
3.9194136979808314	-48.282457845429526	-3.0587072747612039e-006	-1	
2.5209943312239136	-48.387752354600593	-1.3029597023296756e-006	-1	
1.1792804033380717	-44.390187499999996	-7.6766718808323269e-007	-1	
1.24505426211338	-46.59362380649037	-5.1795769076107043e-007	-1	
1.2669320439757037	-47.928837728354999	-3.6905401927928027e-007	-1	
4.9343593750000005	-40.035801201060274	-4.4609635255914481e-005	-1	
0.91932978038522528	-43.081888445509819	-6.9744099832588984e-007	-1	
4.9729999999999999	-40	-4.6399312467881682e-005	-1	
0.36666630464424604	-40.414945577679873	-2.2073678671093653e-007	-1	
0.31701385162979079	-40.740883484852247	-1.5295047473258363e-007	-1	
0.34427372831600578	-41.117796874999989	-1.6578756190426138e-007	-1	
0.33951084477173604	-41.565493121101177	-1.4558571147389371e-007	-1	
0.55917293729216944	-42.130110201735661	-3.3246943803610603e-007	-1	
0	-39.895296875	0	-1	
0.05679647439473437	-39.94320352560527	-5.8572645419169076e-009	-1	
0.10428125000000001	-40	-1.940511210259716e-008	-1	
0.142921875	-40.080553646420938	-3.5920825713390632e-008	-1	
0.20907152862224126	-40.212289749104755	-7.4725866711599321e-008	-1	
0.18779643315443545	-40.328605038619436	-5.8920985871585124e-008	-1	
6.3786693860768144	-50.215208166435147	-4.7655702830461045e-006	-1	
7.5192952111779858	-50.44647389689105	-5.8387056137766145e-006	-1	
4.7436977240570313	-49.856965888627762	-3.1188499495095203e-006	-1	
11.991282487030745	-52.796350840610096	-7.8504335330950547e-006	-1	
10.304581978791628	-52.124543712590715	-7.1231848671150314e-006	-1	
8.6764317366726047	-51.688364355331842	-6.026013837282292e-006	-1	
9.3085759996713087	-52.635785751261011	-5.9126859230509702e-006	-1	
14.112857940148064	-55.469441732569251	-7.5613942701596766e-006	-1	
12.923780178895976	-55.743347526418148	-6.8005250364908659e-006	-1	
11.943688269591913	-54.76189124817283	-6.6400268043431121e-006	-1	
19.818508761726207	-58.80165234375	-8.156987587242392e-006	-1	
20	-59.035921875	-8.1319485406699907e-006	-1	
19.705372283922703	-59.075552727525682	-8.1250532707351683e-006	-1	
19.449763208284473	-59.10414155885897	-8.1120103652286521e-006	-1	
16.280103976632379	-57.909775978030339	-7.6748680609130267e-006	-1	
17.791406249999998	-59.352750626344253	-7.8749472319311345e-006	-1	
16.856437499999998	-59.301212268921262	-7.6555085747336303e-006	-1	
19.157790305103941	-59.365416621568414	-8.0717212664051943e-006	-1	
18.910349571806872	-59.455919473184892	-8.0439478257467378e-006	-1	
18.450003099039058	-59.639650539724585	-7.9718768097058096e-006	-1	
15.133061044056282	-57.763088830757404	-7.2744474453617731e-006	-1	
13.948153730608475	-56.678492115956232	-7.0312326177077508e-006	-1	
3.29641993336717	-49.347330881728965	-1.791975748372907e-006	-1	
1.6844754672723905	-49.856830716634178	-4.6199408450040966e-007	-1	
0	-43.766874999999999	0	-1	
0	-45.013500000000001	0	-1	
0	-46.260125000000002	0	-1	
0	-47.506749999999997	0	-1	
0	-48.753375000000005	0	-1	
0	-42.520250000000004	0	-1	
0.17042292361944322	-40.445566730760433	-4.7417465613640979e-008	-1	
0	-40.650312499999991	0	-1	
0	-40.96196874999999	0	-1	
0	-41.273625000000003	0	-1	
0	-41.896937500000007	0	-1	
0	-39.972999999999999	0	-1	
0.026999999999999996	-40	-1.2991745314701021e-009	-1	
0.05679647439473437	-40.05679647439473	-5.6895382397710159e-009	-1	
0.079772128897022843	-40.141495380293655	-1.1039294930257316e-008	-1	
0.09096405375586121	-40.260742187499993	-1.3990974127533719e-008	-1	
0	-40.338656249999993	0	-1	
5.6150126741793116	-51.055700328272678	-3.400564694024875e-006	-1	
6.7512775715966216	-51.320922303752717	-4.4028984662014015e-006	-1	
4.4809461400903201	-50.99660934760886	-2.3241124587342323e-006	-1	
3.3890514597961152	-50.577572815047994	-1.5075228844973195e-006	-1	
11.308710115860711	-53.763169251712071	-6.7582858145832268e-006	-1	
10.236492389092017	-53.262178205551152	-6.2812153375966561e-006	-1	
8.3633647142206069	-53.235762382809121	-4.7789613206418602e-006	-1	
6.8836057400347244	-52.480202196280032	-3.8881248775790525e-006	-1	
8.8568171401657008	-54.385704762303583	-4.6224028387015825e-006	-1	
11.870598089857044	-56.645923874500696	-5.8718969702678135e-006	-1	
10.058430598603442	-54.734972380799434	-5.3755793729911335e-006	-1	
10.622533527776149	-56.107057133712331	-5.2408833579172051e-006	-1	
20	-59.504460937499999	-8.0982396495643831e-006	-1	
19.745771158327234	-59.350090873068858	-8.1047697678805314e-006	-1	
19.582577780252592	-59.324399612737956	-8.1009336433967172e-006	-1	
19.421201796809278	-59.359753699807278	-8.0905357375217285e-006	-1	
15.609812500000002	-58.816622246270832	-7.3006634440028657e-006	-1	
18.1030625	-60	-7.9112453004470328e-006	-1	
17.479749999999999	-60	-7.7897366541375017e-006	-1	
16.233125000000001	-60	-7.4412172046002399e-006	-1	
19.296754630586694	-59.589261654768677	-8.0710211608709675e-006	-1	
18.882203124999997	-59.779064666415216	-8.0270995364867117e-006	-1	
19.152493015342195	-59.785245390162309	-8.0528837265366378e-006	-1	
18.726374999999997	-60	-8.0057707065949711e-006	-1	
13.739875000000001	-58.587528259354364	-6.4948851374499236e-006	-1	
12.447565589036396	-57.87683858330093	-5.9026188529169176e-006	-1	
0	-50	0	-1	
1.0569066784330974	-50.811913538617844	-1.5225650182269158e-007	-1	
2.0362847057499929	-51.400848561504375	-4.897233464955447e-007	-1	
0	-40	0	-1	
0	-40.026999999999994	0	-1	
0	-40.104914062499994	0	-1	
0	-40.182828124999993	0	-1	
5.0302076025543156	-52.029148670989493	-2.4524882624124426e-006	-1	
3.3745250826733653	-52.247532409896316	-1.1386438376566611e-006	-1	
6.8534963208135373	-53.697009659850288	-3.3322052724189951e-006	-1	
7.6303601673883232	-54.634031294825235	-3.5959391370904302e-006	-1	
5.65217756794208	-53.501151970377848	-2.4489423696644667e-006	-1	
9.0371697409588041	-55.811009064430728	-4.2494129280586568e-006	-1	
10.986153337158196	-57.678299772550197	-5.0721278037143167e-006	-1	
9.6564812493973413	-57.398477201434808	-4.270559347253945e-006	-1	
20	-59.738730468749999	-8.0896438547167665e-006	-1	
19.867210641144542	-59.62159570312501	-8.0924187864516159e-006	-1	
19.693744789066606	-59.536272701697079	-8.0928349190175471e-006	-1	
19.535058634398972	-59.482621135553735	-8.0895792041360538e-006	-1	
14.986499999999999	-60	-6.9656498864669487e-006	-1	
19.393117446221215	-59.748900907280586	-8.0713567497366578e-006	-1	
19.55081304471279	-59.649389192412649	-8.0828780537403102e-006	-1	
19.038031249999996	-60	-8.0406357493333072e-006	-1	
19.349687499999998	-60	-8.0655941798947426e-006	-1	
13.739875000000001	-60	-6.3987764221933741e-006	-1	
12.49325	-60	-5.7381017770799914e-006	-1	
11.491799004772446	-59.000072159062647	-5.1968684022705886e-006	-1	
0	-51.246625000000002	0	-1	
1.1268021104010983	-52.149595885492666	-1.3487043824660117e-007	-1	
1.6472998777716912	-53.206413381839326	-2.4225520868785199e-007	-1	
4.3036072473291815	-52.905901335368419	-1.6338353577131615e-006	-1	
3.0403078823730958	-53.451204933511271	-7.9504571778851275e-007	-1	
6.4977718933223123	-54.78248399615169	-2.7184183290464339e-006	-1	
7.2033766777835169	-55.771098565996553	-2.9804071634744478e-006	-1	
8.106919766134002	-56.404612967279832	-3.4458856502988427e-006	-1	
5.3944492055054765	-55.0782431035881	-1.912405312821571e-006	-1	
4.1454685942982303	-54.033569494503183	-1.3206603218182267e-006	-1	
10.113740439472549	-58.678024998653697	-4.3864175486208275e-006	-1	
8.3008347754403786	-57.490949737487377	-3.3615784651972573e-006	-1	
8.8193344447304387	-58.969689039172337	-3.5284995877661583e-006	-1	
20	-59.85586523437501	-8.0874451103551196e-006	-1	
19.889172475715281	-59.797297851562504	-8.0877922508467512e-006	-1	
19.715072047582829	-59.72840693720439	-8.0860973482806683e-006	-1	
19.560334545972104	-59.83141711617602	-8.0782585491081836e-006	-1	
19.66134375	-60	-8.0809657035701201e-006	-1	
10	-60	-4.2726777351010451e-006	-1	
0	-52.493250000000003	0	-1	
0	-53.739874999999998	0	-1	
2.6309194733422245	-54.631429408614778	-5.2304702475528077e-007	-1	
1.3288807377221574	-54.908408515970848	-1.3100967609964853e-007	-1	
6.4203819057890632	-56.699622161062102	-2.2826053511863472e-006	-1	
7.3592333749851964	-57.09855331684885	-2.8169232291506799e-006	-1	
5.2456194897315163	-56.307686175373675	-1.6388303835502909e-006	-1	
3.4417110430038975	-55.50190897353599	-7.9545593550872119e-007	-1	
7.448093372840324	-58.21126320089725	-2.7365870159626095e-006	-1	
7.5067500000000003	-60	-2.6942559928508156e-006	-1	
6.8907460968570415	-59.124869987749626	-2.3508802360074053e-006	-1	
20	-59.972999999999999	-8.0863238298198524e-006	-1	
19.943203525605266	-59.943203525605263	-8.0863279897330161e-006	-1	
19.856128906249999	-59.918215182766836	-8.0857124859124195e-006	-1	
19.7392578125	-59.91271602583506	-8.0834947467395639e-006	-1	
19.817171875	-60	-8.0847979200931128e-006	-1	
0	-54.986499999999999	0	-1	
2.2962405853438703	-55.822868586272527	-3.5520397611875511e-007	-1	
0	-56.233125000000008	0	-1	
1.3437154132904505	-56.612952802501511	-1.1613456674274579e-007	-1	
4.8876415952545784	-57.753887887093853	-1.3187757452408553e-006	-1	
6.3318413945218932	-58.212215134732141	-2.0656627908348275e-006	-1	
4.028554751149839	-56.536670832414337	-9.7860197285208316e-007	-1	
2.6980275816738883	-56.993383208867925	-4.4127192845423083e-007	-1	
6.2601250000000004	-60	-1.9622935512607369e-006	-1	
20	-60	-8.0862955173234553e-006	-1	
19.972999999999999	-60	-8.0862665572254231e-006	-1	
19.895085937499999	-60	-8.0858102320757472e-006	-1	
0	-57.479750000000003	0	-1	
1.8628616193925374	-58.12536667118804	-2.0119787351135645e-007	-1	
0.80972794945158888	-58.120190634420709	-3.8420317884960675e-008	-1	
3.6329331317269897	-58.55722731440261	-7.2586729719688144e-007	-1	
4.685286136535713	-58.932154884956859	-1.1696519223461755e-006	-1	
2.6074795365251502	-58.916828985821233	-3.7625851623794699e-007	-1	
5.0134999999999996	-60	-1.3071564434339746e-006	-1	
0	-58.1030625	0	-1	
0.99341622140586516	-58.719657860791003	-5.6241089650510854e-008	-1	
1.5510947629532246	-59.295254886756652	-1.3399717101448314e-007	-1	
0.30706105569663128	-58.503312051338	-5.4371380696020442e-009	-1	
0.62015606236239895	-58.717823327946661	-2.196766383732414e-008	-1	
3.7668749999999998	-60	-7.6119136923345524e-007	-1	
2.5202499999999999	-60	-3.4759807973392348e-007	-1	
0	-58.726374999999997	0	-1	
0.82721764333941039	-59.275508152325266	-3.8393343507130767e-008	-1	
0.54075209342402208	-59.082544483840785	-1.6504917781120438e-008	-1	
1.273625	-60	-9.0066484406986377e-008	-1	
0.94427575363740246	-59.690424100833432	-4.968948829146538e-008	-1	
0.28503549575895504	-58.882203125000004	-4.6172776743197346e-009	-1	
0	-59.038031250000003	0	-1	
0.65517233113057716	-59.578310361443855	-2.3989000598042352e-008	-1	
0.51356312795162928	-59.426867368354515	-1.4781707645970001e-008	-1	
0.29086678311335679	-59.320986972366335	-4.7555724006256859e-009	-1	
0.96196875000000015	-60	-5.149501799464669e-008	-1	
0.64914918750523021	-59.785558686700547	-2.3506817542875454e-008	-1	
0	-59.349687500000002	0	-1	
0.46890543700999693	-59.669375122660853	-1.2285640400547416e-008	-1	
0.32621819127998997	-59.587198884166099	-5.9548440681168702e-009	-1	
0.1686515214458493	-59.560114415080442	-1.5928817305163262e-009	-1	
0.65031249999999996	-60	-2.3574587446356606e-008	-1	
0.43966545402790574	-59.83141711617602	-1.0788954582483698e-008	-1	
0	-59.66134375	0	-1	
0.32372237644057572	-59.747056929996013	-5.8542506903356572e-009	-1	
0.19658059984157628	-59.680766607203047	-2.1609471330433893e-009	-1	
0.087421249408673352	-59.7392578125	-4.2716853072324718e-010	-1	
0.33865624999999999	-60	-6.4009610239903633e-009	-1	
0.2607421875	-59.912716025835046	-3.7955044881516078e-009	-1	
0	-59.817171875	0	-1	
0.19236240569474955	-59.804537329597984	-2.0670788341670876e-009	-1	
0.08005759344806869	-59.856128906249999	-3.5798280462469009e-010	-1	
0.18282812500000001	-60	-1.8661614263751453e-009	-1	
0.14387109375000001	-59.918215182766836	-1.1557750429212387e-009	-1	
0	-59.895085937499999	0	-1	
0.05679647439473437	-59.94320352560527	-1.8012883647040573e-010	-1	
0.10491406250000002	-60	-6.1456141311580963e-010	-1	
0	-59.972999999999999	0	-1	
0.026999999999999996	-60	-4.0704935651412808e-011	-1	
0	-60	0	-1	
5556
0	1	2	8	-1	-1	-1	0
4	2	1	8	-1	-1	-1	0
1	3	4	8	-1	-1	-1	0
5	2	4	8	-1	-1	-1	0
3	7	4	8	-1	-1	-1	0
7	3	6	8	-1	-1	-1	0
4	8	5	8	-1	-1	-1	0
4	7	8	8	-1	-1	-1	0
5	8	9	8	-1	-1	-1	0
7	6	11	8	-1	-1	-1	0
10	11	6	8	-1	-1	-1	0
7	12	8	8	-1	-1	-1	0
7	11	12	8	-1	-1	-1	0
9	8	13	8	-1	-1	-1	0
8	12	13	8	-1	-1	-1	0
13	14	9	8	-1	-1	-1	0
16	11	10	8	-1	-1	-1	0
17	12	11	8	-1	-1	-1	0
15	16	10	8	-1	-1	-1	0
13	12	18	8	-1	-1	-1	0
11	16	17	8	-1	-1	-1	0
14	13	19	8	-1	-1	-1	0
17	18	12	8	-1	-1	-1	0
18	19	13	8	-1	-1	-1	0
16	15	22	8	-1	-1	-1	0
19	20	14	8	-1	-1	-1	0
17	16	23	8	-1	-1	-1	0
22	15	21	8	-1	-1	-1	0
18	17	24	8	-1	-1	-1	0
18	24	19	8	-1	-1	-1	0
22	23	16	8	-1	-1	-1	0
25	20	19	8	-1	-1	-1	0
23	24	17	8	-1	-1	-1	0
19	24	25	8	-1	-1	-1	0
20	25	26	8	-1	-1	-1	0
28	22	21	8	-1	-1	-1	0
22	29	23	8	-1	-1	-1	0
28	21	27	8	-1	-1	-1	0
23	30	24	8	-1	-1	-1	0
22	28	29	8	-1	-1	-1	0
25	24	30	8	-1	-1	-1	0
29	30	23	8	-1	-1	-1	0
32	26	25	8	-1	-1	-1	0
31	25	30	8	-1	-1	-1	0
32	25	31	8	-1	-1	-1	0
35	28	27	8	-1	-1	-1	0
26	32	33	8	-1	-1	-1	0
36	29	28	8	-1	-1	-1	0
30	29	36	8	-1	-1	-1	0
27	34	35	8	-1	-1	-1	0
30	36	31	8	-1	-1	-1	0
36	28	35	8	-1	-1	-1	0
32	31	37	8	-1	-1	-1	0
32	39	33	8	-1	-1	-1	0
38	31	36	8	-1	-1	-1	0
38	37	31	8	-1	-1	-1	0
37	39	32	8	-1	-1	-1	0
36	35	38	8	-1	-1	-1	0
34	42	35	8	-1	-1	-1	0
40	33	39	8	-1	-1	-1	0
35	43	38	8	-1	-1	-1	0
41	42	34	8	-1	-1	-1	0
44	37	38	8	-1	-1	-1	0
44	39	37	8	-1	-1	-1	0
35	42	43	8	-1	-1	-1	0
44	40	39	8	-1	-1	-1	0
44	38	43	8	-1	-1	-1	0
44	45	40	8	-1	-1	-1	0
42	41	48	8	-1	-1	-1	0
46	47	41	8	-1	-1	-1	0
43	42	49	8	-1	-1	-1	0
41	47	48	8	-1	-1	-1	0
50	45	44	8	-1	-1	-1	0
44	43	50	8	-1	-1	-1	0
42	48	49	8	-1	-1	-1	0
50	43	49	8	-1	-1	-1	0
51	45	50	8	-1	-1	-1	0
53	47	46	8	-1	-1	-1	0
47	54	48	8	-1	-1	-1	0
46	52	53	8	-1	-1	-1	0
49	48	55	8	-1	-1	-1	0
47	53	54	8	-1	-1	-1	0
56	50	49	8	-1	-1	-1	0
55	48	54	8	-1	-1	-1	0
58	51	50	8	-1	-1	-1	0
57	49	55	8	-1	-1	-1	0
57	56	49	8	-1	-1	-1	0
58	50	56	8	-1	-1	-1	0
52	61	53	8	-1	-1	-1	0
58	59	51	8	-1	-1	-1	0
54	53	62	8	-1	-1	-1	0
54	63	55	8	-1	-1	-1	0
52	60	61	8	-1	-1	-1	0
55	63	57	8	-1	-1	-1	0
62	53	61	8	-1	-1	-1	0
57	64	56	8	-1	-1	-1	0
58	56	64	8	-1	-1	-1	0
63	54	62	8	-1	-1	-1	0
59	58	67	8	-1	-1	-1	0
57	63	65	8	-1	-1	-1	0
64	57	66	8	-1	-1	-1	0
66	57	65	8	-1	-1	-1	0
68	58	64	8	-1	-1	-1	0
70	61	60	8	-1	-1	-1	0
58	68	67	8	-1	-1	-1	0
62	61	72	8	-1	-1	-1	0
73	63	62	8	-1	-1	-1	0
60	69	70	8	-1	-1	-1	0
63	73	65	8	-1	-1	-1	0
61	70	71	8	-1	-1	-1	0
71	72	61	8	-1	-1	-1	0
66	74	64	8	-1	-1	-1	0
75	66	65	8	-1	-1	-1	0
64	74	68	8	-1	-1	-1	0
72	73	62	8	-1	-1	-1	0
78	67	68	8	-1	-1	-1	0
73	75	65	8	-1	-1	-1	0
66	76	74	8	-1	-1	-1	0
75	76	66	8	-1	-1	-1	0
81	70	69	8	-1	-1	-1	0
74	79	68	8	-1	-1	-1	0
67	78	77	8	-1	-1	-1	0
70	81	71	8	-1	-1	-1	0
79	78	68	8	-1	-1	-1	0
72	71	83	8	-1	-1	-1	0
73	72	84	8	-1	-1	-1	0
81	69	80	8	-1	-1	-1	0
73	86	75	8	-1	-1	-1	0
82	71	81	8	-1	-1	-1	0
82	83	71	8	-1	-1	-1	0
74	76	88	8	-1	-1	-1	0
79	74	87	8	-1	-1	-1	0
85	72	83	8	-1	-1	-1	0
90	76	75	8	-1	-1	-1	0
85	84	72	8	-1	-1	-1	0
84	86	73	8	-1	-1	-1	0
77	78	91	8	-1	-1	-1	0
92	78	79	8	-1	-1	-1	0
87	74	88	8	-1	-1	-1	0
89	75	86	8	-1	-1	-1	0
90	75	89	8	-1	-1	-1	0
88	76	90	8	-1	-1	-1	0
81	80	95	8	-1	-1	-1	0
82	81	95	8	-1	-1	-1	0
92	79	87	8	-1	-1	-1	0
91	78	92	8	-1	-1	-1	0
96	83	82	8	-1	-1	-1	0
85	83	96	8	-1	-1	-1	0
85	97	84	8	-1	-1	-1	0
80	93	94	8	-1	-1	-1	0
98	86	84	8	-1	-1	-1	0
80	94	95	8	-1	-1	-1	0
96	82	95	8	-1	-1	-1	0
101	89	86	8	-1	-1	-1	0
103	87	88	8	-1	-1	-1	0
98	84	97	8	-1	-1	-1	0
85	96	99	8	-1	-1	-1	0
92	87	102	8	-1	-1	-1	0
104	88	90	8	-1	-1	-1	0
85	100	97	8	-1	-1	-1	0
105	90	89	8	-1	-1	-1	0
99	100	85	8	-1	-1	-1	0
98	101	86	8	-1	-1	-1	0
92	106	91	8	-1	-1	-1	0
103	102	87	8	-1	-1	-1	0
105	89	101	8	-1	-1	-1	0
88	104	103	8	-1	-1	-1	0
94	93	109	8	-1	-1	-1	0
90	105	104	8	-1	-1	-1	0
94	111	95	8	-1	-1	-1	0
107	92	102	8	-1	-1	-1	0
111	96	95	8	-1	-1	-1	0
92	107	106	8	-1	-1	-1	0
111	99	96	8	-1	-1	-1	0
98	97	112	8	-1	-1	-1	0
100	112	97	8	-1	-1	-1	0
109	93	108	8	-1	-1	-1	0
98	113	101	8	-1	-1	-1	0
109	110	94	8	-1	-1	-1	0
114	100	99	8	-1	-1	-1	0
110	111	94	8	-1	-1	-1	0
103	118	102	8	-1	-1	-1	0
112	113	98	8	-1	-1	-1	0
101	117	105	8	-1	-1	-1	0
99	111	114	8	-1	-1	-1	0
117	104	105	8	-1	-1	-1	0
104	120	103	8	-1	-1	-1	0
107	102	119	8	-1	-1	-1	0
100	116	112	8	-1	-1	-1	0
114	115	100	8	-1	-1	-1	0
117	101	113	8	-1	-1	-1	0
115	116	100	8	-1	-1	-1	0
107	123	106	8	-1	-1	-1	0
102	118	119	8	-1	-1	-1	0
120	118	103	8	-1	-1	-1	0
108	125	109	8	-1	-1	-1	0
117	122	104	8	-1	-1	-1	0
120	104	121	8	-1	-1	-1	0
127	110	109	8	-1	-1	-1	0
104	122	121	8	-1	-1	-1	0
111	110	128	8	-1	-1	-1	0
124	107	119	8	-1	-1	-1	0
128	114	111	8	-1	-1	-1	0
107	124	123	8	-1	-1	-1	0
113	112	130	8	-1	-1	-1	0
112	116	130	8	-1	-1	-1	0
125	126	109	8	-1	-1	-1	0
127	109	126	8	-1	-1	-1	0
117	113	132	8	-1	-1	-1	0
114	133	115	8	-1	-1	-1	0
115	134	116	8	-1	-1	-1	0
110	127	129	8	-1	-1	-1	0
110	129	128	8	-1	-1	-1	0
117	132	122	8	-1	-1	-1	0
131	113	130	8	-1	-1	-1	0
118	137	119	8	-1	-1	-1	0
118	120	137	8	-1	-1	-1	0
128	133	114	8	-1	-1	-1	0
131	132	113	8	-1	-1	-1	0
120	121	139	8	-1	-1	-1	0
119	138	124	8	-1	-1	-1	0
116	136	130	8	-1	-1	-1	0
122	140	121	8	-1	-1	-1	0
135	115	133	8	-1	-1	-1	0
135	134	115	8	-1	-1	-1	0
136	116	134	8	-1	-1	-1	0
124	143	123	8	-1	-1	-1	0
128	129	133	8	-1	-1	-1	0
137	138	119	8	-1	-1	-1	0
132	141	122	8	-1	-1	-1	0
139	137	120	8	-1	-1	-1	0
126	125	145	8	-1	-1	-1	0
146	127	126	8	-1	-1	-1	0
121	140	139	8	-1	-1	-1	0
140	122	142	8	-1	-1	-1	0
129	127	148	8	-1	-1	-1	0
122	141	142	8	-1	-1	-1	0
144	124	138	8	-1	-1	-1	0
133	129	149	8	-1	-1	-1	0
130	150	131	8	-1	-1	-1	0
143	124	144	8	-1	-1	-1	0
151	132	131	8	-1	-1	-1	0
136	150	130	8	-1	-1	-1	0
126	145	146	8	-1	-1	-1	0
149	135	133	8	-1	-1	-1	0
146	147	127	8	-1	-1	-1	0
147	148	127	8	-1	-1	-1	0
135	153	134	8	-1	-1	-1	0
151	141	132	8	-1	-1	-1	0
154	136	134	8	-1	-1	-1	0
129	148	149	8	-1	-1	-1	0
138	137	156	8	-1	-1	-1	0
137	139	157	8	-1	-1	-1	0
150	152	131	8	-1	-1	-1	0
152	151	131	8	-1	-1	-1	0
157	139	140	8	-1	-1	-1	0
135	149	155	8	-1	-1	-1	0
138	158	144	8	-1	-1	-1	0
150	136	154	8	-1	-1	-1	0
159	140	142	8	-1	-1	-1	0
134	153	154	8	-1	-1	-1	0
153	135	155	8	-1	-1	-1	0
160	142	141	8	-1	-1	-1	0
156	137	157	8	-1	-1	-1	0
144	163	143	8	-1	-1	-1	0
158	138	156	8	-1	-1	-1	0
141	151	161	8	-1	-1	-1	0
145	165	146	8	-1	-1	-1	0
140	159	157	8	-1	-1	-1	0
146	166	147	8	-1	-1	-1	0
160	141	161	8	-1	-1	-1	0
142	162	159	8	-1	-1	-1	0
160	162	142	8	-1	-1	-1	0
151	152	161	8	-1	-1	-1	0
147	170	148	8	-1	-1	-1	0
164	144	158	8	-1	-1	-1	0
148	171	149	8	-1	-1	-1	0
163	144	164	8	-1	-1	-1	0
155	149	172	8	-1	-1	-1	0
152	150	174	8	-1	-1	-1	0
154	173	150	8	-1	-1	-1	0
165	168	146	8	-1	-1	-1	0
166	146	167	8	-1	-1	-1	0
167	146	168	8	-1	-1	-1	0
166	169	147	8	-1	-1	-1	0
176	154	153	8	-1	-1	-1	0
177	153	155	8	-1	-1	-1	0
169	170	147	8	-1	-1	-1	0
152	175	161	8	-1	-1	-1	0
170	171	148	8	-1	-1	-1	0
172	149	171	8	-1	-1	-1	0
157	180	156	8	-1	-1	-1	0
156	179	158	8	-1	-1	-1	0
159	180	157	8	-1	-1	-1	0
174	150	173	8	-1	-1	-1	0
175	152	174	8	-1	-1	-1	0
164	158	181	8	-1	-1	-1	0
159	162	183	8	-1	-1	-1	0
177	155	172	8	-1	-1	-1	0
154	178	173	8	-1	-1	-1	0
161	184	160	8	-1	-1	-1	0
177	176	153	8	-1	-1	-1	0
185	162	160	8	-1	-1	-1	0
176	178	154	8	-1	-1	-1	0
164	188	163	8	-1	-1	-1	0
156	180	179	8	-1	-1	-1	0
179	181	158	8	-1	-1	-1	0
180	159	182	8	-1	-1	-1	0
175	186	161	8	-1	-1	-1	0
165	190	168	8	-1	-1	-1	0
159	183	182	8	-1	-1	-1	0
191	166	167	8	-1	-1	-1	0
166	191	169	8	-1	-1	-1	0
192	167	168	8	-1	-1	-1	0
185	160	184	8	-1	-1	-1	0
184	161	186	8	-1	-1	-1	0
162	187	183	8	-1	-1	-1	0
188	164	181	8	-1	-1	-1	0
169	195	170	8	-1	-1	-1	0
162	185	187	8	-1	-1	-1	0
171	170	196	8	-1	-1	-1	0
163	188	189	8	-1	-1	-1	0
171	198	172	8	-1	-1	-1	0
199	174	173	8	-1	-1	-1	0
177	172	198	8	-1	-1	-1	0
200	175	174	8	-1	-1	-1	0
178	199	173	8	-1	-1	-1	0
167	192	191	8	-1	-1	-1	0
190	193	168	8	-1	-1	-1	0
193	192	168	8	-1	-1	-1	0
194	169	191	8	-1	-1	-1	0
186	185	184	8	-1	-1	-1	0
177	202	176	8	-1	-1	-1	0
202	178	176	8	-1	-1	-1	0
195	169	194	8	-1	-1	-1	0
170	195	197	8	-1	-1	-1	0
186	175	201	8	-1	-1	-1	0
170	197	196	8	-1	-1	-1	0
206	179	180	8	-1	-1	-1	0
179	205	181	8	-1	-1	-1	0
196	198	171	8	-1	-1	-1	0
207	180	182	8	-1	-1	-1	0
182	183	207	8	-1	-1	-1	0
199	200	174	8	-1	-1	-1	0
200	201	175	8	-1	-1	-1	0
209	188	181	8	-1	-1	-1	0
177	198	203	8	-1	-1	-1	0
210	183	187	8	-1	-1	-1	0
178	204	199	8	-1	-1	-1	0
177	203	202	8	-1	-1	-1	0
185	186	212	8	-1	-1	-1	0
211	187	185	8	-1	-1	-1	0
202	204	178	8	-1	-1	-1	0
189	188	209	8	-1	-1	-1	0
206	205	179	8	-1	-1	-1	0
180	207	206	8	-1	-1	-1	0
181	205	208	8	-1	-1	-1	0
209	181	208	8	-1	-1	-1	0
190	216	193	8	-1	-1	-1	0
191	192	217	8	-1	-1	-1	0
201	213	186	8	-1	-1	-1	0
207	183	210	8	-1	-1	-1	0
218	194	191	8	-1	-1	-1	0
193	219	192	8	-1	-1	-1	0
212	211	185	8	-1	-1	-1	0
187	211	210	8	-1	-1	-1	0
212	186	213	8	-1	-1	-1	0
189	209	215	8	-1	-1	-1	0
224	195	194	8	-1	-1	-1	0
197	195	225	8	-1	-1	-1	0
189	215	214	8	-1	-1	-1	0
197	226	196	8	-1	-1	-1	0
226	198	196	8	-1	-1	-1	0
191	217	218	8	-1	-1	-1	0
192	220	217	8	-1	-1	-1	0
199	231	200	8	-1	-1	-1	0
203	198	230	8	-1	-1	-1	0
193	216	222	8	-1	-1	-1	0
192	219	221	8	-1	-1	-1	0
192	221	220	8	-1	-1	-1	0
201	200	233	8	-1	-1	-1	0
199	204	231	8	-1	-1	-1	0
193	223	219	8	-1	-1	-1	0
218	224	194	8	-1	-1	-1	0
193	222	223	8	-1	-1	-1	0
235	204	202	8	-1	-1	-1	0
236	202	203	8	-1	-1	-1	0
195	224	225	8	-1	-1	-1	0
201	234	213	8	-1	-1	-1	0
197	225	228	8	-1	-1	-1	0
227	226	197	8	-1	-1	-1	0
205	206	240	8	-1	-1	-1	0
228	227	197	8	-1	-1	-1	0
208	205	240	8	-1	-1	-1	0
226	229	198	8	-1	-1	-1	0
206	207	241	8	-1	-1	-1	0
198	229	230	8	-1	-1	-1	0
242	207	210	8	-1	-1	-1	0
208	243	209	8	-1	-1	-1	0
231	232	200	8	-1	-1	-1	0
233	200	232	8	-1	-1	-1	0
233	234	201	8	-1	-1	-1	0
210	211	247	8	-1	-1	-1	0
209	245	215	8	-1	-1	-1	0
203	230	237	8	-1	-1	-1	0
212	248	211	8	-1	-1	-1	0
204	238	231	8	-1	-1	-1	0
202	236	235	8	-1	-1	-1	0
213	249	212	8	-1	-1	-1	0
237	236	203	8	-1	-1	-1	0
204	235	239	8	-1	-1	-1	0
215	251	214	8	-1	-1	-1	0
238	204	239	8	-1	-1	-1	0
206	241	240	8	-1	-1	-1	0
217	253	218	8	-1	-1	-1	0
207	242	241	8	-1	-1	-1	0
216	252	222	8	-1	-1	-1	0
220	254	217	8	-1	-1	-1	0
208	240	244	8	-1	-1	-1	0
244	243	208	8	-1	-1	-1	0
213	234	249	8	-1	-1	-1	0
209	243	245	8	-1	-1	-1	0
257	221	219	8	-1	-1	-1	0
218	255	224	8	-1	-1	-1	0
242	210	246	8	-1	-1	-1	0
220	221	258	8	-1	-1	-1	0
219	223	257	8	-1	-1	-1	0
247	246	210	8	-1	-1	-1	0
260	223	222	8	-1	-1	-1	0
211	248	247	8	-1	-1	-1	0
249	248	212	8	-1	-1	-1	0
251	215	245	8	-1	-1	-1	0
224	263	225	8	-1	-1	-1	0
251	250	214	8	-1	-1	-1	0
225	265	228	8	-1	-1	-1	0
267	229	226	8	-1	-1	-1	0
226	227	266	8	-1	-1	-1	0
227	228	268	8	-1	-1	-1	0
254	253	217	8	-1	-1	-1	0
218	253	256	8	-1	-1	-1	0
255	218	256	8	-1	-1	-1	0
229	271	230	8	-1	-1	-1	0
254	220	258	8	-1	-1	-1	0
252	261	222	8	-1	-1	-1	0
231	273	232	8	-1	-1	-1	0
259	221	257	8	-1	-1	-1	0
258	221	259	8	-1	-1	-1	0
272	237	230	8	-1	-1	-1	0
233	232	274	8	-1	-1	-1	0
257	223	262	8	-1	-1	-1	0
273	231	238	8	-1	-1	-1	0
255	263	224	8	-1	-1	-1	0
260	222	261	8	-1	-1	-1	0
234	233	276	8	-1	-1	-1	0
223	260	262	8	-1	-1	-1	0
278	235	236	8	-1	-1	-1	0
263	264	225	8	-1	-1	-1	0
235	278	239	8	-1	-1	-1	0
280	236	237	8	-1	-1	-1	0
225	264	265	8	-1	-1	-1	0
226	266	267	8	-1	-1	-1	0
249	234	276	8	-1	-1	-1	0
283	238	239	8	-1	-1	-1	0
268	266	227	8	-1	-1	-1	0
228	265	269	8	-1	-1	-1	0
228	269	268	8	-1	-1	-1	0
267	270	229	8	-1	-1	-1	0
241	285	240	8	-1	-1	-1	0
244	240	285	8	-1	-1	-1	0
242	286	241	8	-1	-1	-1	0
229	270	271	8	-1	-1	-1	0
230	271	272	8	-1	-1	-1	0
287	242	246	8	-1	-1	-1	0
243	244	288	8	-1	-1	-1	0
245	243	289	8	-1	-1	-1	0
232	273	274	8	-1	-1	-1	0
233	274	275	8	-1	-1	-1	0
233	275	277	8	-1	-1	-1	0
289	251	245	8	-1	-1	-1	0
247	293	246	8	-1	-1	-1	0
233	277	276	8	-1	-1	-1	0
248	295	247	8	-1	-1	-1	0
281	237	272	8	-1	-1	-1	0
248	249	295	8	-1	-1	-1	0
236	279	278	8	-1	-1	-1	0
238	282	273	8	-1	-1	-1	0
280	279	236	8	-1	-1	-1	0
237	281	280	8	-1	-1	-1	0
251	298	250	8	-1	-1	-1	0
284	239	278	8	-1	-1	-1	0
283	282	238	8	-1	-1	-1	0
283	239	284	8	-1	-1	-1	0
254	302	253	0	-1	-1	-1	0
301	256	253	0	-1	-1	-1	0
286	285	241	8	-1	-1	-1	0
261	252	300	8	-1	-1	-1	0
242	287	286	8	-1	-1	-1	0
303	254	258	0	-1	-1	-1	0
256	304	255	8	-1	-1	-1	0
276	296	249	8	-1	-1	-1	0
290	243	288	8	-1	-1	-1	0
285	292	244	8	-1	-1	-1	0
289	243	290	8	-1	-1	-1	0
263	255	304	8	-1	-1	-1	0
257	307	259	8	-1	-1	-1	0
291	288	244	8	-1	-1	-1	0
259	308	258	0	-1	-1	-1	0
262	306	257	8	-1	-1	-1	0
294	287	246	8	-1	-1	-1	0
292	291	244	8	-1	-1	-1	0
273	282	274	8	-1	-1	-1	0
261	310	260	8	-1	-1	-1	0
260	310	262	8	-1	-1	-1	0
294	246	293	8	-1	-1	-1	0
295	293	247	8	-1	-1	-1	0
251	289	299	8	-1	-1	-1	0
313	264	263	8	-1	-1	-1	0
249	296	295	8	-1	-1	-1	0
314	265	264	8	-1	-1	-1	0
298	297	250	8	-1	-1	-1	0
299	298	251	8	-1	-1	-1	0
316	269	265	8	-1	-1	-1	0
266	318	267	8	-1	-1	-1	0
317	266	268	8	-1	-1	-1	0
319	270	267	8	-1	-1	-1	0
302	301	253	0	-1	-1	-1	0
320	268	269	8	-1	-1	-1	0
303	302	254	0	-1	-1	-1	0
301	305	256	0	-1	-1	-1	0
271	270	322	8	-1	-1	-1	0
305	304	256	0	-1	-1	-1	0
323	272	271	8	-1	-1	-1	0
308	303	258	0	-1	-1	-1	0
257	306	307	8	-1	-1	-1	0
300	311	261	8	-1	-1	-1	0
274	324	275	8	-1	-1	-1	0
307	309	259	0	-1	-1	-1	0
259	309	308	0	-1	-1	-1	0
323	281	272	8	-1	-1	-1	0
325	277	275	8	-1	-1	-1	0
326	276	277	8	-1	-1	-1	0
262	312	306	8	-1	-1	-1	0
324	274	282	8	-1	-1	-1	0
313	263	304	8	-1	-1	-1	0
310	261	311	8	-1	-1	-1	0
312	262	310	8	-1	-1	-1	0
278	279	328	8	-1	-1	-1	0
329	279	280	8	-1	-1	-1	0
324	282	283	8	-1	-1	-1	0
328	284	278	8	-1	-1	-1	0
281	330	280	8	-1	-1	-1	0
313	315	264	8	-1	-1	-1	0
315	314	264	8	-1	-1	-1	0
265	314	316	8	-1	-1	-1	0
326	296	276	8	-1	-1	-1	0
266	317	318	8	-1	-1	-1	0
284	334	283	8	-1	-1	-1	0
319	267	318	8	-1	-1	-1	0
320	269	316	8	-1	-1	-1	0
317	268	320	8	-1	-1	-1	0
286	335	285	8	-1	-1	-1	0
336	286	287	8	-1	-1	-1	0
321	270	319	8	-1	-1	-1	0
335	292	285	8	-1	-1	-1	0
322	270	321	8	-1	-1	-1	0
288	337	290	8	-1	-1	-1	0
291	337	288	8	-1	-1	-1	0
323	271	322	8	-1	-1	-1	0
287	294	336	8	-1	-1	-1	0
289	290	338	8	-1	-1	-1	0
324	325	275	8	-1	-1	-1	0
299	289	338	8	-1	-1	-1	0
340	294	293	8	-1	-1	-1	0
293	295	340	8	-1	-1	-1	0
327	277	325	8	-1	-1	-1	0
327	326	277	8	-1	-1	-1	0
296	340	295	8	-1	-1	-1	0
281	323	331	8	-1	-1	-1	0
329	328	279	8	-1	-1	-1	0
329	280	330	8	-1	-1	-1	0
283	333	324	8	-1	-1	-1	0
281	332	330	8	-1	-1	-1	0
297	298	345	8	-1	-1	-1	0
281	331	332	8	-1	-1	-1	0
346	298	299	8	-1	-1	-1	0
334	284	328	8	-1	-1	-1	0
333	283	334	8	-1	-1	-1	0
301	302	350	0	-1	-1	-1	0
305	301	351	0	-1	-1	-1	0
336	335	286	8	-1	-1	-1	0
303	353	302	0	-1	-1	-1	0
300	349	311	8	-1	-1	-1	0
304	305	354	0	-1	-1	-1	0
308	353	303	0	-1	-1	-1	0
343	296	326	8	-1	-1	-1	0
339	290	337	8	-1	-1	-1	0
290	339	338	8	-1	-1	-1	0
307	306	356	8	-1	-1	-1	0
309	353	308	0	-1	-1	-1	0
336	294	341	8	-1	-1	-1	0
354	313	304	0	-1	-1	-1	0
358	309	307	0	-1	-1	-1	0
357	306	312	8	-1	-1	-1	0
294	340	342	8	-1	-1	-1	0
341	294	342	8	-1	-1	-1	0
340	296	343	8	-1	-1	-1	0
311	360	310	8	-1	-1	-1	0
360	312	310	8	-1	-1	-1	0
348	299	338	8	-1	-1	-1	0
345	344	297	8	-1	-1	-1	0
345	298	346	8	-1	-1	-1	0
362	315	313	0	-1	-1	-1	0
347	346	299	8	-1	-1	-1	0
315	363	314	8	-1	-1	-1	0
314	364	316	8	-1	-1	-1	0
348	347	299	8	-1	-1	-1	0
350	351	301	0	-1	-1	-1	0
320	316	366	8	-1	-1	-1	0
368	318	317	8	-1	-1	-1	0
317	320	367	8	-1	-1	-1	0
352	350	302	0	-1	-1	-1	0
369	319	318	8	-1	-1	-1	0
352	302	353	0	-1	-1	-1	0
319	370	321	8	-1	-1	-1	0
351	355	305	0	-1	-1	-1	0
354	305	355	0	-1	-1	-1	0
322	321	371	8	-1	-1	-1	0
322	372	323	8	-1	-1	-1	0
306	357	356	8	-1	-1	-1	0
349	361	311	8	-1	-1	-1	0
358	307	356	0	-1	-1	-1	0
353	309	359	0	-1	-1	-1	0
324	373	325	8	-1	-1	-1	0
343	342	340	8	-1	-1	-1	0
359	309	358	0	-1	-1	-1	0
374	327	325	8	-1	-1	-1	0
323	372	331	8	-1	-1	-1	0
326	327	375	8	-1	-1	-1	0
357	312	360	8	-1	-1	-1	0
362	313	354	0	-1	-1	-1	0
324	333	373	8	-1	-1	-1	0
311	361	360	8	-1	-1	-1	0
378	328	329	8	-1	-1	-1	0
330	379	329	8	-1	-1	-1	0
328	378	334	8	-1	-1	-1	0
363	364	314	8	-1	-1	-1	0
315	362	365	0	-1	-1	-1	0
332	380	330	8	-1	-1	-1	0
365	363	315	0	-1	-1	-1	0
376	343	326	8	-1	-1	-1	0
332	331	382	8	-1	-1	-1	0
366	316	364	8	-1	-1	-1	0
367	368	317	8	-1	-1	-1	0
367	320	366	8	-1	-1	-1	0
333	334	387	8	-1	-1	-1	0
318	368	369	8	-1	-1	-1	0
369	370	319	8	-1	-1	-1	0
370	371	321	8	-1	-1	-1	0
322	371	372	8	-1	-1	-1	0
338	339	390	8	-1	-1	-1	0
362	354	355	0	-1	-1	-1	0
373	374	325	8	-1	-1	-1	0
341	342	391	8	-1	-1	-1	0
390	348	338	8	-1	-1	-1	0
392	342	343	8	-1	-1	-1	0
326	375	376	8	-1	-1	-1	0
374	377	327	8	-1	-1	-1	0
327	377	375	8	-1	-1	-1	0
345	394	344	8	-1	-1	-1	0
345	346	395	8	-1	-1	-1	0
379	378	329	8	-1	-1	-1	0
331	372	383	8	-1	-1	-1	0
346	347	395	8	-1	-1	-1	0
381	379	330	8	-1	-1	-1	0
380	381	330	8	-1	-1	-1	0
347	348	396	8	-1	-1	-1	0
373	333	387	8	-1	-1	-1	0
331	383	382	8	-1	-1	-1	0
332	382	386	8	-1	-1	-1	0
380	332	385	8	-1	-1	-1	0
334	378	388	8	-1	-1	-1	0
351	350	400	0	-1	-1	-1	0
350	352	399	0	-1	-1	-1	0
384	385	332	8	-1	-1	-1	0
332	386	384	8	-1	-1	-1	0
402	355	351	0	-1	-1	-1	0
403	352	353	0	-1	-1	-1	0
361	349	398	8	-1	-1	-1	0
334	389	387	8	-1	-1	-1	0
376	392	343	8	-1	-1	-1	0
388	389	334	8	-1	-1	-1	0
403	353	359	0	-1	-1	-1	0
402	362	355	0	-1	-1	-1	0
405	358	356	0	-1	-1	-1	0
356	357	406	8	-1	-1	-1	0
357	360	407	8	-1	-1	-1	0
359	358	408	0	-1	-1	-1	0
342	392	391	8	-1	-1	-1	0
407	360	361	8	-1	-1	-1	0
344	394	393	8	-1	-1	-1	0
394	345	395	8	-1	-1	-1	0
397	348	390	8	-1	-1	-1	0
347	396	395	8	-1	-1	-1	0
362	414	365	0	-1	-1	-1	0
396	348	397	8	-1	-1	-1	0
415	363	365	0	-1	-1	-1	0
363	416	364	8	-1	-1	-1	0
366	364	417	8	-1	-1	-1	0
400	350	399	0	-1	-1	-1	0
366	419	367	8	-1	-1	-1	0
400	401	351	0	-1	-1	-1	0
351	401	402	0	-1	-1	-1	0
352	404	399	0	-1	-1	-1	0
420	368	367	8	-1	-1	-1	0
421	369	368	8	-1	-1	-1	0
352	403	404	0	-1	-1	-1	0
422	370	369	8	-1	-1	-1	0
370	423	371	8	-1	-1	-1	0
371	424	372	8	-1	-1	-1	0
356	406	405	0	-1	-1	-1	0
407	406	357	8	-1	-1	-1	0
398	412	361	8	-1	-1	-1	0
405	409	358	0	-1	-1	-1	0
359	410	403	0	-1	-1	-1	0
374	373	426	8	-1	-1	-1	0
409	408	358	0	-1	-1	-1	0
413	362	402	0	-1	-1	-1	0
411	359	408	0	-1	-1	-1	0
427	377	374	8	-1	-1	-1	0
383	372	425	8	-1	-1	-1	0
411	410	359	0	-1	-1	-1	0
429	376	375	8	-1	-1	-1	0
361	412	407	8	-1	-1	-1	0
377	428	375	8	-1	-1	-1	0
373	387	426	8	-1	-1	-1	0
433	378	379	8	-1	-1	-1	0
413	414	362	0	-1	-1	-1	0
381	433	379	8	-1	-1	-1	0
363	415	416	0	-1	-1	-1	0
434	381	380	8	-1	-1	-1	0
364	416	417	8	-1	-1	-1	0
418	365	414	0	-1	-1	-1	0
418	415	365	0	-1	-1	-1	0
392	376	430	8	-1	-1	-1	0
380	385	434	8	-1	-1	-1	0
433	388	378	8	-1	-1	-1	0
366	417	419	8	-1	-1	-1	0
383	438	382	8	-1	-1	-1	0
419	420	367	8	-1	-1	-1	0
438	386	382	8	-1	-1	-1	0
421	368	420	8	-1	-1	-1	0
384	440	385	8	-1	-1	-1	0
386	441	384	8	-1	-1	-1	0
369	421	422	8	-1	-1	-1	0
430	391	392	8	-1	-1	-1	0
370	422	423	8	-1	-1	-1	0
423	424	371	8	-1	-1	-1	0
444	387	389	8	-1	-1	-1	0
372	424	425	8	-1	-1	-1	0
388	446	389	8	-1	-1	-1	0
426	427	374	8	-1	-1	-1	0
375	428	429	8	-1	-1	-1	0
429	430	376	8	-1	-1	-1	0
377	431	428	8	-1	-1	-1	0
377	427	432	8	-1	-1	-1	0
449	393	394	8	-1	-1	-1	0
395	450	394	8	-1	-1	-1	0
432	431	377	8	-1	-1	-1	0
450	395	396	8	-1	-1	-1	0
451	396	397	8	-1	-1	-1	0
425	439	383	8	-1	-1	-1	0
381	436	433	8	-1	-1	-1	0
381	435	436	8	-1	-1	-1	0
434	437	381	8	-1	-1	-1	0
400	399	453	0	-1	-1	-1	0
435	381	437	8	-1	-1	-1	0
401	400	454	0	-1	-1	-1	0
453	399	404	0	-1	-1	-1	0
387	445	426	8	-1	-1	-1	0
402	401	456	0	-1	-1	-1	0
383	439	438	8	-1	-1	-1	0
385	442	434	8	-1	-1	-1	0
412	398	452	8	-1	-1	-1	0
441	440	384	8	-1	-1	-1	0
442	385	440	8	-1	-1	-1	0
433	446	388	8	-1	-1	-1	0
438	443	386	8	-1	-1	-1	0
460	404	403	0	-1	-1	-1	0
386	443	441	8	-1	-1	-1	0
460	403	410	0	-1	-1	-1	0
406	463	405	0	-1	-1	-1	0
459	413	402	0	-1	-1	-1	0
445	387	444	8	-1	-1	-1	0
407	464	406	8	-1	-1	-1	0
463	409	405	0	-1	-1	-1	0
447	444	389	8	-1	-1	-1	0
447	389	446	8	-1	-1	-1	0
408	409	466	0	-1	-1	-1	0
464	407	412	8	-1	-1	-1	0
408	465	411	0	-1	-1	-1	0
431	429	428	8	-1	-1	-1	0
449	448	393	8	-1	-1	-1	0
450	449	394	8	-1	-1	-1	0
413	470	414	0	-1	-1	-1	0
451	450	396	8	-1	-1	-1	0
471	418	414	0	-1	-1	-1	0
416	415	473	0	-1	-1	-1	0
418	473	415	0	-1	-1	-1	0
417	416	474	8	-1	-1	-1	0
455	400	453	0	-1	-1	-1	0
400	455	454	0	-1	-1	-1	0
419	417	475	8	-1	-1	-1	0
457	401	454	0	-1	-1	-1	0
434	442	437	8	-1	-1	-1	0
446	433	436	8	-1	-1	-1	0
458	456	401	0	-1	-1	-1	0
477	420	419	8	-1	-1	-1	0
401	457	458	0	-1	-1	-1	0
456	459	402	0	-1	-1	-1	0
478	421	420	8	-1	-1	-1	0
404	462	453	0	-1	-1	-1	0
422	421	480	8	-1	-1	-1	0
404	460	461	0	-1	-1	-1	0
423	422	481	8	-1	-1	-1	0
404	461	462	0	-1	-1	-1	0
482	424	423	8	-1	-1	-1	0
483	425	424	8	-1	-1	-1	0
412	452	468	8	-1	-1	-1	0
464	463	406	0	-1	-1	-1	0
485	427	426	8	-1	-1	-1	0
409	463	467	0	-1	-1	-1	0
465	408	466	0	-1	-1	-1	0
458	443	438	8	-1	-1	-1	0
457	441	443	8	-1	-1	-1	0
469	413	459	0	-1	-1	-1	0
409	467	466	0	-1	-1	-1	0
412	468	464	8	-1	-1	-1	0
427	485	432	8	-1	-1	-1	0
425	484	439	8	-1	-1	-1	0
431	432	486	8	-1	-1	-1	0
413	469	470	0	-1	-1	-1	0
426	445	485	8	-1	-1	-1	0
414	470	472	0	-1	-1	-1	0
472	471	414	0	-1	-1	-1	0
443	458	457	8	-1	-1	-1	0
436	435	488	8	-1	-1	-1	0
489	435	437	8	-1	-1	-1	0
416	473	474	0	-1	-1	-1	0
476	418	471	0	-1	-1	-1	0
474	475	417	8	-1	-1	-1	0
418	476	473	0	-1	-1	-1	0
439	493	438	8	-1	-1	-1	0
437	442	491	8	-1	-1	-1	0
475	477	419	8	-1	-1	-1	0
490	446	436	8	-1	-1	-1	0
420	477	478	8	-1	-1	-1	0
441	494	440	8	-1	-1	-1	0
494	442	440	8	-1	-1	-1	0
478	479	421	8	-1	-1	-1	0
421	479	480	8	-1	-1	-1	0
480	481	422	8	-1	-1	-1	0
497	445	444	8	-1	-1	-1	0
481	482	423	8	-1	-1	-1	0
447	497	444	8	-1	-1	-1	0
424	482	483	8	-1	-1	-1	0
458	438	493	8	-1	-1	-1	0
499	447	446	8	-1	-1	-1	0
483	484	425	8	-1	-1	-1	0
439	484	469	8	-1	-1	-1	0
441	457	495	8	-1	-1	-1	0
448	449	502	8	-1	-1	-1	0
439	469	493	8	-1	-1	-1	0
450	502	449	8	-1	-1	-1	0
450	451	503	8	-1	-1	-1	0
455	495	454	0	-1	-1	-1	0
487	432	485	8	-1	-1	-1	0
486	432	487	8	-1	-1	-1	0
495	457	454	0	-1	-1	-1	0
456	458	493	0	-1	-1	-1	0
459	456	493	0	-1	-1	-1	0
435	489	488	8	-1	-1	-1	0
455	453	505	0	-1	-1	-1	0
488	490	436	8	-1	-1	-1	0
492	489	437	8	-1	-1	-1	0
492	437	491	8	-1	-1	-1	0
505	453	462	0	-1	-1	-1	0
459	493	469	0	-1	-1	-1	0
484	470	469	8	-1	-1	-1	0
452	504	468	8	-1	-1	-1	0
445	498	485	8	-1	-1	-1	0
496	491	442	8	-1	-1	-1	0
495	494	441	8	-1	-1	-1	0
462	461	508	0	-1	-1	-1	0
494	496	442	8	-1	-1	-1	0
490	499	446	8	-1	-1	-1	0
510	463	464	0	-1	-1	-1	0
445	497	498	8	-1	-1	-1	0
510	467	463	0	-1	-1	-1	0
464	468	510	0	-1	-1	-1	0
465	466	511	0	-1	-1	-1	0
467	511	466	0	-1	-1	-1	0
500	497	447	8	-1	-1	-1	0
499	500	447	8	-1	-1	-1	0
502	501	448	8	-1	-1	-1	0
450	503	502	8	-1	-1	-1	0
470	514	472	8	-1	-1	-1	0
455	506	495	0	-1	-1	-1	0
472	515	471	0	-1	-1	-1	0
515	476	471	0	-1	-1	-1	0
474	473	517	0	-1	-1	-1	0
476	517	473	0	-1	-1	-1	0
518	475	474	8	-1	-1	-1	0
505	507	455	0	-1	-1	-1	0
506	455	507	0	-1	-1	-1	0
470	484	514	8	-1	-1	-1	0
477	475	518	8	-1	-1	-1	0
498	487	485	8	-1	-1	-1	0
520	478	477	8	-1	-1	-1	0
505	462	509	0	-1	-1	-1	0
520	479	478	8	-1	-1	-1	0
462	508	509	0	-1	-1	-1	0
482	514	483	8	-1	-1	-1	0
482	481	516	8	-1	-1	-1	0
480	479	521	8	-1	-1	-1	0
483	514	484	8	-1	-1	-1	0
480	523	481	8	-1	-1	-1	0
504	513	468	0	-1	-1	-1	0
512	467	510	0	-1	-1	-1	0
467	512	511	0	-1	-1	-1	0
510	468	513	0	-1	-1	-1	0
494	495	506	8	-1	-1	-1	0
524	486	487	8	-1	-1	-1	0
514	516	472	8	-1	-1	-1	0
515	472	516	8	-1	-1	-1	0
527	488	489	8	-1	-1	-1	0
526	490	488	8	-1	-1	-1	0
517	518	474	0	-1	-1	-1	0
528	489	492	8	-1	-1	-1	0
525	487	498	8	-1	-1	-1	0
476	515	519	0	-1	-1	-1	0
492	491	529	8	-1	-1	-1	0
516	514	482	8	-1	-1	-1	0
519	517	476	0	-1	-1	-1	0
518	520	477	8	-1	-1	-1	0
490	526	499	8	-1	-1	-1	0
491	496	530	8	-1	-1	-1	0
523	516	481	8	-1	-1	-1	0
479	520	522	8	-1	-1	-1	0
494	532	496	8	-1	-1	-1	0
479	522	521	8	-1	-1	-1	0
521	523	480	8	-1	-1	-1	0
498	497	534	8	-1	-1	-1	0
497	500	534	8	-1	-1	-1	0
506	532	494	8	-1	-1	-1	0
513	512	510	0	-1	-1	-1	0
499	536	500	8	-1	-1	-1	0
524	487	525	8	-1	-1	-1	0
527	526	488	8	-1	-1	-1	0
501	502	539	8	-1	-1	-1	0
527	489	528	8	-1	-1	-1	0
503	539	502	8	-1	-1	-1	0
491	530	529	8	-1	-1	-1	0
528	492	531	8	-1	-1	-1	0
507	505	540	0	-1	-1	-1	0
529	531	492	8	-1	-1	-1	0
505	509	540	0	-1	-1	-1	0
516	523	515	8	-1	-1	-1	0
506	507	541	0	-1	-1	-1	0
517	522	518	0	-1	-1	-1	0
515	523	519	8	-1	-1	-1	0
522	517	519	0	-1	-1	-1	0
535	525	498	8	-1	-1	-1	0
496	533	530	8	-1	-1	-1	0
522	520	518	0	-1	-1	-1	0
536	499	526	8	-1	-1	-1	0
532	533	496	8	-1	-1	-1	0
544	509	508	0	-1	-1	-1	0
522	519	521	8	-1	-1	-1	0
519	523	521	8	-1	-1	-1	0
498	534	535	8	-1	-1	-1	0
500	537	534	8	-1	-1	-1	0
536	537	500	8	-1	-1	-1	0
501	539	538	8	-1	-1	-1	0
541	532	506	8	-1	-1	-1	0
542	507	540	0	-1	-1	-1	0
541	507	543	0	-1	-1	-1	0
507	542	543	0	-1	-1	-1	0
509	545	540	0	-1	-1	-1	0
524	525	548	8	-1	-1	-1	0
544	546	509	0	-1	-1	-1	0
545	509	546	0	-1	-1	-1	0
527	549	526	8	-1	-1	-1	0
527	528	550	8	-1	-1	-1	0
537	535	534	8	-1	-1	-1	0
525	535	548	8	-1	-1	-1	0
536	526	549	8	-1	-1	-1	0
552	528	531	8	-1	-1	-1	0
530	554	529	8	-1	-1	-1	0
529	554	531	8	-1	-1	-1	0
524	548	547	8	-1	-1	-1	0
530	533	556	8	-1	-1	-1	0
558	533	532	8	-1	-1	-1	0
527	551	549	8	-1	-1	-1	0
550	551	527	8	-1	-1	-1	0
553	550	528	8	-1	-1	-1	0
532	541	558	8	-1	-1	-1	0
559	535	537	8	-1	-1	-1	0
552	553	528	8	-1	-1	-1	0
536	561	537	8	-1	-1	-1	0
530	555	554	8	-1	-1	-1	0
552	531	557	8	-1	-1	-1	0
555	530	556	8	-1	-1	-1	0
531	554	557	8	-1	-1	-1	0
560	548	535	8	-1	-1	-1	0
540	563	542	0	-1	-1	-1	0
549	562	536	8	-1	-1	-1	0
533	558	556	8	-1	-1	-1	0
543	564	541	0	-1	-1	-1	0
540	545	563	0	-1	-1	-1	0
565	543	542	0	-1	-1	-1	0
560	535	559	8	-1	-1	-1	0
560	547	548	8	-1	-1	-1	0
567	546	544	0	-1	-1	-1	0
561	559	537	8	-1	-1	-1	0
562	561	536	8	-1	-1	-1	0
546	568	545	0	-1	-1	-1	0
558	541	564	8	-1	-1	-1	0
555	557	554	8	-1	-1	-1	0
542	563	565	0	-1	-1	-1	0
549	551	571	8	-1	-1	-1	0
572	551	550	8	-1	-1	-1	0
564	543	566	0	-1	-1	-1	0
565	566	543	0	-1	-1	-1	0
553	572	550	8	-1	-1	-1	0
563	545	568	0	-1	-1	-1	0
547	560	570	8	-1	-1	-1	0
552	575	553	8	-1	-1	-1	0
569	546	567	0	-1	-1	-1	0
571	562	549	8	-1	-1	-1	0
568	546	569	0	-1	-1	-1	0
574	552	557	8	-1	-1	-1	0
555	577	557	8	-1	-1	-1	0
556	578	555	8	-1	-1	-1	0
556	558	580	8	-1	-1	-1	0
571	551	573	8	-1	-1	-1	0
573	551	572	8	-1	-1	-1	0
575	552	574	8	-1	-1	-1	0
572	553	576	8	-1	-1	-1	0
580	558	564	8	-1	-1	-1	0
561	583	559	8	-1	-1	-1	0
584	560	559	8	-1	-1	-1	0
575	576	553	8	-1	-1	-1	0
562	583	561	8	-1	-1	-1	0
577	555	578	8	-1	-1	-1	0
574	557	582	8	-1	-1	-1	0
578	556	579	8	-1	-1	-1	0
565	563	586	0	-1	-1	-1	0
560	584	570	8	-1	-1	-1	0
577	582	557	8	-1	-1	-1	0
581	579	556	8	-1	-1	-1	0
580	581	556	8	-1	-1	-1	0
571	585	562	8	-1	-1	-1	0
563	568	588	0	-1	-1	-1	0
566	589	564	0	-1	-1	-1	0
590	566	565	0	-1	-1	-1	0
583	584	559	8	-1	-1	-1	0
567	592	569	0	-1	-1	-1	0
583	562	585	8	-1	-1	-1	0
569	594	568	0	-1	-1	-1	0
589	580	564	8	-1	-1	-1	0
563	588	587	0	-1	-1	-1	0
587	586	563	0	-1	-1	-1	0
596	571	573	8	-1	-1	-1	0
590	565	586	0	-1	-1	-1	0
573	572	597	8	-1	-1	-1	0
597	572	576	8	-1	-1	-1	0
589	566	591	0	-1	-1	-1	0
590	591	566	0	-1	-1	-1	0
575	574	599	8	-1	-1	-1	0
595	570	584	8	-1	-1	-1	0
588	568	593	0	-1	-1	-1	0
576	575	600	8	-1	-1	-1	0
596	585	571	8	-1	-1	-1	0
594	569	592	0	-1	-1	-1	0
582	599	574	8	-1	-1	-1	0
568	594	593	0	-1	-1	-1	0
603	577	578	8	-1	-1	-1	0
579	604	578	8	-1	-1	-1	0
603	582	577	8	-1	-1	-1	0
579	581	606	8	-1	-1	-1	0
596	573	598	8	-1	-1	-1	0
598	573	597	8	-1	-1	-1	0
607	581	580	8	-1	-1	-1	0
599	600	575	8	-1	-1	-1	0
576	602	597	8	-1	-1	-1	0
580	589	607	8	-1	-1	-1	0
600	601	576	8	-1	-1	-1	0
611	584	583	8	-1	-1	-1	0
611	583	585	8	-1	-1	-1	0
601	602	576	8	-1	-1	-1	0
578	604	603	8	-1	-1	-1	0
586	587	614	0	-1	-1	-1	0
605	604	579	8	-1	-1	-1	0
586	614	590	0	-1	-1	-1	0
587	588	615	0	-1	-1	-1	0
579	606	605	8	-1	-1	-1	0
599	582	610	8	-1	-1	-1	0
612	595	584	8	-1	-1	-1	0
582	603	609	8	-1	-1	-1	0
613	585	596	8	-1	-1	-1	0
581	608	606	8	-1	-1	-1	0
608	581	607	8	-1	-1	-1	0
597	602	598	8	-1	-1	-1	0
588	593	618	0	-1	-1	-1	0
591	619	589	0	-1	-1	-1	0
591	590	620	0	-1	-1	-1	0
610	582	609	8	-1	-1	-1	0
598	613	596	8	-1	-1	-1	0
584	611	612	8	-1	-1	-1	0
592	622	594	0	-1	-1	-1	0
613	611	585	8	-1	-1	-1	0
593	594	623	0	-1	-1	-1	0
607	589	619	8	-1	-1	-1	0
614	587	616	0	-1	-1	-1	0
587	615	616	0	-1	-1	-1	0
615	588	617	0	-1	-1	-1	0
618	617	588	0	-1	-1	-1	0
620	590	614	0	-1	-1	-1	0
599	627	600	8	-1	-1	-1	0
602	626	598	8	-1	-1	-1	0
600	628	601	8	-1	-1	-1	0
619	591	621	0	-1	-1	-1	0
620	621	591	0	-1	-1	-1	0
602	601	629	8	-1	-1	-1	0
625	595	612	8	-1	-1	-1	0
608	607	619	8	-1	-1	-1	0
624	618	593	0	-1	-1	-1	0
627	599	610	8	-1	-1	-1	0
613	612	611	8	-1	-1	-1	0
598	626	613	8	-1	-1	-1	0
603	604	631	8	-1	-1	-1	0
623	594	622	0	-1	-1	-1	0
623	624	593	0	-1	-1	-1	0
632	604	605	8	-1	-1	-1	0
631	609	603	8	-1	-1	-1	0
606	634	605	8	-1	-1	-1	0
635	606	608	8	-1	-1	-1	0
616	620	614	0	-1	-1	-1	0
627	628	600	8	-1	-1	-1	0
609	638	610	8	-1	-1	-1	0
629	601	628	8	-1	-1	-1	0
630	626	602	8	-1	-1	-1	0
602	629	630	8	-1	-1	-1	0
619	637	608	8	-1	-1	-1	0
613	641	612	8	-1	-1	-1	0
604	633	631	8	-1	-1	-1	0
604	632	633	8	-1	-1	-1	0
634	632	605	8	-1	-1	-1	0
615	643	616	0	-1	-1	-1	0
617	644	615	0	-1	-1	-1	0
606	636	634	8	-1	-1	-1	0
621	637	619	0	-1	-1	-1	0
635	636	606	8	-1	-1	-1	0
640	627	610	8	-1	-1	-1	0
625	612	641	8	-1	-1	-1	0
631	639	609	8	-1	-1	-1	0
608	637	635	8	-1	-1	-1	0
613	626	642	8	-1	-1	-1	0
620	616	645	0	-1	-1	-1	0
647	617	618	0	-1	-1	-1	0
638	609	639	8	-1	-1	-1	0
638	640	610	8	-1	-1	-1	0
649	621	620	0	-1	-1	-1	0
618	624	648	0	-1	-1	-1	0
622	650	623	0	-1	-1	-1	0
641	613	642	8	-1	-1	-1	0
623	651	624	0	-1	-1	-1	0
644	643	615	0	-1	-1	-1	0
646	616	643	0	-1	-1	-1	0
616	646	645	0	-1	-1	-1	0
637	621	649	0	-1	-1	-1	0
644	617	647	0	-1	-1	-1	0
628	627	657	8	-1	-1	-1	0
656	626	630	8	-1	-1	-1	0
618	648	647	0	-1	-1	-1	0
649	620	645	0	-1	-1	-1	0
628	658	629	8	-1	-1	-1	0
629	659	630	8	-1	-1	-1	0
625	641	655	8	-1	-1	-1	0
626	656	642	8	-1	-1	-1	0
651	623	650	0	-1	-1	-1	0
627	640	657	8	-1	-1	-1	0
624	653	648	0	-1	-1	-1	0
663	631	633	8	-1	-1	-1	0
624	651	652	0	-1	-1	-1	0
653	624	652	0	-1	-1	-1	0
665	633	632	8	-1	-1	-1	0
664	632	634	8	-1	-1	-1	0
662	639	631	8	-1	-1	-1	0
625	655	654	8	-1	-1	-1	0
636	667	634	8	-1	-1	-1	0
642	655	641	8	-1	-1	-1	0
668	636	635	8	-1	-1	-1	0
637	669	635	8	-1	-1	-1	0
657	658	628	8	-1	-1	-1	0
658	659	629	8	-1	-1	-1	0
661	656	630	8	-1	-1	-1	0
671	638	639	8	-1	-1	-1	0
630	659	660	8	-1	-1	-1	0
672	640	638	8	-1	-1	-1	0
660	661	630	8	-1	-1	-1	0
669	637	649	0	-1	-1	-1	0
663	662	631	8	-1	-1	-1	0
665	632	664	8	-1	-1	-1	0
666	663	633	8	-1	-1	-1	0
644	676	643	1	-1	-1	-1	0
665	666	633	8	-1	-1	-1	0
634	667	664	8	-1	-1	-1	0
677	646	643	1	-1	-1	-1	0
644	647	678	1	-1	-1	-1	0
646	679	645	0	-1	-1	-1	0
640	674	657	8	-1	-1	-1	0
669	668	635	8	-1	-1	-1	0
675	655	642	8	-1	-1	-1	0
642	656	675	8	-1	-1	-1	0
636	670	667	8	-1	-1	-1	0
636	668	670	8	-1	-1	-1	0
673	639	662	8	-1	-1	-1	0
645	680	649	0	-1	-1	-1	0
648	682	647	1	-1	-1	-1	0
638	671	672	8	-1	-1	-1	0
671	639	673	8	-1	-1	-1	0
648	653	683	1	-1	-1	-1	0
651	650	685	0	-1	-1	-1	0
640	672	674	8	-1	-1	-1	0
687	652	651	0	-1	-1	-1	0
652	689	653	0	-1	-1	-1	0
643	676	677	1	-1	-1	-1	0
678	676	644	1	-1	-1	-1	0
655	692	654	8	-1	-1	-1	0
669	649	684	0	-1	-1	-1	0
680	645	679	0	-1	-1	-1	0
677	681	646	1	-1	-1	-1	0
681	679	646	1	-1	-1	-1	0
682	678	647	1	-1	-1	-1	0
694	658	657	8	-1	-1	-1	0
656	661	693	8	-1	-1	-1	0
680	684	649	0	-1	-1	-1	0
682	648	683	1	-1	-1	-1	0
658	696	659	8	-1	-1	-1	0
659	698	660	8	-1	-1	-1	0
660	699	661	8	-1	-1	-1	0
685	686	651	0	-1	-1	-1	0
655	675	692	8	-1	-1	-1	0
693	675	656	8	-1	-1	-1	0
686	687	651	0	-1	-1	-1	0
695	657	674	8	-1	-1	-1	0
663	701	662	8	-1	-1	-1	0
690	683	653	1	-1	-1	-1	0
687	688	652	0	-1	-1	-1	0
688	689	652	0	-1	-1	-1	0
690	653	689	1	-1	-1	-1	0
704	663	666	8	-1	-1	-1	0
664	705	665	8	-1	-1	-1	0
702	673	662	8	-1	-1	-1	0
654	692	691	8	-1	-1	-1	0
706	664	667	8	-1	-1	-1	0
666	665	707	8	-1	-1	-1	0
706	667	670	8	-1	-1	-1	0
657	695	694	8	-1	-1	-1	0
668	710	670	8	-1	-1	-1	0
711	668	669	8	-1	-1	-1	0
658	694	697	8	-1	-1	-1	0
696	658	697	8	-1	-1	-1	0
698	659	696	8	-1	-1	-1	0
700	693	661	8	-1	-1	-1	0
714	672	671	8	-1	-1	-1	0
699	660	698	8	-1	-1	-1	0
713	671	673	8	-1	-1	-1	0
661	699	700	8	-1	-1	-1	0
675	693	692	8	-1	-1	-1	0
715	674	672	8	-1	-1	-1	0
662	701	702	8	-1	-1	-1	0
684	711	669	0	-1	-1	-1	0
663	703	701	8	-1	-1	-1	0
677	676	717	1	-1	-1	-1	0
704	703	663	8	-1	-1	-1	0
678	717	676	1	-1	-1	-1	0
705	664	706	8	-1	-1	-1	0
681	677	718	1	-1	-1	-1	0
665	705	708	8	-1	-1	-1	0
682	719	678	1	-1	-1	-1	0
680	679	720	0	-1	-1	-1	0
666	709	704	8	-1	-1	-1	0
708	707	665	8	-1	-1	-1	0
679	681	721	1	-1	-1	-1	0
666	707	709	8	-1	-1	-1	0
674	715	695	8	-1	-1	-1	0
723	684	680	0	-1	-1	-1	0
712	706	670	8	-1	-1	-1	0
711	710	668	8	-1	-1	-1	0
726	682	683	1	-1	-1	-1	0
716	673	702	8	-1	-1	-1	0
710	712	670	8	-1	-1	-1	0
714	671	713	8	-1	-1	-1	0
729	686	685	0	-1	-1	-1	0
714	715	672	8	-1	-1	-1	0
727	683	690	1	-1	-1	-1	0
716	713	673	8	-1	-1	-1	0
730	687	686	0	-1	-1	-1	0
687	731	688	0	-1	-1	-1	0
689	688	732	0	-1	-1	-1	0
733	690	689	1	-1	-1	-1	0
718	677	717	1	-1	-1	-1	0
678	719	717	1	-1	-1	-1	0
721	720	679	1	-1	-1	-1	0
692	737	691	8	-1	-1	-1	0
722	680	720	0	-1	-1	-1	0
692	693	737	8	-1	-1	-1	0
711	684	728	0	-1	-1	-1	0
724	681	718	1	-1	-1	-1	0
722	723	680	0	-1	-1	-1	0
719	682	726	1	-1	-1	-1	0
695	738	694	8	-1	-1	-1	0
681	725	721	1	-1	-1	-1	0
700	737	693	8	-1	-1	-1	0
739	697	694	8	-1	-1	-1	0
724	725	681	1	-1	-1	-1	0
684	723	728	0	-1	-1	-1	0
742	696	697	8	-1	-1	-1	0
727	726	683	1	-1	-1	-1	0
743	698	696	8	-1	-1	-1	0
704	709	724	1	-1	-1	-1	0
743	699	698	8	-1	-1	-1	0
699	745	700	8	-1	-1	-1	0
729	730	686	0	-1	-1	-1	0
687	730	731	0	-1	-1	-1	0
701	747	702	8	-1	-1	-1	0
715	741	695	8	-1	-1	-1	0
727	690	734	1	-1	-1	-1	0
701	703	747	8	-1	-1	-1	0
731	732	688	0	-1	-1	-1	0
689	732	733	1	-1	-1	-1	0
703	704	750	1	-1	-1	-1	0
733	735	690	1	-1	-1	-1	0
725	724	709	1	-1	-1	-1	0
735	734	690	1	-1	-1	-1	0
751	705	706	8	-1	-1	-1	0
691	737	736	8	-1	-1	-1	0
705	751	708	8	-1	-1	-1	0
716	702	748	8	-1	-1	-1	0
707	708	753	8	-1	-1	-1	0
754	709	707	8	-1	-1	-1	0
706	712	752	8	-1	-1	-1	0
739	694	738	8	-1	-1	-1	0
740	738	695	8	-1	-1	-1	0
741	740	695	8	-1	-1	-1	0
724	750	704	1	-1	-1	-1	0
757	710	711	8	-1	-1	-1	0
712	710	756	8	-1	-1	-1	0
697	739	744	8	-1	-1	-1	0
742	743	696	8	-1	-1	-1	0
737	700	746	8	-1	-1	-1	0
744	742	697	8	-1	-1	-1	0
759	714	713	8	-1	-1	-1	0
699	743	745	8	-1	-1	-1	0
759	713	716	8	-1	-1	-1	0
725	709	754	1	-1	-1	-1	0
715	714	760	8	-1	-1	-1	0
745	746	700	8	-1	-1	-1	0
718	750	724	1	-1	-1	-1	0
711	728	757	0	-1	-1	-1	0
747	748	702	8	-1	-1	-1	0
747	703	749	1	-1	-1	-1	0
717	719	764	1	-1	-1	-1	0
766	718	717	1	-1	-1	-1	0
750	749	703	1	-1	-1	-1	0
767	720	721	1	-1	-1	-1	0
706	752	751	8	-1	-1	-1	0
764	719	726	1	-1	-1	-1	0
720	768	722	0	-1	-1	-1	0
755	708	751	8	-1	-1	-1	0
754	707	753	8	-1	-1	-1	0
769	721	725	1	-1	-1	-1	0
770	723	722	0	-1	-1	-1	0
715	760	741	8	-1	-1	-1	0
708	755	753	8	-1	-1	-1	0
746	736	737	8	-1	-1	-1	0
723	771	728	0	-1	-1	-1	0
758	752	712	8	-1	-1	-1	0
757	756	710	8	-1	-1	-1	0
773	726	727	1	-1	-1	-1	0
712	756	758	8	-1	-1	-1	0
716	748	763	8	-1	-1	-1	0
761	714	759	8	-1	-1	-1	0
766	750	718	1	-1	-1	-1	0
761	760	714	8	-1	-1	-1	0
730	729	777	0	-1	-1	-1	0
776	727	734	1	-1	-1	-1	0
716	762	759	8	-1	-1	-1	0
730	778	731	0	-1	-1	-1	0
762	716	763	8	-1	-1	-1	0
731	779	732	0	-1	-1	-1	0
732	780	733	1	-1	-1	-1	0
765	717	764	1	-1	-1	-1	0
780	735	733	1	-1	-1	-1	0
717	765	766	1	-1	-1	-1	0
734	735	782	1	-1	-1	-1	0
725	754	772	1	-1	-1	-1	0
720	767	768	1	-1	-1	-1	0
771	757	728	0	-1	-1	-1	0
769	767	721	1	-1	-1	-1	0
768	770	722	0	-1	-1	-1	0
739	738	785	8	-1	-1	-1	0
740	785	738	8	-1	-1	-1	0
764	726	774	1	-1	-1	-1	0
723	770	771	0	-1	-1	-1	0
749	750	766	1	-1	-1	-1	0
784	736	746	8	-1	-1	-1	0
772	769	725	1	-1	-1	-1	0
741	787	740	8	-1	-1	-1	0
739	786	744	8	-1	-1	-1	0
726	773	774	1	-1	-1	-1	0
773	727	775	1	-1	-1	-1	0
743	742	791	8	-1	-1	-1	0
790	742	744	8	-1	-1	-1	0
776	775	727	1	-1	-1	-1	0
792	745	743	8	-1	-1	-1	0
745	793	746	8	-1	-1	-1	0
777	778	730	0	-1	-1	-1	0
779	731	778	0	-1	-1	-1	0
747	794	748	1	-1	-1	-1	0
760	789	741	8	-1	-1	-1	0
749	794	747	1	-1	-1	-1	0
734	781	776	1	-1	-1	-1	0
779	780	732	1	-1	-1	-1	0
781	734	782	1	-1	-1	-1	0
735	780	783	1	-1	-1	-1	0
752	796	751	8	-1	-1	-1	0
735	783	782	1	-1	-1	-1	0
755	751	796	8	-1	-1	-1	0
764	774	765	1	-1	-1	-1	0
754	753	798	8	-1	-1	-1	0
798	753	755	8	-1	-1	-1	0
763	748	795	1	-1	-1	-1	0
752	758	797	8	-1	-1	-1	0
794	749	766	1	-1	-1	-1	0
739	785	786	8	-1	-1	-1	0
788	785	740	8	-1	-1	-1	0
801	756	757	8	-1	-1	-1	0
788	740	787	8	-1	-1	-1	0
758	756	802	8	-1	-1	-1	0
787	741	789	8	-1	-1	-1	0
786	790	744	8	-1	-1	-1	0
742	790	791	8	-1	-1	-1	0
793	784	746	8	-1	-1	-1	0
798	772	754	1	-1	-1	-1	0
761	759	803	8	-1	-1	-1	0
759	762	804	8	-1	-1	-1	0
761	805	760	8	-1	-1	-1	0
792	743	791	8	-1	-1	-1	0
771	801	757	0	-1	-1	-1	0
745	792	793	8	-1	-1	-1	0
763	808	762	8	-1	-1	-1	0
794	795	748	1	-1	-1	-1	0
765	810	766	1	-1	-1	-1	0
752	797	796	8	-1	-1	-1	0
768	767	813	1	-1	-1	-1	0
769	813	767	1	-1	-1	-1	0
799	755	796	8	-1	-1	-1	0
765	774	811	1	-1	-1	-1	0
770	768	814	0	-1	-1	-1	0
755	800	798	8	-1	-1	-1	0
760	805	789	8	-1	-1	-1	0
755	799	800	8	-1	-1	-1	0
815	769	772	1	-1	-1	-1	0
758	802	797	8	-1	-1	-1	0
770	816	771	0	-1	-1	-1	0
801	802	756	8	-1	-1	-1	0
773	775	817	1	-1	-1	-1	0
773	818	774	1	-1	-1	-1	0
804	803	759	8	-1	-1	-1	0
763	795	809	1	-1	-1	-1	0
766	810	794	1	-1	-1	-1	0
803	807	761	8	-1	-1	-1	0
805	761	806	8	-1	-1	-1	0
762	808	804	8	-1	-1	-1	0
778	777	819	0	-1	-1	-1	0
806	761	807	8	-1	-1	-1	0
778	820	779	0	-1	-1	-1	0
763	809	808	1	-1	-1	-1	0
821	780	779	1	-1	-1	-1	0
821	783	780	1	-1	-1	-1	0
798	815	772	1	-1	-1	-1	0
781	782	822	1	-1	-1	-1	0
812	810	765	1	-1	-1	-1	0
783	822	782	1	-1	-1	-1	0
811	812	765	1	-1	-1	-1	0
801	771	816	0	-1	-1	-1	0
768	813	814	1	-1	-1	-1	0
825	786	785	8	-1	-1	-1	0
769	815	813	1	-1	-1	-1	0
825	785	788	8	-1	-1	-1	0
810	795	794	1	-1	-1	-1	0
814	816	770	0	-1	-1	-1	0
793	824	784	8	-1	-1	-1	0
811	774	818	1	-1	-1	-1	0
827	790	786	8	-1	-1	-1	0
789	828	787	8	-1	-1	-1	0
787	829	788	8	-1	-1	-1	0
817	818	773	1	-1	-1	-1	0
800	815	798	1	-1	-1	-1	0
790	832	791	8	-1	-1	-1	0
833	792	791	8	-1	-1	-1	0
778	819	820	0	-1	-1	-1	0
795	810	812	1	-1	-1	-1	0
834	793	792	8	-1	-1	-1	0
779	820	821	1	-1	-1	-1	0
805	831	789	8	-1	-1	-1	0
823	783	821	1	-1	-1	-1	0
783	823	822	1	-1	-1	-1	0
796	797	836	8	-1	-1	-1	0
796	836	799	8	-1	-1	-1	0
837	797	802	8	-1	-1	-1	0
800	799	838	8	-1	-1	-1	0
826	786	825	8	-1	-1	-1	0
786	826	827	8	-1	-1	-1	0
795	835	809	1	-1	-1	-1	0
805	806	831	8	-1	-1	-1	0
795	812	835	1	-1	-1	-1	0
802	801	840	8	-1	-1	-1	0
825	788	830	8	-1	-1	-1	0
829	787	828	8	-1	-1	-1	0
830	788	829	8	-1	-1	-1	0
841	803	804	8	-1	-1	-1	0
828	789	831	8	-1	-1	-1	0
832	790	827	8	-1	-1	-1	0
793	834	824	8	-1	-1	-1	0
842	807	803	8	-1	-1	-1	0
800	839	815	1	-1	-1	-1	0
843	804	808	8	-1	-1	-1	0
833	791	832	8	-1	-1	-1	0
844	806	807	8	-1	-1	-1	0
840	801	816	0	-1	-1	-1	0
833	834	792	8	-1	-1	-1	0
808	809	848	1	-1	-1	-1	0
814	813	839	1	-1	-1	-1	0
815	839	813	1	-1	-1	-1	0
837	836	797	8	-1	-1	-1	0
838	799	836	8	-1	-1	-1	0
852	812	811	1	-1	-1	-1	0
800	838	839	1	-1	-1	-1	0
802	840	837	8	-1	-1	-1	0
811	818	851	1	-1	-1	-1	0
831	806	845	8	-1	-1	-1	0
814	854	816	0	-1	-1	-1	0
803	841	842	8	-1	-1	-1	0
851	818	817	1	-1	-1	-1	0
804	843	841	8	-1	-1	-1	0
835	849	809	1	-1	-1	-1	0
820	819	855	0	-1	-1	-1	0
845	806	844	8	-1	-1	-1	0
807	842	846	8	-1	-1	-1	0
821	820	856	1	-1	-1	-1	0
807	847	844	8	-1	-1	-1	0
843	808	848	1	-1	-1	-1	0
846	847	807	8	-1	-1	-1	0
853	835	812	1	-1	-1	-1	0
856	823	821	1	-1	-1	-1	0
809	849	848	1	-1	-1	-1	0
854	814	839	1	-1	-1	-1	0
858	826	825	8	-1	-1	-1	0
816	854	840	0	-1	-1	-1	0
850	811	851	1	-1	-1	-1	0
859	827	826	8	-1	-1	-1	0
850	852	811	1	-1	-1	-1	0
830	858	825	8	-1	-1	-1	0
834	857	824	8	-1	-1	-1	0
812	852	853	1	-1	-1	-1	0
861	829	828	8	-1	-1	-1	0
832	827	860	8	-1	-1	-1	0
828	831	862	8	-1	-1	-1	0
863	830	829	8	-1	-1	-1	0
864	833	832	8	-1	-1	-1	0
838	854	839	1	-1	-1	-1	0
865	834	833	8	-1	-1	-1	0
855	856	820	1	-1	-1	-1	0
831	845	862	8	-1	-1	-1	0
837	867	836	8	-1	-1	-1	0
867	838	836	8	-1	-1	-1	0
859	826	858	8	-1	-1	-1	0
840	867	837	8	-1	-1	-1	0
859	860	827	8	-1	-1	-1	0
866	849	835	1	-1	-1	-1	0
863	858	830	8	-1	-1	-1	0
862	861	828	8	-1	-1	-1	0
841	868	842	8	-1	-1	-1	0
843	868	841	8	-1	-1	-1	0
863	829	861	8	-1	-1	-1	0
853	866	835	1	-1	-1	-1	0
860	864	832	8	-1	-1	-1	0
865	857	834	8	-1	-1	-1	0
842	870	846	8	-1	-1	-1	0
838	867	854	1	-1	-1	-1	0
867	840	854	0	-1	-1	-1	0
845	844	873	8	-1	-1	-1	0
864	865	833	8	-1	-1	-1	0
848	871	843	1	-1	-1	-1	0
844	847	872	8	-1	-1	-1	0
875	847	846	8	-1	-1	-1	0
877	848	849	1	-1	-1	-1	0
869	842	868	8	-1	-1	-1	0
874	862	845	8	-1	-1	-1	0
870	842	869	8	-1	-1	-1	0
852	850	879	1	-1	-1	-1	0
843	871	868	1	-1	-1	-1	0
879	853	852	1	-1	-1	-1	0
872	873	844	8	-1	-1	-1	0
875	846	870	8	-1	-1	-1	0
874	845	873	8	-1	-1	-1	0
878	849	866	1	-1	-1	-1	0
847	876	872	8	-1	-1	-1	0
848	877	871	1	-1	-1	-1	0
847	875	876	8	-1	-1	-1	0
881	866	853	1	-1	-1	-1	0
859	858	884	8	-1	-1	-1	0
849	878	877	1	-1	-1	-1	0
882	857	865	8	-1	-1	-1	0
860	859	885	8	-1	-1	-1	0
858	863	883	8	-1	-1	-1	0
886	864	860	8	-1	-1	-1	0
882	865	864	8	-1	-1	-1	0
888	861	862	8	-1	-1	-1	0
853	879	880	1	-1	-1	-1	0
889	863	861	8	-1	-1	-1	0
853	880	881	1	-1	-1	-1	0
858	883	884	8	-1	-1	-1	0
862	874	890	8	-1	-1	-1	0
884	885	859	8	-1	-1	-1	0
868	871	893	1	-1	-1	-1	0
893	869	868	1	-1	-1	-1	0
860	885	887	8	-1	-1	-1	0
894	870	869	8	-1	-1	-1	0
887	886	860	8	-1	-1	-1	0
863	889	883	8	-1	-1	-1	0
892	878	866	1	-1	-1	-1	0
891	882	864	8	-1	-1	-1	0
861	888	889	8	-1	-1	-1	0
892	866	881	1	-1	-1	-1	0
888	862	890	8	-1	-1	-1	0
896	875	870	8	-1	-1	-1	0
893	871	877	1	-1	-1	-1	0
891	864	886	8	-1	-1	-1	0
873	872	899	8	-1	-1	-1	0
872	876	898	8	-1	-1	-1	0
873	901	874	8	-1	-1	-1	0
903	876	875	8	-1	-1	-1	0
893	895	869	1	-1	-1	-1	0
894	869	895	1	-1	-1	-1	0
894	897	870	8	-1	-1	-1	0
906	877	878	1	-1	-1	-1	0
897	896	870	8	-1	-1	-1	0
887	891	886	8	-1	-1	-1	0
874	902	890	8	-1	-1	-1	0
898	899	872	8	-1	-1	-1	0
880	909	881	1	-1	-1	-1	0
899	900	873	8	-1	-1	-1	0
873	900	901	8	-1	-1	-1	0
903	875	896	8	-1	-1	-1	0
905	893	877	1	-1	-1	-1	0
901	902	874	8	-1	-1	-1	0
876	904	898	8	-1	-1	-1	0
878	892	908	1	-1	-1	-1	0
912	884	883	8	-1	-1	-1	0
885	884	913	8	-1	-1	-1	0
910	892	881	1	-1	-1	-1	0
889	911	883	8	-1	-1	-1	0
876	903	904	8	-1	-1	-1	0
887	885	913	8	-1	-1	-1	0
877	906	905	1	-1	-1	-1	0
907	906	878	1	-1	-1	-1	0
891	887	914	8	-1	-1	-1	0
893	905	895	1	-1	-1	-1	0
915	888	890	8	-1	-1	-1	0
908	907	878	1	-1	-1	-1	0
888	916	889	8	-1	-1	-1	0
910	881	909	1	-1	-1	-1	0
883	911	912	8	-1	-1	-1	0
894	895	920	1	-1	-1	-1	0
912	913	884	8	-1	-1	-1	0
890	902	917	8	-1	-1	-1	0
894	919	897	8	-1	-1	-1	0
913	914	887	8	-1	-1	-1	0
889	916	911	8	-1	-1	-1	0
924	896	897	8	-1	-1	-1	0
888	915	916	8	-1	-1	-1	0
892	918	908	1	-1	-1	-1	0
910	918	892	1	-1	-1	-1	0
921	895	905	1	-1	-1	-1	0
890	917	915	8	-1	-1	-1	0
896	923	903	8	-1	-1	-1	0
898	926	899	8	-1	-1	-1	0
929	900	899	8	-1	-1	-1	0
898	904	927	8	-1	-1	-1	0
901	900	930	8	-1	-1	-1	0
920	919	894	1	-1	-1	-1	0
932	902	901	8	-1	-1	-1	0
922	920	895	1	-1	-1	-1	0
895	921	922	1	-1	-1	-1	0
897	919	925	8	-1	-1	-1	0
923	896	924	8	-1	-1	-1	0
936	904	903	8	-1	-1	-1	0
925	924	897	8	-1	-1	-1	0
906	939	905	1	-1	-1	-1	0
898	927	926	8	-1	-1	-1	0
917	902	932	8	-1	-1	-1	0
928	899	926	8	-1	-1	-1	0
907	941	906	1	-1	-1	-1	0
899	928	929	8	-1	-1	-1	0
908	942	907	1	-1	-1	-1	0
929	931	900	8	-1	-1	-1	0
930	900	931	8	-1	-1	-1	0
923	935	903	8	-1	-1	-1	0
930	933	901	8	-1	-1	-1	0
909	945	910	1	-1	-1	-1	0
921	905	939	1	-1	-1	-1	0
932	901	934	8	-1	-1	-1	0
901	933	934	8	-1	-1	-1	0
927	904	937	8	-1	-1	-1	0
908	918	943	1	-1	-1	-1	0
912	911	947	8	-1	-1	-1	0
946	911	916	8	-1	-1	-1	0
918	910	945	1	-1	-1	-1	0
912	949	913	8	-1	-1	-1	0
903	935	936	8	-1	-1	-1	0
949	914	913	8	-1	-1	-1	0
904	936	938	8	-1	-1	-1	0
904	938	937	8	-1	-1	-1	0
916	915	951	8	-1	-1	-1	0
952	915	917	8	-1	-1	-1	0
940	939	906	1	-1	-1	-1	0
906	941	940	1	-1	-1	-1	0
942	941	907	1	-1	-1	-1	0
944	942	908	1	-1	-1	-1	0
933	930	931	8	-1	-1	-1	0
919	920	956	1	-1	-1	-1	0
944	908	943	1	-1	-1	-1	0
958	920	922	1	-1	-1	-1	0
925	919	957	8	-1	-1	-1	0
917	932	953	8	-1	-1	-1	0
922	921	960	1	-1	-1	-1	0
946	947	911	8	-1	-1	-1	0
948	912	947	8	-1	-1	-1	0
948	949	912	8	-1	-1	-1	0
924	963	923	8	-1	-1	-1	0
924	925	964	8	-1	-1	-1	0
951	946	916	8	-1	-1	-1	0
950	914	949	8	-1	-1	-1	0
943	918	955	1	-1	-1	-1	0
945	955	918	1	-1	-1	-1	0
951	915	952	8	-1	-1	-1	0
953	932	934	8	-1	-1	-1	0
939	959	921	1	-1	-1	-1	0
926	927	966	8	-1	-1	-1	0
926	966	928	8	-1	-1	-1	0
923	963	935	8	-1	-1	-1	0
952	917	954	8	-1	-1	-1	0
917	953	954	8	-1	-1	-1	0
929	928	969	8	-1	-1	-1	0
931	929	970	8	-1	-1	-1	0
919	956	957	1	-1	-1	-1	0
937	968	927	8	-1	-1	-1	0
958	956	920	1	-1	-1	-1	0
972	933	931	8	-1	-1	-1	0
959	960	921	1	-1	-1	-1	0
934	933	974	8	-1	-1	-1	0
961	958	922	1	-1	-1	-1	0
922	960	962	1	-1	-1	-1	0
961	922	962	1	-1	-1	-1	0
957	964	925	8	-1	-1	-1	0
936	935	979	8	-1	-1	-1	0
924	965	963	8	-1	-1	-1	0
924	964	965	8	-1	-1	-1	0
938	936	980	8	-1	-1	-1	0
981	937	938	8	-1	-1	-1	0
966	927	967	8	-1	-1	-1	0
939	940	983	1	-1	-1	-1	0
967	927	968	8	-1	-1	-1	0
969	928	966	8	-1	-1	-1	0
934	977	953	8	-1	-1	-1	0
940	941	984	1	-1	-1	-1	0
941	942	985	1	-1	-1	-1	0
929	969	970	8	-1	-1	-1	0
944	986	942	1	-1	-1	-1	0
931	971	972	8	-1	-1	-1	0
973	931	970	8	-1	-1	-1	0
944	943	988	1	-1	-1	-1	0
931	973	971	8	-1	-1	-1	0
978	935	963	8	-1	-1	-1	0
975	933	972	8	-1	-1	-1	0
983	959	939	1	-1	-1	-1	0
974	933	975	8	-1	-1	-1	0
976	934	974	8	-1	-1	-1	0
977	954	953	8	-1	-1	-1	0
991	947	946	8	-1	-1	-1	0
955	987	943	1	-1	-1	-1	0
937	981	968	8	-1	-1	-1	0
977	934	976	8	-1	-1	-1	0
947	993	948	8	-1	-1	-1	0
951	992	946	8	-1	-1	-1	0
948	994	949	8	-1	-1	-1	0
935	978	979	8	-1	-1	-1	0
950	949	994	8	-1	-1	-1	0
980	936	979	8	-1	-1	-1	0
992	951	952	8	-1	-1	-1	0
982	938	980	8	-1	-1	-1	0
981	938	982	8	-1	-1	-1	0
952	954	996	8	-1	-1	-1	0
965	978	963	8	-1	-1	-1	0
984	983	940	1	-1	-1	-1	0
984	941	985	1	-1	-1	-1	0
998	957	956	1	-1	-1	-1	0
958	998	956	1	-1	-1	-1	0
986	985	942	1	-1	-1	-1	0
988	943	987	1	-1	-1	-1	0
1000	958	961	1	-1	-1	-1	0
999	964	957	8	-1	-1	-1	0
944	990	986	1	-1	-1	-1	0
1002	960	959	2	-1	-1	-1	0
988	989	944	1	-1	-1	-1	0
990	944	989	1	-1	-1	-1	0
1003	962	960	2	-1	-1	-1	0
961	962	1004	1	-1	-1	-1	0
997	954	977	8	-1	-1	-1	0
946	992	991	8	-1	-1	-1	0
993	947	991	8	-1	-1	-1	0
1006	965	964	8	-1	-1	-1	0
948	993	994	8	-1	-1	-1	0
995	950	994	8	-1	-1	-1	0
992	952	996	8	-1	-1	-1	0
966	967	1009	8	-1	-1	-1	0
959	983	1001	2	-1	-1	-1	0
966	1009	969	8	-1	-1	-1	0
1010	967	968	2	-1	-1	-1	0
954	997	996	8	-1	-1	-1	0
1008	978	965	8	-1	-1	-1	0
1013	970	969	8	-1	-1	-1	0
998	999	957	1	-1	-1	-1	0
1013	973	970	8	-1	-1	-1	0
958	1000	998	1	-1	-1	-1	0
972	971	1014	8	-1	-1	-1	0
971	973	1015	2	-1	-1	-1	0
1012	968	981	2	-1	-1	-1	0
1002	959	1001	2	-1	-1	-1	0
975	972	1017	8	-1	-1	-1	0
960	1002	1003	2	-1	-1	-1	0
1004	1000	961	1	-1	-1	-1	0
974	975	1019	8	-1	-1	-1	0
1019	976	974	8	-1	-1	-1	0
999	1006	964	8	-1	-1	-1	0
1005	962	1003	2	-1	-1	-1	0
962	1005	1004	2	-1	-1	-1	0
1021	977	976	8	-1	-1	-1	0
1007	965	1006	8	-1	-1	-1	0
965	1007	1008	8	-1	-1	-1	0
1023	979	978	8	-1	-1	-1	0
979	1024	980	8	-1	-1	-1	0
982	980	1025	8	-1	-1	-1	0
967	1011	1009	2	-1	-1	-1	0
1010	1011	967	2	-1	-1	-1	0
1026	981	982	2	-1	-1	-1	0
968	1012	1010	2	-1	-1	-1	0
1013	969	1009	8	-1	-1	-1	0
1021	997	977	8	-1	-1	-1	0
1028	983	984	2	-1	-1	-1	0
1029	984	985	2	-1	-1	-1	0
985	986	1030	2	-1	-1	-1	0
971	1016	1014	2	-1	-1	-1	0
971	1015	1016	2	-1	-1	-1	0
1017	972	1014	8	-1	-1	-1	0
973	1013	1018	2	-1	-1	-1	0
1018	1015	973	2	-1	-1	-1	0
986	990	1031	2	-1	-1	-1	0
988	987	1032	1	-1	-1	-1	0
978	1008	1023	8	-1	-1	-1	0
1034	989	988	1	-1	-1	-1	0
1020	975	1017	8	-1	-1	-1	0
1028	1001	983	2	-1	-1	-1	0
1019	975	1020	8	-1	-1	-1	0
989	1036	990	1	-1	-1	-1	0
1022	976	1019	8	-1	-1	-1	0
1012	981	1026	2	-1	-1	-1	0
1022	1021	976	8	-1	-1	-1	0
992	1038	991	8	-1	-1	-1	0
1039	993	991	8	-1	-1	-1	0
1024	979	1023	8	-1	-1	-1	0
993	1041	994	8	-1	-1	-1	0
996	1040	992	8	-1	-1	-1	0
1024	1025	980	8	-1	-1	-1	0
995	994	1041	8	-1	-1	-1	0
1026	1003	1002	2	-1	-1	-1	0
982	1025	1027	2	-1	-1	-1	0
1027	1026	982	2	-1	-1	-1	0
997	1044	996	8	-1	-1	-1	0
1012	1026	1002	2	-1	-1	-1	0
1029	1028	984	2	-1	-1	-1	0
998	1046	999	1	-1	-1	-1	0
1030	1029	985	2	-1	-1	-1	0
1046	998	1000	1	-1	-1	-1	0
1030	986	1031	2	-1	-1	-1	0
1000	1004	1048	1	-1	-1	-1	0
999	1047	1006	8	-1	-1	-1	0
1001	1050	1002	2	-1	-1	-1	0
1033	988	1032	1	-1	-1	-1	0
1033	1034	988	1	-1	-1	-1	0
1034	1035	989	1	-1	-1	-1	0
1037	1031	990	2	-1	-1	-1	0
1051	1005	1003	2	-1	-1	-1	0
1035	1036	989	1	-1	-1	-1	0
1007	1006	1047	8	-1	-1	-1	0
1004	1005	1052	2	-1	-1	-1	0
997	1021	1045	8	-1	-1	-1	0
1037	990	1036	2	-1	-1	-1	0
1050	1012	1002	2	-1	-1	-1	0
1053	1008	1007	8	-1	-1	-1	0
991	1038	1039	8	-1	-1	-1	0
1038	992	1040	8	-1	-1	-1	0
1011	1010	1050	2	-1	-1	-1	0
1012	1050	1010	2	-1	-1	-1	0
1039	1041	993	8	-1	-1	-1	0
1009	1011	1056	2	-1	-1	-1	0
1001	1028	1049	2	-1	-1	-1	0
1013	1009	1056	2	-1	-1	-1	0
1042	995	1041	8	-1	-1	-1	0
996	1043	1040	8	-1	-1	-1	0
1051	1003	1026	2	-1	-1	-1	0
1043	996	1044	8	-1	-1	-1	0
1023	1008	1055	8	-1	-1	-1	0
1045	1044	997	8	-1	-1	-1	0
1056	1018	1013	2	-1	-1	-1	0
1017	1014	1057	8	-1	-1	-1	0
1058	1014	1016	2	-1	-1	-1	0
1060	1016	1015	2	-1	-1	-1	0
1047	999	1046	1	-1	-1	-1	0
1059	1015	1018	2	-1	-1	-1	0
1046	1000	1048	1	-1	-1	-1	0
1063	1020	1017	8	-1	-1	-1	0
1001	1049	1050	2	-1	-1	-1	0
1055	1024	1023	8	-1	-1	-1	0
1027	1051	1026	2	-1	-1	-1	0
1004	1052	1048	2	-1	-1	-1	0
1020	1065	1019	8	-1	-1	-1	0
1022	1019	1065	8	-1	-1	-1	0
1051	1052	1005	2	-1	-1	-1	0
1047	1054	1007	8	-1	-1	-1	0
1022	1068	1021	8	-1	-1	-1	0
1053	1007	1054	8	-1	-1	-1	0
1008	1053	1055	8	-1	-1	-1	0
1056	1011	1050	2	-1	-1	-1	0
1024	1070	1025	8	-1	-1	-1	0
1025	1071	1027	2	-1	-1	-1	0
1058	1057	1014	2	-1	-1	-1	0
1072	1028	1029	2	-1	-1	-1	0
1029	1030	1072	2	-1	-1	-1	0
1059	1060	1015	2	-1	-1	-1	0
1031	1073	1030	2	-1	-1	-1	0
1045	1021	1068	8	-1	-1	-1	0
1016	1061	1058	2	-1	-1	-1	0
1017	1057	1063	8	-1	-1	-1	0
1056	1064	1018	2	-1	-1	-1	0
1016	1060	1062	2	-1	-1	-1	0
1061	1016	1062	2	-1	-1	-1	0
1032	1075	1033	1	-1	-1	-1	0
1059	1018	1064	2	-1	-1	-1	0
1074	1031	1037	2	-1	-1	-1	0
1076	1034	1033	1	-1	-1	-1	0
1034	1077	1035	1	-1	-1	-1	0
1024	1055	1070	8	-1	-1	-1	0
1049	1028	1072	2	-1	-1	-1	0
1071	1051	1027	2	-1	-1	-1	0
1036	1035	1078	1	-1	-1	-1	0
1063	1067	1020	8	-1	-1	-1	0
1065	1020	1066	8	-1	-1	-1	0
1079	1037	1036	2	-1	-1	-1	0
1067	1066	1020	8	-1	-1	-1	0
1065	1069	1022	8	-1	-1	-1	0
1068	1022	1069	8	-1	-1	-1	0
1040	1082	1038	8	-1	-1	-1	0
1039	1038	1083	8	-1	-1	-1	0
1050	1049	1064	2	-1	-1	-1	0
1084	1041	1039	8	-1	-1	-1	0
1070	1071	1025	2	-1	-1	-1	0
1042	1041	1084	8	-1	-1	-1	0
1043	1085	1040	8	-1	-1	-1	0
1064	1056	1050	2	-1	-1	-1	0
1051	1071	1052	2	-1	-1	-1	0
1043	1044	1088	8	-1	-1	-1	0
1030	1073	1072	2	-1	-1	-1	0
1044	1045	1089	8	-1	-1	-1	0
1031	1074	1073	2	-1	-1	-1	0
1046	1091	1047	1	-1	-1	-1	0
1075	1076	1033	1	-1	-1	-1	0
1091	1046	1048	1	-1	-1	-1	0
1034	1076	1077	1	-1	-1	-1	0
1077	1078	1035	1	-1	-1	-1	0
1037	1080	1074	2	-1	-1	-1	0
1054	1047	1091	1	-1	-1	-1	0
1048	1052	1092	2	-1	-1	-1	0
1036	1078	1079	2	-1	-1	-1	0
1079	1081	1037	2	-1	-1	-1	0
1081	1080	1037	2	-1	-1	-1	0
1094	1053	1054	8	-1	-1	-1	0
1094	1055	1053	8	-1	-1	-1	0
1089	1045	1068	8	-1	-1	-1	0
1082	1083	1038	8	-1	-1	-1	0
1064	1049	1093	2	-1	-1	-1	0
1039	1083	1084	8	-1	-1	-1	0
1040	1085	1082	8	-1	-1	-1	0
1057	1058	1096	2	-1	-1	-1	0
1086	1042	1084	8	-1	-1	-1	0
1072	1093	1049	2	-1	-1	-1	0
1063	1057	1095	8	-1	-1	-1	0
1071	1092	1052	2	-1	-1	-1	0
1085	1043	1087	8	-1	-1	-1	0
1097	1058	1061	2	-1	-1	-1	0
1093	1059	1064	2	-1	-1	-1	0
1060	1059	1098	2	-1	-1	-1	0
1088	1087	1043	8	-1	-1	-1	0
1094	1070	1055	8	-1	-1	-1	0
1060	1100	1062	2	-1	-1	-1	0
1090	1088	1044	8	-1	-1	-1	0
1090	1044	1089	8	-1	-1	-1	0
1062	1101	1061	2	-1	-1	-1	0
1092	1091	1048	2	-1	-1	-1	0
1071	1070	1092	2	-1	-1	-1	0
1067	1063	1103	8	-1	-1	-1	0
1065	1066	1104	8	-1	-1	-1	0
1069	1065	1104	8	-1	-1	-1	0
1094	1054	1091	2	-1	-1	-1	0
1067	1106	1066	8	-1	-1	-1	0
1069	1108	1068	8	-1	-1	-1	0
1096	1095	1057	2	-1	-1	-1	0
1098	1059	1093	2	-1	-1	-1	0
1097	1096	1058	2	-1	-1	-1	0
1092	1070	1094	2	-1	-1	-1	0
1098	1099	1060	2	-1	-1	-1	0
1073	1112	1072	2	-1	-1	-1	0
1061	1101	1097	2	-1	-1	-1	0
1100	1060	1099	2	-1	-1	-1	0
1113	1073	1074	2	-1	-1	-1	0
1095	1103	1063	8	-1	-1	-1	0
1100	1102	1062	2	-1	-1	-1	0
1062	1102	1101	2	-1	-1	-1	0
1089	1068	1109	8	-1	-1	-1	0
1076	1075	1116	1	-1	-1	-1	0
1115	1074	1080	2	-1	-1	-1	0
1076	1117	1077	1	-1	-1	-1	0
1077	1118	1078	1	-1	-1	-1	0
1105	1104	1066	8	-1	-1	-1	0
1078	1119	1079	2	-1	-1	-1	0
1105	1066	1106	8	-1	-1	-1	0
1092	1094	1091	2	-1	-1	-1	0
1107	1067	1103	8	-1	-1	-1	0
1072	1112	1093	2	-1	-1	-1	0
1119	1081	1079	2	-1	-1	-1	0
1067	1107	1106	8	-1	-1	-1	0
1080	1081	1121	2	-1	-1	-1	0
1069	1104	1111	8	-1	-1	-1	0
1108	1109	1068	8	-1	-1	-1	0
1069	1110	1108	8	-1	-1	-1	0
1109	1090	1089	8	-1	-1	-1	0
1082	1123	1083	8	-1	-1	-1	0
1110	1069	1111	8	-1	-1	-1	0
1085	1123	1082	8	-1	-1	-1	0
1083	1124	1084	8	-1	-1	-1	0
1086	1084	1124	8	-1	-1	-1	0
1085	1087	1126	8	-1	-1	-1	0
1113	1112	1073	2	-1	-1	-1	0
1113	1074	1114	2	-1	-1	-1	0
1115	1114	1074	2	-1	-1	-1	0
1112	1098	1093	2	-1	-1	-1	0
1088	1129	1087	8	-1	-1	-1	0
1116	1117	1076	1	-1	-1	-1	0
1088	1090	1130	8	-1	-1	-1	0
1118	1077	1117	1	-1	-1	-1	0
1118	1119	1078	2	-1	-1	-1	0
1080	1120	1115	2	-1	-1	-1	0
1120	1080	1121	2	-1	-1	-1	0
1081	1119	1122	2	-1	-1	-1	0
1095	1096	1133	2	-1	-1	-1	0
1081	1122	1121	2	-1	-1	-1	0
1134	1096	1097	2	-1	-1	-1	0
1103	1095	1132	8	-1	-1	-1	0
1090	1109	1131	8	-1	-1	-1	0
1083	1123	1125	8	-1	-1	-1	0
1083	1125	1124	8	-1	-1	-1	0
1098	1136	1099	2	-1	-1	-1	0
1097	1101	1135	2	-1	-1	-1	0
1126	1123	1085	8	-1	-1	-1	0
1099	1137	1100	2	-1	-1	-1	0
1086	1124	1127	8	-1	-1	-1	0
1128	1086	1127	8	-1	-1	-1	0
1102	1100	1140	2	-1	-1	-1	0
1107	1103	1132	8	-1	-1	-1	0
1126	1087	1129	8	-1	-1	-1	0
1101	1102	1142	2	-1	-1	-1	0
1112	1136	1098	2	-1	-1	-1	0
1088	1130	1129	8	-1	-1	-1	0
1130	1090	1131	8	-1	-1	-1	0
1104	1105	1145	8	-1	-1	-1	0
1106	1146	1105	8	-1	-1	-1	0
1104	1144	1111	8	-1	-1	-1	0
1133	1132	1095	2	-1	-1	-1	0
1106	1107	1148	8	-1	-1	-1	0
1134	1133	1096	2	-1	-1	-1	0
1134	1097	1135	2	-1	-1	-1	0
1151	1109	1108	8	-1	-1	-1	0
1150	1108	1110	8	-1	-1	-1	0
1111	1152	1110	8	-1	-1	-1	0
1099	1136	1138	2	-1	-1	-1	0
1099	1138	1137	2	-1	-1	-1	0
1125	1127	1124	8	-1	-1	-1	0
1139	1100	1137	2	-1	-1	-1	0
1141	1135	1101	2	-1	-1	-1	0
1139	1140	1100	2	-1	-1	-1	0
1113	1156	1112	2	-1	-1	-1	0
1113	1114	1157	2	-1	-1	-1	0
1140	1142	1102	2	-1	-1	-1	0
1101	1143	1141	2	-1	-1	-1	0
1101	1142	1143	2	-1	-1	-1	0
1149	1107	1132	8	-1	-1	-1	0
1117	1116	1158	1	-1	-1	-1	0
1109	1151	1131	8	-1	-1	-1	0
1104	1145	1144	8	-1	-1	-1	0
1117	1159	1118	1	-1	-1	-1	0
1146	1145	1105	8	-1	-1	-1	0
1160	1119	1118	2	-1	-1	-1	0
1106	1147	1146	8	-1	-1	-1	0
1160	1122	1119	2	-1	-1	-1	0
1148	1147	1106	8	-1	-1	-1	0
1120	1121	1161	2	-1	-1	-1	0
1107	1149	1148	8	-1	-1	-1	0
1122	1161	1121	2	-1	-1	-1	0
1136	1112	1156	2	-1	-1	-1	0
1151	1108	1150	8	-1	-1	-1	0
1155	1111	1144	8	-1	-1	-1	0
1123	1163	1125	8	-1	-1	-1	0
1123	1126	1163	8	-1	-1	-1	0
1153	1150	1110	8	-1	-1	-1	0
1153	1110	1152	8	-1	-1	-1	0
1164	1127	1125	8	-1	-1	-1	0
1152	1111	1154	8	-1	-1	-1	0
1128	1127	1164	8	-1	-1	-1	0
1129	1165	1126	8	-1	-1	-1	0
1111	1155	1154	8	-1	-1	-1	0
1157	1156	1113	2	-1	-1	-1	0
1129	1130	1168	8	-1	-1	-1	0
1169	1130	1131	8	-1	-1	-1	0
1117	1158	1159	1	-1	-1	-1	0
1132	1133	1171	2	-1	-1	-1	0
1118	1159	1160	2	-1	-1	-1	0
1133	1134	1172	2	-1	-1	-1	0
1135	1173	1134	2	-1	-1	-1	0
1162	1122	1160	2	-1	-1	-1	0
1122	1162	1161	2	-1	-1	-1	0
1138	1136	1174	2	-1	-1	-1	0
1135	1141	1173	2	-1	-1	-1	0
1125	1163	1164	8	-1	-1	-1	0
1171	1149	1132	2	-1	-1	-1	0
1151	1170	1131	8	-1	-1	-1	0
1165	1163	1126	8	-1	-1	-1	0
1175	1140	1139	2	-1	-1	-1	0
1142	1140	1176	2	-1	-1	-1	0
1128	1164	1167	8	-1	-1	-1	0
1166	1128	1167	8	-1	-1	-1	0
1141	1143	1177	2	-1	-1	-1	0
1165	1129	1168	8	-1	-1	-1	0
1143	1142	1179	2	-1	-1	-1	0
1136	1156	1174	2	-1	-1	-1	0
1169	1168	1130	8	-1	-1	-1	0
1169	1131	1170	8	-1	-1	-1	0
1184	1144	1145	8	-1	-1	-1	0
1146	1185	1145	8	-1	-1	-1	0
1172	1171	1133	2	-1	-1	-1	0
1172	1134	1173	2	-1	-1	-1	0
1186	1146	1147	8	-1	-1	-1	0
1155	1144	1183	8	-1	-1	-1	0
1188	1147	1148	8	-1	-1	-1	0
1149	1189	1148	8	-1	-1	-1	0
1174	1156	1157	2	-1	-1	-1	0
1176	1140	1175	2	-1	-1	-1	0
1173	1141	1178	2	-1	-1	-1	0
1150	1192	1151	8	-1	-1	-1	0
1150	1153	1191	8	-1	-1	-1	0
1141	1177	1178	2	-1	-1	-1	0
1176	1180	1142	2	-1	-1	-1	0
1152	1195	1153	8	-1	-1	-1	0
1194	1152	1154	8	-1	-1	-1	0
1177	1143	1181	2	-1	-1	-1	0
1142	1180	1179	2	-1	-1	-1	0
1143	1179	1182	2	-1	-1	-1	0
1182	1181	1143	2	-1	-1	-1	0
1197	1154	1155	8	-1	-1	-1	0
1149	1171	1190	2	-1	-1	-1	0
1183	1144	1184	8	-1	-1	-1	0
1170	1151	1193	8	-1	-1	-1	0
1184	1145	1185	8	-1	-1	-1	0
1146	1186	1185	8	-1	-1	-1	0
1201	1159	1158	1	-1	-1	-1	0
1147	1187	1186	8	-1	-1	-1	0
1160	1159	1202	2	-1	-1	-1	0
1147	1188	1187	8	-1	-1	-1	0
1178	1172	1173	2	-1	-1	-1	0
1202	1162	1160	2	-1	-1	-1	0
1189	1188	1148	8	-1	-1	-1	0
1189	1149	1190	2	-1	-1	-1	0
1203	1164	1163	8	-1	-1	-1	0
1165	1203	1163	8	-1	-1	-1	0
1150	1191	1192	8	-1	-1	-1	0
1190	1171	1172	2	-1	-1	-1	0
1203	1167	1164	8	-1	-1	-1	0
1193	1151	1192	8	-1	-1	-1	0
1165	1168	1204	8	-1	-1	-1	0
1155	1183	1200	8	-1	-1	-1	0
1191	1153	1196	8	-1	-1	-1	0
1167	1207	1166	8	-1	-1	-1	0
1195	1152	1194	8	-1	-1	-1	0
1196	1153	1195	8	-1	-1	-1	0
1169	1208	1168	8	-1	-1	-1	0
1198	1194	1154	8	-1	-1	-1	0
1170	1209	1169	8	-1	-1	-1	0
1154	1197	1198	8	-1	-1	-1	0
1199	1197	1155	8	-1	-1	-1	0
1200	1199	1155	8	-1	-1	-1	0
1172	1178	1211	2	-1	-1	-1	0
1201	1202	1159	2	-1	-1	-1	0
1175	1212	1176	2	-1	-1	-1	0
1177	1213	1178	2	-1	-1	-1	0
1180	1176	1212	2	-1	-1	-1	0
1181	1214	1177	2	-1	-1	-1	0
1170	1193	1209	8	-1	-1	-1	0
1165	1205	1203	8	-1	-1	-1	0
1190	1172	1211	2	-1	-1	-1	0
1165	1204	1205	8	-1	-1	-1	0
1179	1180	1216	2	-1	-1	-1	0
1203	1205	1167	8	-1	-1	-1	0
1217	1182	1179	2	-1	-1	-1	0
1166	1207	1206	8	-1	-1	-1	0
1167	1205	1207	8	-1	-1	-1	0
1204	1168	1208	8	-1	-1	-1	0
1219	1181	1182	2	-1	-1	-1	0
1169	1210	1208	8	-1	-1	-1	0
1169	1209	1210	8	-1	-1	-1	0
1183	1184	1222	8	-1	-1	-1	0
1184	1185	1223	8	-1	-1	-1	0
1225	1185	1186	8	-1	-1	-1	0
1225	1186	1187	8	-1	-1	-1	0
1188	1227	1187	8	-1	-1	-1	0
1214	1213	1177	2	-1	-1	-1	0
1178	1215	1211	2	-1	-1	-1	0
1183	1221	1200	8	-1	-1	-1	0
1228	1188	1189	8	-1	-1	-1	0
1215	1178	1213	2	-1	-1	-1	0
1189	1190	1229	2	-1	-1	-1	0
1212	1218	1180	2	-1	-1	-1	0
1216	1217	1179	2	-1	-1	-1	0
1214	1181	1219	2	-1	-1	-1	0
1216	1180	1218	2	-1	-1	-1	0
1231	1192	1191	8	-1	-1	-1	0
1193	1192	1231	8	-1	-1	-1	0
1231	1191	1196	8	-1	-1	-1	0
1182	1217	1220	2	-1	-1	-1	0
1182	1220	1219	2	-1	-1	-1	0
1234	1195	1194	8	-1	-1	-1	0
1198	1234	1194	8	-1	-1	-1	0
1183	1222	1221	8	-1	-1	-1	0
1195	1237	1196	8	-1	-1	-1	0
1224	1222	1184	8	-1	-1	-1	0
1211	1230	1190	2	-1	-1	-1	0
1184	1223	1224	8	-1	-1	-1	0
1223	1185	1225	8	-1	-1	-1	0
1197	1239	1198	8	-1	-1	-1	0
1197	1199	1239	8	-1	-1	-1	0
1233	1209	1193	8	-1	-1	-1	0
1226	1225	1187	8	-1	-1	-1	0
1227	1226	1187	8	-1	-1	-1	0
1199	1200	1242	3	-1	-1	-1	0
1228	1227	1188	8	-1	-1	-1	0
1229	1228	1189	2	-1	-1	-1	0
1229	1190	1230	2	-1	-1	-1	0
1244	1205	1204	8	-1	-1	-1	0
1207	1205	1244	8	-1	-1	-1	0
1193	1231	1232	8	-1	-1	-1	0
1204	1208	1244	8	-1	-1	-1	0
1232	1233	1193	8	-1	-1	-1	0
1206	1207	1246	8	-1	-1	-1	0
1200	1221	1243	3	-1	-1	-1	0
1210	1247	1208	8	-1	-1	-1	0
1195	1234	1236	8	-1	-1	-1	0
1196	1238	1231	8	-1	-1	-1	0
1235	1195	1236	8	-1	-1	-1	0
1235	1237	1195	8	-1	-1	-1	0
1209	1248	1210	8	-1	-1	-1	0
1238	1196	1237	8	-1	-1	-1	0
1240	1234	1198	8	-1	-1	-1	0
1215	1250	1211	2	-1	-1	-1	0
1240	1198	1239	8	-1	-1	-1	0
1214	1251	1213	3	-1	-1	-1	0
1239	1199	1241	3	-1	-1	-1	0
1252	1215	1213	3	-1	-1	-1	0
1242	1241	1199	3	-1	-1	-1	0
1243	1242	1200	3	-1	-1	-1	0
1214	1219	1253	3	-1	-1	-1	0
1218	1255	1216	2	-1	-1	-1	0
1216	1256	1217	2	-1	-1	-1	0
1248	1209	1233	8	-1	-1	-1	0
1230	1211	1250	2	-1	-1	-1	0
1217	1258	1220	2	-1	-1	-1	0
1244	1246	1207	8	-1	-1	-1	0
1245	1206	1246	8	-1	-1	-1	0
1220	1259	1219	3	-1	-1	-1	0
1244	1208	1247	8	-1	-1	-1	0
1261	1221	1222	8	-1	-1	-1	0
1247	1210	1249	8	-1	-1	-1	0
1249	1210	1248	8	-1	-1	-1	0
1222	1224	1263	8	-1	-1	-1	0
1223	1264	1224	8	-1	-1	-1	0
1264	1223	1225	8	-1	-1	-1	0
1213	1251	1252	3	-1	-1	-1	0
1225	1226	1266	8	-1	-1	-1	0
1253	1251	1214	3	-1	-1	-1	0
1254	1250	1215	3	-1	-1	-1	0
1252	1254	1215	3	-1	-1	-1	0
1226	1227	1268	8	-1	-1	-1	0
1269	1227	1228	8	-1	-1	-1	0
1262	1243	1221	3	-1	-1	-1	0
1228	1229	1270	2	-1	-1	-1	0
1256	1216	1255	2	-1	-1	-1	0
1271	1229	1230	2	-1	-1	-1	0
1217	1256	1257	2	-1	-1	-1	0
1259	1253	1219	3	-1	-1	-1	0
1258	1217	1257	2	-1	-1	-1	0
1231	1274	1232	8	-1	-1	-1	0
1220	1258	1260	3	-1	-1	-1	0
1259	1220	1260	3	-1	-1	-1	0
1232	1275	1233	8	-1	-1	-1	0
1274	1231	1238	8	-1	-1	-1	0
1262	1221	1261	3	-1	-1	-1	0
1261	1222	1263	8	-1	-1	-1	0
1236	1234	1278	8	-1	-1	-1	0
1280	1235	1236	8	-1	-1	-1	0
1279	1237	1235	8	-1	-1	-1	0
1234	1240	1278	8	-1	-1	-1	0
1224	1265	1263	8	-1	-1	-1	0
1265	1224	1264	8	-1	-1	-1	0
1230	1250	1273	2	-1	-1	-1	0
1225	1266	1264	8	-1	-1	-1	0
1238	1237	1283	8	-1	-1	-1	0
1277	1248	1233	8	-1	-1	-1	0
1267	1266	1226	8	-1	-1	-1	0
1243	1262	1254	3	-1	-1	-1	0
1226	1268	1267	8	-1	-1	-1	0
1269	1268	1227	8	-1	-1	-1	0
1239	1285	1240	3	-1	-1	-1	0
1241	1285	1239	3	-1	-1	-1	0
1228	1270	1269	2	-1	-1	-1	0
1229	1271	1270	2	-1	-1	-1	0
1241	1242	1287	3	-1	-1	-1	0
1272	1271	1230	2	-1	-1	-1	0
1288	1242	1243	3	-1	-1	-1	0
1272	1230	1273	2	-1	-1	-1	0
1289	1246	1244	8	-1	-1	-1	0
1289	1244	1247	8	-1	-1	-1	0
1232	1274	1276	8	-1	-1	-1	0
1291	1245	1246	8	-1	-1	-1	0
1275	1232	1276	8	-1	-1	-1	0
1249	1289	1247	8	-1	-1	-1	0
1233	1275	1277	8	-1	-1	-1	0
1243	1254	1288	3	-1	-1	-1	0
1248	1292	1249	8	-1	-1	-1	0
1254	1252	1288	3	-1	-1	-1	0
1281	1279	1235	8	-1	-1	-1	0
1235	1280	1281	8	-1	-1	-1	0
1282	1236	1278	8	-1	-1	-1	0
1284	1274	1238	8	-1	-1	-1	0
1282	1280	1236	8	-1	-1	-1	0
1252	1251	1296	3	-1	-1	-1	0
1250	1254	1295	3	-1	-1	-1	0
1283	1237	1279	8	-1	-1	-1	0
1253	1296	1251	3	-1	-1	-1	0
1240	1286	1278	3	-1	-1	-1	0
1284	1238	1283	8	-1	-1	-1	0
1259	1297	1253	3	-1	-1	-1	0
1256	1255	1298	2	-1	-1	-1	0
1286	1240	1285	3	-1	-1	-1	0
1254	1262	1295	3	-1	-1	-1	0
1300	1257	1256	2	-1	-1	-1	0
1285	1241	1287	3	-1	-1	-1	0
1248	1277	1292	8	-1	-1	-1	0
1287	1242	1288	3	-1	-1	-1	0
1257	1302	1258	2	-1	-1	-1	0
1295	1273	1250	3	-1	-1	-1	0
1303	1260	1258	3	-1	-1	-1	0
1304	1259	1260	3	-1	-1	-1	0
1246	1289	1291	8	-1	-1	-1	0
1291	1290	1245	8	-1	-1	-1	0
1262	1261	1306	3	-1	-1	-1	0
1293	1289	1249	8	-1	-1	-1	0
1261	1263	1307	8	-1	-1	-1	0
1307	1263	1265	8	-1	-1	-1	0
1294	1249	1292	8	-1	-1	-1	0
1293	1249	1294	8	-1	-1	-1	0
1288	1252	1296	3	-1	-1	-1	0
1265	1264	1309	8	-1	-1	-1	0
1266	1309	1264	8	-1	-1	-1	0
1266	1267	1312	8	-1	-1	-1	0
1253	1297	1296	3	-1	-1	-1	0
1267	1268	1313	8	-1	-1	-1	0
1314	1268	1269	8	-1	-1	-1	0
1298	1299	1256	2	-1	-1	-1	0
1315	1269	1270	2	-1	-1	-1	0
1299	1300	1256	2	-1	-1	-1	0
1271	1315	1270	2	-1	-1	-1	0
1300	1301	1257	2	-1	-1	-1	0
1316	1271	1272	2	-1	-1	-1	0
1301	1302	1257	2	-1	-1	-1	0
1297	1259	1304	3	-1	-1	-1	0
1273	1317	1272	2	-1	-1	-1	0
1277	1294	1292	8	-1	-1	-1	0
1303	1258	1302	3	-1	-1	-1	0
1308	1295	1262	3	-1	-1	-1	0
1305	1260	1303	3	-1	-1	-1	0
1305	1304	1260	3	-1	-1	-1	0
1274	1319	1276	8	-1	-1	-1	0
1275	1276	1320	8	-1	-1	-1	0
1288	1296	1287	3	-1	-1	-1	0
1321	1277	1275	8	-1	-1	-1	0
1289	1293	1291	8	-1	-1	-1	0
1307	1306	1261	3	-1	-1	-1	0
1306	1308	1262	3	-1	-1	-1	0
1274	1284	1319	8	-1	-1	-1	0
1265	1311	1307	8	-1	-1	-1	0
1278	1323	1282	3	-1	-1	-1	0
1310	1265	1309	8	-1	-1	-1	0
1324	1279	1281	8	-1	-1	-1	0
1324	1283	1279	8	-1	-1	-1	0
1318	1273	1295	3	-1	-1	-1	0
1281	1280	1325	8	-1	-1	-1	0
1265	1310	1311	8	-1	-1	-1	0
1278	1286	1323	3	-1	-1	-1	0
1266	1312	1309	8	-1	-1	-1	0
1282	1326	1280	8	-1	-1	-1	0
1294	1277	1321	8	-1	-1	-1	0
1267	1313	1312	8	-1	-1	-1	0
1314	1313	1268	8	-1	-1	-1	0
1283	1331	1284	8	-1	-1	-1	0
1315	1314	1269	2	-1	-1	-1	0
1271	1316	1315	2	-1	-1	-1	0
1285	1333	1286	3	-1	-1	-1	0
1287	1333	1285	3	-1	-1	-1	0
1317	1316	1272	2	-1	-1	-1	0
1273	1318	1317	3	-1	-1	-1	0
1321	1275	1320	8	-1	-1	-1	0
1290	1291	1336	8	-1	-1	-1	0
1276	1319	1322	8	-1	-1	-1	0
1296	1335	1287	3	-1	-1	-1	0
1320	1276	1322	8	-1	-1	-1	0
1308	1318	1295	3	-1	-1	-1	0
1293	1338	1291	8	-1	-1	-1	0
1338	1293	1294	8	-1	-1	-1	0
1325	1280	1326	8	-1	-1	-1	0
1281	1327	1324	8	-1	-1	-1	0
1296	1297	1340	3	-1	-1	-1	0
1319	1284	1332	8	-1	-1	-1	0
1325	1329	1281	8	-1	-1	-1	0
1323	1330	1282	3	-1	-1	-1	0
1327	1281	1328	8	-1	-1	-1	0
1329	1328	1281	8	-1	-1	-1	0
1341	1299	1298	2	-1	-1	-1	0
1330	1326	1282	3	-1	-1	-1	0
1283	1324	1331	8	-1	-1	-1	0
1340	1297	1304	3	-1	-1	-1	0
1342	1300	1299	2	-1	-1	-1	0
1334	1323	1286	3	-1	-1	-1	0
1300	1343	1301	2	-1	-1	-1	0
1302	1301	1344	2	-1	-1	-1	0
1331	1332	1284	8	-1	-1	-1	0
1345	1303	1302	3	-1	-1	-1	0
1286	1333	1334	3	-1	-1	-1	0
1321	1339	1294	8	-1	-1	-1	0
1305	1303	1346	3	-1	-1	-1	0
1335	1333	1287	3	-1	-1	-1	0
1348	1304	1305	3	-1	-1	-1	0
1290	1336	1337	8	-1	-1	-1	0
1336	1291	1338	8	-1	-1	-1	0
1307	1352	1306	3	-1	-1	-1	0
1352	1308	1306	3	-1	-1	-1	0
1311	1352	1307	3	-1	-1	-1	0
1294	1339	1338	8	-1	-1	-1	0
1335	1296	1340	3	-1	-1	-1	0
1309	1354	1310	8	-1	-1	-1	0
1322	1319	1332	8	-1	-1	-1	0
1309	1312	1354	8	-1	-1	-1	0
1310	1355	1311	8	-1	-1	-1	0
1308	1353	1318	3	-1	-1	-1	0
1341	1342	1299	2	-1	-1	-1	0
1357	1312	1313	8	-1	-1	-1	0
1300	1342	1343	2	-1	-1	-1	0
1313	1314	1358	8	-1	-1	-1	0
1314	1315	1359	2	-1	-1	-1	0
1343	1344	1301	2	-1	-1	-1	0
1317	1318	1353	3	-1	-1	-1	0
1316	1359	1315	2	-1	-1	-1	0
1302	1344	1345	3	-1	-1	-1	0
1340	1304	1349	3	-1	-1	-1	0
1316	1317	1360	2	-1	-1	-1	0
1345	1347	1303	3	-1	-1	-1	0
1347	1346	1303	3	-1	-1	-1	0
1304	1348	1349	3	-1	-1	-1	0
1333	1335	1334	3	-1	-1	-1	0
1321	1320	1361	8	-1	-1	-1	0
1351	1305	1346	3	-1	-1	-1	0
1348	1305	1350	3	-1	-1	-1	0
1322	1362	1320	8	-1	-1	-1	0
1351	1350	1305	3	-1	-1	-1	0
1308	1352	1353	3	-1	-1	-1	0
1323	1365	1330	3	-1	-1	-1	0
1332	1364	1322	8	-1	-1	-1	0
1367	1324	1327	8	-1	-1	-1	0
1355	1310	1354	8	-1	-1	-1	0
1311	1356	1352	3	-1	-1	-1	0
1325	1326	1369	8	-1	-1	-1	0
1311	1355	1356	3	-1	-1	-1	0
1368	1329	1325	8	-1	-1	-1	0
1367	1331	1324	8	-1	-1	-1	0
1363	1339	1321	8	-1	-1	-1	0
1323	1334	1366	3	-1	-1	-1	0
1312	1357	1354	8	-1	-1	-1	0
1340	1349	1335	3	-1	-1	-1	0
1326	1330	1370	3	-1	-1	-1	0
1327	1328	1372	8	-1	-1	-1	0
1358	1357	1313	8	-1	-1	-1	0
1317	1353	1360	3	-1	-1	-1	0
1358	1314	1359	2	-1	-1	-1	0
1328	1329	1374	8	-1	-1	-1	0
1360	1359	1316	2	-1	-1	-1	0
1331	1377	1332	8	-1	-1	-1	0
1362	1361	1320	8	-1	-1	-1	0
1321	1361	1363	8	-1	-1	-1	0
1322	1364	1362	8	-1	-1	-1	0
1381	1334	1335	3	-1	-1	-1	0
1365	1323	1366	3	-1	-1	-1	0
1383	1337	1336	8	-1	-1	-1	0
1336	1338	1383	8	-1	-1	-1	0
1383	1338	1339	8	-1	-1	-1	0
1352	1356	1353	3	-1	-1	-1	0
1325	1369	1368	8	-1	-1	-1	0
1370	1369	1326	3	-1	-1	-1	0
1335	1349	1381	3	-1	-1	-1	0
1371	1367	1327	8	-1	-1	-1	0
1360	1353	1356	3	-1	-1	-1	0
1342	1341	1387	2	-1	-1	-1	0
1327	1372	1371	8	-1	-1	-1	0
1376	1330	1365	3	-1	-1	-1	0
1375	1329	1368	8	-1	-1	-1	0
1342	1388	1343	2	-1	-1	-1	0
1373	1372	1328	8	-1	-1	-1	0
1328	1374	1373	8	-1	-1	-1	0
1332	1379	1364	8	-1	-1	-1	0
1376	1370	1330	3	-1	-1	-1	0
1367	1378	1331	8	-1	-1	-1	0
1343	1389	1344	2	-1	-1	-1	0
1329	1375	1374	8	-1	-1	-1	0
1344	1390	1345	3	-1	-1	-1	0
1390	1347	1345	3	-1	-1	-1	0
1366	1334	1382	3	-1	-1	-1	0
1383	1339	1363	8	-1	-1	-1	0
1346	1347	1392	3	-1	-1	-1	0
1331	1378	1377	8	-1	-1	-1	0
1346	1391	1351	3	-1	-1	-1	0
1332	1377	1379	8	-1	-1	-1	0
1348	1395	1349	3	-1	-1	-1	0
1348	1350	1394	3	-1	-1	-1	0
1381	1380	1334	3	-1	-1	-1	0
1334	1380	1382	3	-1	-1	-1	0
1354	1396	1355	8	-1	-1	-1	0
1385	1337	1383	8	-1	-1	-1	0
1396	1354	1357	8	-1	-1	-1	0
1337	1386	1384	8	-1	-1	-1	0
1337	1385	1386	8	-1	-1	-1	0
1355	1397	1356	3	-1	-1	-1	0
1396	1357	1358	8	-1	-1	-1	0
1397	1360	1356	3	-1	-1	-1	0
1359	1397	1358	2	-1	-1	-1	0
1371	1378	1367	8	-1	-1	-1	0
1360	1397	1359	2	-1	-1	-1	0
1387	1388	1342	2	-1	-1	-1	0
1389	1343	1388	2	-1	-1	-1	0
1362	1398	1361	8	-1	-1	-1	0
1363	1361	1398	8	-1	-1	-1	0
1389	1390	1344	3	-1	-1	-1	0
1362	1364	1399	8	-1	-1	-1	0
1381	1349	1395	3	-1	-1	-1	0
1391	1346	1392	3	-1	-1	-1	0
1347	1390	1393	3	-1	-1	-1	0
1385	1383	1363	8	-1	-1	-1	0
1347	1393	1392	3	-1	-1	-1	0
1366	1403	1365	3	-1	-1	-1	0
1394	1395	1348	3	-1	-1	-1	0
1368	1369	1405	8	-1	-1	-1	0
1399	1364	1379	8	-1	-1	-1	0
1365	1403	1376	3	-1	-1	-1	0
1369	1370	1406	3	-1	-1	-1	0
1355	1396	1397	3	-1	-1	-1	0
1375	1368	1405	8	-1	-1	-1	0
1402	1385	1363	8	-1	-1	-1	0
1397	1396	1358	2	-1	-1	-1	0
1382	1404	1366	3	-1	-1	-1	0
1371	1372	1409	8	-1	-1	-1	0
1407	1370	1376	3	-1	-1	-1	0
1410	1372	1373	8	-1	-1	-1	0
1378	1371	1408	8	-1	-1	-1	0
1374	1412	1373	8	-1	-1	-1	0
1362	1400	1398	8	-1	-1	-1	0
1400	1362	1399	8	-1	-1	-1	0
1401	1363	1398	8	-1	-1	-1	0
1413	1374	1375	8	-1	-1	-1	0
1401	1402	1363	8	-1	-1	-1	0
1417	1377	1378	8	-1	-1	-1	0
1366	1404	1403	3	-1	-1	-1	0
1417	1379	1377	8	-1	-1	-1	0
1402	1386	1385	8	-1	-1	-1	0
1406	1405	1369	3	-1	-1	-1	0
1380	1419	1382	3	-1	-1	-1	0
1381	1420	1380	3	-1	-1	-1	0
1407	1406	1370	3	-1	-1	-1	0
1409	1408	1371	8	-1	-1	-1	0
1372	1411	1409	8	-1	-1	-1	0
1372	1410	1411	8	-1	-1	-1	0
1424	1384	1386	8	-1	-1	-1	0
1376	1403	1416	3	-1	-1	-1	0
1405	1415	1375	8	-1	-1	-1	0
1410	1373	1412	8	-1	-1	-1	0
1418	1399	1379	8	-1	-1	-1	0
1381	1395	1421	3	-1	-1	-1	0
1407	1376	1416	3	-1	-1	-1	0
1400	1401	1398	8	-1	-1	-1	0
1374	1414	1412	8	-1	-1	-1	0
1413	1414	1374	8	-1	-1	-1	0
1388	1387	1426	2	-1	-1	-1	0
1375	1415	1413	8	-1	-1	-1	0
1408	1417	1378	8	-1	-1	-1	0
1388	1427	1389	2	-1	-1	-1	0
1428	1390	1389	3	-1	-1	-1	0
1404	1382	1423	3	-1	-1	-1	0
1421	1395	1394	3	-1	-1	-1	0
1428	1393	1390	3	-1	-1	-1	0
1391	1392	1429	3	-1	-1	-1	0
1386	1402	1425	8	-1	-1	-1	0
1393	1429	1392	3	-1	-1	-1	0
1418	1379	1417	8	-1	-1	-1	0
1420	1419	1380	3	-1	-1	-1	0
1420	1381	1421	3	-1	-1	-1	0
1382	1419	1422	3	-1	-1	-1	0
1422	1423	1382	3	-1	-1	-1	0
1431	1400	1399	8	-1	-1	-1	0
1401	1400	1433	8	-1	-1	-1	0
1425	1424	1386	8	-1	-1	-1	0
1433	1402	1401	8	-1	-1	-1	0
1388	1426	1427	2	-1	-1	-1	0
1403	1404	1435	3	-1	-1	-1	0
1389	1427	1428	3	-1	-1	-1	0
1418	1431	1399	8	-1	-1	-1	0
1405	1406	1437	3	-1	-1	-1	0
1430	1393	1428	3	-1	-1	-1	0
1406	1407	1438	3	-1	-1	-1	0
1393	1430	1429	3	-1	-1	-1	0
1434	1416	1403	3	-1	-1	-1	0
1437	1415	1405	3	-1	-1	-1	0
1409	1441	1408	8	-1	-1	-1	0
1433	1425	1402	8	-1	-1	-1	0
1416	1439	1407	3	-1	-1	-1	0
1435	1404	1423	3	-1	-1	-1	0
1432	1400	1431	8	-1	-1	-1	0
1443	1409	1411	8	-1	-1	-1	0
1400	1432	1433	8	-1	-1	-1	0
1417	1408	1440	8	-1	-1	-1	0
1445	1411	1410	8	-1	-1	-1	0
1444	1410	1412	8	-1	-1	-1	0
1403	1436	1434	3	-1	-1	-1	0
1414	1447	1412	8	-1	-1	-1	0
1403	1435	1436	3	-1	-1	-1	0
1448	1414	1413	8	-1	-1	-1	0
1415	1449	1413	8	-1	-1	-1	0
1438	1437	1406	3	-1	-1	-1	0
1438	1407	1439	3	-1	-1	-1	0
1418	1417	1452	8	-1	-1	-1	0
1416	1434	1439	3	-1	-1	-1	0
1440	1408	1441	8	-1	-1	-1	0
1409	1442	1441	8	-1	-1	-1	0
1443	1442	1409	8	-1	-1	-1	0
1445	1410	1444	8	-1	-1	-1	0
1455	1423	1422	3	-1	-1	-1	0
1446	1443	1411	8	-1	-1	-1	0
1445	1446	1411	8	-1	-1	-1	0
1415	1437	1451	3	-1	-1	-1	0
1412	1447	1444	8	-1	-1	-1	0
1431	1418	1454	8	-1	-1	-1	0
1457	1424	1425	8	-1	-1	-1	0
1440	1452	1417	8	-1	-1	-1	0
1449	1448	1413	8	-1	-1	-1	0
1414	1450	1447	8	-1	-1	-1	0
1414	1448	1450	8	-1	-1	-1	0
1426	1461	1427	2	-1	-1	-1	0
1435	1423	1456	3	-1	-1	-1	0
1449	1415	1451	3	-1	-1	-1	0
1428	1427	1462	3	-1	-1	-1	0
1431	1454	1432	8	-1	-1	-1	0
1425	1433	1460	8	-1	-1	-1	0
1462	1430	1428	3	-1	-1	-1	0
1453	1418	1452	8	-1	-1	-1	0
1418	1453	1454	8	-1	-1	-1	0
1432	1460	1433	8	-1	-1	-1	0
1451	1437	1438	3	-1	-1	-1	0
1456	1423	1455	3	-1	-1	-1	0
1434	1436	1464	3	-1	-1	-1	0
1436	1435	1466	3	-1	-1	-1	0
1439	1434	1465	3	-1	-1	-1	0
1458	1424	1457	8	-1	-1	-1	0
1425	1459	1457	8	-1	-1	-1	0
1465	1438	1439	3	-1	-1	-1	0
1459	1425	1460	8	-1	-1	-1	0
1454	1463	1432	8	-1	-1	-1	0
1461	1462	1427	3	-1	-1	-1	0
1440	1441	1472	8	-1	-1	-1	0
1432	1463	1460	8	-1	-1	-1	0
1473	1441	1442	8	-1	-1	-1	0
1456	1467	1435	3	-1	-1	-1	0
1451	1438	1470	3	-1	-1	-1	0
1442	1443	1475	8	-1	-1	-1	0
1440	1471	1452	8	-1	-1	-1	0
1434	1464	1465	3	-1	-1	-1	0
1478	1443	1446	8	-1	-1	-1	0
1464	1436	1468	3	-1	-1	-1	0
1444	1479	1445	8	-1	-1	-1	0
1435	1467	1466	3	-1	-1	-1	0
1480	1444	1447	8	-1	-1	-1	0
1436	1466	1469	3	-1	-1	-1	0
1446	1445	1481	8	-1	-1	-1	0
1438	1465	1470	3	-1	-1	-1	0
1469	1468	1436	3	-1	-1	-1	0
1452	1471	1453	8	-1	-1	-1	0
1480	1447	1450	8	-1	-1	-1	0
1485	1448	1449	8	-1	-1	-1	0
1448	1484	1450	8	-1	-1	-1	0
1471	1440	1472	8	-1	-1	-1	0
1449	1451	1486	3	-1	-1	-1	0
1474	1472	1441	8	-1	-1	-1	0
1441	1473	1474	8	-1	-1	-1	0
1476	1473	1442	8	-1	-1	-1	0
1442	1475	1476	8	-1	-1	-1	0
1443	1477	1475	8	-1	-1	-1	0
1454	1453	1490	8	-1	-1	-1	0
1478	1477	1443	8	-1	-1	-1	0
1479	1444	1480	8	-1	-1	-1	0
1455	1492	1456	3	-1	-1	-1	0
1445	1479	1482	8	-1	-1	-1	0
1446	1483	1478	8	-1	-1	-1	0
1454	1491	1463	8	-1	-1	-1	0
1457	1493	1458	8	-1	-1	-1	0
1482	1481	1445	8	-1	-1	-1	0
1493	1457	1459	8	-1	-1	-1	0
1470	1488	1451	3	-1	-1	-1	0
1446	1481	1483	8	-1	-1	-1	0
1453	1471	1489	8	-1	-1	-1	0
1467	1456	1492	3	-1	-1	-1	0
1459	1460	1496	8	-1	-1	-1	0
1485	1484	1448	8	-1	-1	-1	0
1487	1480	1450	8	-1	-1	-1	0
1463	1496	1460	8	-1	-1	-1	0
1486	1485	1449	3	-1	-1	-1	0
1484	1487	1450	8	-1	-1	-1	0
1488	1486	1451	3	-1	-1	-1	0
1464	1498	1465	3	-1	-1	-1	0
1468	1499	1464	3	-1	-1	-1	0
1490	1453	1489	8	-1	-1	-1	0
1466	1467	1501	3	-1	-1	-1	0
1491	1454	1490	8	-1	-1	-1	0
1465	1500	1470	3	-1	-1	-1	0
1502	1469	1466	3	-1	-1	-1	0
1504	1468	1469	3	-1	-1	-1	0
1493	1495	1458	8	-1	-1	-1	0
1458	1495	1494	8	-1	-1	-1	0
1459	1496	1493	8	-1	-1	-1	0
1507	1471	1472	8	-1	-1	-1	0
1491	1497	1463	8	-1	-1	-1	0
1474	1508	1472	8	-1	-1	-1	0
1509	1474	1473	8	-1	-1	-1	0
1497	1496	1463	8	-1	-1	-1	0
1476	1509	1473	8	-1	-1	-1	0
1499	1498	1464	3	-1	-1	-1	0
1492	1503	1467	3	-1	-1	-1	0
1475	1512	1476	8	-1	-1	-1	0
1500	1465	1498	3	-1	-1	-1	0
1475	1477	1512	8	-1	-1	-1	0
1488	1470	1506	3	-1	-1	-1	0
1507	1489	1471	8	-1	-1	-1	0
1501	1502	1466	3	-1	-1	-1	0
1477	1478	1515	4	-1	-1	-1	0
1501	1467	1503	3	-1	-1	-1	0
1499	1468	1504	3	-1	-1	-1	0
1500	1506	1470	3	-1	-1	-1	0
1469	1502	1505	3	-1	-1	-1	0
1517	1479	1480	8	-1	-1	-1	0
1478	1483	1516	4	-1	-1	-1	0
1469	1505	1504	3	-1	-1	-1	0
1479	1517	1482	8	-1	-1	-1	0
1481	1482	1519	8	-1	-1	-1	0
1520	1483	1481	8	-1	-1	-1	0
1480	1487	1518	8	-1	-1	-1	0
1507	1472	1508	8	-1	-1	-1	0
1510	1508	1474	8	-1	-1	-1	0
1524	1484	1485	8	-1	-1	-1	0
1487	1484	1523	8	-1	-1	-1	0
1474	1509	1511	8	-1	-1	-1	0
1474	1511	1510	8	-1	-1	-1	0
1485	1486	1525	3	-1	-1	-1	0
1513	1509	1476	8	-1	-1	-1	0
1526	1486	1488	3	-1	-1	-1	0
1512	1513	1476	8	-1	-1	-1	0
1512	1477	1514	4	-1	-1	-1	0
1515	1514	1477	4	-1	-1	-1	0
1516	1515	1478	4	-1	-1	-1	0
1489	1530	1490	8	-1	-1	-1	0
1490	1532	1491	8	-1	-1	-1	0
1480	1518	1517	8	-1	-1	-1	0
1521	1482	1517	8	-1	-1	-1	0
1520	1481	1519	8	-1	-1	-1	0
1497	1491	1533	8	-1	-1	-1	0
1522	1516	1483	4	-1	-1	-1	0
1495	1493	1534	8	-1	-1	-1	0
1482	1521	1519	8	-1	-1	-1	0
1488	1506	1529	3	-1	-1	-1	0
1493	1496	1534	8	-1	-1	-1	0
1495	1536	1494	8	-1	-1	-1	0
1522	1483	1520	4	-1	-1	-1	0
1534	1496	1497	8	-1	-1	-1	0
1531	1489	1507	8	-1	-1	-1	0
1524	1523	1484	8	-1	-1	-1	0
1527	1518	1487	8	-1	-1	-1	0
1485	1525	1524	3	-1	-1	-1	0
1499	1538	1498	4	-1	-1	-1	0
1539	1500	1498	4	-1	-1	-1	0
1486	1526	1525	3	-1	-1	-1	0
1487	1523	1527	8	-1	-1	-1	0
1528	1526	1488	3	-1	-1	-1	0
1499	1504	1540	4	-1	-1	-1	0
1528	1488	1529	3	-1	-1	-1	0
1503	1542	1501	3	-1	-1	-1	0
1501	1543	1502	3	-1	-1	-1	0
1541	1506	1500	4	-1	-1	-1	0
1530	1489	1531	8	-1	-1	-1	0
1502	1545	1505	3	-1	-1	-1	0
1530	1532	1490	8	-1	-1	-1	0
1505	1546	1504	4	-1	-1	-1	0
1533	1491	1532	8	-1	-1	-1	0
1534	1497	1533	8	-1	-1	-1	0
1508	1549	1507	8	-1	-1	-1	0
1536	1535	1494	8	-1	-1	-1	0
1537	1495	1534	8	-1	-1	-1	0
1549	1508	1510	8	-1	-1	-1	0
1495	1537	1536	8	-1	-1	-1	0
1511	1509	1550	8	-1	-1	-1	0
1510	1511	1551	8	-1	-1	-1	0
1509	1513	1550	8	-1	-1	-1	0
1498	1538	1539	4	-1	-1	-1	0
1540	1538	1499	4	-1	-1	-1	0
1516	1522	1541	4	-1	-1	-1	0
1512	1555	1513	4	-1	-1	-1	0
1539	1541	1500	4	-1	-1	-1	0
1514	1555	1512	4	-1	-1	-1	0
1548	1529	1506	4	-1	-1	-1	0
1514	1515	1557	4	-1	-1	-1	0
1543	1501	1542	3	-1	-1	-1	0
1507	1549	1531	8	-1	-1	-1	0
1558	1515	1516	4	-1	-1	-1	0
1502	1543	1544	3	-1	-1	-1	0
1546	1540	1504	4	-1	-1	-1	0
1545	1502	1544	3	-1	-1	-1	0
1518	1559	1517	8	-1	-1	-1	0
1506	1541	1548	4	-1	-1	-1	0
1521	1517	1559	8	-1	-1	-1	0
1505	1545	1547	4	-1	-1	-1	0
1546	1505	1547	4	-1	-1	-1	0
1520	1519	1561	8	-1	-1	-1	0
1519	1521	1561	8	-1	-1	-1	0
1522	1520	1562	4	-1	-1	-1	0
1518	1527	1560	8	-1	-1	-1	0
1549	1510	1552	8	-1	-1	-1	0
1541	1522	1548	4	-1	-1	-1	0
1566	1523	1524	8	-1	-1	-1	0
1510	1551	1552	8	-1	-1	-1	0
1516	1541	1558	4	-1	-1	-1	0
1553	1551	1511	8	-1	-1	-1	0
1554	1511	1550	8	-1	-1	-1	0
1568	1524	1525	3	-1	-1	-1	0
1527	1523	1567	8	-1	-1	-1	0
1554	1553	1511	8	-1	-1	-1	0
1513	1556	1550	4	-1	-1	-1	0
1526	1568	1525	3	-1	-1	-1	0
1556	1513	1555	4	-1	-1	-1	0
1569	1526	1528	3	-1	-1	-1	0
1555	1514	1557	4	-1	-1	-1	0
1529	1570	1528	3	-1	-1	-1	0
1557	1515	1558	4	-1	-1	-1	0
1572	1530	1531	8	-1	-1	-1	0
1572	1532	1530	8	-1	-1	-1	0
1565	1548	1522	4	-1	-1	-1	0
1518	1560	1559	8	-1	-1	-1	0
1541	1539	1558	4	-1	-1	-1	0
1533	1532	1575	8	-1	-1	-1	0
1561	1562	1520	4	-1	-1	-1	0
1563	1521	1559	8	-1	-1	-1	0
1534	1533	1577	8	-1	-1	-1	0
1521	1564	1561	8	-1	-1	-1	0
1521	1563	1564	8	-1	-1	-1	0
1571	1529	1548	4	-1	-1	-1	0
1537	1534	1577	8	-1	-1	-1	0
1562	1565	1522	4	-1	-1	-1	0
1536	1579	1535	8	-1	-1	-1	0
1549	1573	1531	8	-1	-1	-1	0
1580	1536	1537	8	-1	-1	-1	0
1527	1567	1560	8	-1	-1	-1	0
1566	1567	1523	8	-1	-1	-1	0
1568	1566	1524	3	-1	-1	-1	0
1539	1538	1581	4	-1	-1	-1	0
1540	1581	1538	4	-1	-1	-1	0
1526	1569	1568	3	-1	-1	-1	0
1570	1569	1528	3	-1	-1	-1	0
1546	1582	1540	4	-1	-1	-1	0
1543	1542	1583	3	-1	-1	-1	0
1529	1571	1570	4	-1	-1	-1	0
1585	1544	1543	3	-1	-1	-1	0
1544	1587	1545	3	-1	-1	-1	0
1572	1531	1573	8	-1	-1	-1	0
1558	1539	1581	4	-1	-1	-1	0
1574	1532	1572	8	-1	-1	-1	0
1588	1547	1545	4	-1	-1	-1	0
1589	1546	1547	4	-1	-1	-1	0
1574	1576	1532	8	-1	-1	-1	0
1576	1575	1532	8	-1	-1	-1	0
1565	1571	1548	4	-1	-1	-1	0
1575	1577	1533	8	-1	-1	-1	0
1549	1552	1591	8	-1	-1	-1	0
1578	1535	1579	8	-1	-1	-1	0
1580	1537	1577	8	-1	-1	-1	0
1536	1580	1579	8	-1	-1	-1	0
1550	1592	1554	4	-1	-1	-1	0
1551	1593	1552	8	-1	-1	-1	0
1558	1581	1557	4	-1	-1	-1	0
1551	1553	1593	8	-1	-1	-1	0
1550	1556	1592	4	-1	-1	-1	0
1540	1582	1581	4	-1	-1	-1	0
1554	1597	1553	8	-1	-1	-1	0
1583	1584	1543	3	-1	-1	-1	0
1555	1599	1556	4	-1	-1	-1	0
1557	1599	1555	4	-1	-1	-1	0
1584	1585	1543	3	-1	-1	-1	0
1573	1549	1591	8	-1	-1	-1	0
1585	1586	1544	3	-1	-1	-1	0
1586	1587	1544	3	-1	-1	-1	0
1582	1546	1589	4	-1	-1	-1	0
1588	1545	1587	4	-1	-1	-1	0
1559	1560	1602	8	-1	-1	-1	0
1559	1602	1563	8	-1	-1	-1	0
1590	1547	1588	4	-1	-1	-1	0
1590	1589	1547	4	-1	-1	-1	0
1561	1604	1562	4	-1	-1	-1	0
1564	1604	1561	4	-1	-1	-1	0
1603	1560	1567	8	-1	-1	-1	0
1604	1565	1562	4	-1	-1	-1	0
1563	1605	1564	8	-1	-1	-1	0
1552	1595	1591	8	-1	-1	-1	0
1581	1601	1557	4	-1	-1	-1	0
1594	1552	1593	8	-1	-1	-1	0
1567	1566	1608	8	-1	-1	-1	0
1594	1595	1552	8	-1	-1	-1	0
1593	1553	1596	8	-1	-1	-1	0
1566	1568	1609	3	-1	-1	-1	0
1565	1607	1571	4	-1	-1	-1	0
1592	1598	1554	4	-1	-1	-1	0
1569	1609	1568	3	-1	-1	-1	0
1596	1553	1597	8	-1	-1	-1	0
1600	1592	1556	4	-1	-1	-1	0
1570	1571	1607	4	-1	-1	-1	0
1598	1597	1554	4	-1	-1	-1	0
1569	1570	1610	3	-1	-1	-1	0
1556	1599	1600	4	-1	-1	-1	0
1611	1572	1573	8	-1	-1	-1	0
1611	1574	1572	8	-1	-1	-1	0
1601	1599	1557	4	-1	-1	-1	0
1576	1574	1613	8	-1	-1	-1	0
1603	1602	1560	8	-1	-1	-1	0
1575	1576	1614	8	-1	-1	-1	0
1575	1614	1577	8	-1	-1	-1	0
1605	1563	1602	8	-1	-1	-1	0
1614	1580	1577	8	-1	-1	-1	0
1564	1606	1604	4	-1	-1	-1	0
1564	1605	1606	4	-1	-1	-1	0
1578	1579	1618	8	-1	-1	-1	0
1565	1604	1607	4	-1	-1	-1	0
1573	1591	1612	8	-1	-1	-1	0
1567	1608	1603	8	-1	-1	-1	0
1620	1579	1580	8	-1	-1	-1	0
1608	1566	1609	3	-1	-1	-1	0
1581	1582	1621	4	-1	-1	-1	0
1570	1607	1610	4	-1	-1	-1	0
1610	1609	1569	3	-1	-1	-1	0
1622	1584	1583	3	-1	-1	-1	0
1623	1585	1584	3	-1	-1	-1	0
1621	1582	1589	4	-1	-1	-1	0
1585	1624	1586	3	-1	-1	-1	0
1611	1573	1612	8	-1	-1	-1	0
1587	1586	1625	3	-1	-1	-1	0
1595	1612	1591	8	-1	-1	-1	0
1574	1611	1613	8	-1	-1	-1	0
1599	1601	1600	4	-1	-1	-1	0
1626	1588	1587	4	-1	-1	-1	0
1601	1581	1621	4	-1	-1	-1	0
1614	1576	1615	8	-1	-1	-1	0
1616	1576	1613	8	-1	-1	-1	0
1590	1588	1627	4	-1	-1	-1	0
1576	1616	1615	8	-1	-1	-1	0
1629	1589	1590	4	-1	-1	-1	0
1619	1617	1578	8	-1	-1	-1	0
1614	1620	1580	8	-1	-1	-1	0
1618	1619	1578	8	-1	-1	-1	0
1579	1620	1618	8	-1	-1	-1	0
1604	1606	1607	4	-1	-1	-1	0
1636	1594	1593	8	-1	-1	-1	0
1592	1633	1598	4	-1	-1	-1	0
1610	1607	1606	4	-1	-1	-1	0
1596	1635	1593	8	-1	-1	-1	0
1592	1600	1634	4	-1	-1	-1	0
1638	1595	1594	8	-1	-1	-1	0
1622	1623	1584	3	-1	-1	-1	0
1585	1623	1624	3	-1	-1	-1	0
1597	1641	1596	8	-1	-1	-1	0
1624	1625	1586	3	-1	-1	-1	0
1597	1598	1642	4	-1	-1	-1	0
1587	1625	1626	4	-1	-1	-1	0
1621	1589	1630	4	-1	-1	-1	0
1626	1628	1588	4	-1	-1	-1	0
1628	1627	1588	4	-1	-1	-1	0
1639	1612	1595	8	-1	-1	-1	0
1645	1600	1601	4	-1	-1	-1	0
1589	1629	1630	4	-1	-1	-1	0
1632	1590	1627	4	-1	-1	-1	0
1629	1590	1631	4	-1	-1	-1	0
1647	1602	1603	8	-1	-1	-1	0
1621	1630	1601	4	-1	-1	-1	0
1632	1631	1590	4	-1	-1	-1	0
1647	1605	1602	8	-1	-1	-1	0
1608	1647	1603	8	-1	-1	-1	0
1633	1592	1634	4	-1	-1	-1	0
1605	1648	1606	4	-1	-1	-1	0
1648	1610	1606	4	-1	-1	-1	0
1593	1635	1636	8	-1	-1	-1	0
1609	1648	1608	3	-1	-1	-1	0
1610	1648	1609	3	-1	-1	-1	0
1594	1636	1637	8	-1	-1	-1	0
1638	1594	1637	8	-1	-1	-1	0
1640	1635	1596	8	-1	-1	-1	0
1611	1612	1649	8	-1	-1	-1	0
1595	1638	1639	8	-1	-1	-1	0
1649	1613	1611	8	-1	-1	-1	0
1643	1598	1633	4	-1	-1	-1	0
1601	1630	1645	4	-1	-1	-1	0
1640	1596	1641	8	-1	-1	-1	0
1650	1616	1613	8	-1	-1	-1	0
1642	1641	1597	4	-1	-1	-1	0
1614	1615	1651	8	-1	-1	-1	0
1634	1600	1646	4	-1	-1	-1	0
1615	1616	1652	8	-1	-1	-1	0
1643	1642	1598	4	-1	-1	-1	0
1620	1614	1651	8	-1	-1	-1	0
1645	1644	1600	4	-1	-1	-1	0
1651	1618	1620	8	-1	-1	-1	0
1600	1644	1646	4	-1	-1	-1	0
1617	1619	1655	8	-1	-1	-1	0
1619	1618	1656	8	-1	-1	-1	0
1639	1649	1612	8	-1	-1	-1	0
1648	1605	1647	4	-1	-1	-1	0
1623	1622	1658	3	-1	-1	-1	0
1608	1648	1647	3	-1	-1	-1	0
1623	1659	1624	3	-1	-1	-1	0
1624	1660	1625	3	-1	-1	-1	0
1650	1613	1649	8	-1	-1	-1	0
1625	1661	1626	4	-1	-1	-1	0
1661	1628	1626	4	-1	-1	-1	0
1627	1628	1663	4	-1	-1	-1	0
1652	1651	1615	8	-1	-1	-1	0
1650	1653	1616	8	-1	-1	-1	0
1652	1616	1653	8	-1	-1	-1	0
1627	1662	1632	4	-1	-1	-1	0
1629	1631	1665	4	-1	-1	-1	0
1651	1656	1618	8	-1	-1	-1	0
1629	1666	1630	4	-1	-1	-1	0
1617	1655	1654	8	-1	-1	-1	0
1655	1619	1657	8	-1	-1	-1	0
1619	1656	1657	8	-1	-1	-1	0
1634	1667	1633	4	-1	-1	-1	0
1658	1659	1623	3	-1	-1	-1	0
1645	1630	1666	4	-1	-1	-1	0
1636	1635	1670	8	-1	-1	-1	0
1660	1624	1659	3	-1	-1	-1	0
1633	1667	1643	4	-1	-1	-1	0
1671	1637	1636	8	-1	-1	-1	0
1669	1635	1640	8	-1	-1	-1	0
1660	1661	1625	4	-1	-1	-1	0
1646	1668	1634	4	-1	-1	-1	0
1637	1674	1638	8	-1	-1	-1	0
1662	1627	1663	4	-1	-1	-1	0
1675	1639	1638	8	-1	-1	-1	0
1628	1661	1664	4	-1	-1	-1	0
1628	1664	1663	4	-1	-1	-1	0
1640	1641	1678	8	-1	-1	-1	0
1665	1666	1629	4	-1	-1	-1	0
1641	1642	1679	4	-1	-1	-1	0
1649	1639	1677	8	-1	-1	-1	0
1680	1642	1643	4	-1	-1	-1	0
1634	1668	1667	4	-1	-1	-1	0
1644	1682	1646	4	-1	-1	-1	0
1645	1683	1644	4	-1	-1	-1	0
1635	1669	1670	8	-1	-1	-1	0
1649	1677	1650	8	-1	-1	-1	0
1670	1671	1636	8	-1	-1	-1	0
1671	1672	1637	8	-1	-1	-1	0
1637	1672	1673	8	-1	-1	-1	0
1637	1673	1674	8	-1	-1	-1	0
1669	1640	1678	8	-1	-1	-1	0
1674	1676	1638	8	-1	-1	-1	0
1638	1676	1675	8	-1	-1	-1	0
1639	1675	1677	8	-1	-1	-1	0
1643	1667	1681	4	-1	-1	-1	0
1650	1689	1653	8	-1	-1	-1	0
1652	1690	1651	8	-1	-1	-1	0
1645	1666	1684	4	-1	-1	-1	0
1653	1691	1652	8	-1	-1	-1	0
1656	1651	1690	8	-1	-1	-1	0
1679	1678	1641	4	-1	-1	-1	0
1668	1646	1686	4	-1	-1	-1	0
1680	1679	1642	4	-1	-1	-1	0
1655	1693	1654	8	-1	-1	-1	0
1690	1657	1656	8	-1	-1	-1	0
1680	1643	1681	4	-1	-1	-1	0
1657	1694	1655	8	-1	-1	-1	0
1683	1682	1644	4	-1	-1	-1	0
1683	1645	1684	4	-1	-1	-1	0
1646	1682	1685	4	-1	-1	-1	0
1659	1658	1696	3	-1	-1	-1	0
1677	1687	1650	8	-1	-1	-1	0
1684	1666	1665	4	-1	-1	-1	0
1659	1697	1660	3	-1	-1	-1	0
1685	1686	1646	4	-1	-1	-1	0
1698	1661	1660	4	-1	-1	-1	0
1698	1664	1661	4	-1	-1	-1	0
1662	1663	1699	4	-1	-1	-1	0
1688	1650	1687	8	-1	-1	-1	0
1664	1699	1663	4	-1	-1	-1	0
1650	1688	1689	8	-1	-1	-1	0
1689	1691	1653	8	-1	-1	-1	0
1691	1690	1652	8	-1	-1	-1	0
1667	1668	1702	4	-1	-1	-1	0
1693	1692	1654	8	-1	-1	-1	0
1695	1657	1690	8	-1	-1	-1	0
1693	1655	1694	8	-1	-1	-1	0
1704	1670	1669	8	-1	-1	-1	0
1657	1695	1694	8	-1	-1	-1	0
1670	1707	1671	8	-1	-1	-1	0
1701	1681	1667	4	-1	-1	-1	0
1671	1707	1672	8	-1	-1	-1	0
1678	1705	1669	8	-1	-1	-1	0
1659	1696	1697	3	-1	-1	-1	0
1673	1672	1709	8	-1	-1	-1	0
1660	1697	1698	4	-1	-1	-1	0
1702	1668	1686	4	-1	-1	-1	0
1673	1711	1674	8	-1	-1	-1	0
1674	1712	1676	8	-1	-1	-1	0
1700	1664	1698	4	-1	-1	-1	0
1664	1700	1699	4	-1	-1	-1	0
1676	1713	1675	8	-1	-1	-1	0
1713	1677	1675	8	-1	-1	-1	0
1667	1703	1701	4	-1	-1	-1	0
1667	1702	1703	4	-1	-1	-1	0
1678	1679	1716	4	-1	-1	-1	0
1679	1680	1717	4	-1	-1	-1	0
1691	1695	1690	8	-1	-1	-1	0
1687	1677	1713	8	-1	-1	-1	0
1669	1705	1704	8	-1	-1	-1	0
1681	1718	1680	4	-1	-1	-1	0
1704	1706	1670	8	-1	-1	-1	0
1670	1706	1707	8	-1	-1	-1	0
1707	1708	1672	8	-1	-1	-1	0
1709	1672	1708	8	-1	-1	-1	0
1719	1686	1685	4	-1	-1	-1	0
1710	1673	1709	8	-1	-1	-1	0
1711	1673	1710	8	-1	-1	-1	0
1687	1721	1688	8	-1	-1	-1	0
1711	1712	1674	8	-1	-1	-1	0
1716	1705	1678	4	-1	-1	-1	0
1688	1723	1689	8	-1	-1	-1	0
1681	1701	1718	4	-1	-1	-1	0
1712	1714	1676	8	-1	-1	-1	0
1691	1689	1724	8	-1	-1	-1	0
1713	1676	1715	8	-1	-1	-1	0
1715	1676	1714	8	-1	-1	-1	0
1702	1686	1720	4	-1	-1	-1	0
1725	1695	1691	8	-1	-1	-1	0
1717	1716	1679	4	-1	-1	-1	0
1727	1692	1693	8	-1	-1	-1	0
1728	1693	1694	8	-1	-1	-1	0
1717	1680	1718	4	-1	-1	-1	0
1694	1695	1728	8	-1	-1	-1	0
1687	1713	1721	8	-1	-1	-1	0
1696	1729	1697	3	-1	-1	-1	0
1720	1686	1719	4	-1	-1	-1	0
1698	1697	1730	4	-1	-1	-1	0
1730	1700	1698	4	-1	-1	-1	0
1722	1688	1721	8	-1	-1	-1	0
1723	1688	1722	8	-1	-1	-1	0
1701	1703	1731	4	-1	-1	-1	0
1724	1689	1723	8	-1	-1	-1	0
1703	1702	1733	4	-1	-1	-1	0
1725	1691	1724	8	-1	-1	-1	0
1726	1692	1727	8	-1	-1	-1	0
1705	1738	1704	8	-1	-1	-1	0
1737	1706	1704	8	-1	-1	-1	0
1727	1693	1728	8	-1	-1	-1	0
1725	1728	1695	8	-1	-1	-1	0
1713	1715	1721	8	-1	-1	-1	0
1718	1701	1732	4	-1	-1	-1	0
1706	1740	1707	8	-1	-1	-1	0
1707	1740	1708	8	-1	-1	-1	0
1720	1734	1702	4	-1	-1	-1	0
1729	1730	1697	4	-1	-1	-1	0
1709	1708	1742	8	-1	-1	-1	0
1705	1716	1739	4	-1	-1	-1	0
1710	1709	1744	8	-1	-1	-1	0
1701	1731	1732	4	-1	-1	-1	0
1732	1717	1718	4	-1	-1	-1	0
1710	1747	1711	8	-1	-1	-1	0
1702	1734	1733	4	-1	-1	-1	0
1731	1703	1735	4	-1	-1	-1	0
1711	1748	1712	8	-1	-1	-1	0
1703	1733	1736	4	-1	-1	-1	0
1739	1716	1717	4	-1	-1	-1	0
1736	1735	1703	4	-1	-1	-1	0
1712	1750	1714	8	-1	-1	-1	0
1738	1737	1704	8	-1	-1	-1	0
1752	1715	1714	8	-1	-1	-1	0
1738	1705	1739	4	-1	-1	-1	0
1706	1737	1741	8	-1	-1	-1	0
1706	1741	1740	8	-1	-1	-1	0
1754	1721	1715	8	-1	-1	-1	0
1743	1708	1740	8	-1	-1	-1	0
1742	1708	1743	8	-1	-1	-1	0
1719	1756	1720	4	-1	-1	-1	0
1709	1742	1745	8	-1	-1	-1	0
1754	1722	1721	8	-1	-1	-1	0
1745	1744	1709	8	-1	-1	-1	0
1710	1744	1746	8	-1	-1	-1	0
1722	1758	1723	8	-1	-1	-1	0
1710	1746	1747	8	-1	-1	-1	0
1717	1732	1755	4	-1	-1	-1	0
1724	1723	1759	8	-1	-1	-1	0
1749	1711	1747	8	-1	-1	-1	0
1749	1748	1711	8	-1	-1	-1	0
1725	1724	1759	8	-1	-1	-1	0
1734	1720	1756	4	-1	-1	-1	0
1748	1751	1712	8	-1	-1	-1	0
1739	1717	1755	4	-1	-1	-1	0
1728	1725	1759	8	-1	-1	-1	0
1712	1751	1750	8	-1	-1	-1	0
1727	1762	1726	8	-1	-1	-1	0
1752	1714	1750	8	-1	-1	-1	0
1727	1728	1764	8	-1	-1	-1	0
1752	1753	1715	8	-1	-1	-1	0
1715	1753	1754	8	-1	-1	-1	0
1743	1740	1741	8	-1	-1	-1	0
1731	1766	1732	4	-1	-1	-1	0
1757	1722	1754	8	-1	-1	-1	0
1735	1767	1731	4	-1	-1	-1	0
1733	1734	1769	4	-1	-1	-1	0
1757	1758	1722	8	-1	-1	-1	0
1770	1736	1733	4	-1	-1	-1	0
1723	1758	1760	8	-1	-1	-1	0
1760	1759	1723	8	-1	-1	-1	0
1772	1735	1736	4	-1	-1	-1	0
1761	1726	1762	8	-1	-1	-1	0
1775	1737	1738	8	-1	-1	-1	0
1727	1763	1762	8	-1	-1	-1	0
1759	1765	1728	8	-1	-1	-1	0
1737	1774	1741	8	-1	-1	-1	0
1738	1739	1776	4	-1	-1	-1	0
1763	1727	1764	8	-1	-1	-1	0
1732	1768	1755	4	-1	-1	-1	0
1728	1765	1764	8	-1	-1	-1	0
1756	1771	1734	4	-1	-1	-1	0
1778	1743	1741	8	-1	-1	-1	0
1767	1766	1731	4	-1	-1	-1	0
1779	1742	1743	8	-1	-1	-1	0
1768	1732	1766	4	-1	-1	-1	0
1742	1779	1745	8	-1	-1	-1	0
1744	1745	1781	8	-1	-1	-1	0
1755	1777	1739	4	-1	-1	-1	0
1782	1746	1744	8	-1	-1	-1	0
1769	1770	1733	4	-1	-1	-1	0
1769	1734	1771	4	-1	-1	-1	0
1767	1735	1772	4	-1	-1	-1	0
1747	1746	1784	5	-1	-1	-1	0
1736	1770	1773	4	-1	-1	-1	0
1736	1773	1772	4	-1	-1	-1	0
1749	1747	1786	5	-1	-1	-1	0
1765	1759	1760	8	-1	-1	-1	0
1748	1749	1787	8	-1	-1	-1	0
1775	1774	1737	8	-1	-1	-1	0
1751	1748	1787	8	-1	-1	-1	0
1776	1775	1738	4	-1	-1	-1	0
1751	1789	1750	8	-1	-1	-1	0
1789	1752	1750	8	-1	-1	-1	0
1739	1777	1776	4	-1	-1	-1	0
1774	1778	1741	8	-1	-1	-1	0
1753	1752	1793	8	-1	-1	-1	0
1754	1753	1794	8	-1	-1	-1	0
1743	1778	1780	8	-1	-1	-1	0
1743	1780	1779	8	-1	-1	-1	0
1794	1757	1754	8	-1	-1	-1	0
1783	1745	1779	8	-1	-1	-1	0
1782	1744	1781	8	-1	-1	-1	0
1745	1783	1781	8	-1	-1	-1	0
1797	1758	1757	8	-1	-1	-1	0
1785	1746	1782	5	-1	-1	-1	0
1785	1784	1746	5	-1	-1	-1	0
1798	1760	1758	8	-1	-1	-1	0
1784	1786	1747	5	-1	-1	-1	0
1768	1795	1755	4	-1	-1	-1	0
1786	1788	1749	5	-1	-1	-1	0
1787	1749	1788	5	-1	-1	-1	0
1760	1799	1765	8	-1	-1	-1	0
1761	1762	1801	8	-1	-1	-1	0
1801	1762	1763	8	-1	-1	-1	0
1777	1755	1795	4	-1	-1	-1	0
1790	1751	1787	8	-1	-1	-1	0
1764	1803	1763	8	-1	-1	-1	0
1751	1790	1789	8	-1	-1	-1	0
1789	1791	1752	8	-1	-1	-1	0
1765	1804	1764	8	-1	-1	-1	0
1752	1791	1792	8	-1	-1	-1	0
1793	1752	1792	8	-1	-1	-1	0
1767	1805	1766	5	-1	-1	-1	0
1806	1768	1766	5	-1	-1	-1	0
1793	1794	1753	8	-1	-1	-1	0
1767	1772	1807	5	-1	-1	-1	0
1796	1757	1794	8	-1	-1	-1	0
1769	1810	1770	4	-1	-1	-1	0
1771	1809	1769	4	-1	-1	-1	0
1796	1797	1757	8	-1	-1	-1	0
1797	1798	1758	8	-1	-1	-1	0
1770	1812	1773	4	-1	-1	-1	0
1799	1760	1798	8	-1	-1	-1	0
1773	1813	1772	5	-1	-1	-1	0
1802	1800	1761	8	-1	-1	-1	0
1761	1801	1802	8	-1	-1	-1	0
1816	1774	1775	8	-1	-1	-1	0
1803	1801	1763	8	-1	-1	-1	0
1778	1774	1815	8	-1	-1	-1	0
1775	1776	1817	4	-1	-1	-1	0
1765	1799	1804	8	-1	-1	-1	0
1808	1795	1768	5	-1	-1	-1	0
1818	1776	1777	4	-1	-1	-1	0
1764	1804	1803	8	-1	-1	-1	0
1784	1785	1808	5	-1	-1	-1	0
1766	1805	1806	5	-1	-1	-1	0
1821	1780	1778	8	-1	-1	-1	0
1807	1805	1767	5	-1	-1	-1	0
1780	1822	1779	8	-1	-1	-1	0
1806	1808	1768	5	-1	-1	-1	0
1783	1779	1822	8	-1	-1	-1	0
1782	1781	1824	8	-1	-1	-1	0
1824	1781	1783	8	-1	-1	-1	0
1810	1769	1809	4	-1	-1	-1	0
1770	1810	1811	4	-1	-1	-1	0
1785	1782	1825	5	-1	-1	-1	0
1777	1795	1820	4	-1	-1	-1	0
1813	1807	1772	5	-1	-1	-1	0
1812	1770	1811	4	-1	-1	-1	0
1828	1786	1784	5	-1	-1	-1	0
1773	1812	1814	5	-1	-1	-1	0
1813	1773	1814	5	-1	-1	-1	0
1816	1815	1774	8	-1	-1	-1	0
1788	1786	1831	5	-1	-1	-1	0
1788	1832	1787	5	-1	-1	-1	0
1775	1817	1816	4	-1	-1	-1	0
1787	1832	1790	5	-1	-1	-1	0
1776	1818	1817	4	-1	-1	-1	0
1790	1833	1789	8	-1	-1	-1	0
1791	1789	1833	8	-1	-1	-1	0
1819	1818	1777	4	-1	-1	-1	0
1778	1815	1821	8	-1	-1	-1	0
1819	1777	1820	4	-1	-1	-1	0
1836	1792	1791	8	-1	-1	-1	0
1784	1808	1828	5	-1	-1	-1	0
1792	1837	1793	8	-1	-1	-1	0
1808	1785	1829	5	-1	-1	-1	0
1780	1821	1823	8	-1	-1	-1	0
1780	1823	1822	8	-1	-1	-1	0
1793	1839	1794	8	-1	-1	-1	0
1796	1794	1840	8	-1	-1	-1	0
1824	1825	1782	5	-1	-1	-1	0
1826	1783	1822	8	-1	-1	-1	0
1795	1808	1829	5	-1	-1	-1	0
1783	1827	1824	8	-1	-1	-1	0
1796	1841	1797	8	-1	-1	-1	0
1783	1826	1827	8	-1	-1	-1	0
1797	1842	1798	8	-1	-1	-1	0
1799	1798	1843	8	-1	-1	-1	0
1825	1830	1785	5	-1	-1	-1	0
1808	1806	1828	5	-1	-1	-1	0
1830	1829	1785	5	-1	-1	-1	0
1829	1820	1795	5	-1	-1	-1	0
1831	1786	1828	5	-1	-1	-1	0
1804	1799	1844	8	-1	-1	-1	0
1800	1802	1846	8	-1	-1	-1	0
1847	1802	1801	8	-1	-1	-1	0
1803	1804	1844	8	-1	-1	-1	0
1832	1788	1831	5	-1	-1	-1	0
1803	1847	1801	8	-1	-1	-1	0
1834	1790	1832	5	-1	-1	-1	0
1790	1834	1833	5	-1	-1	-1	0
1791	1833	1835	8	-1	-1	-1	0
1806	1805	1850	5	-1	-1	-1	0
1791	1835	1836	8	-1	-1	-1	0
1807	1850	1805	5	-1	-1	-1	0
1838	1792	1836	8	-1	-1	-1	0
1838	1837	1792	8	-1	-1	-1	0
1837	1839	1793	8	-1	-1	-1	0
1810	1809	1852	4	-1	-1	-1	0
1813	1851	1807	5	-1	-1	-1	0
1840	1794	1839	8	-1	-1	-1	0
1854	1811	1810	4	-1	-1	-1	0
1841	1796	1840	8	-1	-1	-1	0
1811	1856	1812	4	-1	-1	-1	0
1797	1841	1842	8	-1	-1	-1	0
1857	1814	1812	5	-1	-1	-1	0
1842	1843	1798	8	-1	-1	-1	0
1828	1806	1850	5	-1	-1	-1	0
1858	1813	1814	5	-1	-1	-1	0
1799	1843	1844	8	-1	-1	-1	0
1800	1846	1845	8	-1	-1	-1	0
1860	1815	1816	8	-1	-1	-1	0
1847	1803	1844	8	-1	-1	-1	0
1862	1816	1817	4	-1	-1	-1	0
1802	1849	1846	8	-1	-1	-1	0
1847	1848	1802	8	-1	-1	-1	0
1821	1815	1861	8	-1	-1	-1	0
1818	1862	1817	4	-1	-1	-1	0
1849	1802	1848	8	-1	-1	-1	0
1863	1818	1819	4	-1	-1	-1	0
1820	1864	1819	4	-1	-1	-1	0
1821	1861	1823	8	-1	-1	-1	0
1807	1851	1850	5	-1	-1	-1	0
1828	1850	1831	5	-1	-1	-1	0
1822	1823	1866	8	-1	-1	-1	0
1865	1820	1829	5	-1	-1	-1	0
1822	1866	1826	8	-1	-1	-1	0
1852	1853	1810	4	-1	-1	-1	0
1853	1854	1810	4	-1	-1	-1	0
1824	1868	1825	5	-1	-1	-1	0
1827	1868	1824	5	-1	-1	-1	0
1854	1855	1811	4	-1	-1	-1	0
1869	1827	1826	8	-1	-1	-1	0
1855	1856	1811	4	-1	-1	-1	0
1851	1813	1858	5	-1	-1	-1	0
1868	1830	1825	5	-1	-1	-1	0
1830	1865	1829	5	-1	-1	-1	0
1857	1812	1856	5	-1	-1	-1	0
1859	1814	1857	5	-1	-1	-1	0
1859	1858	1814	5	-1	-1	-1	0
1831	1872	1832	5	-1	-1	-1	0
1860	1861	1815	8	-1	-1	-1	0
1862	1860	1816	4	-1	-1	-1	0
1832	1872	1834	5	-1	-1	-1	0
1833	1834	1874	5	-1	-1	-1	0
1833	1874	1835	5	-1	-1	-1	0
1818	1863	1862	4	-1	-1	-1	0
1864	1863	1819	4	-1	-1	-1	0
1836	1835	1876	8	-1	-1	-1	0
1820	1865	1864	5	-1	-1	-1	0
1867	1823	1861	8	-1	-1	-1	0
1836	1878	1838	8	-1	-1	-1	0
1850	1873	1831	5	-1	-1	-1	0
1879	1837	1838	8	-1	-1	-1	0
1839	1837	1879	8	-1	-1	-1	0
1867	1866	1823	8	-1	-1	-1	0
1840	1839	1882	8	-1	-1	-1	0
1869	1826	1866	8	-1	-1	-1	0
1840	1883	1841	8	-1	-1	-1	0
1827	1870	1868	5	-1	-1	-1	0
1830	1871	1865	5	-1	-1	-1	0
1827	1869	1870	5	-1	-1	-1	0
1885	1842	1841	8	-1	-1	-1	0
1830	1868	1871	5	-1	-1	-1	0
1843	1842	1886	8	-1	-1	-1	0
1844	1843	1887	8	-1	-1	-1	0
1873	1872	1831	5	-1	-1	-1	0
1847	1844	1887	8	-1	-1	-1	0
1888	1845	1846	8	-1	-1	-1	0
1834	1872	1875	5	-1	-1	-1	0
1875	1874	1834	5	-1	-1	-1	0
1888	1846	1849	8	-1	-1	-1	0
1890	1848	1847	8	-1	-1	-1	0
1874	1877	1835	5	-1	-1	-1	0
1877	1876	1835	5	-1	-1	-1	0
1849	1848	1892	8	-1	-1	-1	0
1836	1876	1878	8	-1	-1	-1	0
1850	1851	1894	5	-1	-1	-1	0
1879	1838	1880	8	-1	-1	-1	0
1878	1881	1838	8	-1	-1	-1	0
1881	1880	1838	8	-1	-1	-1	0
1895	1853	1852	4	-1	-1	-1	0
1879	1882	1839	8	-1	-1	-1	0
1864	1865	1871	5	-1	-1	-1	0
1894	1851	1858	5	-1	-1	-1	0
1896	1854	1853	4	-1	-1	-1	0
1883	1840	1882	8	-1	-1	-1	0
1854	1897	1855	4	-1	-1	-1	0
1884	1841	1883	8	-1	-1	-1	0
1856	1855	1898	4	-1	-1	-1	0
1868	1870	1871	5	-1	-1	-1	0
1884	1885	1841	8	-1	-1	-1	0
1899	1857	1856	5	-1	-1	-1	0
1886	1842	1885	8	-1	-1	-1	0
1859	1857	1900	5	-1	-1	-1	0
1843	1886	1887	8	-1	-1	-1	0
1873	1850	1894	5	-1	-1	-1	0
1902	1858	1859	5	-1	-1	-1	0
1872	1873	1875	5	-1	-1	-1	0
1889	1845	1888	8	-1	-1	-1	0
1847	1887	1890	8	-1	-1	-1	0
1861	1860	1906	8	-1	-1	-1	0
1848	1890	1891	8	-1	-1	-1	0
1860	1862	1907	4	-1	-1	-1	0
1888	1849	1893	8	-1	-1	-1	0
1892	1848	1891	8	-1	-1	-1	0
1863	1907	1862	4	-1	-1	-1	0
1849	1892	1893	8	-1	-1	-1	0
1906	1867	1861	8	-1	-1	-1	0
1863	1864	1908	4	-1	-1	-1	0
1867	1909	1866	8	-1	-1	-1	0
1864	1871	1908	5	-1	-1	-1	0
1895	1896	1853	4	-1	-1	-1	0
1866	1909	1869	8	-1	-1	-1	0
1854	1896	1897	4	-1	-1	-1	0
1908	1871	1870	5	-1	-1	-1	0
1869	1910	1870	5	-1	-1	-1	0
1897	1898	1855	4	-1	-1	-1	0
1856	1898	1899	5	-1	-1	-1	0
1894	1858	1903	5	-1	-1	-1	0
1899	1901	1857	5	-1	-1	-1	0
1901	1900	1857	5	-1	-1	-1	0
1911	1875	1873	5	-1	-1	-1	0
1874	1875	1913	5	-1	-1	-1	0
1874	1912	1877	5	-1	-1	-1	0
1858	1902	1903	5	-1	-1	-1	0
1905	1859	1900	5	-1	-1	-1	0
1902	1859	1904	5	-1	-1	-1	0
1905	1904	1859	5	-1	-1	-1	0
1876	1877	1917	5	-1	-1	-1	0
1876	1916	1878	8	-1	-1	-1	0
1894	1903	1873	5	-1	-1	-1	0
1893	1889	1888	8	-1	-1	-1	0
1906	1860	1907	4	-1	-1	-1	0
1908	1907	1863	4	-1	-1	-1	0
1881	1878	1919	8	-1	-1	-1	0
1879	1880	1920	8	-1	-1	-1	0
1879	1921	1882	8	-1	-1	-1	0
1867	1906	1909	8	-1	-1	-1	0
1881	1923	1880	8	-1	-1	-1	0
1883	1882	1921	8	-1	-1	-1	0
1873	1903	1911	5	-1	-1	-1	0
1910	1908	1870	5	-1	-1	-1	0
1869	1909	1910	5	-1	-1	-1	0
1884	1883	1925	8	-1	-1	-1	0
1926	1885	1884	8	-1	-1	-1	0
1912	1874	1913	5	-1	-1	-1	0
1928	1886	1885	8	-1	-1	-1	0
1911	1914	1875	5	-1	-1	-1	0
1887	1886	1929	8	-1	-1	-1	0
1913	1875	1915	5	-1	-1	-1	0
1875	1914	1915	5	-1	-1	-1	0
1929	1890	1887	8	-1	-1	-1	0
1918	1877	1912	5	-1	-1	-1	0
1917	1916	1876	5	-1	-1	-1	0
1889	1893	1930	8	-1	-1	-1	0
1918	1917	1877	5	-1	-1	-1	0
1932	1891	1890	8	-1	-1	-1	0
1916	1919	1878	8	-1	-1	-1	0
1933	1892	1891	8	-1	-1	-1	0
1934	1893	1892	8	-1	-1	-1	0
1921	1879	1920	8	-1	-1	-1	0
1922	1920	1880	8	-1	-1	-1	0
1907	1910	1906	4	-1	-1	-1	0
1919	1924	1881	8	-1	-1	-1	0
1909	1906	1910	4	-1	-1	-1	0
1922	1880	1923	8	-1	-1	-1	0
1908	1910	1907	4	-1	-1	-1	0
1896	1895	1935	4	-1	-1	-1	0
1896	1936	1897	4	-1	-1	-1	0
1923	1881	1924	8	-1	-1	-1	0
1921	1925	1883	8	-1	-1	-1	0
1897	1937	1898	4	-1	-1	-1	0
1898	1938	1899	5	-1	-1	-1	0
1925	1927	1884	8	-1	-1	-1	0
1884	1927	1926	8	-1	-1	-1	0
1938	1901	1899	5	-1	-1	-1	0
1928	1885	1926	8	-1	-1	-1	0
1900	1901	1940	5	-1	-1	-1	0
1928	1929	1886	8	-1	-1	-1	0
1900	1939	1905	5	-1	-1	-1	0
1902	1904	1942	5	-1	-1	-1	0
1902	1943	1903	5	-1	-1	-1	0
1930	1931	1889	8	-1	-1	-1	0
1932	1890	1929	8	-1	-1	-1	0
1932	1933	1891	8	-1	-1	-1	0
1893	1934	1930	8	-1	-1	-1	0
1911	1903	1943	5	-1	-1	-1	0
1892	1933	1934	8	-1	-1	-1	0
1935	1936	1896	4	-1	-1	-1	0
1911	1944	1914	5	-1	-1	-1	0
1937	1897	1936	4	-1	-1	-1	0
1913	1946	1912	5	-1	-1	-1	0
1937	1938	1898	5	-1	-1	-1	0
1915	1947	1913	5	-1	-1	-1	0
1912	1946	1918	5	-1	-1	-1	0
1914	1948	1915	5	-1	-1	-1	0
1939	1900	1940	5	-1	-1	-1	0
1901	1938	1941	5	-1	-1	-1	0
1901	1941	1940	5	-1	-1	-1	0
1916	1917	1952	5	-1	-1	-1	0
1919	1916	1951	8	-1	-1	-1	0
1942	1943	1902	5	-1	-1	-1	0
1953	1917	1918	5	-1	-1	-1	0
1932	1929	1928	8	-1	-1	-1	0
1924	1919	1951	8	-1	-1	-1	0
1921	1920	1957	8	-1	-1	-1	0
1920	1922	1956	8	-1	-1	-1	0
1911	1943	1945	5	-1	-1	-1	0
1944	1911	1945	5	-1	-1	-1	0
1923	1959	1922	8	-1	-1	-1	0
1921	1958	1925	8	-1	-1	-1	0
1944	1948	1914	5	-1	-1	-1	0
1913	1947	1946	5	-1	-1	-1	0
1923	1924	1961	8	-1	-1	-1	0
1915	1948	1949	5	-1	-1	-1	0
1947	1915	1950	5	-1	-1	-1	0
1949	1950	1915	5	-1	-1	-1	0
1925	1964	1927	8	-1	-1	-1	0
1965	1926	1927	8	-1	-1	-1	0
1918	1946	1954	5	-1	-1	-1	0
1952	1951	1916	5	-1	-1	-1	0
1926	1965	1928	8	-1	-1	-1	0
1953	1952	1917	5	-1	-1	-1	0
1953	1918	1954	5	-1	-1	-1	0
1928	1965	1932	8	-1	-1	-1	0
1931	1930	1967	8	-1	-1	-1	0
1945	1943	1942	5	-1	-1	-1	0
1934	1967	1930	8	-1	-1	-1	0
1920	1956	1955	8	-1	-1	-1	0
1955	1957	1920	8	-1	-1	-1	0
1921	1957	1958	8	-1	-1	-1	0
1932	1971	1933	8	-1	-1	-1	0
1922	1959	1956	8	-1	-1	-1	0
1962	1924	1951	8	-1	-1	-1	0
1972	1934	1933	8	-1	-1	-1	0
1923	1960	1959	8	-1	-1	-1	0
1961	1960	1923	8	-1	-1	-1	0
1936	1935	1974	4	-1	-1	-1	0
1925	1958	1963	8	-1	-1	-1	0
1924	1962	1961	8	-1	-1	-1	0
1936	1975	1937	4	-1	-1	-1	0
1976	1938	1937	5	-1	-1	-1	0
1964	1925	1963	8	-1	-1	-1	0
1976	1941	1938	5	-1	-1	-1	0
1939	1940	1977	5	-1	-1	-1	0
1966	1927	1964	8	-1	-1	-1	0
1927	1966	1965	8	-1	-1	-1	0
1941	1977	1940	5	-1	-1	-1	0
1969	1931	1967	8	-1	-1	-1	0
1932	1965	1970	8	-1	-1	-1	0
1931	1969	1968	8	-1	-1	-1	0
1932	1970	1971	8	-1	-1	-1	0
1946	1947	1980	5	-1	-1	-1	0
1973	1967	1934	8	-1	-1	-1	0
1971	1972	1933	8	-1	-1	-1	0
1980	1947	1950	5	-1	-1	-1	0
1979	1954	1946	5	-1	-1	-1	0
1934	1972	1973	8	-1	-1	-1	0
1982	1950	1949	5	-1	-1	-1	0
1936	1974	1975	4	-1	-1	-1	0
1951	1952	1984	5	-1	-1	-1	0
1937	1975	1976	5	-1	-1	-1	0
1952	1953	1985	5	-1	-1	-1	0
1954	1986	1953	5	-1	-1	-1	0
1978	1941	1976	5	-1	-1	-1	0
1941	1978	1977	5	-1	-1	-1	0
1984	1962	1951	5	-1	-1	-1	0
1988	1955	1956	8	-1	-1	-1	0
1989	1957	1955	8	-1	-1	-1	0
1959	1990	1956	8	-1	-1	-1	0
1946	1981	1979	5	-1	-1	-1	0
1991	1958	1957	8	-1	-1	-1	0
1946	1980	1981	5	-1	-1	-1	0
1969	1967	1973	8	-1	-1	-1	0
1991	1963	1958	8	-1	-1	-1	0
1993	1959	1960	8	-1	-1	-1	0
1980	1950	1983	5	-1	-1	-1	0
1983	1950	1982	5	-1	-1	-1	0
1995	1960	1961	8	-1	-1	-1	0
1954	1979	1986	5	-1	-1	-1	0
1962	1996	1961	8	-1	-1	-1	0
1985	1984	1952	5	-1	-1	-1	0
1985	1953	1986	5	-1	-1	-1	0
1964	1963	1998	8	-1	-1	-1	0
1987	1955	1988	8	-1	-1	-1	0
2000	1966	1964	8	-1	-1	-1	0
1987	1989	1955	8	-1	-1	-1	0
2001	1965	1966	8	-1	-1	-1	0
1988	1956	1990	8	-1	-1	-1	0
1970	1965	2001	8	-1	-1	-1	0
1992	1957	1989	8	-1	-1	-1	0
1992	1991	1957	8	-1	-1	-1	0
1968	1969	2004	8	-1	-1	-1	0
1959	1993	1990	8	-1	-1	-1	0
1962	1984	1997	5	-1	-1	-1	0
1971	1970	2006	8	-1	-1	-1	0
1973	2005	1969	8	-1	-1	-1	0
1960	1994	1993	8	-1	-1	-1	0
1960	1995	1994	8	-1	-1	-1	0
1972	1971	2007	8	-1	-1	-1	0
1996	1995	1961	8	-1	-1	-1	0
1991	1999	1963	8	-1	-1	-1	0
2008	1973	1972	8	-1	-1	-1	0
1996	1962	1997	5	-1	-1	-1	0
1975	1974	2010	4	-1	-1	-1	0
1963	1999	1998	8	-1	-1	-1	0
1976	1975	2011	5	-1	-1	-1	0
1998	2000	1964	8	-1	-1	-1	0
2011	1978	1976	5	-1	-1	-1	0
1997	1984	1985	5	-1	-1	-1	0
1966	2000	2002	8	-1	-1	-1	0
1966	2002	2001	8	-1	-1	-1	0
1979	1981	2012	5	-1	-1	-1	0
1981	1980	2014	5	-1	-1	-1	0
1968	2004	2003	8	-1	-1	-1	0
2006	1970	2001	8	-1	-1	-1	0
1986	1979	2013	5	-1	-1	-1	0
2004	1969	2005	8	-1	-1	-1	0
1983	2015	1980	5	-1	-1	-1	0
1982	2018	1983	5	-1	-1	-1	0
2006	2007	1971	8	-1	-1	-1	0
2013	1985	1986	5	-1	-1	-1	0
1972	2007	2008	8	-1	-1	-1	0
1973	2009	2005	8	-1	-1	-1	0
2008	2009	1973	8	-1	-1	-1	0
2010	2011	1975	5	-1	-1	-1	0
1989	1987	2021	8	-1	-1	-1	0
1987	1988	2022	8	-1	-1	-1	0
1997	1985	2019	5	-1	-1	-1	0
1988	1990	2023	8	-1	-1	-1	0
1979	2012	2013	5	-1	-1	-1	0
2025	1992	1989	8	-1	-1	-1	0
2012	1981	2016	5	-1	-1	-1	0
1980	2015	2014	5	-1	-1	-1	0
2027	1990	1993	8	-1	-1	-1	0
1992	2028	1991	8	-1	-1	-1	0
1981	2014	2017	5	-1	-1	-1	0
2017	2016	1981	5	-1	-1	-1	0
2027	1993	1994	8	-1	-1	-1	0
2015	1983	2018	5	-1	-1	-1	0
1985	2013	2019	5	-1	-1	-1	0
1991	2028	1999	8	-1	-1	-1	0
1995	2031	1994	8	-1	-1	-1	0
2032	1995	1996	8	-1	-1	-1	0
1996	1997	2033	5	-1	-1	-1	0
1987	2020	2021	8	-1	-1	-1	0
1987	2022	2020	8	-1	-1	-1	0
2035	2000	1998	8	-1	-1	-1	0
1999	2036	1998	8	-1	-1	-1	0
2024	2022	1988	8	-1	-1	-1	0
1988	2023	2024	8	-1	-1	-1	0
2021	2026	1989	8	-1	-1	-1	0
2035	2002	2000	8	-1	-1	-1	0
2023	1990	2027	8	-1	-1	-1	0
2026	2025	1989	8	-1	-1	-1	0
2001	2002	2038	8	-1	-1	-1	0
2001	2038	2006	8	-1	-1	-1	0
1992	2025	2029	8	-1	-1	-1	0
2004	2041	2003	8	-1	-1	-1	0
2029	2028	1992	8	-1	-1	-1	0
2019	2034	1997	5	-1	-1	-1	0
2004	2005	2042	8	-1	-1	-1	0
2030	2027	1994	8	-1	-1	-1	0
2031	2030	1994	8	-1	-1	-1	0
2007	2006	2043	8	-1	-1	-1	0
2009	2042	2005	8	-1	-1	-1	0
2032	2031	1995	8	-1	-1	-1	0
2007	2045	2008	8	-1	-1	-1	0
2033	2032	1996	5	-1	-1	-1	0
2008	2046	2009	8	-1	-1	-1	0
2034	2033	1997	5	-1	-1	-1	0
1999	2028	2037	8	-1	-1	-1	0
2036	2035	1998	8	-1	-1	-1	0
2036	1999	2037	8	-1	-1	-1	0
2012	2048	2013	5	-1	-1	-1	0
2039	2002	2035	8	-1	-1	-1	0
2016	2049	2012	5	-1	-1	-1	0
2002	2039	2038	8	-1	-1	-1	0
2014	2015	2051	5	-1	-1	-1	0
2013	2050	2019	5	-1	-1	-1	0
2052	2017	2014	5	-1	-1	-1	0
2041	2040	2003	8	-1	-1	-1	0
2018	2053	2015	5	-1	-1	-1	0
2054	2016	2017	5	-1	-1	-1	0
2041	2004	2042	8	-1	-1	-1	0
2038	2044	2006	8	-1	-1	-1	0
2044	2043	2006	8	-1	-1	-1	0
2007	2043	2045	8	-1	-1	-1	0
2009	2047	2042	8	-1	-1	-1	0
2021	2020	2058	6	-1	-1	-1	0
2008	2045	2046	8	-1	-1	-1	0
2057	2020	2022	8	-1	-1	-1	0
2047	2009	2046	8	-1	-1	-1	0
2026	2021	2060	6	-1	-1	-1	0
2022	2024	2061	8	-1	-1	-1	0
2023	2062	2024	8	-1	-1	-1	0
2049	2048	2012	5	-1	-1	-1	0
2034	2019	2056	5	-1	-1	-1	0
2050	2013	2048	5	-1	-1	-1	0
2062	2023	2027	8	-1	-1	-1	0
2025	2026	2064	8	-1	-1	-1	0
2051	2052	2014	5	-1	-1	-1	0
2025	2064	2029	8	-1	-1	-1	0
2049	2016	2054	5	-1	-1	-1	0
2051	2015	2053	5	-1	-1	-1	0
2027	2030	2066	8	-1	-1	-1	0
2067	2028	2029	8	-1	-1	-1	0
2017	2052	2055	5	-1	-1	-1	0
2050	2056	2019	5	-1	-1	-1	0
2017	2055	2054	5	-1	-1	-1	0
2030	2031	2070	8	-1	-1	-1	0
2067	2037	2028	8	-1	-1	-1	0
2071	2031	2032	8	-1	-1	-1	0
2059	2020	2057	6	-1	-1	-1	0
2032	2033	2072	5	-1	-1	-1	0
2059	2058	2020	6	-1	-1	-1	0
2058	2060	2021	6	-1	-1	-1	0
2073	2033	2034	5	-1	-1	-1	0
2057	2022	2061	8	-1	-1	-1	0
2035	2036	2076	8	-1	-1	-1	0
2024	2063	2061	8	-1	-1	-1	0
2063	2024	2062	8	-1	-1	-1	0
2039	2035	2076	8	-1	-1	-1	0
2078	2036	2037	8	-1	-1	-1	0
2060	2065	2026	6	-1	-1	-1	0
2064	2026	2065	6	-1	-1	-1	0
2027	2066	2062	8	-1	-1	-1	0
2039	2079	2038	8	-1	-1	-1	0
2064	2068	2029	8	-1	-1	-1	0
2044	2038	2079	8	-1	-1	-1	0
2041	2083	2040	8	-1	-1	-1	0
2067	2029	2068	8	-1	-1	-1	0
2034	2056	2075	5	-1	-1	-1	0
2069	2066	2030	8	-1	-1	-1	0
2084	2041	2042	8	-1	-1	-1	0
2030	2070	2069	8	-1	-1	-1	0
2071	2070	2031	8	-1	-1	-1	0
2043	2044	2086	8	-1	-1	-1	0
2047	2085	2042	8	-1	-1	-1	0
2043	2086	2045	8	-1	-1	-1	0
2032	2072	2071	5	-1	-1	-1	0
2033	2073	2072	5	-1	-1	-1	0
2088	2046	2045	8	-1	-1	-1	0
2074	2073	2034	5	-1	-1	-1	0
2078	2037	2067	8	-1	-1	-1	0
2047	2046	2089	8	-1	-1	-1	0
2074	2034	2075	5	-1	-1	-1	0
2049	2091	2048	6	-1	-1	-1	0
2077	2076	2036	8	-1	-1	-1	0
2092	2050	2048	6	-1	-1	-1	0
2078	2077	2036	8	-1	-1	-1	0
2076	2080	2039	8	-1	-1	-1	0
2049	2054	2093	6	-1	-1	-1	0
2051	2096	2052	5	-1	-1	-1	0
2081	2079	2039	8	-1	-1	-1	0
2053	2095	2051	5	-1	-1	-1	0
2039	2080	2081	8	-1	-1	-1	0
2094	2056	2050	6	-1	-1	-1	0
2083	2082	2040	8	-1	-1	-1	0
2052	2098	2055	5	-1	-1	-1	0
2055	2099	2054	6	-1	-1	-1	0
2041	2084	2083	8	-1	-1	-1	0
2087	2044	2079	8	-1	-1	-1	0
2084	2042	2085	8	-1	-1	-1	0
2058	2059	2094	6	-1	-1	-1	0
2086	2044	2087	8	-1	-1	-1	0
2059	2057	2102	6	-1	-1	-1	0
2086	2088	2045	8	-1	-1	-1	0
2057	2061	2103	8	-1	-1	-1	0
2090	2085	2047	8	-1	-1	-1	0
2058	2104	2060	6	-1	-1	-1	0
2046	2088	2089	8	-1	-1	-1	0
2047	2089	2090	8	-1	-1	-1	0
2103	2061	2063	8	-1	-1	-1	0
2065	2060	2106	6	-1	-1	-1	0
2048	2091	2092	6	-1	-1	-1	0
2101	2075	2056	6	-1	-1	-1	0
2063	2062	2107	8	-1	-1	-1	0
2093	2091	2049	6	-1	-1	-1	0
2066	2107	2062	8	-1	-1	-1	0
2092	2094	2050	6	-1	-1	-1	0
2065	2110	2064	6	-1	-1	-1	0
2064	2110	2068	6	-1	-1	-1	0
2096	2051	2095	5	-1	-1	-1	0
2052	2096	2097	5	-1	-1	-1	0
2066	2069	2111	8	-1	-1	-1	0
2099	2093	2054	6	-1	-1	-1	0
2081	2087	2079	8	-1	-1	-1	0
2098	2052	2097	5	-1	-1	-1	0
2067	2068	2113	8	-1	-1	-1	0
2056	2094	2101	6	-1	-1	-1	0
2055	2098	2100	6	-1	-1	-1	0
2094	2059	2101	6	-1	-1	-1	0
2099	2055	2100	6	-1	-1	-1	0
2069	2070	2115	8	-1	-1	-1	0
2058	2094	2104	6	-1	-1	-1	0
2067	2112	2078	8	-1	-1	-1	0
2116	2070	2071	8	-1	-1	-1	0
2117	2071	2072	5	-1	-1	-1	0
2073	2117	2072	5	-1	-1	-1	0
2103	2102	2057	6	-1	-1	-1	0
2118	2073	2074	5	-1	-1	-1	0
2105	2101	2059	6	-1	-1	-1	0
2102	2105	2059	6	-1	-1	-1	0
2075	2119	2074	5	-1	-1	-1	0
2106	2060	2104	6	-1	-1	-1	0
2076	2077	2121	8	-1	-1	-1	0
2063	2109	2103	8	-1	-1	-1	0
2076	2121	2080	8	-1	-1	-1	0
2108	2063	2107	8	-1	-1	-1	0
2077	2078	2123	8	-1	-1	-1	0
2063	2108	2109	8	-1	-1	-1	0
2110	2065	2106	6	-1	-1	-1	0
2066	2111	2107	8	-1	-1	-1	0
2125	2081	2080	8	-1	-1	-1	0
2094	2092	2104	6	-1	-1	-1	0
2112	2067	2113	8	-1	-1	-1	0
2110	2114	2068	6	-1	-1	-1	0
2082	2083	2128	8	-1	-1	-1	0
2081	2126	2087	8	-1	-1	-1	0
2069	2115	2111	8	-1	-1	-1	0
2113	2068	2114	6	-1	-1	-1	0
2120	2075	2101	6	-1	-1	-1	0
2084	2129	2083	8	-1	-1	-1	0
2085	2130	2084	8	-1	-1	-1	0
2116	2115	2070	8	-1	-1	-1	0
2086	2087	2131	8	-1	-1	-1	0
2117	2116	2071	5	-1	-1	-1	0
2088	2086	2131	8	-1	-1	-1	0
2085	2090	2130	8	-1	-1	-1	0
2089	2088	2131	8	-1	-1	-1	0
2073	2118	2117	5	-1	-1	-1	0
2089	2132	2090	8	-1	-1	-1	0
2119	2118	2074	5	-1	-1	-1	0
2075	2120	2119	6	-1	-1	-1	0
2078	2112	2124	8	-1	-1	-1	0
2092	2091	2135	6	-1	-1	-1	0
2093	2135	2091	6	-1	-1	-1	0
2121	2077	2122	8	-1	-1	-1	0
2123	2122	2077	8	-1	-1	-1	0
2124	2123	2078	8	-1	-1	-1	0
2105	2120	2101	6	-1	-1	-1	0
2121	2125	2080	8	-1	-1	-1	0
2099	2136	2093	6	-1	-1	-1	0
2096	2095	2137	5	-1	-1	-1	0
2104	2092	2135	6	-1	-1	-1	0
2139	2097	2096	5	-1	-1	-1	0
2081	2125	2126	8	-1	-1	-1	0
2097	2141	2098	5	-1	-1	-1	0
2127	2082	2128	8	-1	-1	-1	0
2142	2100	2098	6	-1	-1	-1	0
2083	2129	2128	8	-1	-1	-1	0
2143	2099	2100	6	-1	-1	-1	0
2130	2129	2084	8	-1	-1	-1	0
2131	2087	2126	8	-1	-1	-1	0
2106	2104	2135	6	-1	-1	-1	0
2103	2145	2102	6	-1	-1	-1	0
2145	2105	2102	6	-1	-1	-1	0
2133	2089	2131	8	-1	-1	-1	0
2089	2133	2132	8	-1	-1	-1	0
2130	2090	2134	8	-1	-1	-1	0
2090	2132	2134	8	-1	-1	-1	0
2109	2145	2103	6	-1	-1	-1	0
2106	2147	2110	6	-1	-1	-1	0
2093	2136	2135	6	-1	-1	-1	0
2107	2149	2108	8	-1	-1	-1	0
2107	2111	2149	8	-1	-1	-1	0
2108	2150	2109	8	-1	-1	-1	0
2137	2138	2096	5	-1	-1	-1	0
2147	2114	2110	6	-1	-1	-1	0
2105	2146	2120	6	-1	-1	-1	0
2138	2139	2096	5	-1	-1	-1	0
2139	2140	2097	5	-1	-1	-1	0
2113	2153	2112	8	-1	-1	-1	0
2140	2141	2097	5	-1	-1	-1	0
2136	2099	2143	6	-1	-1	-1	0
2152	2111	2115	8	-1	-1	-1	0
2113	2114	2154	6	-1	-1	-1	0
2142	2098	2141	6	-1	-1	-1	0
2119	2120	2146	6	-1	-1	-1	0
2144	2100	2142	6	-1	-1	-1	0
2144	2143	2100	6	-1	-1	-1	0
2115	2116	2157	8	-1	-1	-1	0
2135	2148	2106	6	-1	-1	-1	0
2112	2153	2124	8	-1	-1	-1	0
2133	2131	2126	8	-1	-1	-1	0
2116	2117	2158	5	-1	-1	-1	0
2118	2158	2117	5	-1	-1	-1	0
2118	2119	2159	5	-1	-1	-1	0
2105	2145	2146	6	-1	-1	-1	0
2148	2147	2106	6	-1	-1	-1	0
2161	2121	2122	8	-1	-1	-1	0
2109	2151	2145	6	-1	-1	-1	0
2121	2160	2125	8	-1	-1	-1	0
2122	2123	2162	8	-1	-1	-1	0
2150	2108	2149	8	-1	-1	-1	0
2163	2123	2124	8	-1	-1	-1	0
2109	2150	2151	6	-1	-1	-1	0
2111	2152	2149	8	-1	-1	-1	0
2114	2147	2156	6	-1	-1	-1	0
2126	2125	2167	8	-1	-1	-1	0
2113	2154	2153	6	-1	-1	-1	0
2114	2155	2154	6	-1	-1	-1	0
2157	2152	2115	8	-1	-1	-1	0
2119	2146	2159	6	-1	-1	-1	0
2128	2170	2127	8	-1	-1	-1	0
2114	2156	2155	6	-1	-1	-1	0
2167	2133	2126	8	-1	-1	-1	0
2128	2129	2171	8	-1	-1	-1	0
2157	2116	2158	5	-1	-1	-1	0
2172	2129	2130	8	-1	-1	-1	0
2159	2158	2118	5	-1	-1	-1	0
2173	2130	2134	8	-1	-1	-1	0
2133	2174	2132	8	-1	-1	-1	0
2132	2174	2134	8	-1	-1	-1	0
2145	2151	2146	6	-1	-1	-1	0
2165	2124	2153	8	-1	-1	-1	0
2121	2161	2160	8	-1	-1	-1	0
2161	2122	2162	8	-1	-1	-1	0
2135	2136	2176	6	-1	-1	-1	0
2123	2164	2162	8	-1	-1	-1	0
2123	2163	2164	8	-1	-1	-1	0
2156	2147	2148	6	-1	-1	-1	0
2125	2160	2166	8	-1	-1	-1	0
2124	2165	2163	8	-1	-1	-1	0
2177	2138	2137	5	-1	-1	-1	0
2178	2139	2138	5	-1	-1	-1	0
2176	2136	2143	6	-1	-1	-1	0
2159	2146	2151	6	-1	-1	-1	0
2125	2166	2167	8	-1	-1	-1	0
2139	2179	2140	5	-1	-1	-1	0
2148	2135	2176	6	-1	-1	-1	0
2141	2140	2180	5	-1	-1	-1	0
2169	2127	2168	8	-1	-1	-1	0
2181	2142	2141	6	-1	-1	-1	0
2127	2170	2168	8	-1	-1	-1	0
2144	2142	2182	6	-1	-1	-1	0
2170	2128	2171	8	-1	-1	-1	0
2184	2143	2144	6	-1	-1	-1	0
2129	2172	2171	8	-1	-1	-1	0
2133	2167	2174	8	-1	-1	-1	0
2130	2173	2172	8	-1	-1	-1	0
2134	2175	2173	8	-1	-1	-1	0
2174	2175	2134	8	-1	-1	-1	0
2149	2189	2150	8	-1	-1	-1	0
2189	2149	2152	8	-1	-1	-1	0
2150	2190	2151	6	-1	-1	-1	0
2188	2156	2148	6	-1	-1	-1	0
2177	2178	2138	5	-1	-1	-1	0
2139	2178	2179	5	-1	-1	-1	0
2153	2154	2191	6	-1	-1	-1	0
2152	2157	2189	8	-1	-1	-1	0
2179	2180	2140	5	-1	-1	-1	0
2190	2159	2151	6	-1	-1	-1	0
2155	2192	2154	6	-1	-1	-1	0
2141	2180	2181	6	-1	-1	-1	0
2176	2143	2185	6	-1	-1	-1	0
2194	2155	2156	6	-1	-1	-1	0
2158	2190	2157	5	-1	-1	-1	0
2181	2183	2142	6	-1	-1	-1	0
2183	2182	2142	6	-1	-1	-1	0
2159	2190	2158	5	-1	-1	-1	0
2176	2185	2148	6	-1	-1	-1	0
2165	2153	2191	6	-1	-1	-1	0
2143	2184	2185	6	-1	-1	-1	0
2187	2144	2182	6	-1	-1	-1	0
2184	2144	2186	6	-1	-1	-1	0
2187	2186	2144	6	-1	-1	-1	0
2160	2161	2197	8	-1	-1	-1	0
2148	2185	2188	6	-1	-1	-1	0
2160	2196	2166	8	-1	-1	-1	0
2162	2199	2161	8	-1	-1	-1	0
2200	2162	2164	8	-1	-1	-1	0
2163	2202	2164	8	-1	-1	-1	0
2150	2189	2190	6	-1	-1	-1	0
2165	2202	2163	8	-1	-1	-1	0
2189	2157	2190	5	-1	-1	-1	0
2154	2192	2191	6	-1	-1	-1	0
2206	2167	2166	8	-1	-1	-1	0
2195	2156	2188	6	-1	-1	-1	0
2193	2192	2155	6	-1	-1	-1	0
2194	2193	2155	6	-1	-1	-1	0
2156	2195	2194	6	-1	-1	-1	0
2208	2169	2168	8	-1	-1	-1	0
2208	2168	2170	8	-1	-1	-1	0
2206	2174	2167	8	-1	-1	-1	0
2211	2170	2171	8	-1	-1	-1	0
2196	2160	2197	8	-1	-1	-1	0
2161	2198	2197	8	-1	-1	-1	0
2213	2171	2172	8	-1	-1	-1	0
2161	2199	2198	8	-1	-1	-1	0
2173	2214	2172	8	-1	-1	-1	0
2191	2205	2165	6	-1	-1	-1	0
2201	2199	2162	8	-1	-1	-1	0
2214	2173	2175	8	-1	-1	-1	0
2200	2201	2162	8	-1	-1	-1	0
2215	2175	2174	8	-1	-1	-1	0
2164	2204	2200	8	-1	-1	-1	0
2203	2164	2202	8	-1	-1	-1	0
2207	2166	2196	8	-1	-1	-1	0
2164	2203	2204	8	-1	-1	-1	0
2165	2205	2202	6	-1	-1	-1	0
2178	2177	2217	5	-1	-1	-1	0
2178	2218	2179	5	-1	-1	-1	0
2179	2219	2180	5	-1	-1	-1	0
2206	2166	2207	8	-1	-1	-1	0
2180	2220	2181	6	-1	-1	-1	0
2220	2183	2181	6	-1	-1	-1	0
2169	2208	2209	8	-1	-1	-1	0
2182	2183	2222	6	-1	-1	-1	0
2169	2209	2210	8	-1	-1	-1	0
2182	2221	2187	6	-1	-1	-1	0
2212	2208	2170	8	-1	-1	-1	0
2212	2170	2211	8	-1	-1	-1	0
2184	2225	2185	6	-1	-1	-1	0
2184	2186	2224	6	-1	-1	-1	0
2174	2206	2215	8	-1	-1	-1	0
2213	2211	2171	8	-1	-1	-1	0
2188	2185	2225	6	-1	-1	-1	0
2213	2172	2214	8	-1	-1	-1	0
2175	2216	2214	8	-1	-1	-1	0
2216	2175	2215	8	-1	-1	-1	0
2226	2195	2188	6	-1	-1	-1	0
2228	2191	2192	6	-1	-1	-1	0
2217	2218	2178	5	-1	-1	-1	0
2229	2192	2193	6	-1	-1	-1	0
2219	2179	2218	5	-1	-1	-1	0
2231	2193	2194	6	-1	-1	-1	0
2219	2220	2180	6	-1	-1	-1	0
2233	2194	2195	6	-1	-1	-1	0
2191	2228	2205	6	-1	-1	-1	0
2221	2182	2222	6	-1	-1	-1	0
2183	2220	2223	6	-1	-1	-1	0
2197	2234	2196	8	-1	-1	-1	0
2206	2207	2215	8	-1	-1	-1	0
2183	2223	2222	6	-1	-1	-1	0
2198	2235	2197	8	-1	-1	-1	0
2224	2225	2184	6	-1	-1	-1	0
2199	2237	2198	8	-1	-1	-1	0
2196	2234	2207	8	-1	-1	-1	0
2201	2239	2199	8	-1	-1	-1	0
2188	2225	2227	6	-1	-1	-1	0
2200	2240	2201	8	-1	-1	-1	0
2226	2188	2227	6	-1	-1	-1	0
2204	2240	2200	8	-1	-1	-1	0
2241	2203	2202	6	-1	-1	-1	0
2202	2205	2241	6	-1	-1	-1	0
2192	2229	2228	6	-1	-1	-1	0
2242	2204	2203	8	-1	-1	-1	0
2230	2229	2193	6	-1	-1	-1	0
2230	2193	2231	6	-1	-1	-1	0
2195	2226	2233	6	-1	-1	-1	0
2194	2232	2231	6	-1	-1	-1	0
2194	2233	2232	6	-1	-1	-1	0
2208	2247	2209	8	-1	-1	-1	0
2234	2197	2235	8	-1	-1	-1	0
2209	2248	2210	8	-1	-1	-1	0
2212	2247	2208	8	-1	-1	-1	0
2246	2215	2207	8	-1	-1	-1	0
2235	2198	2236	8	-1	-1	-1	0
2237	2236	2198	8	-1	-1	-1	0
2241	2205	2228	6	-1	-1	-1	0
2212	2211	2251	8	-1	-1	-1	0
2237	2199	2238	8	-1	-1	-1	0
2213	2251	2211	8	-1	-1	-1	0
2199	2239	2238	8	-1	-1	-1	0
2227	2225	2224	6	-1	-1	-1	0
2216	2215	2246	8	-1	-1	-1	0
2201	2240	2239	8	-1	-1	-1	0
2213	2214	2253	8	-1	-1	-1	0
2216	2254	2214	8	-1	-1	-1	0
2241	2243	2203	6	-1	-1	-1	0
2246	2207	2234	8	-1	-1	-1	0
2242	2203	2243	6	-1	-1	-1	0
2204	2245	2240	8	-1	-1	-1	0
2242	2244	2204	8	-1	-1	-1	0
2218	2217	2257	5	-1	-1	-1	0
2244	2245	2204	8	-1	-1	-1	0
2218	2258	2219	5	-1	-1	-1	0
2259	2220	2219	6	-1	-1	-1	0
2259	2223	2220	6	-1	-1	-1	0
2221	2222	2260	6	-1	-1	-1	0
2248	2209	2247	8	-1	-1	-1	0
2223	2260	2222	6	-1	-1	-1	0
2248	2250	2210	8	-1	-1	-1	0
2210	2250	2249	8	-1	-1	-1	0
2252	2247	2212	8	-1	-1	-1	0
2251	2252	2212	8	-1	-1	-1	0
2253	2251	2213	8	-1	-1	-1	0
2256	2216	2246	8	-1	-1	-1	0
2263	2228	2229	6	-1	-1	-1	0
2214	2254	2253	8	-1	-1	-1	0
2229	2230	2265	6	-1	-1	-1	0
2254	2216	2255	8	-1	-1	-1	0
2266	2230	2231	6	-1	-1	-1	0
2256	2255	2216	8	-1	-1	-1	0
2232	2268	2231	6	-1	-1	-1	0
2262	2241	2228	6	-1	-1	-1	0
2218	2257	2258	5	-1	-1	-1	0
2219	2258	2259	6	-1	-1	-1	0
2234	2235	2269	8	-1	-1	-1	0
2235	2236	2270	8	-1	-1	-1	0
2261	2223	2259	6	-1	-1	-1	0
2223	2261	2260	6	-1	-1	-1	0
2273	2236	2237	8	-1	-1	-1	0
2241	2262	2243	6	-1	-1	-1	0
2248	2247	2252	8	-1	-1	-1	0
2246	2234	2269	8	-1	-1	-1	0
2237	2238	2275	8	-1	-1	-1	0
2228	2263	2262	6	-1	-1	-1	0
2238	2239	2278	8	-1	-1	-1	0
2264	2263	2229	6	-1	-1	-1	0
2265	2264	2229	6	-1	-1	-1	0
2240	2279	2239	8	-1	-1	-1	0
2230	2267	2265	6	-1	-1	-1	0
2266	2267	2230	6	-1	-1	-1	0
2245	2279	2240	8	-1	-1	-1	0
2266	2231	2268	6	-1	-1	-1	0
2242	2280	2244	8	-1	-1	-1	0
2242	2243	2281	6	-1	-1	-1	0
2246	2269	2256	8	-1	-1	-1	0
2245	2244	2285	8	-1	-1	-1	0
2235	2271	2269	8	-1	-1	-1	0
2235	2270	2271	8	-1	-1	-1	0
2236	2272	2270	8	-1	-1	-1	0
2236	2274	2272	8	-1	-1	-1	0
2236	2273	2274	8	-1	-1	-1	0
2237	2276	2273	8	-1	-1	-1	0
2248	2288	2250	8	-1	-1	-1	0
2282	2243	2262	6	-1	-1	-1	0
2252	2287	2248	8	-1	-1	-1	0
2237	2275	2276	8	-1	-1	-1	0
2249	2250	2290	8	-1	-1	-1	0
2277	2275	2238	8	-1	-1	-1	0
2278	2277	2238	8	-1	-1	-1	0
2291	2252	2251	8	-1	-1	-1	0
2253	2291	2251	8	-1	-1	-1	0
2239	2279	2278	8	-1	-1	-1	0
2293	2253	2254	8	-1	-1	-1	0
2254	2255	2293	8	-1	-1	-1	0
2281	2280	2242	6	-1	-1	-1	0
2256	2294	2255	8	-1	-1	-1	0
2283	2281	2243	6	-1	-1	-1	0
2244	2280	2284	8	-1	-1	-1	0
2243	2282	2283	6	-1	-1	-1	0
2245	2286	2279	8	-1	-1	-1	0
2258	2257	2296	5	-1	-1	-1	0
2244	2284	2285	8	-1	-1	-1	0
2259	2258	2297	6	-1	-1	-1	0
2286	2245	2285	8	-1	-1	-1	0
2297	2261	2259	6	-1	-1	-1	0
2256	2269	2295	8	-1	-1	-1	0
2288	2248	2287	8	-1	-1	-1	0
2263	2298	2262	6	-1	-1	-1	0
2264	2300	2263	6	-1	-1	-1	0
2289	2249	2290	8	-1	-1	-1	0
2288	2290	2250	8	-1	-1	-1	0
2265	2301	2264	6	-1	-1	-1	0
2292	2287	2252	8	-1	-1	-1	0
2265	2267	2302	6	-1	-1	-1	0
2252	2291	2292	8	-1	-1	-1	0
2295	2269	2271	8	-1	-1	-1	0
2267	2266	2304	6	-1	-1	-1	0
2253	2293	2291	8	-1	-1	-1	0
2268	2304	2266	6	-1	-1	-1	0
2262	2298	2282	6	-1	-1	-1	0
2255	2294	2293	8	-1	-1	-1	0
2295	2294	2256	8	-1	-1	-1	0
2270	2306	2271	8	-1	-1	-1	0
2306	2270	2272	8	-1	-1	-1	0
2296	2297	2258	6	-1	-1	-1	0
2274	2308	2272	8	-1	-1	-1	0
2273	2309	2274	8	-1	-1	-1	0
2273	2276	2310	8	-1	-1	-1	0
2299	2298	2263	6	-1	-1	-1	0
2263	2300	2299	6	-1	-1	-1	0
2276	2275	2314	8	-1	-1	-1	0
2301	2300	2264	6	-1	-1	-1	0
2314	2275	2277	8	-1	-1	-1	0
2303	2301	2265	6	-1	-1	-1	0
2278	2315	2277	8	-1	-1	-1	0
2303	2265	2302	6	-1	-1	-1	0
2307	2295	2271	8	-1	-1	-1	0
2302	2267	2305	6	-1	-1	-1	0
2304	2305	2267	6	-1	-1	-1	0
2279	2319	2278	8	-1	-1	-1	0
2280	2281	2321	6	-1	-1	-1	0
2271	2306	2307	8	-1	-1	-1	0
2320	2279	2286	8	-1	-1	-1	0
2284	2280	2322	8	-1	-1	-1	0
2308	2306	2272	8	-1	-1	-1	0
2323	2281	2283	6	-1	-1	-1	0
2283	2282	2325	6	-1	-1	-1	0
2310	2309	2273	8	-1	-1	-1	0
2311	2308	2274	8	-1	-1	-1	0
2309	2312	2274	8	-1	-1	-1	0
2285	2284	2328	8	-1	-1	-1	0
2274	2313	2311	8	-1	-1	-1	0
2274	2312	2313	8	-1	-1	-1	0
2285	2329	2286	8	-1	-1	-1	0
2276	2314	2310	8	-1	-1	-1	0
2298	2324	2282	6	-1	-1	-1	0
2287	2331	2288	8	-1	-1	-1	0
2314	2277	2316	8	-1	-1	-1	0
2315	2317	2277	8	-1	-1	-1	0
2316	2277	2317	8	-1	-1	-1	0
2278	2318	2315	8	-1	-1	-1	0
2290	2288	2333	8	-1	-1	-1	0
2292	2332	2287	8	-1	-1	-1	0
2335	2289	2290	8	-1	-1	-1	0
2278	2319	2318	8	-1	-1	-1	0
2279	2320	2319	8	-1	-1	-1	0
2292	2291	2336	8	-1	-1	-1	0
2293	2336	2291	8	-1	-1	-1	0
2280	2321	2322	6	-1	-1	-1	0
2293	2294	2337	8	-1	-1	-1	0
2323	2321	2281	6	-1	-1	-1	0
2294	2295	2339	8	-1	-1	-1	0
2324	2325	2282	6	-1	-1	-1	0
2326	2323	2283	6	-1	-1	-1	0
2322	2328	2284	8	-1	-1	-1	0
2286	2329	2320	8	-1	-1	-1	0
2283	2325	2327	6	-1	-1	-1	0
2326	2283	2327	6	-1	-1	-1	0
2298	2299	2340	6	-1	-1	-1	0
2299	2300	2341	6	-1	-1	-1	0
2295	2307	2339	8	-1	-1	-1	0
2285	2328	2330	8	-1	-1	-1	0
2300	2301	2342	6	-1	-1	-1	0
2285	2330	2329	8	-1	-1	-1	0
2303	2343	2301	6	-1	-1	-1	0
2287	2332	2331	8	-1	-1	-1	0
2303	2302	2345	6	-1	-1	-1	0
2305	2344	2302	6	-1	-1	-1	0
2333	2288	2331	8	-1	-1	-1	0
2334	2289	2335	8	-1	-1	-1	0
2335	2290	2333	8	-1	-1	-1	0
2292	2336	2332	8	-1	-1	-1	0
2307	2306	2349	8	-1	-1	-1	0
2340	2324	2298	6	-1	-1	-1	0
2308	2348	2306	8	-1	-1	-1	0
2293	2337	2336	8	-1	-1	-1	0
2337	2294	2338	8	-1	-1	-1	0
2308	2311	2351	8	-1	-1	-1	0
2339	2338	2294	8	-1	-1	-1	0
2353	2309	2310	8	-1	-1	-1	0
2353	2312	2309	8	-1	-1	-1	0
2354	2310	2314	8	-1	-1	-1	0
2311	2313	2355	8	-1	-1	-1	0
2341	2340	2299	6	-1	-1	-1	0
2312	2357	2313	7	-1	-1	-1	0
2341	2300	2342	6	-1	-1	-1	0
2354	2314	2316	8	-1	-1	-1	0
2343	2342	2301	6	-1	-1	-1	0
2345	2302	2344	6	-1	-1	-1	0
2315	2359	2317	8	-1	-1	-1	0
2359	2315	2318	8	-1	-1	-1	0
2303	2347	2343	6	-1	-1	-1	0
2316	2317	2360	7	-1	-1	-1	0
2345	2346	2303	6	-1	-1	-1	0
2339	2307	2350	8	-1	-1	-1	0
2347	2303	2346	6	-1	-1	-1	0
2319	2363	2318	8	-1	-1	-1	0
2348	2349	2306	8	-1	-1	-1	0
2319	2320	2365	8	-1	-1	-1	0
2307	2349	2350	8	-1	-1	-1	0
2352	2348	2308	8	-1	-1	-1	0
2367	2322	2321	6	-1	-1	-1	0
2352	2308	2351	8	-1	-1	-1	0
2323	2367	2321	6	-1	-1	-1	0
2366	2320	2329	8	-1	-1	-1	0
2351	2311	2355	8	-1	-1	-1	0
2353	2310	2354	8	-1	-1	-1	0
2369	2323	2326	6	-1	-1	-1	0
2368	2328	2322	8	-1	-1	-1	0
2371	2325	2324	7	-1	-1	-1	0
2356	2312	2353	7	-1	-1	-1	0
2372	2327	2325	7	-1	-1	-1	0
2356	2357	2312	7	-1	-1	-1	0
2330	2366	2329	8	-1	-1	-1	0
2326	2327	2373	6	-1	-1	-1	0
2355	2313	2358	7	-1	-1	-1	0
2350	2338	2339	8	-1	-1	-1	0
2358	2313	2357	7	-1	-1	-1	0
2316	2361	2354	7	-1	-1	-1	0
2375	2330	2328	8	-1	-1	-1	0
2324	2340	2370	7	-1	-1	-1	0
2360	2361	2316	7	-1	-1	-1	0
2362	2317	2359	7	-1	-1	-1	0
2317	2362	2360	7	-1	-1	-1	0
2359	2318	2364	8	-1	-1	-1	0
2379	2331	2332	8	-1	-1	-1	0
2331	2378	2333	8	-1	-1	-1	0
2364	2318	2363	8	-1	-1	-1	0
2363	2319	2365	8	-1	-1	-1	0
2332	2336	2380	8	-1	-1	-1	0
2366	2365	2320	8	-1	-1	-1	0
2383	2335	2333	8	-1	-1	-1	0
2337	2380	2336	8	-1	-1	-1	0
2335	2386	2334	8	-1	-1	-1	0
2367	2368	2322	6	-1	-1	-1	0
2323	2369	2367	6	-1	-1	-1	0
2338	2387	2337	8	-1	-1	-1	0
2371	2324	2370	7	-1	-1	-1	0
2325	2371	2372	7	-1	-1	-1	0
2373	2369	2326	6	-1	-1	-1	0
2388	2340	2341	7	-1	-1	-1	0
2368	2375	2328	8	-1	-1	-1	0
2389	2341	2342	7	-1	-1	-1	0
2374	2327	2372	7	-1	-1	-1	0
2377	2366	2330	8	-1	-1	-1	0
2327	2374	2373	7	-1	-1	-1	0
2342	2343	2390	7	-1	-1	-1	0
2350	2387	2338	8	-1	-1	-1	0
2345	2344	2392	6	-1	-1	-1	0
2376	2330	2375	8	-1	-1	-1	0
2343	2347	2391	7	-1	-1	-1	0
2330	2376	2377	8	-1	-1	-1	0
2394	2346	2345	6	-1	-1	-1	0
2379	2378	2331	8	-1	-1	-1	0
2346	2396	2347	6	-1	-1	-1	0
2381	2379	2332	8	-1	-1	-1	0
2333	2378	2382	8	-1	-1	-1	0
2332	2380	2381	8	-1	-1	-1	0
2398	2349	2348	8	-1	-1	-1	0
2399	2350	2349	8	-1	-1	-1	0
2333	2382	2383	8	-1	-1	-1	0
2398	2348	2352	8	-1	-1	-1	0
2388	2370	2340	7	-1	-1	-1	0
2385	2334	2384	8	-1	-1	-1	0
2335	2383	2386	8	-1	-1	-1	0
2386	2384	2334	8	-1	-1	-1	0
2337	2387	2380	8	-1	-1	-1	0
2401	2352	2351	8	-1	-1	-1	0
2355	2402	2351	8	-1	-1	-1	0
2353	2354	2405	7	-1	-1	-1	0
2405	2356	2353	7	-1	-1	-1	0
2389	2388	2341	7	-1	-1	-1	0
2406	2355	2358	7	-1	-1	-1	0
2354	2361	2405	7	-1	-1	-1	0
2390	2389	2342	7	-1	-1	-1	0
2408	2357	2356	7	-1	-1	-1	0
2390	2343	2391	7	-1	-1	-1	0
2358	2357	2410	7	-1	-1	-1	0
2393	2345	2392	6	-1	-1	-1	0
2393	2394	2345	6	-1	-1	-1	0
2362	2359	2412	7	-1	-1	-1	0
2361	2360	2413	7	-1	-1	-1	0
2412	2359	2364	7	-1	-1	-1	0
2362	2413	2360	7	-1	-1	-1	0
2397	2391	2347	7	-1	-1	-1	0
2394	2395	2346	6	-1	-1	-1	0
2350	2400	2387	8	-1	-1	-1	0
2395	2396	2346	6	-1	-1	-1	0
2397	2347	2396	7	-1	-1	-1	0
2364	2363	2414	8	-1	-1	-1	0
2365	2415	2363	8	-1	-1	-1	0
2362	2412	2371	7	-1	-1	-1	0
2399	2349	2398	8	-1	-1	-1	0
2413	2362	2371	7	-1	-1	-1	0
2381	2380	2387	8	-1	-1	-1	0
2417	2365	2366	8	-1	-1	-1	0
2350	2399	2400	8	-1	-1	-1	0
2367	2418	2368	6	-1	-1	-1	0
2352	2403	2398	8	-1	-1	-1	0
2418	2367	2369	6	-1	-1	-1	0
2370	2413	2371	7	-1	-1	-1	0
2351	2402	2401	8	-1	-1	-1	0
2412	2372	2371	7	-1	-1	-1	0
2352	2401	2404	8	-1	-1	-1	0
2404	2403	2352	8	-1	-1	-1	0
2417	2366	2377	8	-1	-1	-1	0
2368	2419	2375	8	-1	-1	-1	0
2369	2373	2420	6	-1	-1	-1	0
2402	2355	2406	7	-1	-1	-1	0
2422	2374	2372	7	-1	-1	-1	0
2405	2407	2356	7	-1	-1	-1	0
2373	2374	2423	7	-1	-1	-1	0
2376	2375	2419	8	-1	-1	-1	0
2408	2356	2407	7	-1	-1	-1	0
2357	2408	2409	7	-1	-1	-1	0
2406	2358	2411	7	-1	-1	-1	0
2409	2410	2357	7	-1	-1	-1	0
2377	2376	2425	8	-1	-1	-1	0
2410	2411	2358	7	-1	-1	-1	0
2370	2388	2421	7	-1	-1	-1	0
2405	2361	2413	7	-1	-1	-1	0
2378	2379	2427	8	-1	-1	-1	0
2428	2382	2378	8	-1	-1	-1	0
2379	2381	2430	8	-1	-1	-1	0
2416	2412	2364	7	-1	-1	-1	0
2415	2414	2363	8	-1	-1	-1	0
2364	2414	2416	7	-1	-1	-1	0
2383	2382	2432	8	-1	-1	-1	0
2415	2365	2417	8	-1	-1	-1	0
2387	2431	2381	8	-1	-1	-1	0
2433	2386	2383	8	-1	-1	-1	0
2433	2385	2384	8	-1	-1	-1	0
2386	2433	2384	8	-1	-1	-1	0
2370	2421	2413	7	-1	-1	-1	0
2419	2368	2418	6	-1	-1	-1	0
2422	2372	2412	7	-1	-1	-1	0
2418	2369	2420	6	-1	-1	-1	0
2436	2388	2389	7	-1	-1	-1	0
2389	2390	2436	7	-1	-1	-1	0
2373	2423	2420	7	-1	-1	-1	0
2387	2400	2431	8	-1	-1	-1	0
2391	2437	2390	7	-1	-1	-1	0
2419	2424	2376	8	-1	-1	-1	0
2422	2423	2374	7	-1	-1	-1	0
2417	2377	2426	8	-1	-1	-1	0
2392	2439	2393	6	-1	-1	-1	0
2407	2405	2413	7	-1	-1	-1	0
2376	2424	2425	8	-1	-1	-1	0
2391	2397	2438	7	-1	-1	-1	0
2440	2394	2393	6	-1	-1	-1	0
2377	2425	2426	8	-1	-1	-1	0
2394	2441	2395	6	-1	-1	-1	0
2396	2395	2442	6	-1	-1	-1	0
2428	2378	2427	8	-1	-1	-1	0
2379	2429	2427	8	-1	-1	-1	0
2443	2397	2396	7	-1	-1	-1	0
2429	2379	2430	8	-1	-1	-1	0
2413	2421	2407	7	-1	-1	-1	0
2432	2382	2428	8	-1	-1	-1	0
2381	2431	2430	8	-1	-1	-1	0
2447	2399	2398	8	-1	-1	-1	0
2421	2388	2436	7	-1	-1	-1	0
2399	2448	2400	8	-1	-1	-1	0
2398	2403	2446	8	-1	-1	-1	0
2432	2433	2383	8	-1	-1	-1	0
2416	2422	2412	7	-1	-1	-1	0
2435	2385	2433	8	-1	-1	-1	0
2401	2402	2450	8	-1	-1	-1	0
2449	2404	2401	8	-1	-1	-1	0
2385	2435	2434	8	-1	-1	-1	0
2426	2415	2417	8	-1	-1	-1	0
2451	2402	2406	7	-1	-1	-1	0
2403	2404	2452	8	-1	-1	-1	0
2390	2437	2436	7	-1	-1	-1	0
2391	2438	2437	7	-1	-1	-1	0
2457	2408	2407	7	-1	-1	-1	0
2439	2440	2393	6	-1	-1	-1	0
2456	2406	2411	7	-1	-1	-1	0
2394	2440	2441	6	-1	-1	-1	0
2409	2408	2458	7	-1	-1	-1	0
2441	2442	2395	6	-1	-1	-1	0
2400	2448	2431	8	-1	-1	-1	0
2409	2460	2410	7	-1	-1	-1	0
2397	2444	2438	7	-1	-1	-1	0
2396	2442	2443	7	-1	-1	-1	0
2461	2411	2410	7	-1	-1	-1	0
2407	2421	2457	7	-1	-1	-1	0
2443	2445	2397	7	-1	-1	-1	0
2445	2444	2397	7	-1	-1	-1	0
2415	2462	2414	8	-1	-1	-1	0
2446	2447	2398	8	-1	-1	-1	0
2414	2463	2416	7	-1	-1	-1	0
2448	2399	2447	8	-1	-1	-1	0
2450	2449	2401	8	-1	-1	-1	0
2463	2422	2416	7	-1	-1	-1	0
2418	2464	2419	6	-1	-1	-1	0
2403	2452	2446	8	-1	-1	-1	0
2464	2418	2420	6	-1	-1	-1	0
2402	2451	2450	7	-1	-1	-1	0
2415	2426	2462	8	-1	-1	-1	0
2453	2404	2449	8	-1	-1	-1	0
2464	2424	2419	6	-1	-1	-1	0
2420	2423	2465	7	-1	-1	-1	0
2422	2463	2423	7	-1	-1	-1	0
2455	2452	2404	8	-1	-1	-1	0
2404	2453	2454	8	-1	-1	-1	0
2404	2454	2455	8	-1	-1	-1	0
2451	2406	2456	7	-1	-1	-1	0
2436	2457	2421	7	-1	-1	-1	0
2425	2424	2466	8	-1	-1	-1	0
2466	2426	2425	8	-1	-1	-1	0
2467	2428	2427	8	-1	-1	-1	0
2429	2467	2427	8	-1	-1	-1	0
2458	2408	2457	7	-1	-1	-1	0
2409	2458	2459	7	-1	-1	-1	0
2460	2409	2459	7	-1	-1	-1	0
2468	2432	2428	8	-1	-1	-1	0
2411	2461	2456	7	-1	-1	-1	0
2430	2470	2429	8	-1	-1	-1	0
2461	2410	2460	7	-1	-1	-1	0
2430	2431	2471	8	-1	-1	-1	0
2432	2472	2433	8	-1	-1	-1	0
2462	2463	2414	7	-1	-1	-1	0
2433	2473	2435	8	-1	-1	-1	0
2435	2475	2434	8	-1	-1	-1	0
2465	2464	2420	7	-1	-1	-1	0
2471	2431	2448	8	-1	-1	-1	0
2437	2477	2436	7	-1	-1	-1	0
2463	2465	2423	7	-1	-1	-1	0
2478	2437	2438	7	-1	-1	-1	0
2464	2466	2424	7	-1	-1	-1	0
2466	2462	2426	8	-1	-1	-1	0
2440	2439	2481	6	-1	-1	-1	0
2480	2438	2444	7	-1	-1	-1	0
2440	2482	2441	6	-1	-1	-1	0
2468	2428	2467	8	-1	-1	-1	0
2467	2429	2469	8	-1	-1	-1	0
2441	2483	2442	6	-1	-1	-1	0
2429	2470	2469	8	-1	-1	-1	0
2442	2484	2443	7	-1	-1	-1	0
2436	2477	2457	7	-1	-1	-1	0
2471	2470	2430	8	-1	-1	-1	0
2468	2472	2432	8	-1	-1	-1	0
2484	2445	2443	7	-1	-1	-1	0
2444	2445	2486	7	-1	-1	-1	0
2433	2472	2473	8	-1	-1	-1	0
2447	2446	2489	8	-1	-1	-1	0
2474	2434	2475	8	-1	-1	-1	0
2473	2476	2435	8	-1	-1	-1	0
2448	2447	2490	8	-1	-1	-1	0
2476	2475	2435	8	-1	-1	-1	0
2488	2446	2452	8	-1	-1	-1	0
2491	2449	2450	8	-1	-1	-1	0
2463	2462	2465	7	-1	-1	-1	0
2458	2457	2477	7	-1	-1	-1	0
2478	2477	2437	7	-1	-1	-1	0
2492	2450	2451	7	-1	-1	-1	0
2453	2449	2491	8	-1	-1	-1	0
2465	2462	2466	7	-1	-1	-1	0
2478	2438	2479	7	-1	-1	-1	0
2465	2466	2464	7	-1	-1	-1	0
2480	2479	2438	7	-1	-1	-1	0
2456	2493	2451	7	-1	-1	-1	0
2455	2494	2452	8	-1	-1	-1	0
2481	2482	2440	6	-1	-1	-1	0
2453	2496	2454	8	-1	-1	-1	0
2483	2441	2482	6	-1	-1	-1	0
2499	2455	2454	8	-1	-1	-1	0
2444	2485	2480	7	-1	-1	-1	0
2490	2471	2448	8	-1	-1	-1	0
2483	2484	2442	7	-1	-1	-1	0
2485	2444	2486	7	-1	-1	-1	0
2445	2484	2487	7	-1	-1	-1	0
2445	2487	2486	7	-1	-1	-1	0
2461	2502	2456	7	-1	-1	-1	0
2503	2459	2458	7	-1	-1	-1	0
2489	2446	2488	8	-1	-1	-1	0
2505	2460	2459	7	-1	-1	-1	0
2447	2489	2490	8	-1	-1	-1	0
2507	2461	2460	7	-1	-1	-1	0
2492	2491	2450	7	-1	-1	-1	0
2495	2488	2452	8	-1	-1	-1	0
2451	2493	2492	7	-1	-1	-1	0
2477	2503	2458	7	-1	-1	-1	0
2453	2491	2497	8	-1	-1	-1	0
2495	2452	2494	8	-1	-1	-1	0
2467	2510	2468	8	-1	-1	-1	0
2469	2509	2467	8	-1	-1	-1	0
2496	2453	2497	8	-1	-1	-1	0
2498	2454	2496	8	-1	-1	-1	0
2500	2494	2455	8	-1	-1	-1	0
2456	2501	2493	7	-1	-1	-1	0
2498	2499	2454	8	-1	-1	-1	0
2512	2469	2470	8	-1	-1	-1	0
2468	2511	2472	8	-1	-1	-1	0
2499	2500	2455	8	-1	-1	-1	0
2513	2470	2471	8	-1	-1	-1	0
2511	2473	2472	8	-1	-1	-1	0
2456	2502	2501	7	-1	-1	-1	0
2473	2516	2476	8	-1	-1	-1	0
2459	2503	2504	7	-1	-1	-1	0
2474	2475	2518	8	-1	-1	-1	0
2459	2504	2505	7	-1	-1	-1	0
2475	2476	2518	8	-1	-1	-1	0
2508	2502	2461	7	-1	-1	-1	0
2460	2505	2506	7	-1	-1	-1	0
2506	2507	2460	7	-1	-1	-1	0
2471	2490	2514	8	-1	-1	-1	0
2478	2520	2477	7	-1	-1	-1	0
2508	2461	2507	7	-1	-1	-1	0
2478	2479	2521	7	-1	-1	-1	0
2482	2481	2522	6	-1	-1	-1	0
2509	2510	2467	8	-1	-1	-1	0
2482	2523	2483	6	-1	-1	-1	0
2510	2511	2468	8	-1	-1	-1	0
2509	2469	2512	8	-1	-1	-1	0
2524	2484	2483	7	-1	-1	-1	0
2489	2514	2490	8	-1	-1	-1	0
2524	2487	2484	7	-1	-1	-1	0
2470	2513	2512	8	-1	-1	-1	0
2485	2486	2525	7	-1	-1	-1	0
2487	2525	2486	7	-1	-1	-1	0
2514	2513	2471	8	-1	-1	-1	0
2511	2515	2473	8	-1	-1	-1	0
2503	2477	2520	7	-1	-1	-1	0
2473	2515	2516	8	-1	-1	-1	0
2527	2489	2488	8	-1	-1	-1	0
2516	2518	2476	8	-1	-1	-1	0
2474	2519	2517	8	-1	-1	-1	0
2519	2474	2518	8	-1	-1	-1	0
2495	2528	2488	8	-1	-1	-1	0
2492	2530	2491	7	-1	-1	-1	0
2531	2492	2493	7	-1	-1	-1	0
2530	2497	2491	7	-1	-1	-1	0
2521	2520	2478	7	-1	-1	-1	0
2494	2532	2495	8	-1	-1	-1	0
2501	2531	2493	7	-1	-1	-1	0
2494	2500	2532	8	-1	-1	-1	0
2482	2522	2523	6	-1	-1	-1	0
2535	2498	2496	8	-1	-1	-1	0
2496	2497	2536	8	-1	-1	-1	0
2483	2523	2524	7	-1	-1	-1	0
2514	2489	2529	8	-1	-1	-1	0
2499	2498	2538	8	-1	-1	-1	0
2526	2487	2524	7	-1	-1	-1	0
2539	2500	2499	8	-1	-1	-1	0
2487	2526	2525	7	-1	-1	-1	0
2488	2528	2527	8	-1	-1	-1	0
2489	2527	2529	8	-1	-1	-1	0
2542	2501	2502	7	-1	-1	-1	0
2504	2503	2544	7	-1	-1	-1	0
2508	2543	2502	7	-1	-1	-1	0
2531	2530	2492	7	-1	-1	-1	0
2528	2495	2534	8	-1	-1	-1	0
2507	2506	2545	7	-1	-1	-1	0
2495	2532	2533	8	-1	-1	-1	0
2546	2508	2507	7	-1	-1	-1	0
2495	2533	2534	8	-1	-1	-1	0
2497	2530	2537	7	-1	-1	-1	0
2510	2509	2548	8	-1	-1	-1	0
2503	2520	2544	7	-1	-1	-1	0
2535	2496	2536	8	-1	-1	-1	0
2536	2497	2537	7	-1	-1	-1	0
2549	2509	2512	8	-1	-1	-1	0
2538	2498	2535	8	-1	-1	-1	0
2550	2511	2510	8	-1	-1	-1	0
2532	2500	2540	8	-1	-1	-1	0
2541	2531	2501	7	-1	-1	-1	0
2499	2538	2539	8	-1	-1	-1	0
2513	2552	2512	8	-1	-1	-1	0
2511	2551	2515	8	-1	-1	-1	0
2552	2513	2514	8	-1	-1	-1	0
2500	2539	2540	8	-1	-1	-1	0
2541	2501	2542	7	-1	-1	-1	0
2516	2515	2553	8	-1	-1	-1	0
2544	2520	2521	7	-1	-1	-1	0
2502	2543	2542	7	-1	-1	-1	0
2518	2516	2554	8	-1	-1	-1	0
2518	2554	2519	8	-1	-1	-1	0
2519	2556	2517	8	-1	-1	-1	0
2514	2529	2552	8	-1	-1	-1	0
2545	2546	2507	7	-1	-1	-1	0
2508	2547	2543	7	-1	-1	-1	0
2537	2530	2531	7	-1	-1	-1	0
2508	2546	2547	7	-1	-1	-1	0
2558	2523	2522	6	-1	-1	-1	0
2509	2549	2548	8	-1	-1	-1	0
2524	2523	2559	7	-1	-1	-1	0
2510	2548	2550	8	-1	-1	-1	0
2559	2526	2524	7	-1	-1	-1	0
2511	2550	2551	8	-1	-1	-1	0
2552	2549	2512	8	-1	-1	-1	0
2560	2527	2528	8	-1	-1	-1	0
2560	2529	2527	8	-1	-1	-1	0
2553	2515	2551	8	-1	-1	-1	0
2528	2534	2561	8	-1	-1	-1	0
2553	2554	2516	8	-1	-1	-1	0
2555	2517	2556	8	-1	-1	-1	0
2532	2565	2533	8	-1	-1	-1	0
2554	2557	2519	8	-1	-1	-1	0
2556	2519	2557	8	-1	-1	-1	0
2564	2537	2531	7	-1	-1	-1	0
2534	2533	2567	8	-1	-1	-1	0
2531	2541	2564	7	-1	-1	-1	0
2565	2532	2540	8	-1	-1	-1	0
2558	2559	2523	7	-1	-1	-1	0
2570	2535	2536	8	-1	-1	-1	0
2535	2571	2538	8	-1	-1	-1	0
2563	2552	2529	8	-1	-1	-1	0
2536	2537	2572	7	-1	-1	-1	0
2562	2560	2528	8	-1	-1	-1	0
2562	2528	2561	8	-1	-1	-1	0
2539	2538	2574	8	-1	-1	-1	0
2529	2560	2563	8	-1	-1	-1	0
2575	2540	2539	8	-1	-1	-1	0
2578	2541	2542	7	-1	-1	-1	0
2552	2563	2549	8	-1	-1	-1	0
2542	2543	2579	7	-1	-1	-1	0
2566	2533	2565	8	-1	-1	-1	0
2569	2561	2534	8	-1	-1	-1	0
2566	2567	2533	8	-1	-1	-1	0
2567	2568	2534	8	-1	-1	-1	0
2568	2569	2534	8	-1	-1	-1	0
2547	2581	2543	7	-1	-1	-1	0
2537	2564	2573	7	-1	-1	-1	0
2546	2545	2583	7	-1	-1	-1	0
2570	2571	2535	8	-1	-1	-1	0
2584	2547	2546	7	-1	-1	-1	0
2572	2570	2536	7	-1	-1	-1	0
2576	2565	2540	8	-1	-1	-1	0
2537	2573	2572	7	-1	-1	-1	0
2541	2577	2564	7	-1	-1	-1	0
2574	2538	2571	8	-1	-1	-1	0
2550	2548	2587	8	-1	-1	-1	0
2549	2588	2548	8	-1	-1	-1	0
2575	2539	2574	8	-1	-1	-1	0
2551	2550	2590	8	-1	-1	-1	0
2540	2575	2576	8	-1	-1	-1	0
2551	2590	2553	8	-1	-1	-1	0
2577	2541	2578	7	-1	-1	-1	0
2592	2554	2553	8	-1	-1	-1	0
2578	2542	2580	7	-1	-1	-1	0
2589	2549	2563	8	-1	-1	-1	0
2580	2542	2579	7	-1	-1	-1	0
2543	2582	2579	7	-1	-1	-1	0
2557	2554	2594	8	-1	-1	-1	0
2543	2581	2582	7	-1	-1	-1	0
2556	2596	2555	8	-1	-1	-1	0
2556	2557	2597	8	-1	-1	-1	0
2547	2585	2581	7	-1	-1	-1	0
2546	2583	2584	7	-1	-1	-1	0
2586	2547	2584	7	-1	-1	-1	0
2585	2547	2586	7	-1	-1	-1	0
2562	2598	2560	8	-1	-1	-1	0
2598	2563	2560	8	-1	-1	-1	0
2562	2561	2599	8	-1	-1	-1	0
2588	2587	2548	8	-1	-1	-1	0
2589	2588	2549	8	-1	-1	-1	0
2591	2550	2587	8	-1	-1	-1	0
2561	2569	2599	8	-1	-1	-1	0
2591	2590	2550	8	-1	-1	-1	0
2565	2605	2566	8	-1	-1	-1	0
2590	2593	2553	8	-1	-1	-1	0
2592	2553	2593	8	-1	-1	-1	0
2566	2606	2567	8	-1	-1	-1	0
2573	2564	2603	7	-1	-1	-1	0
2554	2592	2594	8	-1	-1	-1	0
2608	2568	2567	8	-1	-1	-1	0
2604	2564	2577	7	-1	-1	-1	0
2568	2609	2569	8	-1	-1	-1	0
2596	2595	2555	8	-1	-1	-1	0
2565	2576	2605	8	-1	-1	-1	0
2557	2594	2597	8	-1	-1	-1	0
2596	2556	2597	8	-1	-1	-1	0
2563	2602	2589	8	-1	-1	-1	0
2570	2572	2613	7	-1	-1	-1	0
2570	2614	2571	8	-1	-1	-1	0
2574	2571	2615	8	-1	-1	-1	0
2562	2600	2598	8	-1	-1	-1	0
2616	2572	2573	7	-1	-1	-1	0
2562	2599	2601	8	-1	-1	-1	0
2562	2601	2600	8	-1	-1	-1	0
2602	2563	2598	8	-1	-1	-1	0
2574	2619	2575	8	-1	-1	-1	0
2603	2564	2604	7	-1	-1	-1	0
2575	2620	2576	8	-1	-1	-1	0
2591	2593	2590	8	-1	-1	-1	0
2577	2578	2622	7	-1	-1	-1	0
2607	2566	2605	8	-1	-1	-1	0
2607	2606	2566	8	-1	-1	-1	0
2611	2599	2569	8	-1	-1	-1	0
2578	2580	2622	7	-1	-1	-1	0
2606	2608	2567	8	-1	-1	-1	0
2623	2580	2579	8	-1	-1	-1	0
2582	2623	2579	8	-1	-1	-1	0
2608	2610	2568	8	-1	-1	-1	0
2610	2609	2568	8	-1	-1	-1	0
2626	2582	2581	7	-1	-1	-1	0
2569	2609	2612	8	-1	-1	-1	0
2585	2626	2581	7	-1	-1	-1	0
2612	2611	2569	8	-1	-1	-1	0
2573	2603	2618	7	-1	-1	-1	0
2583	2628	2584	7	-1	-1	-1	0
2570	2613	2614	7	-1	-1	-1	0
2584	2629	2586	7	-1	-1	-1	0
2614	2615	2571	8	-1	-1	-1	0
2620	2605	2576	8	-1	-1	-1	0
2586	2630	2585	7	-1	-1	-1	0
2613	2572	2616	7	-1	-1	-1	0
2604	2577	2622	7	-1	-1	-1	0
2617	2616	2573	7	-1	-1	-1	0
2574	2615	2619	8	-1	-1	-1	0
2617	2573	2618	7	-1	-1	-1	0
2633	2587	2588	8	-1	-1	-1	0
2589	2634	2588	8	-1	-1	-1	0
2611	2601	2599	8	-1	-1	-1	0
2591	2587	2633	8	-1	-1	-1	0
2575	2619	2621	8	-1	-1	-1	0
2621	2620	2575	8	-1	-1	-1	0
2637	2593	2591	8	-1	-1	-1	0
2639	2592	2593	8	-1	-1	-1	0
2639	2594	2592	8	-1	-1	-1	0
2635	2589	2602	8	-1	-1	-1	0
2622	2580	2624	8	-1	-1	-1	0
2623	2625	2580	8	-1	-1	-1	0
2624	2580	2625	8	-1	-1	-1	0
2640	2597	2594	8	-1	-1	-1	0
2582	2627	2623	8	-1	-1	-1	0
2595	2596	2643	8	-1	-1	-1	0
2626	2627	2582	8	-1	-1	-1	0
2597	2645	2596	8	-1	-1	-1	0
2629	2584	2628	7	-1	-1	-1	0
2626	2585	2630	7	-1	-1	-1	0
2598	2600	2646	8	-1	-1	-1	0
2586	2629	2631	7	-1	-1	-1	0
2602	2598	2646	8	-1	-1	-1	0
2601	2646	2600	8	-1	-1	-1	0
2586	2632	2630	7	-1	-1	-1	0
2631	2632	2586	7	-1	-1	-1	0
2633	2588	2634	8	-1	-1	-1	0
2650	2603	2604	8	-1	-1	-1	0
2589	2636	2634	8	-1	-1	-1	0
2589	2635	2636	8	-1	-1	-1	0
2611	2648	2601	8	-1	-1	-1	0
2633	2638	2591	8	-1	-1	-1	0
2652	2607	2605	8	-1	-1	-1	0
2638	2637	2591	8	-1	-1	-1	0
2607	2653	2606	8	-1	-1	-1	0
2654	2608	2606	8	-1	-1	-1	0
2637	2639	2593	8	-1	-1	-1	0
2603	2649	2618	8	-1	-1	-1	0
2610	2608	2654	8	-1	-1	-1	0
2594	2639	2641	8	-1	-1	-1	0
2640	2594	2641	8	-1	-1	-1	0
2610	2657	2609	8	-1	-1	-1	0
2652	2605	2620	8	-1	-1	-1	0
2651	2604	2622	8	-1	-1	-1	0
2657	2612	2609	8	-1	-1	-1	0
2595	2643	2642	8	-1	-1	-1	0
2597	2640	2645	8	-1	-1	-1	0
2646	2635	2602	8	-1	-1	-1	0
2596	2644	2643	8	-1	-1	-1	0
2612	2660	2611	8	-1	-1	-1	0
2644	2596	2645	8	-1	-1	-1	0
2663	2614	2613	7	-1	-1	-1	0
2616	2663	2613	7	-1	-1	-1	0
2614	2664	2615	8	-1	-1	-1	0
2646	2601	2647	8	-1	-1	-1	0
2647	2601	2648	8	-1	-1	-1	0
2651	2622	2624	8	-1	-1	-1	0
2619	2615	2665	8	-1	-1	-1	0
2666	2616	2617	7	-1	-1	-1	0
2618	2667	2617	7	-1	-1	-1	0
2603	2650	2649	8	-1	-1	-1	0
2651	2650	2604	8	-1	-1	-1	0
2669	2621	2619	8	-1	-1	-1	0
2620	2621	2670	8	-1	-1	-1	0
2653	2654	2606	8	-1	-1	-1	0
2607	2652	2656	8	-1	-1	-1	0
2655	2653	2607	8	-1	-1	-1	0
2656	2655	2607	8	-1	-1	-1	0
2611	2660	2648	8	-1	-1	-1	0
2672	2625	2623	8	-1	-1	-1	0
2610	2654	2659	8	-1	-1	-1	0
2627	2673	2623	8	-1	-1	-1	0
2675	2624	2625	8	-1	-1	-1	0
2658	2657	2610	8	-1	-1	-1	0
2658	2610	2659	8	-1	-1	-1	0
2627	2626	2677	8	-1	-1	-1	0
2612	2657	2662	8	-1	-1	-1	0
2626	2630	2677	8	-1	-1	-1	0
2612	2661	2660	8	-1	-1	-1	0
2649	2668	2618	8	-1	-1	-1	0
2662	2661	2612	8	-1	-1	-1	0
2629	2628	2679	7	-1	-1	-1	0
2681	2631	2629	7	-1	-1	-1	0
2663	2664	2614	7	-1	-1	-1	0
2652	2620	2670	8	-1	-1	-1	0
2664	2665	2615	8	-1	-1	-1	0
2630	2632	2682	8	-1	-1	-1	0
2616	2666	2663	7	-1	-1	-1	0
2631	2684	2632	7	-1	-1	-1	0
2667	2666	2617	7	-1	-1	-1	0
2675	2651	2624	8	-1	-1	-1	0
2667	2618	2668	8	-1	-1	-1	0
2665	2669	2619	8	-1	-1	-1	0
2634	2686	2633	8	-1	-1	-1	0
2686	2634	2636	8	-1	-1	-1	0
2686	2638	2633	8	-1	-1	-1	0
2687	2636	2635	8	-1	-1	-1	0
2659	2650	2651	8	-1	-1	-1	0
2669	2671	2621	8	-1	-1	-1	0
2671	2670	2621	8	-1	-1	-1	0
2637	2638	2691	8	-1	-1	-1	0
2637	2690	2639	8	-1	-1	-1	0
2688	2635	2646	8	-1	-1	-1	0
2623	2674	2672	8	-1	-1	-1	0
2623	2673	2674	8	-1	-1	-1	0
2668	2649	2655	8	-1	-1	-1	0
2625	2672	2676	8	-1	-1	-1	0
2641	2639	2694	8	-1	-1	-1	0
2640	2641	2695	8	-1	-1	-1	0
2625	2676	2675	8	-1	-1	-1	0
2673	2627	2678	8	-1	-1	-1	0
2656	2668	2655	8	-1	-1	-1	0
2640	2695	2645	8	-1	-1	-1	0
2646	2647	2688	8	-1	-1	-1	0
2677	2678	2627	8	-1	-1	-1	0
2643	2698	2642	8	-1	-1	-1	0
2659	2651	2675	8	-1	-1	-1	0
2644	2699	2643	8	-1	-1	-1	0
2629	2679	2680	7	-1	-1	-1	0
2700	2644	2645	8	-1	-1	-1	0
2677	2630	2682	8	-1	-1	-1	0
2680	2681	2629	7	-1	-1	-1	0
2657	2658	2676	8	-1	-1	-1	0
2659	2675	2658	8	-1	-1	-1	0
2676	2662	2657	8	-1	-1	-1	0
2681	2683	2631	7	-1	-1	-1	0
2647	2648	2702	8	-1	-1	-1	0
2683	2684	2631	7	-1	-1	-1	0
2632	2685	2682	8	-1	-1	-1	0
2684	2685	2632	8	-1	-1	-1	0
2650	2705	2649	8	-1	-1	-1	0
2674	2662	2672	8	-1	-1	-1	0
2658	2675	2676	8	-1	-1	-1	0
2649	2705	2655	8	-1	-1	-1	0
2662	2676	2672	8	-1	-1	-1	0
2688	2687	2635	8	-1	-1	-1	0
2648	2660	2703	8	-1	-1	-1	0
2636	2689	2686	8	-1	-1	-1	0
2653	2705	2654	8	-1	-1	-1	0
2636	2687	2689	8	-1	-1	-1	0
2705	2653	2655	8	-1	-1	-1	0
2650	2659	2705	8	-1	-1	-1	0
2706	2656	2652	8	-1	-1	-1	0
2686	2693	2638	8	-1	-1	-1	0
2637	2691	2690	8	-1	-1	-1	0
2654	2705	2659	8	-1	-1	-1	0
2691	2638	2692	8	-1	-1	-1	0
2639	2690	2694	8	-1	-1	-1	0
2693	2692	2638	8	-1	-1	-1	0
2670	2706	2652	8	-1	-1	-1	0
2708	2660	2661	8	-1	-1	-1	0
2707	2668	2656	8	-1	-1	-1	0
2694	2696	2641	8	-1	-1	-1	0
2709	2661	2662	8	-1	-1	-1	0
2641	2696	2695	8	-1	-1	-1	0
2701	2688	2647	8	-1	-1	-1	0
2697	2642	2698	8	-1	-1	-1	0
2663	2711	2664	7	-1	-1	-1	0
2711	2663	2666	7	-1	-1	-1	0
2643	2699	2698	8	-1	-1	-1	0
2645	2695	2700	8	-1	-1	-1	0
2712	2665	2664	8	-1	-1	-1	0
2668	2707	2667	8	-1	-1	-1	0
2644	2700	2699	8	-1	-1	-1	0
2709	2662	2674	8	-1	-1	-1	0
2713	2666	2667	7	-1	-1	-1	0
2669	2665	2712	8	-1	-1	-1	0
2701	2647	2702	8	-1	-1	-1	0
2669	2714	2671	8	-1	-1	-1	0
2704	2702	2648	8	-1	-1	-1	0
2648	2703	2704	8	-1	-1	-1	0
2670	2671	2715	8	-1	-1	-1	0
2673	2716	2674	8	-1	-1	-1	0
2673	2678	2716	8	-1	-1	-1	0
2689	2693	2686	8	-1	-1	-1	0
2706	2707	2656	8	-1	-1	-1	0
2660	2708	2703	8	-1	-1	-1	0
2718	2678	2677	8	-1	-1	-1	0
2677	2682	2717	8	-1	-1	-1	0
2661	2710	2708	8	-1	-1	-1	0
2679	2721	2680	7	-1	-1	-1	0
2709	2710	2661	8	-1	-1	-1	0
2722	2681	2680	7	-1	-1	-1	0
2664	2711	2712	7	-1	-1	-1	0
2667	2707	2713	8	-1	-1	-1	0
2681	2723	2683	7	-1	-1	-1	0
2711	2666	2713	7	-1	-1	-1	0
2715	2706	2670	8	-1	-1	-1	0
2724	2682	2685	8	-1	-1	-1	0
2684	2683	2725	7	-1	-1	-1	0
2669	2712	2714	8	-1	-1	-1	0
2726	2685	2684	8	-1	-1	-1	0
2674	2716	2709	8	-1	-1	-1	0
2715	2671	2714	8	-1	-1	-1	0
2728	2687	2688	8	-1	-1	-1	0
2689	2687	2728	8	-1	-1	-1	0
2731	2690	2691	8	-1	-1	-1	0
2718	2677	2717	8	-1	-1	-1	0
2689	2730	2693	8	-1	-1	-1	0
2678	2720	2716	8	-1	-1	-1	0
2690	2731	2694	8	-1	-1	-1	0
2691	2692	2732	8	-1	-1	-1	0
2718	2719	2678	8	-1	-1	-1	0
2693	2732	2692	8	-1	-1	-1	0
2719	2720	2678	8	-1	-1	-1	0
2701	2729	2688	8	-1	-1	-1	0
2721	2722	2680	7	-1	-1	-1	0
2724	2717	2682	8	-1	-1	-1	0
2696	2694	2735	8	-1	-1	-1	0
2681	2722	2723	7	-1	-1	-1	0
2696	2736	2695	8	-1	-1	-1	0
2695	2736	2700	8	-1	-1	-1	0
2723	2725	2683	7	-1	-1	-1	0
2698	2739	2697	8	-1	-1	-1	0
2726	2684	2725	8	-1	-1	-1	0
2716	2710	2709	8	-1	-1	-1	0
2685	2727	2724	8	-1	-1	-1	0
2699	2740	2698	8	-1	-1	-1	0
2726	2727	2685	8	-1	-1	-1	0
2700	2744	2699	8	-1	-1	-1	0
2688	2729	2728	8	-1	-1	-1	0
2710	2716	2720	8	-1	-1	-1	0
2689	2728	2730	8	-1	-1	-1	0
2745	2701	2702	8	-1	-1	-1	0
2702	2704	2746	8	-1	-1	-1	0
2732	2731	2691	8	-1	-1	-1	0
2748	2704	2703	8	-1	-1	-1	0
2693	2730	2733	8	-1	-1	-1	0
2747	2703	2708	8	-1	-1	-1	0
2732	2693	2734	8	-1	-1	-1	0
2735	2694	2731	8	-1	-1	-1	0
2693	2733	2734	8	-1	-1	-1	0
2707	2706	2750	8	-1	-1	-1	0
2696	2735	2737	8	-1	-1	-1	0
2751	2708	2710	8	-1	-1	-1	0
2696	2737	2736	8	-1	-1	-1	0
2713	2707	2750	8	-1	-1	-1	0
2706	2715	2750	8	-1	-1	-1	0
2739	2738	2697	8	-1	-1	-1	0
2712	2711	2752	7	-1	-1	-1	0
2729	2701	2745	8	-1	-1	-1	0
2713	2752	2711	7	-1	-1	-1	0
2714	2712	2752	7	-1	-1	-1	0
2739	2698	2742	8	-1	-1	-1	0
2698	2740	2741	8	-1	-1	-1	0
2736	2744	2700	8	-1	-1	-1	0
2710	2720	2751	8	-1	-1	-1	0
2741	2742	2698	8	-1	-1	-1	0
2714	2752	2715	8	-1	-1	-1	0
2699	2743	2740	8	-1	-1	-1	0
2699	2744	2743	8	-1	-1	-1	0
2754	2718	2717	8	-1	-1	-1	0
2719	2718	2755	8	-1	-1	-1	0
2745	2702	2746	8	-1	-1	-1	0
2717	2724	2753	8	-1	-1	-1	0
2757	2720	2719	8	-1	-1	-1	0
2748	2703	2747	8	-1	-1	-1	0
2704	2749	2746	8	-1	-1	-1	0
2749	2704	2748	8	-1	-1	-1	0
2722	2721	2758	7	-1	-1	-1	0
2724	2727	2753	8	-1	-1	-1	0
2722	2759	2723	7	-1	-1	-1	0
2708	2751	2747	8	-1	-1	-1	0
2723	2760	2725	7	-1	-1	-1	0
2725	2761	2726	8	-1	-1	-1	0
2752	2713	2750	8	-1	-1	-1	0
2762	2727	2726	8	-1	-1	-1	0
2752	2750	2715	8	-1	-1	-1	0
2729	2764	2728	8	-1	-1	-1	0
2730	2728	2765	8	-1	-1	-1	0
2754	2717	2753	8	-1	-1	-1	0
2754	2755	2718	8	-1	-1	-1	0
2733	2730	2765	8	-1	-1	-1	0
2757	2751	2720	8	-1	-1	-1	0
2731	2732	2767	8	-1	-1	-1	0
2755	2756	2719	8	-1	-1	-1	0
2757	2719	2756	8	-1	-1	-1	0
2731	2767	2735	8	-1	-1	-1	0
2734	2768	2732	8	-1	-1	-1	0
2734	2733	2769	8	-1	-1	-1	0
2758	2759	2722	7	-1	-1	-1	0
2737	2735	2767	8	-1	-1	-1	0
2766	2729	2745	8	-1	-1	-1	0
2760	2723	2759	7	-1	-1	-1	0
2753	2727	2763	8	-1	-1	-1	0
2737	2771	2736	8	-1	-1	-1	0
2761	2725	2760	8	-1	-1	-1	0
2761	2762	2726	8	-1	-1	-1	0
2736	2771	2744	8	-1	-1	-1	0
2738	2739	2774	8	-1	-1	-1	0
2727	2762	2763	8	-1	-1	-1	0
2764	2765	2728	8	-1	-1	-1	0
2742	2777	2739	8	-1	-1	-1	0
2740	2778	2741	8	-1	-1	-1	0
2764	2729	2766	8	-1	-1	-1	0
2743	2778	2740	8	-1	-1	-1	0
2742	2741	2779	8	-1	-1	-1	0
2733	2765	2769	8	-1	-1	-1	0
2732	2768	2767	8	-1	-1	-1	0
2734	2770	2768	8	-1	-1	-1	0
2744	2785	2743	8	-1	-1	-1	0
2770	2734	2769	8	-1	-1	-1	0
2786	2745	2746	8	-1	-1	-1	0
2767	2773	2737	8	-1	-1	-1	0
2737	2772	2771	8	-1	-1	-1	0
2773	2772	2737	8	-1	-1	-1	0
2749	2787	2746	8	-1	-1	-1	0
2789	2748	2747	8	-1	-1	-1	0
2788	2747	2751	8	-1	-1	-1	0
2775	2738	2774	8	-1	-1	-1	0
2749	2748	2791	8	-1	-1	-1	0
2739	2776	2774	8	-1	-1	-1	0
2776	2739	2777	8	-1	-1	-1	0
2786	2766	2745	8	-1	-1	-1	0
2741	2778	2780	8	-1	-1	-1	0
2744	2771	2785	8	-1	-1	-1	0
2742	2781	2777	8	-1	-1	-1	0
2741	2780	2779	8	-1	-1	-1	0
2753	2794	2754	8	-1	-1	-1	0
2757	2793	2751	8	-1	-1	-1	0
2783	2742	2779	8	-1	-1	-1	0
2781	2742	2782	8	-1	-1	-1	0
2796	2755	2754	8	-1	-1	-1	0
2784	2778	2743	8	-1	-1	-1	0
2782	2742	2783	8	-1	-1	-1	0
2763	2794	2753	8	-1	-1	-1	0
2797	2756	2755	8	-1	-1	-1	0
2756	2798	2757	8	-1	-1	-1	0
2743	2785	2784	8	-1	-1	-1	0
2759	2758	2799	7	-1	-1	-1	0
2759	2800	2760	7	-1	-1	-1	0
2786	2746	2787	8	-1	-1	-1	0
2760	2801	2761	8	-1	-1	-1	0
2747	2788	2789	8	-1	-1	-1	0
2762	2761	2802	8	-1	-1	-1	0
2776	2775	2774	8	-1	-1	-1	0
2748	2789	2790	8	-1	-1	-1	0
2787	2749	2792	8	-1	-1	-1	0
2803	2763	2762	8	-1	-1	-1	0
2771	2772	2785	8	-1	-1	-1	0
2748	2790	2791	8	-1	-1	-1	0
2751	2793	2788	8	-1	-1	-1	0
2749	2791	2792	8	-1	-1	-1	0
2766	2805	2764	8	-1	-1	-1	0
2764	2806	2765	8	-1	-1	-1	0
2806	2769	2765	8	-1	-1	-1	0
2754	2794	2795	8	-1	-1	-1	0
2754	2795	2796	8	-1	-1	-1	0
2768	2810	2767	8	-1	-1	-1	0
2798	2793	2757	8	-1	-1	-1	0
2797	2755	2796	8	-1	-1	-1	0
2770	2810	2768	8	-1	-1	-1	0
2773	2767	2809	8	-1	-1	-1	0
2769	2811	2770	8	-1	-1	-1	0
2797	2798	2756	8	-1	-1	-1	0
2759	2799	2800	7	-1	-1	-1	0
2814	2772	2773	8	-1	-1	-1	0
2786	2808	2766	8	-1	-1	-1	0
2760	2800	2801	8	-1	-1	-1	0
2794	2763	2804	8	-1	-1	-1	0
2801	2802	2761	8	-1	-1	-1	0
2762	2802	2803	8	-1	-1	-1	0
2775	2776	2818	8	-1	-1	-1	0
2804	2763	2803	8	-1	-1	-1	0
2814	2785	2772	8	-1	-1	-1	0
2777	2819	2776	8	-1	-1	-1	0
2806	2764	2805	8	-1	-1	-1	0
2805	2766	2807	8	-1	-1	-1	0
2820	2777	2781	8	-1	-1	-1	0
2821	2780	2778	8	-1	-1	-1	0
2807	2766	2808	8	-1	-1	-1	0
2808	2786	2787	8	-1	-1	-1	0
2779	2780	2823	8	-1	-1	-1	0
2821	2778	2784	8	-1	-1	-1	0
2822	2783	2779	8	-1	-1	-1	0
2809	2767	2810	8	-1	-1	-1	0
2806	2812	2769	8	-1	-1	-1	0
2825	2781	2782	8	-1	-1	-1	0
2783	2826	2782	8	-1	-1	-1	0
2811	2769	2812	8	-1	-1	-1	0
2794	2804	2795	8	-1	-1	-1	0
2810	2770	2813	8	-1	-1	-1	0
2770	2811	2813	8	-1	-1	-1	0
2809	2815	2773	8	-1	-1	-1	0
2829	2784	2785	8	-1	-1	-1	0
2816	2814	2773	8	-1	-1	-1	0
2816	2773	2815	8	-1	-1	-1	0
2818	2817	2775	8	-1	-1	-1	0
2792	2831	2787	8	-1	-1	-1	0
2819	2818	2776	8	-1	-1	-1	0
2819	2777	2820	8	-1	-1	-1	0
2822	2779	2823	8	-1	-1	-1	0
2824	2780	2821	8	-1	-1	-1	0
2825	2820	2781	8	-1	-1	-1	0
2823	2780	2824	8	-1	-1	-1	0
2833	2808	2787	8	-1	-1	-1	0
2830	2785	2814	8	-1	-1	-1	0
2799	2834	2800	7	-1	-1	-1	0
2828	2783	2822	8	-1	-1	-1	0
2821	2784	2829	8	-1	-1	-1	0
2815	2809	2810	8	-1	-1	-1	0
2782	2827	2825	8	-1	-1	-1	0
2827	2782	2826	8	-1	-1	-1	0
2801	2800	2835	8	-1	-1	-1	0
2826	2783	2828	8	-1	-1	-1	0
2810	2813	2815	8	-1	-1	-1	0
2802	2801	2836	8	-1	-1	-1	0
2802	2837	2803	8	-1	-1	-1	0
2804	2803	2837	8	-1	-1	-1	0
2829	2785	2830	8	-1	-1	-1	0
2806	2805	2838	8	-1	-1	-1	0
2831	2832	2787	8	-1	-1	-1	0
2805	2807	2838	8	-1	-1	-1	0
2787	2832	2833	8	-1	-1	-1	0
2839	2807	2808	8	-1	-1	-1	0
2806	2838	2812	8	-1	-1	-1	0
2811	2812	2840	8	-1	-1	-1	0
2813	2811	2841	8	-1	-1	-1	0
2834	2835	2800	8	-1	-1	-1	0
2813	2843	2815	8	-1	-1	-1	0
2835	2836	2801	8	-1	-1	-1	0
2814	2816	2844	8	-1	-1	-1	0
2843	2816	2815	8	-1	-1	-1	0
2836	2837	2802	8	-1	-1	-1	0
2808	2833	2839	8	-1	-1	-1	0
2847	2817	2818	8	-1	-1	-1	0
2807	2839	2838	8	-1	-1	-1	0
2819	2848	2818	8	-1	-1	-1	0
2820	2849	2819	8	-1	-1	-1	0
2844	2830	2814	8	-1	-1	-1	0
2812	2838	2842	8	-1	-1	-1	0
2840	2841	2811	8	-1	-1	-1	0
2840	2812	2842	8	-1	-1	-1	0
2825	2849	2820	8	-1	-1	-1	0
2850	2824	2821	8	-1	-1	-1	0
2843	2813	2841	8	-1	-1	-1	0
2829	2850	2821	8	-1	-1	-1	0
2851	2825	2827	8	-1	-1	-1	0
2843	2845	2816	8	-1	-1	-1	0
2816	2845	2844	8	-1	-1	-1	0
2853	2827	2826	8	-1	-1	-1	0
2828	2853	2826	8	-1	-1	-1	0
2817	2847	2846	8	-1	-1	-1	0
2848	2847	2818	8	-1	-1	-1	0
2830	2856	2829	8	-1	-1	-1	0
2849	2848	2819	8	-1	-1	-1	0
2832	2831	2858	8	-1	-1	-1	0
2832	2859	2833	8	-1	-1	-1	0
2849	2825	2852	8	-1	-1	-1	0
2825	2851	2852	8	-1	-1	-1	0
2857	2830	2844	8	-1	-1	-1	0
2860	2839	2833	8	-1	-1	-1	0
2851	2827	2854	8	-1	-1	-1	0
2853	2854	2827	8	-1	-1	-1	0
2855	2850	2829	8	-1	-1	-1	0
2838	2839	2861	8	-1	-1	-1	0
2829	2856	2855	8	-1	-1	-1	0
2861	2842	2838	8	-1	-1	-1	0
2830	2857	2856	8	-1	-1	-1	0
2841	2840	2863	8	-1	-1	-1	0
2842	2863	2840	8	-1	-1	-1	0
2859	2832	2858	8	-1	-1	-1	0
2848	2849	2852	8	-1	-1	-1	0
2865	2843	2841	8	-1	-1	-1	0
2860	2833	2859	8	-1	-1	-1	0
2865	2845	2843	8	-1	-1	-1	0
2868	2844	2845	8	-1	-1	-1	0
2860	2862	2839	8	-1	-1	-1	0
2839	2862	2861	8	-1	-1	-1	0
2872	2846	2847	8	-1	-1	-1	0
2863	2864	2841	8	-1	-1	-1	0
2847	2848	2873	8	-1	-1	-1	0
2868	2857	2844	8	-1	-1	-1	0
2841	2864	2865	8	-1	-1	-1	0
2842	2861	2867	8	-1	-1	-1	0
2863	2842	2866	8	-1	-1	-1	0
2873	2848	2852	8	-1	-1	-1	0
2867	2866	2842	8	-1	-1	-1	0
2852	2851	2874	8	-1	-1	-1	0
2845	2865	2869	8	-1	-1	-1	0
2854	2874	2851	8	-1	-1	-1	0
2845	2870	2868	8	-1	-1	-1	0
2845	2869	2870	8	-1	-1	-1	0
2846	2872	2871	8	-1	-1	-1	0
2876	2856	2857	8	-1	-1	-1	0
2861	2862	2867	8	-1	-1	-1	0
2873	2872	2847	8	-1	-1	-1	0
2877	2859	2858	8	-1	-1	-1	0
2860	2859	2877	8	-1	-1	-1	0
2873	2852	2874	8	-1	-1	-1	0
2860	2879	2862	8	-1	-1	-1	0
2876	2857	2868	8	-1	-1	-1	0
2874	2854	2875	8	-1	-1	-1	0
2867	2862	2879	8	-1	-1	-1	0
2863	2881	2864	8	-1	-1	-1	0
2866	2881	2863	8	-1	-1	-1	0
2865	2864	2882	8	-1	-1	-1	0
2868	2870	2876	8	-1	-1	-1	0
2877	2878	2860	8	-1	-1	-1	0
2865	2882	2869	8	-1	-1	-1	0
2884	2866	2867	8	-1	-1	-1	0
2880	2860	2878	8	-1	-1	-1	0
2860	2880	2879	8	-1	-1	-1	0
2869	2885	2870	8	-1	-1	-1	0
2882	2864	2881	8	-1	-1	-1	0
2867	2879	2884	8	-1	-1	-1	0
2866	2883	2881	8	-1	-1	-1	0
2889	2871	2872	8	-1	-1	-1	0
2870	2886	2876	8	-1	-1	-1	0
2884	2883	2866	8	-1	-1	-1	0
2882	2885	2869	8	-1	-1	-1	0
2872	2873	2891	8	-1	-1	-1	0
2891	2873	2874	8	-1	-1	-1	0
2875	2891	2874	8	-1	-1	-1	0
2887	2870	2885	8	-1	-1	-1	0
2887	2886	2870	8	-1	-1	-1	0
2888	2871	2889	8	-1	-1	-1	0
2893	2880	2878	8	-1	-1	-1	0
2889	2872	2890	8	-1	-1	-1	0
2880	2894	2879	8	-1	-1	-1	0
2890	2872	2891	8	-1	-1	-1	0
2894	2884	2879	8	-1	-1	-1	0
2875	2892	2891	8	-1	-1	-1	0
2897	2881	2883	8	-1	-1	-1	0
2882	2881	2898	8	-1	-1	-1	0
2885	2882	2898	8	-1	-1	-1	0
2884	2899	2883	8	-1	-1	-1	0
2880	2893	2895	8	-1	-1	-1	0
2880	2896	2894	8	-1	-1	-1	0
2887	2885	2898	8	-1	-1	-1	0
2880	2895	2896	8	-1	-1	-1	0
2892	2890	2891	8	-1	-1	-1	0
2901	2886	2887	8	-1	-1	-1	0
2897	2898	2881	8	-1	-1	-1	0
2884	2894	2900	8	-1	-1	-1	0
2899	2897	2883	8	-1	-1	-1	0
2888	2889	2903	8	-1	-1	-1	0
2904	2889	2890	8	-1	-1	-1	0
2884	2900	2899	8	-1	-1	-1	0
2890	2892	2904	8	-1	-1	-1	0
2898	2901	2887	8	-1	-1	-1	0
2900	2894	2896	8	-1	-1	-1	0
2903	2902	2888	8	-1	-1	-1	0
2904	2903	2889	8	-1	-1	-1	0
2895	2905	2896	8	-1	-1	-1	0
2906	2900	2896	8	-1	-1	-1	0
2897	2899	2908	8	-1	-1	-1	0
2909	2898	2897	8	-1	-1	-1	0
2900	2908	2899	8	-1	-1	-1	0
2909	2901	2898	8	-1	-1	-1	0
2896	2905	2907	8	-1	-1	-1	0
2907	2906	2896	8	-1	-1	-1	0
2908	2909	2897	8	-1	-1	-1	0
2906	2910	2900	8	-1	-1	-1	0
2910	2908	2900	8	-1	-1	-1	0
2901	2909	2911	8	-1	-1	-1	0
2907	2905	2912	8	-1	-1	-1	0
2907	2913	2906	8	-1	-1	-1	0
2914	2910	2906	8	-1	-1	-1	0
2914	2906	2913	8	-1	-1	-1	0
2909	2908	2917	8	-1	-1	-1	0
2907	2912	2915	8	-1	-1	-1	0
2910	2917	2908	8	-1	-1	-1	0
2907	2916	2913	8	-1	-1	-1	0
2911	2909	2917	8	-1	-1	-1	0
2907	2915	2916	8	-1	-1	-1	0
2914	2918	2910	8	-1	-1	-1	0
2917	2910	2918	8	-1	-1	-1	0
2912	2919	2915	8	-1	-1	-1	0
2920	2914	2913	8	-1	-1	-1	0
2913	2916	2921	8	-1	-1	-1	0
2922	2918	2914	8	-1	-1	-1	0
2913	2921	2920	8	-1	-1	-1	0
2916	2915	2924	8	-1	-1	-1	0
2920	2923	2914	8	-1	-1	-1	0
2924	2915	2919	8	-1	-1	-1	0
2914	2923	2922	8	-1	-1	-1	0
2924	2921	2916	8	-1	-1	-1	0
2925	2924	2919	8	-1	-1	-1	0
2927	2920	2921	8	-1	-1	-1	0
2923	2920	2926	8	-1	-1	-1	0
2926	2920	2927	8	-1	-1	-1	0
2924	2928	2921	8	-1	-1	-1	0
2923	2929	2922	8	-1	-1	-1	0
2921	2928	2927	8	-1	-1	-1	0
2924	2925	2928	8	-1	-1	-1	0
2930	2923	2926	8	-1	-1	-1	0
2923	2930	2929	8	-1	-1	-1	0
2931	2928	2925	8	-1	-1	-1	0
2926	2927	2932	8	-1	-1	-1	0
2928	2933	2927	8	-1	-1	-1	0
2930	2926	2932	8	-1	-1	-1	0
2932	2927	2933	8	-1	-1	-1	0
2928	2931	2934	8	-1	-1	-1	0
2930	2935	2929	8	-1	-1	-1	0
2928	2934	2933	8	-1	-1	-1	0
2930	2932	2936	8	-1	-1	-1	0
2936	2935	2930	8	-1	-1	-1	0
2934	2931	2937	8	-1	-1	-1	0
2933	2938	2932	8	-1	-1	-1	0
2938	2936	2932	8	-1	-1	-1	0
2933	2934	2939	8	-1	-1	-1	0
2939	2938	2933	8	-1	-1	-1	0
2937	2940	2934	8	-1	-1	-1	0
2936	2941	2935	8	-1	-1	-1	0
2939	2934	2940	8	-1	-1	-1	0
2942	2936	2938	8	-1	-1	-1	0
2936	2942	2941	8	-1	-1	-1	0
2943	2940	2937	8	-1	-1	-1	0
2938	2939	2944	8	-1	-1	-1	0
2939	2940	2944	8	-1	-1	-1	0
2938	2944	2942	8	-1	-1	-1	0
2943	2945	2940	8	-1	-1	-1	0
2941	2942	2946	8	-1	-1	-1	0
2945	2944	2940	8	-1	-1	-1	0
2947	2942	2944	8	-1	-1	-1	0
2946	2942	2947	8	-1	-1	-1	0
2944	2945	2947	8	-1	-1	-1	0
2943	2948	2945	8	-1	-1	-1	0
2945	2949	2947	8	-1	-1	-1	0
2949	2945	2948	8	-1	-1	-1	0
2946	2947	2950	8	-1	-1	-1	0
2950	2947	2949	8	-1	-1	-1	0
2948	2951	2949	8	-1	-1	-1	0
2950	2949	2952	8	-1	-1	-1	0
2952	2949	2951	8	-1	-1	-1	0
2951	2953	2952	8	-1	-1	-1	0
9
1	0
1	0
1	0
1	0
1	0
1	0
1	0
1	0
1	0
0
0
